id,content,label,cleaned_length
0,جريمة دعم سريع الفاشر تنسى اخوانكمي سودان,neutral,41
1,اتفق عرب اختلاف,neutral,15
2,إنساني وطيب رجل أبيض,neutral,20
3,دار ابتلاء امتحان اللٰه عظيم,neutral,28
4,نسبة سلالة عربي شرق أوسط,neutral,24
5,ين أقدر ألقى خدمة ترويج رخيص تعليق مشاهدة إنستغرام,neutral,50
6,أكثر دولدولة عربي قريب قلب هو سبب,neutral,33
7,منى أنساك بصوت جاز,neutral,18
8,هل أراد تخلص يهودي,neutral,18
9,هل تزوج جنسية غير جنسي,neutral,22
10,أعلم أن عالم مكان غير عادل عنة دم طارد قاتل داعمي هو عنة دم سقط تقادم,neutral,69
11,هل تذكر أحدكم مسلسل تلفزيوني,neutral,28
12,مصري جرب شاهد ثائقي حرب أهلي لبناني,neutral,35
13,احد شرح لي ليش دعم سريع سوى مجزرة,neutral,33
14,مهتم فلسفة حوار حول فكر .ط عبد الرحمن,neutral,37
15,كلم الفاشر,neutral,10
17,إنسان الي كان غيب كثير مدرس نكم حين,neutral,35
18,كبسة زر واحد أمكن صوة وصل مئة عضو برلمان حول عالم,neutral,49
20,صدق حزين حالنا,neutral,14
22,فكر وحدة عربي ماهي سبب فشل,neutral,26
23,اسألني أي اشي بعد هو عدل سؤال خلي شكل أطلع بيخزي,neutral,48
24,شي أوسع غرفة مظلم,neutral,17
25,إطلاق سراح مجرم عراقي محمد العيساوي سطاط مسؤول الح الخزعلي الي قتل أبنت حجة شرف,neutral,79
26,دولة اعتبر هو عرب أمومي,neutral,23
27,اتوقع اختبار اللٰه فشل,neutral,22
28,اريد موقع مشهد نمي مدبلج اللٰه إنجليزي الترجم العربيه,neutral,53
29,هل مر أحدك تجربة شعر هو ألم وابة هو أعمق حياة,neutral,45
30,وش احلا دولة أفر هو,neutral,19
31,زوجي فضل إباحات,neutral,15
32,هدية شب عرف فلسطين حر,neutral,21
33,البيتكوين داخل منطقة حساس سوق ترقب,neutral,34
34,عايز كتاب دماغ وعي أساس البرمجة الذهنية في علاج نفسي دكتور وزي عبد الرحمن,neutral,73
35,كتاب ذكريات طفولة,neutral,17
36,عايز اعمل مادة علمي رمجة عقل هل حد قدر ساعدى في مصدر,neutral,52
37,كرة نادي بحث موضوع مبهم عام,neutral,27
38,هل سأم عدم علو مسلم في مجال علمي تكنولوجي إذ كان ذالك فشارة,neutral,59
39,أشعر حصى أو رمل جبس بعد أسبوع وضع هل طبيعي,neutral,42
40,تذاكر حفل ترافس سكوت ابو ضبي,neutral,28
41,سلام على هو هو صانع محتوى ماعندي متابع اهواي الي أحب دعم اسن قناتي يوتيوب كله صار شكل لد كارتوني لابس جيشي اني ألعب هواي لعب,neutral,124
42,كيف تجاوز شخص اختفى حياة فجأة دون وداع دون تفسير,neutral,48
43,محتاج حل لأن مشكلة صار فوق طاقتي,neutral,32
44,هل هنا عشق فن تسويق مثلي نتواصل نتبادل فكر,neutral,42
45,تعليم عربي فصحى طفل,neutral,19
46,قدم نفس كبيعة بل قدم نفس وليصة تأمين ضد مشكلة قلق,anxiety,49
47,بحث قصة فصلية عراق صفحة قصة الفيسبوك مدينة سماوة اسم شخصية يوسف ونجمة,neutral,69
48,تعنصر ضد مستخدم غير ذكاء إصطناعي كا محادث طبيعي,neutral,47
49,قناة جديد قدم محتوى ترفي قصة ممتع تعالو كبر هو بعض! المحتوى يا جماعة هو أد قناة جديد اليوتيوب حاول قدم هو محتوى ترفي ممتع ملي قصة قصير موقف حقيقي غريب قناة هو بداية هو اشتراك أو تعليق هو بيساعدني أطر هو استمر أكثر,neutral,213
50,أول موضوع هو ريديت فلسطين أبد,neutral,29
51,هو هدف كمسلم,neutral,12
53,احتاج مشاركة هو هٰذا استبيان غرض بحث تخرجي رجا مساعدة,neutral,53
54,كيف اتخلص مراقب جوالي,neutral,21
55,سلام عليم انا شخص عندو إحلام غريب اريد شخص لدى نفس إحلام نتناقش,neutral,63
56,هل قام جوجل ترجمة شكل صحيح لغة عربي,neutral,35
57,أفضل تطبيق فضفضة متوفر مملكة عربي سعودي هو أعطى أولوية خصوصي قبل شيء,neutral,68
58,توقع ذهب واصل صعود خلاص,neutral,23
59,هل فعل تغير حياة هو بعد ٢٠١٩ سبب موبال,neutral,38
60,انا مدمن إباحي وعادة سري,neutral,24
61,تعافي ماضي عماد رشاد عثمان,neutral,26
62,احتيج مساعدة رنامج تلغرام,neutral,25
63,مقارنة سيطة متاجر إلكتروني سوري صراحة متجر دمشق إلكتروني أفضل تجربتي,neutral,68
64,حياة زوجي فارق عمر كبير,neutral,23
65,انا عندي منتج رقمي زولة مهتم,neutral,28
66,استبيان لغة عربي لعب إلكتروني,neutral,29
67,غرق ليس سقوط ماء أحد وصف سمكة غارق ككن هو غرق هواء غرق سقط مكان ليس لك لدى قناك التلكرام شارك هو افكاري سعد هو حق أن أردتم ماضي أن دعموني,neutral,137
68,سبب ضغينة عربي,neutral,14
69,شأك انو ابوي مسحور,neutral,18
70,كيف قال تم فعلى شيء لو زال نقص عيبة خلل,neutral,39
71,أمن تخاطر,neutral,9
72,مسلم حط رأس هو رأس صين روسيا أمريكا,neutral,35
73,مين عرف فات عالدار,neutral,18
74,ذهب ليرة بريطاني,neutral,16
75,معانات كامرة إباحي,neutral,18
76,صيني قديم وجد هو منزل شخص إسكندافي إحدى دولة إسكندافي نقش ظاهر صورة مكتوب خط عربي مزخرف إذا إمكان كما قراءة عبارة منقوش,neutral,119
77,ممكن اعرف رايكم حجر انجذب للمغناطيس,neutral,35
78,مشكلة تكبر إنسان,neutral,16
79,ماذا المحتوى عربي تحت زنار,neutral,26
80,رأية سريري آخر زل حاول تنفس,neutral,27
81,مين شخص لي راهن على هو,neutral,22
82,مرحبا احتاج مساعدة,neutral,18
83,أنا كان اختبار إسلامية جاوبت غلط طريقة سيئ هل نتيجة الي طلع اختبار إسلامية درجة محسوب زي حسنة الي بقي,neutral,101
84,عودة بعد طلاق هل نجح,neutral,20
85,تطبيق احتياج ذات إعاقة بصري حركي استخدام أداة تجميل مملكة عربي سعودي,neutral,68
86,رأي تأثير تحذير بنك إنجلت را سوق ذهب,neutral,36
87,ألوان عربي نادر,neutral,15
88,شو أكثر كلام جارح اتقال هو,neutral,26
89,جماعة كيف حال انا ابغا صيغة إيميل احترافي تقديم ظية خايف اكون مرتب هو طريقة غلط فالي قدر أفاد أرسل باله,neutral,103
90,هو صنف ضمن شخصي قويه,neutral,20
91,موسم ثاني حاجة حفيظة منشدة نورهان كليلة ضيافة يا مداحين محمد الحسينى,neutral,68
93,ابغا افتح طلب رسم احتاج نصايح,neutral,29
94,تساؤل أيوب حين طبع حل ليش غير بعد مودة خصام يا خل رقع,neutral,53
95,ليش نلاحظ كثر شب عربي أسان حياة متذمر وضع معيشي,sadness,47
96,انا صراع نفسي,neutral,13
97,هل هو شخص جيد,neutral,13
98,أي حد حابب حكى,neutral,14
99,لهم صلى سلم نبينا محمد,neutral,22
100,سلام على هو مستخدم جديد هٰذا موقع,neutral,33
101,يا نفسي تهلكيني,neutral,15
102,مجتمع عربي مختص سياسة تاريخ حاضر,neutral,32
103,دليل مجتمع سعودي,neutral,16
104,انهيت صداقة سنة سبب مخدر,neutral,24
105,قفزة ١٧،٥٥٠ ٢٣ ٤٠٠,neutral,18
106,مكان مميز شرقي,neutral,14
107,سفر بين معدن شخص,neutral,16
108,انصحوني كيف أشال فكر اني أرجع أدخن مرة ثاني,neutral,43
109,دعى على هو قلبي,neutral,15
110,الفلوس ساوى مكانة اجتماعي,neutral,25
111,نقاب دولة خليج,neutral,14
112,ابوي طردني بيت ابي انتحر,neutral,24
113,لي محد تكلم شعور,neutral,16
114,مرض جديد زي كوفيد,neutral,17
115,مستقبل وظيفة جدة,neutral,16
116,هل ممكن اتوظف غير معرفة,neutral,23
117,عين شقد خوف هو قاد صاحب هو,anxiety,26
118,تغدى فيني قبل اتعش هو,neutral,21
119,تخيل وقت ملكه قالك انا أبغا علاق خفيف مو مستعد اتحم بكج مشاعر درام,neutral,66
120,حبيت واحد موكفو سحب علي,neutral,23
121,كيف أقنع امي,neutral,12
122,صحيت ضيقة الصدر,neutral,15
123,سؤال عادي أم غريب,neutral,17
124,كيف ممكن أزيد معدل ذكائي,neutral,24
125,اختصار استفزن,neutral,13
126,بوست لزكاة علم,neutral,14
127,وش وجهة نظر هو لذا شيء,neutral,22
128,ابغى موقع ملبس حصل ملبس ماكس سنتر بوينت زارا رشك هو بعض,neutral,55
129,اخوي فصلني شركة,neutral,15
130,كيف سحب فلوس,neutral,12
131,لما درى أن ال وقلة ثقه مرتبط بعض شيء بدأ صار منطقي,neutral,50
132,مين زيي صار فكر كذا,neutral,19
133,إذا سعودية تزوج أجنبي تخلى جنسية هو بعد انفصال استطاع استرداد جنسية هو سعودي شرط إقامة مملكة عربي سعودي,neutral,103
134,شركة وسيد إنفيديا تعاون تطوير تكنولوجيا قيادة ذاوتي متقدم,neutral,57
135,ليش اصحى عالمنب,neutral,15
136,النت سعودي وحش لية,neutral,18
137,هل انا تم استغلالي,neutral,18
138,وش الشي الذي مارح كرر عيال,neutral,26
139,معلمة جميل دميه جديد فن الايمجرومي,neutral,34
140,ليش إذا زاد حرارة شخص تكلم نايم,neutral,31
141,إحباط تهريب شحنة مخدر,neutral,21
142,موضوع النقاش مو كل انا أقصد فئه,neutral,31
143,تقديم طريق موقع شركة,neutral,20
144,دوام جزئي دوام طالب,neutral,19
145,إذا عرف أحد صم أو ضعيف سمع,neutral,26
146,نقل شرقي قريب اخوياي أهلي زارن اعطوني اقتراح,neutral,44
147,هل تعلق شخص ابتلاء أم قلة إيمان,neutral,31
148,ذكر يوم تيجي قناة سبيستون,neutral,25
149,سؤال البرمجه مبتدئ ماتعف زم صار ون هو ازرق مو عارف مشكله,neutral,56
150,اللٰه أدرى سؤالي غبي بس ساعد كفى,neutral,32
151,شب بنت ابي هو,neutral,13
152,فلير سياسة الجيران جديد عشان وستات خبر برى,neutral,42
153,أرجل إنسان كتير,neutral,15
154,متحف مصري جديد انا مش مصري,neutral,26
155,راء طب احنا استفدنا,neutral,19
156,أقفل ترند على هو,neutral,16
157,فين إنجاز كدا استفدنا إيه,neutral,25
158,مصري النهاردة بكرة,neutral,18
159,إنسان دي هتتسلسل كام يوم ساعة بكرة,neutral,34
160,استغلال براندة مصر,neutral,18
161,بس صراح رايقه,neutral,13
162,معادي افتتاح متحف قناة الذي اهتنل افتتاح,neutral,40
163,فرحة أجدادي فراعنة الدعوه عام هتب لمة عنى لو عندك معبد أقفل لو بناء إهرام أجل متحف كبير بيفرح,joy,93
164,سؤال النقاش مين اكتر صانع محتوى أو إعلامي تشوف عرض حكومة السيسي عايزين بعد عشرة خمستاش سنة عيال هو فتح الصب شوفى قايمة المعرصين على ايامنا,neutral,138
165,طبقية النيولبرالية مصرإيجبت مهرجان الجونة مدخل,neutral,46
166,ميدان نيل بعد تطوير مدينة مني,neutral,29
167,مين قالك أن مصر ناقص هو متحف,neutral,28
168,صياح عرب أجل غزة عشان مسجد مش عشان إنسانيه دليل محدش مهتم سودان,neutral,63
169,اللٰه لو حظي أي مكان هايك أحسن مصر,neutral,34
170,رحلة ثورة مستمر مفيش فايدة,neutral,26
171,خصوص إنسان الذي صاح على موضوع متحف,neutral,34
172,متحف مصري كبير هل أعاد كتابة علاقة مصري تاريخ هو عربي,neutral,53
173,كم كلف زيار أسبوع مصر وايش أفضل مكان زار هو,neutral,43
174,شرك محل السجاير,neutral,15
175,حاجة جديد أعمل هو مصر جديد التجمعمدينة نصر,neutral,42
176,متحف مصري كبير تيك توك,neutral,22
177,ستور لبيع اللابات,neutral,17
178,هل مصر هيا نفس مصر اللي انا إنتا نشوف هو,neutral,40
179,جبنة الرومي جبنة مصري مش تصنع مكان عالم غير مصر,neutral,47
180,اللٰه عظيم هنعمل طيب,neutral,20
181,هل أمكن انصحن مزيد الموسيقى زي مولاي هو أبك سطت يد شيخ النقشبندى,neutral,64
182,رايك علم مصري اعذروني سؤال,neutral,26
183,لماذا تحرك مصر غزة سودان حماية أمن هو قومي أجاب المتنبي,neutral,55
184,موقف محرج عمري هنساه,neutral,20
185,فكر محتوى صحه نفسي,neutral,18
186,تفرق الاوڤر الي وصل حتا إبادة زي غزه سودان,neutral,42
187,شب مصري احتفل افتتاح متحف مصري كبير,neutral,35
188,في درك الاسفل شاء الله,neutral,22
189,دخلي آخر شهر جنية مفروض اني سن جواز,neutral,35
190,امتى نقدر نروح متحف كبير,neutral,24
191,حبيبة هو سودان فلسطين,neutral,21
192,مش أحسن نبقى زي مصر عراق,neutral,24
193,لي معظم عرب رافض اتحاد إقامة قومية مبني لغة,neutral,43
194,بوست مهم اللي تعلم ألماني,neutral,25
195,عاوز اعرف أكتر شوز أو سليبر مريح,neutral,32
196,جميل يا مصر عشان بس الرولز,neutral,26
197,ربنا كان عون مواطن سويسري الي مش لاقي حاجة افتخر بيها,neutral,53
198,متحف مصري جامد فشخ يا جدعان والله,neutral,33
199,يوم على افتتاح متحفنا,neutral,21
200,تركي ميعرفش أن عدد زائر سيد البدوي ده بيكى يوم واحد,neutral,51
201,رأيك الذي قال أحمد شرع,neutral,22
202,لي دلوقتي شخص افتخر حضارة تاعة تبصل نظرة مش كويسه,neutral,49
203,تضامن خوت هو مستضعف,neutral,19
204,سودان مش حتة مننا,neutral,17
205,لي حد فشل علاقة شتم رجالة عكس,neutral,29
206,مين إنسان اللي أبسة فورمال طريق محور,neutral,36
207,شوية ضحك غزال رايقه,joy,19
208,عايز اعرف رأي إنسان هنا حوار لاجئ لو حد رأي منطقي قاله,neutral,54
209,انا متأكد يا بلحة رمسيس تاني لو عايش دخل في سودان وقف حرب مكنش هيعمل افتتاح ذٰلك فلسطين,neutral,87
210,ملكة نفرتيتي ثاني,neutral,17
211,هل احنا مش متعاطغ سودان عشان لون بشرة,neutral,37
212,حول قوه إلا باله,neutral,16
213,طريقة تصدي تحرش في مكان عام,neutral,27
214,متحف مصري كبير,neutral,14
215,حد عرف شركة ماركة نج كويس,neutral,25
216,هما مسؤول حمير,neutral,14
217,عريس مشكوك بأمره,neutral,16
218,ممكن اعتبر هو رسالة يوم,neutral,23
219,مين إنجليزي واقع أل نفس طويل,neutral,28
220,تبا السيركت حد عارف حل الهبل,neutral,28
221,بدي مكان قعد هو عمان حالي بدون احس حالي مضطرب اجتماعي,neutral,53
222,شو تعمل وقت فراغ هو,neutral,19
223,شو أفضل نشاط مجلس طالب أفاد قبول جامعي,neutral,38
224,سؤال لاصق النيكوتين حد جرب هو فعلي أردن,neutral,39
225,قرر اترك بعد ستة سنة,neutral,20
226,شو نظرة هو شخص ولي بروح أو راح إخصائي نفسي,neutral,42
227,مكان تبادل كتاب,neutral,15
228,الي صارى عمر التلاتين سا درسو كيف استمر,neutral,39
229,نصيح صانع محتوى لعب أردني قدر قدم هو,neutral,36
230,قصة كادر طبي شارك موقفك الي تنسى,neutral,32
231,عندي جيتار حد هو هو حاب أبيع لأنى خدم حد فكرة هو ممكن أبيع وين,neutral,62
232,موسيقى وسط بلد,neutral,14
233,تحذير معالج نفسي طب نفسي الاونلاين مرة ثاني عرف عالفاضي,neutral,55
234,عجيبة لغة عربي,neutral,14
235,كيف ممكن اجيب ارشيف صوت جزيرة محمد عبده,neutral,39
236,موجود رديت ملحد مشتق,neutral,20
237,ليش قلة دين منتشر والتبرير,neutral,26
238,كلف تغيير شاشه تلفى هواوي,neutral,25
239,جوانبك مخفي جميع,neutral,16
240,جرب اطبخ لاول مرة بحياتي,neutral,24
241,الفيديو وحيد مسجج نبأ دقة هجوم حماس أكتوبرتشرين أول مسبق ينايركانون ثاني,neutral,72
242,صوت ناعم وانثوي,neutral,15
243,ليش سهرانين الحلوين,neutral,19
244,توضيح بيان رسمي العشيرة,neutral,23
245,شو تعمل وقت اكتئاب مزاج سيئ,sadness,27
246,مستشفى جامع أردني,neutral,17
247,ين قدر الاقي كتاب هاد اونلاين,neutral,29
248,شو سبب هاي أزمة,neutral,15
249,تخصص أو جامع,neutral,12
250,إيش مخطط هو الويكند,neutral,19
251,اشتاق عمان دخل آر جوردان بروح اشتياق,neutral,36
252,بيني وبين تخصص الي بدي يوح علامة,neutral,32
253,بكر دوام خميس,neutral,13
254,مش قادر ادرس مخي رح انفجر,neutral,25
255,محاولة هو تفكير جنس آخر,neutral,23
256,حب البنت الكيرفي أكتر حاجة أحب هو البنت الكيرفي البنت الكيرفي أكتر حاجة حبي هو فيكي,neutral,83
257,زواج حب ودي اتزو حب بس ماني عارف كيف تعرف شخص توافق معي نية نظيف صادق احس صعب مجتمع هو مره,neutral,90
258,انا رجل واحب طفل وش اسوي لي فترة طويل انا دي أجاب طفل لأن أحب هو مرة طبع حب عادي مب بيدو ككن هاذي يوم أحس رغبة تضافع عندي مقدرة حالي أن اتزوج أي حلول اقتراح,neutral,156
259,لسه عند مشعر أول حب حياة هو أعذر على تقليب موجع بس مش لاقي محتوى,neutral,64
260,حب قائد عيدا كون أغلب تعليق ذباب إلكتروني أو إشخاص دار فتنة هل صار حبنا قائد هو عيب أو ذلة بعد وفر هو حياة المثالية أمن إمان تعليم صحة أمكن أن احتاج إنسان ياشيخ إذا كذا تعريف هو ذلة وطن دعس على تراب وطن بفمي,neutral,207
261,قال مرة واحد مسيحي حب دعى بص السما يا جماعة تمويه تكتيكي عشان محدش عرف أن كنيسة بتمولنا,neutral,87
262,إيش سبب حب أم عيال هو انا مو قاعد تكلم حب أم طبيعي جميع طفل هو أقصد حبهم خصيص إولاد خصوص العاق دايم حبى لد معين ولد هو برر شي عادي طق خون بس خون مايطقونهوعادي إذا أعجب شي حق خون أخذ هو أعطى اياه,neutral,194
263,سن كلنا طيبين دايما متجمع على حب مصر,neutral,36
264,في حب راجل بجد محاضرة جميل إلا عمل هو,neutral,37
266,بدون علاق حب اعرف هو مجتمع محافظ أي اختلاط طرف آخر مستحيل كثير حولي قصة حب ناجح كفى هو عارفين بعض مزية عيب تاريخ هو شخصي عائلي خلاص وافق اتزان علاق صار ارتباط ذالك جاني تساؤل ليش مر صار لي كذا فكرت عنى انا مب شخصي متطلب حاج بس أمكن حاط حد أكثر ماحب هالسوالف بس شكل هو طريق صحيح لو حد واضح لأن نجن مايي اتزو تقليدي لو وشو شخص مجهول مجرد راتب هو كلم جاري هو أجودي مايع هو وش جل انقذو وين نلاقي رجل لأن مستحيل اعطي وجه احد بدوامي أمكن اسجل شيء تطوع مشترك بس احس مافي وقت متى نف هو بعض ونشوف توافق إهداف مشترك,neutral,505
267,حد غيري قدر أخد دوا حب زم كان حبة صغير غير هيك قدر أتوقع سبب نفسي عندي نقص زنك بس مو لاقي زنك حبة صغير أسمع مرة اعطوني حديد حبة صغير كمان,neutral,137
268,لو ناوى تجوز حب ليك مبدأي اكونت مش حقيقي لأن موضوع صعب أشرح الاكونت تاعي انا فشل جواز بعد سنة معافر أتجوز واحد مطلق معي هو طفلين وكن مبسوط بي هو جد ود جواز حب حارب اهلي عشان هو صغير اتظلمت أو ده الذي ظاهر وقت هو عشان كان ادق طلق هو دكتور هو جامعة أكبر هو سنة حبينا بعض أتجوزنا أمي مش راضي عنى شاب شكل كويس سن صغير مهندس رمجة ابن ناس كمان محبوب هو سحل نفس سحله دي نشف دماغي لاول مر قول لامي أخرج هو يارية هو ماقو كده صدمتي مراتي هو مش مسيطر على كلام هو معظم وقت مش عارف قال مقدرتش الذي أي حاجه الذي عملة هو عشان هو مقدرتش الذي اني راعى ربنا عيال هو فضل أعملة هو أرضى بعد خلف هو مبفرق هو التلات عندي لي هو نفس حق غلط اهلي كتير قدامي مجرد هو كان رافى هو صحيح مبدأ تاع اهلي رجعي شوية هو لي هو وجهة نظر مختلف مكانوش عاوزين قال هو صريح فا تحجج مطلق متنفعش ود الذي خلاني تمسك برأى هو كنت مبسوط جد اني أخد خطوة دي وانقذت طفلين كان على كبر شوية هيلاق ابوهم مات لأن كبير غير مش موجود أصل سأل هو صرف على هو بعد جازية قبل ولد هو ملايكة حبان جد ميعرفوش آب غيري ود اللي مصعب موضوع عليا مراتي مؤخر تعامل أمر واقع على أهلي هو جوا زور هو يدو هو عيديات أجاب هدية حين أن ابوهم شخصي أهل مبيسألوش هو عاب اهلي عشان مبيسالوش لادي هو انا أبويا كتر خير عامل ليا انا واحد أخواتي شقت بية جديد سبب اختياري مكنش نفع أخد هو عاش نفس بيت بدأ هو حياة هو إيجار مدة سنة ونص كان اسوء سن نص حية طول ليل نهار ماسكاني هو مرة خوت أحسن مني عشان قعد ملك هو إيجار انا ناقص أنا اللٰه حب أجرح هو غير هو مكنتش مستعجل على جواز أصل أهل هو الذي شجعوني قالولي مش مشكلة قعد إيجار طالما بنى نفس هو مهم زنقت نفسي عشان بحب هو بيع عربيتي حطي اللي حيلة شقه ملك عشان متبقاش أقل حد طلع هو عيب دني دين هو هو مقعد هو خرابة سبب موضوع شقة زنق نفسي دخل دين هو مش عارف أخلص هو هدد سبب هو بدأ كارثة ظهر معارر صريح ندم هو هو سابت دكتور أتجوز حيالل مهندس اشتغل عالنت قرف مستمر شهر مؤخر بقت تقولي أهلك جوا رما عمل قدام شقتي عشان أصاب هو فقر طيب انا لي تكلم هنا بوست شوفة شوية سأل مين اعز هو اختك مراة انا كتب كلام عشان محدش نسى أن مفيش احن دم اختى فكر تيجي زور مشى مراتي تعملي مليون حوار دي صتلي بصة وحشة دي قال مش عارف دي جايه يد هو فاضي هو حين أن اختى اللي دايم أسأل هو حين هو جي اتجوز نفضت اهلى أول هو اختى الذي أقرب هو ليا عشان فرقة سن صغير مش عاوز أطول على هو بس شوية افتكر حاج وجع هو واحنا صغير أبويا قرص عليا عشان أنشف أبقى راجل كان دخل اوضتي اقعد اعيط كنت بلاقي اختى جايه لاماك طبطب عليا حين أن مراتي الذي مفروض كان شرع اقرب ليا اختي تشوفني متضايق مخنوق تيجي كمل عليا مهم انا واخد قرار طلاق بس صعبان عليا لادي هو ابني الذي ربنا رزقني بي هو أذن اللٰه هوصل حل عتر إطالة البوست مش عشان خاف بي أي حد فيفر تجوز إطلاق جواز لي مميز كتير بس شريك صحح فا لو هتج واحد ظرف دي انصحك فكر كتير سأل هو اكتر لأن أي اتفاق هيص انكوى ممكن جد تنسى لو حس شبه طليق هو أي حاجه طبيعي احنا بشر مشترك طباع كتير توفيق يكم جميع,anxiety,2638
269,حب فخامة رئيس بلبيسي للي مش عارف السيسي قدم اعتراض مجلس نائب قانون إجراء جنائي عشان سمح تحقيق متهم منغير المحامي تاع اللي السيسي عمل جانب سجين رأي اختفاء قسري تعذيب سجن سجن احتياطي مدة شهر أو اكتر وقت الذي شعب هلل السيسي طبع بعد سنة كامل سكة انتهاك إسرائيل خرق هو معاهدة سلام تطبيع معى هو شفاء,neutral,293
270,وجد فرقة زواج تقليدي أو حب سلام على هو بداية موضوع انا غير متزوج عمري ٣٣ سنة حبيت اعطي خلفية نفسي عشان اخذنى جدية مر بس وجهة نظر اعتقد وجهة نظري فرقة أبد زواج حب أو تقليدي حقيقة قبل عاش تحت سقف واحد مافي شي حقيقي قبل بدد مسؤولية توزع هو حسب اختصاص احد كله كلام فاضي نشوف غير مسلم غرب تحديد دخل علاق ساون شي سوى متزوج بعض هو وصل أن كان هو اطفال لحم اللي تزوج بدد مشكلة توصل طلاق لأن زواج عقد مغلظ جدي مو لعب طبع قال كلام لايي شخص اعتقد أن حل زواج حب أو غير إلان حنا زمن اقدر قال الاغلب ككن أقل محيط كثير اخذى وقت هو وقت خط تعرف بعض مهم أن طرف عرف وش تناقش تخلي هو كلام حب عاطف هاذي جأى وقت كان موده أساس كم قبول وقت صلى شكر,neutral,622
271,بوست حب حليب شوكولات,neutral,20
272,هل زواج حب أخلى البنت راعى ظرف زوج تقليدي أخلى هو قص هو قص سؤال يوم,neutral,67
273,بوست حب شيخ سمير مصطفى فك الله أسرة يا أخى اللٰه عارف سبب وراء حبى وحب كثير شب شيخ دا كلام أثر كبير جد قلبي أسلوب مريح نفسي حزن جد اللٰه شوف مثل شيخ سمير سجن شعر إستياء ككن لعل عسى دا اختبار عمري شوفت فيديو أو حاجة أدان أو تخلي تسجن كلام كله مؤثر شب ال أعرف كثير أنا ضمن هو درس سبب رقة قلبي توفيق الله أسأل الله فك أسرة جلسة قادم حشر هو جنة,sadness,340
274,حب المسامط يوم شهد مسمط سيدة زينب على هو يا ابو العيال تحبى أكسورات عجل,neutral,71
275,قصة زواج حب بس طريقة حلال الله عافى هو هو رومانسي ميؤوس هو حرفي حلم أدعى زواج كان حب بس طريقة حلال بس اللٰه درى وين بدأ شي ذا هو أتكلم رجل ضرورة لو قال نكتة ضحك هو فصر أتيسة موضوع ذا ممكن صار اكتب لي قصة هو حلال كيف عرف كيف صار هو موضوع كيف حافظة كان حلال محتاج أمل مناسبة مو أطلب تعارف أو خطبة رأى هو صغير ذا شي أحد انزلق خاص الله أرضى هو,joy,339
276,أول حب سلام على هو رحمة اللٰه بركة انا عندى شي جديد صار حياتي توقع صار معي شي مشاب حياتي إلا حب وكن أشوف كلام فاضي انا تخرج قبل سن موظف إحدى جهة رنامج خريج مع هو وحد بنت برنامج بينا أي شي جذب أبد صار معى نفس إدارة فريق آخر بعد ،اول ثلاثة شهر بينا أي شي وقت بنت مال هو صار أجمل بعيني بدأ عجب أكثر ناحية جمال ناحية شخصي ذكاء ضحك هو ابتسام هو يوم صرى هو نفس الكورس نفس طاولة بعد هو انا بدى اتعدى مرحلة إعجاب بعد فترة أذكر حلم هو وقم نوم سعيد إلى آن شاف حب بعدة فترة جتى دوام احتاج شغل عمل حاول أساعد هو مدى لأن موضوع شخص آخر قال خلاص شكر لأن قدر هو بديل وقف هنا ورحت حاول أدبر موضوع هو قدر أساعد هو أرسل هو إيميل خلص دوام مشيت رد على قال شكر بعد ساعة أرسل لي واتس كان ادورك ابي أشكر قصر هو بعد هو قاعد ساعة مبسووط جد أيضا إلى آن منب مستعوب حب إلا بعد فترة أحلم هو ثأني حسي شي غلط عندي لأن وضع عندي صار مر وشف هو انبسط تحسن مزاجي بعد فترة تفكير اكتشف اني خلاص غرق حب هو أيضا ذاك يوم رح ادور لي أي شيوالشغل عشان راح سؤل هو وقع يوم كامل افكر منفس بعدين سويت خطة رح سأل هو اعدتني الصدق اني كان مبسووط اني سولف هو كمل يومي ذاك يوم سعيد جد حكم اني تأكد اني حبية هو طبيعي بعد حب وش خطوة قادم تعرف على هو أكثر بعد هو زواج لهو طاقة اوجههى تشبيك بنت وقلة حي إلى آن حياة ردي نجي مشكلة أول مشكلة إلا أن بنت متفتح انا جاي بيئة محافظة عنى مثل انا طول عمري ابي أن زوجة كان منقبة بنت محجب مب هنا مشكلة بعد بحث تحري حصل حساب بنت السوشال ميديا قيت أن البنت تغطى نهائي خارج مملكه الذي جلطني احس عادي تقبل الشي اني شاف غلط بديت فترة أخير احس عادي مهب شي كبير اهم شي محترم أصلى مسمل مشكله ثاني إلا أن بنت عائلة ناسب هو ناحية نسبة عرف عندنا سعودية شي مهم جد مشكلة ثالث ادري إذا بنت اصلن مهتم هو أو طقت لي خبر نهائي أيضا انا معي احد أجنبي دوام مسلم سأل رأي موضوع شجع قال طبيعي رح كلم هو قل هو ذا كلام قلت مشكلة قالي موضوع سيط آخر طبيعي نسبة حكم طول حية بلد أجنبي عموم وش اسوي حين انا صدق مستعد أوقف قدام اهلي أكل هو أصمل على هو أب هو طبع انا ابي إلا حلال مادري هل استاهل هل وافق أصل الصدق اني ادعى صلاة فجر أن اللٰه رزق زوجة صالح هو كان زوجة صالح عموم آخر أسبوع انا شبه توهان نص اكتئاب غير افكر هو,sadness,1971
277,خلاص لقي حب حياتي رسمي,neutral,22
278,هل فعل أمكن رجل عمل علاقة حب هل زوجة ملزم دايما لبى طلب بدون وجود حب,neutral,68
279,سابتني عشان واحد قبض اكتر مني بعد حب أربعة سنة انا عندي سن قبض حالي الف كان بحب بنت قالي أربعة سنة خلاص كان هدم جت قال أن مرتبي مش كافي دني صعب هو مش هنقدر على معيشه أن أهل هو أهلي إنسان عادي عنى مش ساكنين كومباوند حاج راح اتخط أتجوز أقل أربعة شهر واحد شغال قبطان بحر قولى معلش قي دني كده فرصة عمل قدك مرة شهر على هو انا مش زعلان على هو بس بنت فعل شاف الراجل مجرد رقم أصل لو كده قي أبقى احنا نشوف ستة كادى تفريع شهه خلاص انا مش أهم عنى أربعة شهر خطب جواز جعان اوي هو على كلام هو مرتبي خايب دولار قولى اصلك ترمل هو فتافيت شركة إلى بره,neutral,533
280,مين حب قبل كدا ممكن وصفل شعور,neutral,29
281,بوست حب بنت متدين قي عندي انجذاب كبير ناحية بنت متدين الذي تقيى ربنا واحد قي أحس أن بنت دي كنز دني آخر اجمل حاجة أن واحد لاقى واحد الذي قرب اكتر ربنا عكس ردو بعد حرام أي عنى حياء حاجة حلوة جد بحس أن البنت كيوت خالص بريء لو لابسة خمار يا سلام بقى سبحان اللٰه واحد الذي شاف يوم را يوم بنت دي كبر نظري اكتر لو ربنا راضي عنى هو واحد هو,neutral,331
282,تجوز صالونة حب قبل حد جاوب شوي حاجة تخلي هو الك لو جواز صالونات هتقر تشرط أو تنكى موضوع مواصفة عاوز هو أو عاوز هو شريكك عنى مثل زم عربي عكس جواز حب بيخلي واحد أضحى حاجة عاوز هو مقابل أن شخص انا بحب وقت حب قل لو أنتى حبا بعض قالك سنة اتجو سنة بريمة أعات حبم أنتى متجوز اهتكى أقل جواز صالونة قدر وقع شريك قذر كان ضحك على أو عليكى جواز صالونة حسه أكن أتاج انتا راح تعرض نفس هو سلعة شخص تاني شخص تاني كان سلعة ليك رضو ماقيش حلال حرام مجرد قاعدة الفيفا بس مهتم اعرف رائي إنسان عشان زهقان,joy,482
283,حب نبي صلى الله على آله وسلم,neutral,28
284,شاب سعودي بعد قبل ١٠ رجل شوم هو لبس فسة يومي كتب قصيدة حب صديق حقد نساء عدين جيك هبد دور رجل مرجل نصيحة احد جاب لي طاري المرجلة جا تكلم رجل ليش الشي صلح رجل لاق إلا امرأة جلس اخترع فرع فلسفة ذكر لا بس فسة قال هالكلام تموت ضحك غضب خفى سبحان التنين فعل أكبر دليل ضعف حجة دور جنسية أي جدال ميل أو تعبير نفس مجتمع المتحجرة موضوع زي هو تشوف رجل صيني شرق رفع صوة مجتمع مبني كذا راح قال مو رجل حقيقي بعدين رجع بيت تذكر كلمت امرأة ٣٠ سنة مافي أي دليل رجل قوي أحب نساء راعي بيت نجب عيال أو شنب قهوة صراخ خرا جهك غير أمكن قذف بنات مر تطلع تلحس قدم أي رجل مكانة اعلى بدوامك,anger,562
285,حد هنا اتجوز اللي أحب خصوص حب طفولة انا معجب بي هو أول ابتدائي تقريب دلوقتي احنا رابع انا بشر سن مكلمتهاش عشان حرام وكنت لازل عاوز تقدم رسمي بية هو بس بزن اهلى عشان أخطب هو زمان اوي حاول افتح مشروع قبل هو خسر فلوس اشتغل كذا مجال آخر سنة منفعش حالي شوف مجال جديد هل حد نجح تجوز الذي أحب هو انا هدل نفسي فاضي لأن إلياس بدا تسلل بعد فشل كتير واحد عب صراحة بس ربنا وفقن الذي شغال نجح اتقد هو أن شاءل,neutral,395
286,هل في حاجة اسم هو حب علشان قد شغف فشخ في موضوع دا,neutral,49
287,ابغى اتزو حب فكرة هو زاج تقليدي رغم أفضل حب ميز حب زاج واحد أعرف تقليدي سمع وكيف كويس أو مارح أعرف صح إلا بعد هو,neutral,112
288,أنا ولي حب أول قعد ولي تيجي قعد معنى دايما أول راح قهه لو مش جايب أكل أصيل رضى بس بحس هو قطه بيت هرب أو صحاب هو رح هو عموم حبيت انشر قصة حبنا,neutral,141
289,خضوع حب في وراى شي تاني كان كلم وحدة فترة وكانت أحكأ مشكلة هو تاع وانت سمع هو صنعة طافة كان ريح هو كلام عنى أسمع هو كدا مهم كون مشغول أو وياى حاجة مش عمل كدا قال هو أكره لي قال انا هعمل هو عايز بس تبعدد عنى هو مبطونش عيد هو هو مشغول شوية أقصد هو إنسانة طبيعي ككن كرر كلمة شوية هو هو عايزة هو قول وانا هنفذ حاسس نبرة خنع هو مجاش ألى أعمل معي هو حاجة غلط عنى بس خايف كان عمل كدا حد قبلى قبل كدا,neutral,392
290,إعادة حي حب مرهقة انا ريال ناوي اعرس وكنت اعرف وحد زمان تركنا بعض سبب شخصية ديني تبنا توبه أن شاء اللٰه هو نصوح اعرف إخطاء هو عرف اخطائي عرف طبيعة أعرف طبيعة هو اعرف بيئة هو بية هو عرف بيت هو بيئة هو بنت عرب قبايل وجد تفاهم مودة ككن نحتاج تحسين بعض جانب هل براي هو توكل اللٰه شو اعتبار الي لازم أخذب هو,neutral,302
291,حب بنت شب أكبر سبب الذي أخلى بنت دايما ميحبوش غير أكبر هو مش قصدي يتش البنت مبترضاش حد أصغر هو لو شهر ممكن أرضى بحد اكبر لو شهر برد فكرة قا أصل لو نقطة شخص ناضج اعتمد على ممكن كان أصغر انضج انجح اعتمد على اكتر,neutral,209
292,رسل إنسان الي مش عارف تعرف على بنت أو شايفين أن صالونة وحش مفهوش حب جاي اوضحل يا غالي معني حقيقي دا دلوقتي هو ازاي عايز تعرف على بنت هو مش بذل مجهود نوع بذل المجهود اهتم شكلك اهتم مهارة اجتماعي علاقة اجتماعي حياة مبدئي عشان تعرف على بنت إطار حلال راح خطب بنت عجباك مع هو تشوف دايرة سواء شغل أو أو شاف شكل بنت تاني حاجه شاف سمع بنت إخلاق هو تربى هو وقت هو راح خطب بنت قعد سن اتنين تلات تعرف على هو زي هو عايز بنت عجبة تجوز هو معجبتكش متتجوزهاش شوف واحد غير هو موضوع سيط موضوع قسم نصيب مش محتاج خرج بنت ورا أهل هو أي حد قال جواز صالونة وحش دا راجل اهبل مجربش معني حب حقيقي إطار إسلامي نسبة قايم رعب هو زوجة خانك شغل دا هو أجاب حاجة نفس هو بنت لي هو عندك مهر هو وبس موضوع مش صعب لو أهل رفض هو زم مضى قايم عشان ضمن حق بنت قول هو مش هاتمضي دا الي هو حابب بس أفكر يا عزاز قارئ أن بنت كتير اوي اوي مصر الحياه مش هاتق على واحد هو مش هاتم لو متجوز اهتم نفس هو قبل اهتم إشخاص آخر خليك على ضعك افتكر أن العبد الي طلب عفه ربنا وفق دايما,anxiety,924
293,كفاية حب علاقة فاشل النت يخواتي,neutral,31
294,معرفش لي بس رسم دي هو حب وصف قية هو على إلفيس مش لاقي راسم أصلي,neutral,63
295,حب تخصص الذي دخل تخصص الذي حب كيف مشور هو هل هو ملى آخر غيرة هل علاقة توكسيك,neutral,76
296,حب طر فواحد انا معجب واحد في درس عربي قالى فتر هو معي في درس قال هو سنة معرفش لي انا بصل هو وي بطول نظر وي هو في دمغ هو أي حاجه عمل هو هنا سعة طيل نظر أول أبصل بصه واحد راح مر واحد كارف هو لي تجاهل انا حاول بس مش عارف هو متجاهل تمام هو شكل هو عرف بس هو هنا عنى مر في امتحان وي عيال كان سلم ورق قية هو عنى هو جت في عينى قعد حوالى ثاني أمل فغي هو وي هو قطع نظر انا مكسوف مش عراف اعمل أي في واحد صاحبي أخد أل وي عامل قال لي اعترف هو وي انا قول هو عبيط مش عارف انا بحس هو بصل هو شعر سعاد انا بقي حاول أقرب هو وي قعد في أقرب بنش لي هو أصل مجموع صغير حوالى واحد فا مسافه بنية وي هو هو حوالى متر نص متر يا جماع قال ليا عمل آي,neutral,618
297,أقع حب ألبوم ده,neutral,15
298,هل زواج حب كذب بدى أصدق كلام امي حب بعد زواج اللٰه مستعان,neutral,57
299,وش سر حب كبير سن فول التميس حس شي الذي حفز هو حياة حصل رجل ستي هو متقاعد مكتئب على دين مجرد مايجي طاري فول التميس تغير نفسي,neutral,123
300,أول بوست ليا حب شاي,neutral,19
301,أي سبب حب بعض شخص المطلقات كبير سن,neutral,34
302,حب صب شات جبت صاحب فكرة فرع,neutral,27
303,وجد صداقة أو زمالة رجل نساء إلا وجب أن وجد حب,neutral,45
304,بوست حب فنانة سيرين اكتر إنسان الكرييتف دم هو خفيف تديني طاقة إيجابي وستات نشرة خبر محاكمة الكولونيل حاجة التانية عشوائي طريقة رواية لغة عربي اسطورية اللٰه كيب جوينج,neutral,165
305,بوست حب الي أحب أكتبول هو اشي أنتى ممتنين وجود حية هو انا نفسي ممتن وجود أهلي صحابي بحب شخصية هو استثنائي ناحية إدراك دني ناحية تعامل ممتن كثير شيء ثاني بس هو كون أول شي خطر عبالي اعطونا جرعة تفائل بداية أسبوع حل,neutral,212
306,هل هو حب غير مبرر مدينة معين أحب شرقي درجة نفسي إذا ارتبط استقر هو باق حية اعرف ليش بس أحس هو منطقة هادي أهل هو هادي,neutral,116
307,شو سبب حب فئة أردن هتلر كثير منسمع عبارة يا رية هتلر كمل عاليهود أنزل عوسط بلد تلاقي كتاب هتلر كفاحي معبي البسطات على طلب هل علم عزيزي عربي هتلر نازية ألماني كان مؤمن فاق عرق هو آري قرر بدأ حملة بائد المسماة الهولوكوست هو استهدف يهودي شكل رئيسي استهدف هو مجموعة ثاني مثل بولندي سلافي ذوي إعاقة لو جالية عربي أو مسلم كبير ألمانيا آباد هو هو قدام بعد خلص هو حط ابرياء هو رجل اطفال نساء معسكر شغل هو شغل اجباري غير هو قتل هو بغاز سام أصل لولا هتلر نازية ألماني الهولوكوست قام إسرائيل يهودي أوروبا شاف ضغوط الذي صار تعرض إلى هو هو هرب نازية فلسطين الذي شهد اعلى نسبة هجرة يهودي موافقة بريطاني طبع ثلاثينات بعد استلام نازية حكم ألمانيا سنة فكيف ممكن فئة منا دعم ابادة مجموعة ديني كامل خصوص مجموعة ديني هاي افترض أهل كتاب إبادة سبب رئيسي احتلال فلسطين سنة شو سبب زبدة كراهية كيان صهيوني مش لازم تعمينا وصل هو أخلاقي خلال لوم اتباع دين كامل يهودي حركة سياسي ضمن هو اسم هو صهيوني ملان يهودي ضد الصهيونية ملان عرب صهيوني خلينا نكون اوعى هيك,neutral,931
308,نهاية حب طفولة مأساوي كنت ثالث أو رابع ابتدائي السواق الي اروح مدرسة أخذ بنات إولاد حي مهم لعل ولد اكبر مني سنة معي نفس مدرسة هه الكرااش الله سامح مشكلة ولد أضح داشر اعرف غير اسم مهم ماقد تجرأ صارحت الحمدلل بزر حمار خطوة اهني نفس هو على هو يوم كنا جالسين انا وامي نتابع فيلم هندي الظاهر فيلم الي حرك مشاعري قرر اصارح امي تنيى صارحة هو شكل كنت أحسب هو اوبن مايندد كذا مهم أنجلدت باقي سرر بيت خخ بعد مر السالفة سنة كنت ماشفت ولد تذكر التروما إلى مرى هو بسببه,neutral,456
309,العيب ظهر حب مكان مفتوح انا عايش برا مصر علاقة جنسي شارع عمري ماشفت اتنين سخنين هيجان على بعض شارع الذي حصل احضان بوس اشتياق أو سلامة أو وداع عادي مغهاش سفال هيجن هلعة اللي نشوف مصر أي حد لمس واحد فمكان عام أبقى بضان بجد فكر هو مصر نبضن على أي حد تعامل بحب مثل أمسك إيد أو يبوس أو حضن خطيبة حبيبة مرات صاحبة لي نبضن على هو لي نتكلم معاهم أساس مثل عنى هل احنا حيوان محتاجين توجيه دايما نعد كلنا ننيك بعض ليل ونهار بجد مفيش جهل اكتر كدا نفسي فكر دي تغير,neutral,451
310,بوست حب الايس كريم دخل الشتا,neutral,28
311,تقليدي حب أب اتزو تقليدي رضو أب حب صدق حقين السوشل ميدي عندي واقع تواصل محدود جنس آخر أب علاقة حرام أبغى أقرب هو أب اتزو معرفة مسبق فقط أعرف وحدة سوة هو زواج هو ناجح دخل هٰذا طريقة مخي بس صعب تطبيق هو,neutral,200
312,حب سودان أهل سودان آكتر حاجة إللي غرب هو حقيقي عنصرية ضد أهلنا سودان هو تعامل معاهم على أساس مصر مش بلد هو عنى هو عندك أول رئيس مصري سوداني أم السادات سوداني دايما تاريخ مصر سودان أحد شعب واحد إلى فرقة حد عنى أنا شايف أهلنا سودان إللي هنا نفس فكرة لو حصل مشكلة قاهرة أهل هو راح إسكندرية أو عكس بلد أحدة حاجة كمان حب جمال اهل سودان هجة أهل سودان أنا مجرد سمع واحد تكلم لهجة سوداني حقيقي هجة بنانية غير غرض كلام مش إني اجرح فكرة دولة مصري وطني إحنا شعب مختلف على رغم بينا تاريخ مشترك جغرافي متداخل نقطة هو لو أهل سودان غريب هو أو مش هو عشان عندنا اختلاف ثقافي معاه هل نقدر نطبق على نوبة أو عرب سينا مطروح أكيد فحتة حد سياسي مش إللي هتقم شعب نفس كر حد مصر الانجليز شال هو نوبة مش كنا هنقول على هو نفس كلام عموم مواطن سوداني أو سوري أو فلسطيني أو عربي مسلم ماينفعش أصل تقال على لاجئ بل مهاجر اللاجئ دي قال هو علي الاوكراني مثل إللي جه سبب حرب,neutral,838
313,الصب صار كله سالف حب علاقة طفش هو زور مشكلة ايامي كان عمر هو كان أحب نفس نمي إغاني كوريه إفلام مسلسلة فقط حين نفس ضعي حمدلل,neutral,123
314,اعتقد جيمرز عرب اتفق حب,neutral,23
315,حب أظنش اني شوف حاجه شخصية هو أقعي زي مسلسل ده,neutral,46
316,أول حب حية هو بعد موجود لو شصفى بي دهر,neutral,38
317,حب حقيقي حاسس اني عاوز تكلم أن هنفجر كتر كتان عدم مصرح نفسي كلام دا قول ممكن حد شاف كلامي انصحن اتخطي ازاي أو اللي انا دا أساس أول هكلم نفسي ملخص شريط حياتي سريع انا أسف لو بوستة طول مني خلي هو بدأ ابتدائي انا كان شاطر جد ابتدائي عندي بعض غرور شطارة بس طبع مش بعمل أي حاجه أي حد نهائي كان فرح اوي اعتزاز مدرس أوعى بيا هٰكذا وكن شارك حاجة كتير اوي كان معروف عنى بس كنت سيم نيل وقت هو كان أول مر أحب حية بنت معاي فصل عنى لعب عيال دا انا فاكر اني ابتدائي صاحب بنت بس كلهم كان عاوزين بس حته هو مصاحب الفلان دا الشاطر أوي كلام دا بس واحد هو كلمت واحد عليا فصل هو تأنيه انا سبة هو بعد ابتدائي التالة مكنتش حبن اساساسا انا قول كلام دا هوا مش مهم نهائي بس عشان أسرد قصه كامل أول مر أحب حية بنت معاي درس أولي إعدادي اتوقع دا أول مر أحب بجد وحب صادق شخ كان معروف عنى هو محترم جد مؤدب كويس وكل صفة حل أي حد دي بس مازل مش يم وضت أفليرت على بنت دي سن اتنين تلات دون أي اعتراف لي هو أي حاجه هو بجد كنت بحب هو قلبي وكنت ني نطلع درس أجرى على هو عشان أقف البلكون شاف هو هو معدي شارع هو مش باين البلكون جيت تالت إعدادي صارح هو وقت هو قال هو هو كويس جد محترم بس انا مش بفكر موضوع دا نهائي عشان امي زعقل هو مش عاوز مشكلة كلام دا انا احترم وجه نظر هو جد عكس بدل اتداي هو عل نظري اكتر أول مر اتحط موقف دا مكنتش اعرف اني رفض اتفاجئت بعد هو أسبوع هو ارتبط صحبي الذي معانا درس بعد ساب صحب قديم هيا وافق قو اتنان قعد قدام درس حبا بعض وانا قاعد شايف دا مش عارف اعمل أي حاجه اعتقد لحم دي بطل أحب حد تاني بس لسا كلام كتير اوي بعد هو فتر واحنا سا تالت اعدادي كان عرف بنت تأنى معانا مدرسة بس عمري اتكلمت معي هو أي حاجه بس جبت رقم هو وصل لي هو اني عاوز أكلم هو كان بدأ أحب تاني بعد صدم دي أول البنت دي رفض تكلمني بس انا صمم اني أكلم هو كلمة هو هو صاحبة هو مكنتش اعرف رضو هو أسلى نفس هو كدا جينا آخر بعد امتحان تالت اعدادي وصل ليا كلام إنسان غريب اوي معرفش اسم هو حتي أن بنت دي مرتبط أحب سواق توكتوك طب عنى ازاي متقولش ليا حاجه زي كدا قالتلي أن انا شأيف أن دا مش موضوع مهم تكلم عنى قولة هو ماشي بطل أكلم هو ادركت وقت هو هو تسلى بيا واني كان لعب خلاص بدأ جزء جديد ثانوي جلو آب قي شغل عالي اهتمى نفسي نيك بقي خلاص كار إنسان دي وكرهت حرفي تعامل بنت أساس بعد الذي حصل معاي دا لي حصل معاي دا عنى مش شايف اني استحق اترفض أو اتعام طريق دي تقريب وقت هو محبة بجد بعد جلو آب انا وصل بيا وضع أن بنت بقى الذي دخل تكلمني مناسب بنت تاع سواق توكتوك دي دخل كلمتني تاني همووت بس انا طبع أدى هو شبرب وقت هو قي ماسور بنت ضرب شي بس انا عارف أحب عارف اثق حب عارف اتنى على عين أضحى عشان حد ابيع عمري عشان خاطر حد حبو بجد عنى فتر ثانوي دي مش اقل بنت أعرف هو منطقه تاعت كلموني حو معاي كلام حبا فيا كلام دا بس انا طبع مش قادر أحب حد ادي مشعر لحد كان صاحب هو بس جي تالت ثانوي عرف واحد على إلفيس طلع معاي درس مشترك كتير اتكلمنا كتير أوي حبية هو وكنت مسيطر على هو عنى ارتبطنا حوالى سن نص بس دي عرف عنى حاجه عرفاني صغري كلام دا دابك كلمتني عشان عرف آن هو على إلفيس شاف هو درس كلام دا اكتشف هو عمل كام حاجه كدا عشان تكلم أول أنا عارف هو حبن اوي وكل كلام دا بس انا رضى مهما أدى لي هو مشعر انا عمل كدا عشان مجبر هو مرتبط بيا كلام دا بس لو جه أضحي حاج أو أي شأ عشان هو قول هو كسمك مش هعمل حاجه كدا دني مشى عشان هو حبن أول غطل عملة هو معاي روحت سايب هو فضل داخل سن لحد دلوقتي مناسب سا حاول تكلمني تاني أو تبين هو عاوزة تكلمني بس انا رافض تمام دلوقتي انا جامع أول دخل جامع رضو واحد كلمتني بس دي مشكلة قي يا جدعان جامع عنى نزول يوم كليه عنى شوف هو عنى تقابل عنى عنى عنى والبت فشخاني مشعر حرفي عمل ليا حاجة كتير نيك انا مش طلب هو هو هو متجوز هو مثل دلوقتي احنا أساس مرحلة صلنا قي هو نسكس شات بعض عنى داخلين على مرحل سود بس انا مازل مش حاسس اني بحب عاوز اضحي عاوز أساس أحب عنى معنديش مشكلة هو أبقى صحبة فعل دا الذي حصل بس قصدي هو انا مش عارف أحب عاش زي إنسان هو خلاص مشكلتي أعات زمان اتحل بقي سيم اهتمى نفسي بنت هتم عليا كلام دا بنت هتم عليا دي كنى اهتمام مش نطط اتوقع انا كدا خلص اعمل يا جماع أرجع بي هو طاقتي نسيت اقول حاجه اني طول وقت حاسس أن مشعر دي مزيف إو لى عنى حاجه حصل حظي أن عارف هو هتص وقت مش دي الذي هكم معى هو حية كلام دا هل حد عندو حلوول وشكر,joy,3785
318,حب تملك مدري إذا اعتبر حب تملك بس انا إذا حبى شخص قريب لي جد مرة ازعل إذا غيري مثل انا صديقة مقرب وحيد علاقة هو انا ويى هو أكثر صحبات أكثر سنة هٰذا سنة أول مرة أدرس هو نفس فصل كنا ندرس نفس مدرسة بس قسم مختلف أحظ هو أبغا اكون دايم هو دايما بحث هو درجة ابغى افترق هو عنى خرج أخرج هو جلست مكان معين اروح جلس جنب هو مهم أحظ هو عكسي عنى صح دايم بحث عنى كان معي بس مرة كان ضحك صحبات ثانيات مثل راح مجموعة ثاني لعب هو أو شي زي كذا بس انا طول ذٰيك حصة اتبع هو قال حبك أو شي عكس أدرى هو اعزنى شافن جالس حدى جأى عندي ماتخليني حيدة بس اللٰه مدري أيش هو كمان نكون سوى بيت عادي عنظ هو جلس غرفة هو غرفة ثاني احنا تقريب عايشين ونى بعش دايما بعض بس انا لازم نكون نفس غرفة عنى ليش احنا مجتمع بيت واحد عنى عشان نكون بعض شي ثاني مثل إذا شخص ثاني قريب هو أعز مكانة خاص قلبي ابغاه كان نفس شي أعزن شيء الي سوى هو معي سوى هو غيري بس مو دايما أدرى غلط أحال اشيل قلبي مرة ثاني صديقة أعرف هو زمان مررة حبن امدحن مدح مو طبيعي بين هو خاص عنى حسيت خلاص بنت مرة طيف بس بعد شوي نفس وقت مدحت وحدة ثاني معنا القروب قال تقريب نفس كلام قلت خلاص مدح الي مدحتني مو صادق زعل بس طبع هالشي أبان أحد أو قال أحد صديقة مقرب عنى أخلي هو نفسي بس,joy,1100
319,بغو تزوج حب تقليدي هو توقع إلى حيصير,neutral,36
321,حب النودز عندى حاجة غريب بس بحب هو جدآ بحب اصور نفسي ملط كتيير عنى كذا بوز هو ممكن مر هو صاحي مر راجع بره أي حاجة مر لوكر رووم حدى مش عارف لي أغلب رجع اتفج على الفيديو أو صورة هيج بحس أوف جامد أوي حد أهم,neutral,203
322,أشفق اللي حب تنافس عالي اللٰه يا هو أشفق على أرحم فعل مسكون الله بلا را الذي كذا تلقى أكثر شخص مهزوو داخل لو بان شخصية قوي راه هش شكل وصف قدر كسر كيان زعز أمان هو كلمة توصف جرح الله ابتلى,neutral,187
323,حبمجد طفولة هل أمن بحب طفولة لو قدم لك حب طفولة أقبل هو يارج هل تقدم حب طفولة,neutral,77
325,صدق لو قول أن تايلر آخر مر حب واحد تلا سنة,neutral,42
326,حب أعمى انا جاي نزل قبل كدا هو فكر أبعد انا مرتبط مد واحد شخصي محترم جد جد أصلى ساعد هو صلاه وقت هو لو عدد محاسن مش هخلص مهم بدأ يقولي انا مدايق انا بقي فكر نهاية انا ضميري ديني أكلم جوايا حرب مش عارف أعمل أي انا كلمة وقت هو رديت كلام شجع اشجعني هو بدأ خطوة بعد حرام كدا انا حال منهار مرعوب كلامي كلام بجد مش عارف هقدر اخد خطوه دي ازاي,neutral,335
327,حب خوات هو مسيحي لينا فترة كان نزلت بوست اللي أول بوست ليا خالص لو حد حابب يقراه عشان فهم كنت قول أن مسيحي أخد حقهم زيادة بلد فوق ودى هو حاسين اضطهاد مبيحبوناش رسم على هو حب مزيف اتهاج إنسان مغيب مفكر حياة مبى بس موقف نية تبان هوريكم دليل كلامي خصوص حادثة اغتصاب طفل يس عجوز مسيحي ٨٠ سن اتسترت على مديىة مدرسة الابلة مسيحي هوريكم تعليق ينك البوست كومنت وحد شوفوا خوات هو فكر هو ازاي أو مش هو دولة بيفر طفل صغير ازاي حاول تتخيلوا أن حادثة دي مدرسة أزهري غير أن المساوحة مطلع هو سبب اغتصاب تحرش كلام ده,neutral,500
328,عايز قال كتير بجد حب الديسكورد,neutral,30
329,حب رجالة عند أسأل كتير عشان شأك أن حد معجب بيا بس معنديش دليل كافي حاجة مسك هو دليل بحس أن حاول بقي نايس خلاص اتوقع اني كلشوية هاجي أسألك الذي حصل نابع عجب عادي رجل تاخد غاية أحب بدأ تبين هو مدة إتنان راجل عجب وحدة عمل ازاي تجنب هو عكس طبيعي شكر,neutral,245
330,كال هو حزن الصب عبارة مقلب أل يوم الفاتت صب ضرب إعصار عرى هواية عدنا وستات بس طلعت فد تناقض مو بس بشعة مخيف تناقض تخلك فكر شنو حجم ضغط قرف الي دناش إلى تخلى نصير شخصية متناقض حدة عرض لخ غرض صراحة البوست مال بارحة جان جد صادم ماكو أي مبرر واحد نشر جات خاص بس صادم أكثر تشوف شنو مكتوب الجات شلون شخص إلى مبدأ معين دافع قوة تخلى مبدأ أول فرصة ممكن استفاد هو البارحة شفت اقسى حقيقة طبيعة بشري كدام عيوني الي صار مو معناه أي طرف صح ١٠٠٪ غلط ١٠٠٪؜ احنا عايشين عالم نسبي مليان وجهة نظر الشي مؤسف شخص تحول إلى نسخة ثاني نفس نفس عارف هو استبعد نهائي كان قصة موعد الطلعة صديقة هو صاحب هو مجرد تأليف خيال شخص ضايج شي سوى جتي حظة لحظة تخيلت أن الي ديتعاركون همة نفس شخص بس بعدين حسيت موضوع مستبعد الشي الي حسي أصل حضيض فشار الغلط تعليق اعرف احنا بشر مو ملأك بس لمن شي طبيعي غلط تسب شخص الي معاجبك رأي طرح هنا زم نوكف شوية مقلب معظم إنسان الي موجود هنا ديحاولون تحرر بس باقين محتفظ قاضي صغيروني أطلع جيب هو حكم حسب مزاج هو دون معيار واضح خلي نصارح نفس هو شلون نكدر نخلص قاضي صغيروني إلى ديحكم حسب قياسة هو الي ممكن متناسب آخر لو واحد عدنا عاجب عاش دور ال,sadness,1041
331,حزن ليه بس التكنو الي إل هو صب حزن ذيق غير وحسد,sadness,47
332,حقيقي بجد لسة مخلص مانجا أعات أرسى حابب قال كلمة واحد جريفيث أنا عايش حالة حزن فشخاني,sadness,85
333,تم حزن ماذا هو حزين,sadness,19
334,حسيت قبل هو بضيق صدرك دوخة ضعف ضربة قلب سبب حزن أو حاج زي هو,sadness,60
335,عايز اغاني سعيد الذي عند حزن فشخ نفسيتي,sadness,39
336,ناقص حزن قبل أبدأ كلامي هو ضد متابعة فيلم مسلسلة جملة تفصيل محتوى تفيى احتوى محرمات مفسدات ضرورية خمسة هو مستغرب فعل إنسان الي تابع فلم أو مسلسل أو انمي اعتبر حزين طابع الانمي كامل كئيب أنكد شخص لي مو أصل هدف متابعة هٰذا شيء ترويح نفس استمتاع سمى مجال ترفيه سبب عنى فليش تابع الشي طبع انا اتكلم مثل عمل شيء حزن أو لحظة ضعف بطل أو شخصية ككل عكس خلق أقعية نقدر انتسب هو التمس هو انا تكلم عمل أصل سووه عشان كآبة حزن سوداوي المحض زعل نقي شائبة سعادة ناقص حزن عمرك بغغ هو فوق هو عنى,sadness,477
337,تم حزن على حسابي قديم عشان التوب ميمبرز,sadness,39
338,كيف تجاوز حزن فقد احد حال صداق انتهى أو وفاه شخص عزيز أو فقدان حبيب كيف تجاوز هو,sadness,80
339,هخخ حزن نت فاصل اشتغل فرح بعدين افتكر اني محدش بيكلمني,sadness,54
340,حزن حزين اوي مش عارف أعمل أي,sadness,28
341,حزن شديد فقد سبوسي مبارح حاسة جزء روحي مات لو محت ازا حد مر موضوع قبل احكولي كيف اتعام لأن اللٰه مو مستحملة فراق سنة عندي عاش أغلب حية معي اللٰه اني مو قادر احس غير وجع صدمة سبوسي حبيبي روحي مات فجأة عرف هو مرحومين اللٰه بس يا رب اكون انا قصر يا رب كان رحم عيشة حياة حل اقدر,sadness,274
342,تم حزن شعور أن بيت قي فاضي شاف حياة معنتش أضل غيرك شعور بضين,sadness,60
343,تم حزن علشان انا مش مود,sadness,23
345,هواجيس شوي حزن اكتئاب يوم يوم حسي انكمتغ خلص حياة سرعة كذا اللٰه تعب حياة بس أبغى أمى عندي أحس اني أبغى أشوف أو أعرف أو عاش حية هو ثاني دقيقة يوم واحد خلاص أرح هو دائم إحساس الذي مافى شي قاعد ظبط شي قاعد اتصل هو باق وقت طويل لين أوصل لجيز ممتع حياة بس بعد أرجع أفكأ أمكن مافي جزء ممتع حياة كذا بس هو تطلع أنزل مرة طال نازلة بس ليش طال فوق مدري لو فهم إيش قصدي فوق تحت بس تحت يوم حزين أو عادي أفضل تقدير بينما فوق يوم لي هو هدف شغف رغبة حياة مشكلة أكبر كان هو مشكلة عرف حل هو بس قدر تحله حل معروف الذي نفع أغلب إنسان مو قاعد ظبط معاك هنا إيش حل طيب اعتقد أحد قدر ساعدن غير رب عالم أن دواء معالج جرب هو فائدة الذي توقع هو مشكلة ثاني أشوف اني هو سبب مو قاعد فيد أدعولي لوسمحتوا,sadness,674
346,حيرة حزن شتات تكاثر ظباء خراش درى خراش أصاد,sadness,43
347,أين أخذ بي حزن فقد مالكم طويل أبوي عساه جنات نعيم توفى سبعة سنة فترة طويل قرر أكمل حية لأن ضعى بعد متاكد زعل توقف بكاء أن تعب زعل ككن حزن جو ياكلني أكل على جرح وفاة عجز برى يوم رايح أسال أي أحد توفى فرد عائلة درجة أول فترة طويل هل رح استمر جرح فقد استنزف,sadness,254
348,حزن محزن بكيت يوم أنا راجع اوبر معلوم آخر مر بكى قدام احد وانا عمري سنة شايب سوول سكت وقلت ممكن سكت وقق نزلني أرسل لي اللٰه طمن هو يابنة هو سامح بس ندم التسكيت,sadness,159
349,هواجيس شوي حزن اكتئاب,sadness,21
350,كفى حزن يا لدى افترض أن چيسي مسح أكان أن دي حاجة مستحيل وقت بس افترض عنى اعتقد لو رجع تاني لقي صب تحسن هيبقى مبسوط عكس لو رجع لقي صب قا وحش هيزعل جد انا فكرت شويتين كده قرر هو هنرجع ننزل زي أول أحسن أول كمان كله لاجل چيسي إنسان محترم اللي هنا الذي استاهل محتوى حلو وصب جميل هنرجع الفعاليات تاني هو احتفل ألف ميمبر نفس وقت هنح نجيب أي سوشيال چيسي عشان أفرح معنى عشان معنى أول صب تحياتي تود,sadness,388
351,حزن اهلي انفصل عمري أو مش متذكر ضليت عايش امي لحد صار عمري ١٤ بعرف شو خطرلي هو قرر اعيش ابوي هسا عمري ١٨ تغلل ابوي سوبر ماركت هو قبل شوي يبهدلني مشان شغل سوى متذكر قلي أصل هدل صار قلى عنى بدك اشتغل قلتل عفوي بلش تندم رباني وصار حكى ترباية النسوان ربى زلم الخخ الحكي هاذ بس بده أشغل علم اني بعطيني راتب حج هاي رزقتي ممنوع اشتغل حد هسا خطط ارجع امي انا زمان مخطط بس اباشي اللي منعني عندي مصدر دخل ثابت بداش اخرب علاقة أب قلي إذا رجع امك رح تبرئ محتار قرفات هو مش مبلش دراس لأن بدي اعيد عالتكميلي مشان افوت جامع أشي قرف مفكر الاب مثالي عرف كيف كذب على بس بفر اني عرف مككني مفكر صادق أمين حك وحد غريب مفكر هو عرف نداري بدي اعرف شو اسوي بدي مواسى أو أي اشي حفز هو أكمل شكر عوقتكم,sadness,674
352,حزن عارفين حظة سعيد حياة هو شخص معين زم أعكن هو عليكم,sadness,53
353,تم حزن على مضي مشعر سلبي,sadness,24
354,حصل موقف كام ساعة اتعاركت اهلي قولت اني ماشي سابب هو مهم جو قلب حزن وانا نازل ستس موجود عندنا مسكتني فضل تعيط هو صراح اتأثر عيط بس امي فضل اشتمن لعن قولى أن خلفة زبالة مش جاحدة حاجه غلط مش هينفع قال سبب موقف صدامي دا بس سبب حد تاني قرايبنا,sadness,239
355,حزن أعلم ماذا حزين انا حزين حق شد هل متاعب حيهة أم شخص حية أعد كما كان انا هتز قلب شعور آن أصبح حزين شد أعهد قبل شخص قدر عاي مساعدة هو كلي أذن صاغيه,sadness,148
356,وش بيت شعر الذي إذا مر على حس إحساس قائل حزنفرحإلخ,sadness,50
357,فيني حزن فظيع ماعرف إيش اسوي أمانة اتمن اني أنام اقوم ادعو ليا,sadness,62
358,حزن توفى وحد ماقلة هو أمكن أكثر ١٥ سنة كبير سن هو اللٰه حزن حزن عميق سمع هو توفى أول يوم رمضان الله رحم هو جعل هو جنات نعيم قطع قلبي على هو وضع هو حزن ياناس ماتسمع اتتكلم بسن خمسينات أمكن فقد بصر هو تزوج سنة توفى زوج هو أنجب ماكان هو بيت ياوجدي هو تنقل بيت خون هو تلقى مضايقة حريم سالف هو لين أخة هو أخذ هو هو اللي قطع قلبي أن حضر دفن هو عزا هو احد كثير ماعن هو ابن اقراب ادعى هو ترحم على هو أرجوكم أذكر هو دعوة كل ميت ماعند احد دعى ترحم علي,sadness,441
359,حزن مش عارف لي رغم أن زمان مشكلة هو بابا مدة هو ييجي سن اختي إلى هو بقي كلي نحاول نخل هو تعامل إنسان فا عاوزين شافل هو شغل تعامل ناس كتير كمان عشان كان تحت رعاية كلم هو امبارح مش عارف هو أي بس قال هو كلم مش كويس مهم زعل هو اوي مش أهم هو عنى عيال احتاج أقل حاجه عمل هو عنى هو أصل متخلي هو زمان متجوز واحد تاني قال سن ممكن كلامي مش مفو هو أو متلغب أو معلومة ناقص بس مش مشكلة تكلم وخلاص,sadness,383
360,شب الذي رشحل مرة الذي فات جي قال هو إنهارد جزء نظري مادة أسوأ حية برد اقترح حاجة هو نجاح تحقيق هدف بعد فشل هو كفاية حزن واقع مش هتب موقع كمان,sadness,141
361,حزن غير مبرر حد قبل كده جه على وقت انو حاسس انو حزين غير سبب عنى انا حاسس اني مخنوق فشخ اني صلي قر ورد قران تاعى نزل جيم مش عارف حاسس اني حزين مخنوق اوي لو حد مر موضوع أفاد,sadness,172
362,واحد نصح ناس عرف هو ردا حزن كيف حزن الانبياء دعا أهل هو ابن هو أب هو يا بني أركب هو كان الكافرين إل سآوي إلى جبل عصم ماء عاصم يوم أمر الله إلا رحم يا أبت اني جاءني علم مالم أتاك أهدك صراط سوي يا أبات عبد شيطان أن الشيطان الرحمن عصي يا أبى هو اخاف أمسك عذاب الرحمن كان الشيطان ليا سلام على هو استغفر هو ربي بي حفي قال أدخل جنة يا ليت قومي علم غفر لي ربي جعلني مكرم يا حسرة العباد,sadness,378
363,حزن بيجلكو فتر كدا بعد تسيبو حد مرحلة الموف أونى مش عاوزين حتي ماست علشان غالب فعل دا قا مرتبط بي شكل عنى انا حتي مكنتش كلم هو عمل كدا أي حاجه بس ساعة كان فكر عنى دلوقتي موضوع كأبن طريق مش طبيعي مر عيط,sadness,201
364,حاسس فراغ مبقتش احس مشعر حزن زعل فرحة ملحوظ أنا عندي صدمة نفسي مريت موقف صعب قبل هو مسببلي صدمة نفسي ساعة هو مش عارف افرح أعزل عارف أحب حاسس فراغ مفيش حاجة معنديش هدف عايش لو حد طلع حياتي مش بزعل,sadness,195
365,حزن وقلق مهتم معرفة تجربة هو انا بنت عندي أربعة خوت قبلي عندي أخ تربية هو بيت مسؤولية تامه امي رغم جود ابوي الله حفظ بس ابوي مو متحمل مسؤولية مر زمن أخلى مسؤولية اكثر ابوي إنسان جد عصبي رمى كلام وسب وبس نحتاج أوقف معانا أغلب وقت أنا أكر هو هو ابد رغم كرهي إفعال بس مو حاس نعمة الذي هو أن بنات وزوج جد طيب أخاف الله أحب أن ابوي جاف قاسي أمي دايما حاول لبى احتياج اخواتي شتى طريقة سواء مادي أو عاطفي إلى اعرف خواتي وش عاش لاني أصغر وحد بس كان دايما قال أن قاسوا حياة سبب طبايع ابوي وانا وعيت دني دايما مشكلة صراخ شتيم قلق بيت هو متعلق جد أمى هنا بدد قصة شدة تعلقي أمي وانا ابتدائي عمري ممكن سبعة سنة كان إذا ابوي هاوش امي انا اقوم افزع أعصب اتصل خالي تلفى بيت قال تعالى ابوي مزعل امي كان دايم أحال اصلح وضع هو اتحم مسؤولية شيء اكبر عمري عشان امي تضايق رغم أن امي طلب هو كبر هو فيني وصر أسوى إنسان خاص خواتي خواتي زاج عمر جد صغير اعرف هل هرب حياة بيت بس أسف وحد توفق زواج هو حياة هو هو مشكلة هو هو أعاد سناري امي وابوي عنى وضع بيت جد تعيس نكد لأن جمعة كل بس حلط حياة انا هالفت صار مشكلة جد كبير وحد خاتي زوج هو نت هو مشكلة جد جد كبير صدم على هو بديت أفقد سيطرة نفسي وصرت اسمع مشكلة احد أغرق هو أدخل نوبة هلع تفكير شكل مخيف درجة أقدر اكل هو عرف أن انا انهر سبب هو دايا أغرق نفسي مشكلة غيري بس مو عارف كيف أربط حية سعادة اهلي حاول احل مشكلة هو انحل حاول أحقر هو طنش رضو مخي ظل عالق معاهم واحس إذا هو مو سعيد كيف انا اصير سعيد لو أن فرصة مفتوح قدامي ظل شعور ذنب عندي تحسر على هو حاول اهرب وضع بيت شتى طريقة بس خلاص هذي حية مكتوب على هو استلسم قلت قبل وضع الذي انا كان ماخد دور محامي ألام ألبى<SOS> صديق فرد عيله لين خلص طاقتي جلس نفسي قعد احاول اتخيل اسوأ سناريوه لو صار اكتشف أن انا مو خايف سناريوه نفس هو صار كثر إني خايف تأثير سناريوه هذي لو صار امي عنى انا كان اتحمل واحل مشكلة حق خاتي بين هو بس عشان توصل هو تضايق كان قال هو قال لامي مشكلة هو قال هو انا شاعات احس تأنيب ضمير لأن هو مال هو غير أم هو فزع هو سمع هو بس انا مقابل أحال أحم هو عنى مهما حاول اقوي نفسي قال مالي دخل مشكلة خواتي هو أحل هو لأنى أحب هو أرجع نفس نقطة أن أوكي هذي حياة خواتي مالي دخل هو بس لو صار كذا وش صار أمي خلاص تفكير فارط عندي قلق مو طبيعي عنى أي خطوه أخطى هو أو أي شي أسوي لاحق هذي فكر مشكلة انا إحاتي هو مشكلتي أو خصن بس انا غرق نفسي نفسي مو عارف أطلع مو عارف كيف اقتنع بدون إحساس ذنب أن اعيش حية طبيعي لأن حية اعتفس ناهيك أن انا أساس عندي اكتئاب قلق نوبة هلع عنى طاقتي احتاج هو لو حد أدنى خوفي امي حدث دني مو طبيعي أقعد افسر نفس هو تنهيد هو انهيار أساس انا منهار شاف هو كذا شاف إنسان حسب إحساسي انا شوي أسال هو ماما أنتى متضايق هو شي خلاص تعب بدى أكر بيت أكر قعدة خواتي لأن بس مشكلة ابتلاء نحل هو تضايق وبش تحاتى أدرى أقدر احمي هو شي بش تعبى هو اسوي شي غصب عنى ارتاح بس شي الذي اعرف اسويه,sadness,2567
366,حزن بجد لو حد حابب تكلم عشان واحد عايز تكلم حد بجد متعكنن,sadness,57
367,حزن يا اخي حلو لو حد شاف خطأ إملائي أو طريق أحسن بي هو يقولي,sadness,60
368,اعتذر أخواتي الكوينز حظة غضب حزن فرحة زعل,anger,41
369,حاجة جواك مش عارف توصف هو مش عارف حزن ندم ملل توتر حاجة جواك مش عارف توصف هو مش عارف حزن ندم ملل توتر جرب حط هو كلام لو مش مترتب لو مفكك لو حس هو بس اكتب هنا مفيش حد هيقول مالك يعدي,sadness,181
370,قصة قصير حزين آخر حزن مش هطول على بس انا خدم وكنت شغال عادي كدا اعتين كهرباء قطع جهاز شغال مهم جاي افتح جهاز اختار كيرنال مش راضي قلع نهائي قالي اعتين حاول اصلح موضوع دا مفيش فايد انا زعلان أن كهرباء قطع شكل مفاجئ وفوق دا قالي أسبوع عمل دا راح ثأني بجد انا حزين جد,sadness,264
371,حزن عاوز تعرف إنسان جديد عندى صحاب أي حاجة ساعة بحس هو حدى اتبض حرفي,sadness,68
372,خش قال هو شايف عنيكي حزن,sadness,24
373,شيرين حزن شيرين تقلب على هو موجع,sadness,32
374,تحميل رواية حزن الملائكة,sadness,24
375,حزن صاحب شغل الي صاحب شغل ماضي الي بروح معي يوم إلى معي التيم إلى طلع هو أسبوع شب الي انا مسجلين جيم سوا رح استقال شركة شهر ورح صار دوام عكس دامي دوام حيصير مملي,sadness,161
376,اكتشف متأخر مساعدة هو أبويكانت تجرح فرح احنا خوات موظفة أمي تجي قال هو اتشترو غرض بيت رأى ابوكم زعل قال خبو كيس أقل هو تخلوه شاف داخلي كان أحس هو بالغ عنى مفروض عكس أفرح أن هو خلاص صار نساعد الذي أجاب إثاث الذي تعبي أنزين سيارة الذي أجاب اغراض سوبر ماركت اعتبر شيء سيطة إلى أن مرض ابوي الله شفى طول عمر أعطى امي بطاقة صراف حقة طبع حدة هو راتب امي معلمة متقاعدة استخدم هو أبد مهم طلع بعد شهر بعد جلسة كيماوي مرهقة أول شي هو ليش استخدمتو طاقة نبرة هو حزن طلب اخوي أودى السوبر ماركت وجاب كممية اغراض استوعب وقت هو اللي احنا نحسب مساعدة تخفيف أعطى شعور احنا مو محتاجين صرت آن إذا برو اجيب شي بيت اخلي الكاشير قسم فاتورة احاسب جزء بطاقة الوالد باقي عندي عشان نوازن فكرة مساعدة نفس وقت قدام الذي جاب هو زبدة انا أمي حذر هو قال رأى هذي متعة نسبة أجاب احتاج بيت بس توقع هو شي هٰذا عمق أصل في مستشفى فكر مين أجاب هو العشا مو مساعدة اعتبر لطف حين سحب شخص شعور قيمة,sadness,854
377,هو حزن غم حيرة ضياع خائف توتر ماتدري وين راح وش سوى جفاف روحي أعال سلام على هو رحمة اللٰه بركة لن أكثر كلام انصحك هٰذا مقطعة فالية هو خير عظيم أنصح عدم تأجيل هو أيضا أنصح تطبيق مايقول دكتور قدر مستطاع علم عمل نفع مقطعة سلسلة تربويات دكتور أحمد عبد المنعم أدخل قائمة تشغيل اليوتيوب اختار حسب عنوان الي جذب هو هٰذا بعض اقتراح أجوف ترميم نفس ال قلب سليم متتالي فراغ نظر ماضي سماء ألجات ظهري إلى غير هو رابط أرك الله هو شرح هو سر أموركم,sadness,432
378,فاة فنان حسن يوسف مصطفى فهمي مصر ودع إحدى نجم هو حزن كبير,sadness,57
380,حزن بدا اني تعرض تجاهل,sadness,22
381,هو حزن غم حيرة ضياع خائف توتر ماتدري وين راح وش سوى جفاف روحي أعال سلام على هو رحمة اللٰه بركة لن أكثر كلام انصحك هٰذا مقطعة فالية هو خير عظيم أنصح عدم تأجيل هو أيضا أنصح تطبيق مايقول دكتور قدر مستطاع علم عمل نفع مقطعة سلسلة تربويات دكتور أحمد عبد المنعم أدخل قائمة تشغيل اليوتيوب اختار حسب عنوان الي جذب هو هٰذا بعض اقتراح أجوف ترميم نفس ال قلب سليم متتالي فراغ نظر ماضي سماء ألجات ظهري إلى غير هو رابط,sadness,403
382,فيني حزن احتاج إخصائي نفسي,sadness,26
383,خالص تعزية أهل هو مغرب مصري حزن عميق هو ربنا رحك مات أصبر أهب هو عجل شفاء مصاب جميع,sadness,83
384,هل عالم حفلة حزن كبير,sadness,21
385,عبد الباسط حمودة جوايا حزن,sadness,26
387,عنى جد متى هيك انا انفصم حزن نتعرف إنسان هو كون جد طيف صحبة هو حلوة كتير ديش أطول كلام بعد فترة بلاقي حساب هو انحذف طب وشش بدون سابق إنذار أنجد اللٰه تم حزن عندي كلام اكتر بس خير كلام قل ودل,sadness,190
389,اخوكم كويت كلمة استطاع أن عبر حزني حزن كوي خسارة مصر كأس افريقيا إنشاءال الله عوض هو,sadness,84
390,انا قرر معملش فرح انا قرر معملش فرحة سبب كتير مش عايز خاض هو كمان مقتنع قرر الفلوس دي نطلع شهر عسل دولة دولة شرق آسيا مشكلة اني قليقة هو عدين ندم حاج زي هو هل حد مر تجربة دي قبل هو هل ظهر لي هو تبعيات بعدين عايز اعرف هو لو حد فكر ممكن تعمل قبل سفر كبديل للفرح,anxiety,259
391,فرح صاحب امبارح بعث الوتساب قلت كلام عشان صديق سوء ممكن هو أجرج حاج زي هو أن صاحب هو بعض احترام كبير جد عمري قلت لفظ قدام عمرنا اتكلمنا حاجه يكشوال بجد قلقان قوي اللي انا كتبة عايز اعرف انا صح غلط,anxiety,196
392,وش نسخة فرحة مفضل عندك,joy,22
393,أول مرة راح فرحة ملبست بدل قبل كدا مفهم هو بس حطي حاجة دي على بعض لقية هو كويسة فيارىت صاحب خبرة لبس قال رأي هو غلطة كدا مناسب انا حرفي مكنتش محضر مكنتش جاهز أول مرة راح فرحة أصل هل استييل شعر غريب أول مرة اعمله,joy,211
394,أم ضد عمل فرحة تكلم فرح مصري شكل خاص الذي هو نحجز قاعة رقص هو زي قبيلة بدائية عبد نار أدغال أماز هل ميزة عمل فرح,joy,112
395,يا حب يا ولد كلب عندي فرحة,joy,26
396,انا لو مش عايز اعمل فرحة بديل عشان أفرح العيله صحابي هو,joy,55
397,حد هنا مش حابب عمل فرح حاسس اني ممكن اعمل حجة كتير أو ممتع اكتر كتير بدل فرحة بضان ودوش ملوش لزمه,joy,97
398,مش عايز اعمل فرحة حاجة اللي اخرتني سنة اني أخاد خطوة خطوبة جواز رغم جاهزية ناحية موضوع فرح شكل تقليدي مقرف مصر غالب ريف قاعة رقص إغاني هابطة كرة عدد كبير أقعد قدام هو عشان تم تقييمي انا مراتي وغير تكلفة كبير اللي ممكن تم استغلال هو حاجة أهم انا خاطب بنت هو قبول مبدئي هو منعملش فرح بس قولى زم عشان أهلي وافق تقدم ديل مقنع أن هو هارف كرة ميتعم فرحة نهائي الذي ممكن كان شكل بديل فرح كان مقبول مش حرام لو حد شاف تجربة مختلف,joy,420
399,جواز غير فرح نسبة لحد أكر الافراح تجمع شكل هو إنسان هل لي فرصة اتجوز غير اعمل فرح هل سهل الاقى حد نفس تفكير حد ليه تجربة أو عرف حد عمل كدا,joy,138
400,فسة فرحة ليالي احزاني,joy,21
401,شقة مليون جنية عفش الف شبكة ألف فرحة الف مصروف خطوب الف مأذون ألف حلاق,joy,70
402,رحلة حضور فرحة تحول حبس يوم بوست صياح بس وطز مصر أول نازل إجازة شهر بعد غياب سنة روح محافظة تاني احضر فرح قرايبي أبيع حتة ارض ورث جدي تاني يوم عرف حد متبرع رحلة عمرة قريب لينا عيد أعاق احتاج حد وصل عمل جواز سفر روحت وصل عربيتي دخل والدة استنيت برة اتأخر دخل أشوف سبت محفظتي عربي تسرق زحمة مجرد دخل مسكن أمين شرطة معفن رايح ين قولت حقيقة قالي طيب طاقة قول عربي طيب هات تليف هو استنى هنا دقيق قية قولى كلم ظابط شغال ين قولت خارج طيب خدت كام الذي وصل قولت مخدتش حاجة طيب ين طاقة عربية طيب روح أمين خدني جوة وانا ظني دقيقة موضوع خلص شوية خدوني قسم اعمل فيش لي مش عارف روح قسم قيت ظابط عرص عاملي محضر تسهيل بدون تصريح ودى هو التليفون معاهم مش عارف اوصل لحد دخل حجز ظابط النابطشي قالي هتطلع بكر نيابة تونى الحجز أتى يوم رجى قسم دخل الحجز تاني تكلم إنسان جوة لقي ظابط عامل نفس مستهدف محاضر عشان آخر سنة لا زم بين هو شغالين وطز إنسان ضمن محبوس أحد راحول بيت ملقيهوش خدا مرة غاية سلم نفس طيب عمل قالي قريب معمول قضية حيازة سلاح بدل قضية واحد عمل قضية أنا حمد اللٰه رجع بلد غريب النهاردة بلد هو مصر دي طز هو كدة كدة مش مليش حد هو إما دعائية للى داخلي غاية أمى فيا رب دخل جهنم أطلع هو,joy,1073
403,أوتفيت فرح واحد معرفهاش,joy,23
404,تلبسو فرح كريستيانو هو معرفش صريهة,joy,34
405,لكل مدعي التوحد وحدة عمق انا هو جاي فرح رقص اتكلمت إنسان كتير بعد حبسة الاوضة مدة سنة كان نزل كنتش شيل سماعة دني إنسان تعامل الكرينج أحسن حاجة حياة هو خلق كان اجتماعي حب إنسان حب لمة أحب أن إنسان حبن مفيش حاجة دي هتح لو فضل حكم أن إنسان شايفاني كرينج مهتم باراء حد,joy,264
407,مزنوق فرح عاوز حجج خلع شياكة عشان محضرش فرح بس كان عيدة دراسة شغل عشان هو عاطل يوم دولة,joy,87
408,هحضر بيه فرح مناسب فرح,joy,22
409,فرح الجن حلم أن واحد صحبتي قال تعالى هوديكي مكان حلو رحنا مكان فرحة إنسان سهم شكل هو خليج بس هجة هو غريبة كانو حطال اكل شكل غريب اوي رح سال واحد هو انتو منين بصت عليا سكت عدين عرف هو جن,joy,185
410,تم فرحة ناو لقي حد فاتح باع إيس كريم أحب شكر فاتح,joy,49
411,انا كان فرح كام يوم سمع واحد قل ميكب عروسة ألف تقريب انا كان هشخر انا ممكن اجيب بي هو نقاش صبي تاع دهن عمار دي الف عشان شن هو هتمسح بليل خخ,joy,139
412,أكسل شيء وحيد اللي إذا شفة قلبي طار فرح الله أضر علاقة هو احبك,joy,62
413,معنديش صحاب عايز اعمل فرحة رغم هو ممكن بدا شأ تاف كتير بس انا مرعوب هو انا فترة حية مقدرتش الذي كان صاحب سبب كتير بس حالي الي عند معرفة زميل مش صحاب فكر يوم هعم فرحة هيبقي شكل عامل ازاي هو حدى مفيش صاحب ليا بيفرحي أو رقص معاي دي رعب النسبالي انا عام مش شخص وحش بس مش عرف أثقة إنسان كان صداقات قوي لو حد مر تجرب دي ريت قولى هو,anxiety,325
414,فرح واحد صاحبنا عارف اني محتاج اخس شوي بس,joy,41
415,كان فرح مبسوط لحد كان مبسوط لحد شفى اثنان منقبة منظر هو جابلي أشميزاز كان مبسوط مبتسم لحد شغى منظر ابمقرف فرح مفهوش واحد شعر هو غير بنت صغير فرح مفيهوش هز بقى رقص كلام ودى هو رح محترم عشان الي هيقول مش عارف فرح رفك هز جميل إمان لحد شفى اثنان منقب دولة إلى لابس بتاع راحو تصور جمب عرس لا بس فسة شكل هو حلو هو أبسى البتاع نتن الي شكل شبه كيس الزبال منظر مؤذي عين كان مبتسم لحد شوفة هو انا صغير امي تخلي خالت أجاب عباي سود طرح سود عمل نفس نقاب ظبط انا كان رعب هف تقريب شعور أشمئزاز سبب أن عقلي افتكر نقاب انا صغيو شكل قرف أصل,anxiety,522
416,عنى مفروض انا هكون قبض في حد ١٠ ألف محتاج أجاب شقه عفش أجاب هو مهر هو فرحة في مكان مزجكة هو كمان أجابل ديك رومي في البوفي دا وانا قبض ١٠ ألف أح مش هينفع كدا اللٰه احنا انتجو ازاى عنى انا مش حقى اتجوز في مستقبل إيه,joy,213
417,البس حضور فرح فرح اخت اعز اصدقائي جاي أنا مش حضر مناسبة أبد خرج عندي دلة واحد بقت صغير واحد محافظ عيد انا معزوم مش عارف أصل ألبس بدل حاج عادي لو أشتر بدل مخصوص مش هستم هو تاني اقتراح هو فرحة هو الكام حد معزوم متشاف مش اختفى وسط حضور هو أي حاجة مشى حال شكر,joy,255
418,موضوع محرج فشخ حصلي فرح امبارح كنت رايح فرحة ابن عمي شوفت اخوه الي كان مصاحب أنا صعير مفتوش زمان عامل رقص هو عمري رقص فحية اعرف ازاي كسف هو مهم قول أجرب رح عمل حركة أعات هز جاكت قية مد أيد سلم عليا ساعة هو انا مكسوف فشخ,joy,219
419,معنديش صحاب عايز اعمل فرحة رغم هو ممكن بدا شأ تاف كتير بس انا مرعوب هو انا فترة حية مقدرتش الذي كان صاحب سبب كتير بس حالي الي عند معرفة زمايل مش صحاب فكر يوم هعم فرحة هيبقي شكل عامل ازاي هو حدى مفيش صاحب ليا بيفرحي أو رقص معاي دي رعب النسبالي انا عام مش شخص وحش بس مش عرف أثقة إنسان كان صداقات قوي لو حد مر تجرب دي ريت قولى هو,anxiety,326
420,مفيش فرحة قريب هو مشغل اغاني بصوت عالي,joy,38
421,هو عمل فرح لأ لي,joy,16
423,حظك يوم جمعة أكتوبر ماغي فرح,joy,28
424,عندي فرحة شهر واحد عاوز أجاب طو أجاب منين الطو أحضر بي فرحة أو هل أجبب جاهز أفصل اعمل عاوز أبقى شكل رايق كده على نطلون أسود قميص أبيض وتحتا بوت,joy,143
425,حظك يوم خميس أكتوبر ماغي فرح,joy,28
426,حظك يوم أربعاء أكتوبر ماغي فرح,joy,30
427,حظك يوم ثلاثاء أكتوبر ماغي فرح,joy,30
428,فسة فرحة ليالي أحزاني على الدوغري صورة مش سيباني هو دموعي قلب ياباني,joy,68
429,توقع برج ماغي فرح,joy,17
430,لي إنسان واخدة زواج حاجة حتمي حدوث كان فرحة رأى عافية مش طايق نفسي ألقى إنسان قلى عقبال انا فعلي مكنتش رد على هو أو قال هو مش هيص ضحك كدة عشان تبانش أوي حاجة قرف أز اتهر فرح صديق أو قريبة هو,joy,190
431,حظك يوم أحد أكتوبر ماغي فرح,joy,27
432,طب الاخ لام لي ممكن عمل فرحة انا دائم شايف حاج فاضي مش مفيد,joy,59
433,حظك يوم سبت أكتوبر ماغي فرح,joy,27
434,فرح صاحب عمري فرحة صاحب مقرب ليا لازم كان جامد ألبس بدلة ون هو عشان محتار لو صورة ياريت,joy,87
435,لي إنسان عمل فرحة هو تجوزز سكات لي هو عريس كلف عمل فرحة ألف كان مديون طوب أرض عزم إنسان ماتشو غير مر سنة عشان آخر تفرج على هو رقص عروسة زي قرود جبيل أكل عزوم هو ملا طون هو خلاص هو تكليف فرح دي قدر سافر عروسة بره أجاز تفسح مثل,joy,225
436,فرح سعاد منفرحش بي إيه,joy,22
438,رحلة حضور فرحة تحول حبس يوم,joy,27
439,انا لي حاسس أن مصالحة دي مش حتدوم معازي هو جاي فرحة ستة اللى مش حبا هو في عالة ابو حنان عامل نقط عشان قال انا معايا فلوس مصر تاخد كل هو عقل هو انا نيازى أم نيازى عارفين الذي هو هو إسرائيل كيان توسع مش حاقب سلام أبقى لي أزمة فرح تورتة نفس كلام,joy,242
440,كان رايح فرح تبع حد صاحب بس اتلغ فرحة شغال لناس غريب أي رأي أعمل نفسي تبع هو أرقص معاهم اصلي انا صراحة مبضون مصدقت كان فرح,joy,122
441,بدلة فرحة حد اقترح عليا مكان هو بدل كويس أو تايل حلو عرف هو اكون شاكر,joy,69
442,هو فرحة حشاني نفسي فرحة رجع هو ضعيف حالي,joy,40
443,انا سيبت خطيبتي علشان فرح أول خط البنت قولى انا مبحبش دوشه ممكن عمل حاجة تانيه فلوس فرح زي عمر مثل أن هو عارف اني رعب ذنوب جاري هو مش هتحل اعمل فرحة اشيل ذنب الذي جو قول هو هجبلك فسة ميكب ارتسى وزف حاج قاع بس انا مش عاوز أغن عنى نكتب كتاب ألقاع أكل نزل مشروب خلاص اعتى نروح مهم جيت اكلم أب هو لا زم أغن طلعوني متشدد غير هو عنى صلنا خلاف لقي البنت صف أهل هو عاوز أغن بعد موفق عاللي قول حد قول مش عاوز أغن تصدم انا اه ممكن اسمع اغنيه حالي مش متشدد وس فمر أن هاخد ذنب ٥٠٠ شخص مثل موضوع هيست طول حياة هو واحد سمع اغنيه اللي اشتغل فرح قد أمل الاقي إنسان مش عاوز اغاني خايف اضعف استسلم رغبة مجتمع,anxiety,590
444,لو مش هتعل فرحة هتح فل افتراض هو اتفق على هو هتمل الفلوس انا نفسي لو بيت مش متشطب أحسن حاجة هظب لو تمام أبقى هو,joy,111
445,جيل تسعينات هو عايزين نعمل فرحة غير مهرجان عايزين نعمل فرح شغل أغن قديم ٢٠١٠ قبل أغن الذي اشتغل فرح احنا صغيرين دي قبل قرف مهرجان شارك الذي هو,joy,142
446,حظك يوم ثلاثاء تمبر ماغي فرح,joy,28
447,فرح اخت الاكس قرب أبعت هو,joy,25
448,جدعان واحد هنا فرحة بنت عمة النهارد مش عايز راح ممكن تهدد هو هتال عمة عشان راح,joy,78
450,روابي فرح يوم رح روابي فرحة مشروع طيف ممكن كبر اكتر أكتر هو قضى وقت طيف الحمدلل جبت خبز الي هو راائع اكلنا منقوشة بيض جبن هو تحت جاجة .و مالك ليث دويكات بني آدم عندو فكر هدف خطط ممكن تحرر هو مدى بعيد أعرف اكتر عنو نصيحة أخير دابوق طلع,joy,234
451,عام أنتى ألف خير عيد فطر مبارك على هو انعاد على هو صحة سعادة يا رب جعل يوم هو هو فرح هناء أدام على هو نعمة صحة طمأنينة شاء الله كان عايد فايز أما بعد عمي شوڪت عيد وقف سني شيعي أنطى هو اثنان,joy,189
452,مش متخيل ازاي إنسان قبل هو أبقى عريس عروسة فرحة الف عين تفرج على هو رقص هو مفيش خجل خالص فكرة فضيح دي هو أصل,joy,108
453,فرح الاكس انا الاكس ارتبطنا سنة بعد هو شكل هو ارتباط قي هو صحاب ضلنا كدا سنة بعد هو دلوقتي ارتبط عازماني على خطوبة هو عايزاني اروح مش قايلة خطيب هو هو كنا مرتبط زمان انا بحب هو صديقة عادي بس حاسس أن مرواح خطوبة هو رد فشخ مش حبق مرتاح موقف عموم اروح لأ,joy,251
454,فكر فرح إسلامي هادي مبدئي موضوع مفيهوش مزايدة تعلية أي حاجة ربنا يهدينا جميع انا حاول بس ابقى إنسان احسن أبد خطوة زي دي رضا ربنا ناس افاضل كتير عملو فرحة مختلط هو أحسن مني ألف مرة بلاش مزايدة الكومنتات بس هتج كتاب كتاب إشهار هعم إنسان حاجة أن شاءل الشتا آخر شهر ١٢ الذي جاي قاهرة ناوي أعمل فرح شكل إسلامي محتاج مساعدة استشارة كام نقطة طبع كلمة إسلامي أقصد بي هو شكل أساسي انفصال رجالة الستات أول عاوز اقتراح فكر نظام فرح شكل فقرة اللي عشان إنسان متزهقش ثاني عاوز رقم إنسان أو بيدج أو اقتراح آتي مكان فضل كان قاعة الستات برة اوبن إير أو جنينة رجالة كان قاهرة حبذ لو حد فكرة متوسط سعر ميكاب ارتيستس عروسة شكر كم دعوة هو يا رب فرحة دخل يوتكم جميع قريب,joy,648
456,فرح اختي قبل أول امتحان ثانوي عام بيم ظرف اختي وجوز هو خلة هو عمل فرح قبل امتحان عربي يوم وانا سا مخلصتش جزء معين عربي منى دعال هو أن ربنا أعدى امتحان خير لأن بجد قلقانة حزين جد مش عارف أفرح أخة غير أحس ذنب,anxiety,206
457,كلمة غنية ليل سارة فرحة كلمة غنية ليل سارة فرح يا طول على بعاد هو أصعب سوادك هو حس قلبي حس هو هو هو بس حبك هو أخص ماعاد بده ياني دق بابي دق حبك مصدر كلمة غنية ليل سارة فرح,joy,171
458,أوتفيت فرح هل لاق على جرافة أحسن شكل كدا كويس,joy,45
459,فشتان فرح ليالي احزاني عدغري صورة مش سيباني ،انا دموعي قلب ياباني اؤمر الاردر مفتوح,joy,83
460,أي فايدة حياة دي بجد ملهاش أي هدف غير قضى وقت لو حظك حلو وكنت مقبول محبوب هتعيش مبسوط مش هتح وقت بايي معاناة لكى لو شكك وحش أو مشوه أو معوق أو مش مقبول بايي سبب هتكون وحيد حزين هو صعب مش أعدى منتظر دون فايدة هيبق خائف إنسان حزن هو ليك فرح,sadness,238
461,شهبانو فرح پهلوی ألا در نوجوانی بار هو با غضة در گلو اشک میگفت بابا نباید میمرد هنوز خیلی چیز هو بود أو باید یاد میداد,joy,118
462,البس أي فرحة أخويا مش عارف مش لاقي بدل عجب مضيق جد أن نوع الي متردد جد,joy,70
463,فرح مصري قدر تشوف تفرقة طبقي الستات الرجالة لول بس غير كدة حلو,joy,62
464,حفلة فرحة مكان مفتوح مش حابب هو بدل حد اقتراح تنسيق كلاسيك هنزل اشترى بس مش عارف هو اجيب إيه,joy,92
465,امي غضبان على غضب شديد مو راضي تسامحني أدرى شقل يا ناس اللٰه تعب بنت عمري ١٧ سنة قبل بلش قصة هو عندي مشكلة نفسي اكتشف هو أمس انا انسانة فيني غضب غضب غضب مو طبيعي مكتووم وجي يوم انفجر بس أمس مرة اوفر موضوع انا امي أحس هو أحب اخوي أكثر مني هو دايما أحال رضي هو أصبر على هو مدري إيش آخر ألاق هو فضل أخوى هو دايم قال هو بينا بينا عاد ربي أعلم هو مشكل هو انا شي مرة تاف موضوع كبير لين تدخل قالتي اللٰه أكر هو قلبي انا سمع كلمة انهر لأن هو صاير تردد هو مرة كثير انا أحسب نفسي كويس حاول رضي هو مدري أيش عد أصغر غلط قلى هومة مرة قبل جرح هو بس كنت قال خلاص شكوى اللٰه بس انا أمس كنت فعل مضغوط جت هومة كان هو كف صقعني فوجهى تحمل صراخ صراخ أدرى شصار لي طبع خل دعوة ضربة اللٰه كدماات جسمي مهم انا معترف اني كان غلطانة يوم جي كلم هو اعتذر هو الوالدة ربي سامح هو ابدأ مو قابل ادعى على طيب انا عارفة اني غلطانة اعترف غلطب هو اللٰه أول مرة أسوى هو وعد هو شوف موضوع نفسي كرر هو هو جالسة ادعى هو اللٰه ثم اللٰه كان قاصدة صدق صدق مدري شصر فيني ذٰيك لحظة مو كني نفسي اللٰه مدري ليش انفجر طريقة بس صار اللٰه دي غير تسامحني كفى شسوي انا أمانة دعال انصحى إيس تصرف صحيح هٰذا حالة,anger,1055
466,غضب رب عباد أتقي,anger,16
467,لي إنسان ماسك رقاب بعض قي غضب غير مبرر,anger,38
468,غضب عارم هو كرجل قعد هو خويك طاولة ارتشن طاولة ثاني ضية لي,anger,58
469,وش سبب تراجع وراء هل امتصاص غضب إرهابي إلى عايش بلد مو منطقي اطلع كلام هو أعطى تصريح بيع خمر ل٠٠ة محل نفس وقت أنزل قرار إلا عشان امتصى غضب شعب تقرب شعب طريق دين حصل كافة حكومة الي واجه غضب شعبي مثل مصر حالي دولة كثير تاريخي كيف استضاف اكسبو كاس عالم بعد هو سن قانون متشدد كذا شخصي اشوف قانون الي طلع هو سامج عدى تصوير عامل منزلي طفل أن إذا باكى مرتاح بيت وين ارتاح باق هو قانون هبل,anger,381
470,انا دكتور مسح الاكونت اغبي قرار أخد أخدت حظ غضب علشان مضيق اني مش عارف اذاكر قعد ساعة خلص إلى ورايا هو,anger,102
471,إيش حل تعليق الريجبيت كتاب كلام تعمد أثار غضب إنسان كثير شافف هو خاص التيك تويتر كتب كلام عرف أن إنسان تهاجم عشان هاجم غالب كان كلام مسيء دولهالسعود هو أكثر شي أو طائفة انا اشوف أفضل حل عدم مناقشة هو أصل أو محاول قنع هو أن نقاش عقيم شخص راح قنتع أول والا أخير انا شك أن غالب مدفوع هو إيش تسوي أغلب شعب دافع ناقش حساب مدفوع تهجم كتاب فكر غالب ماهو مقتنع هو عشان قام عيش حالي شاف هو كثر بعد حادث جبل أخضر إف هو هو اللٰه توقع سعودي دولة معصوم الأخطاء انتظر أي خطأ عشان كتب شوفو كيف سعودي خطير منطق هل توقع أي دولة معصوم خطأ إيش شاف حل معهم,anger,536
472,عوذ اللٰه غضب الله لي هو بس بنى انا اللي ضحك هو اكتر الذي حسب هو طريق انتي مش عايز تشيلي مسؤول عايز انبسط مسؤول مش مقتصر خلف تربيه ممكن كان قادر اعمل هو اشيل نوع دا مسؤولي هل انا شخص نفع كان أم أصل هل انا لازم كان مطلب مني اخلف اربي بدون رغبتي أو قدرة مسؤول مش مقتصر خلف دور أم استهان طبع بس ياريت منحسبهاش هو,anger,309
473,لي واحد شتم حصل دا مش ملاك بعدين نبرة غضب ياري نقفل موضوع,anger,57
474,غضب غير مبرر إذا احد اهلي سأل هو دراسة اصير دفاعي زيادة اتضايق رغم مرة أعطى ردة فعل قدام هو شعور خايس احس فتر قل نص ساعة,anger,120
475,خايف غضب ربي حين هو متهاوش هو أو أصح بغى تكلم اللٰه أمزح نقاش هو تحول عصبية انتهى سالف هو هو أبكى قهر أعطى وجه تمسك جولى هو تجاهل هو حاول أرض هو بس تقفل نفس هو باب هو أخاف غضب ربي هو كذا قال هو هو أبغى أحط حد معك هو أكلم رد على قال هو هو هو رد مالي دخل اللٰه عضيم احس باق بيجى هو جلط كمل قال هو مو بنتي هو حق واحد هجر الذي ضايق زعل زعلانة مني موضوع استاهل معد اعرف وش اسوي أبغا أكمل الزعل ابغا ربي أغضب مني,anger,406
476,محدش فكر مشى تاني عشان مطلعش غضب رينچر عليكاو حبم كلكوا اللٰه,anger,61
478,لحظة غضب يخوان انا سايق راجع دوام يوم سيئ مشكلة بينجو وراي بضل زمر ضوى مهم انا طلعني حياتي صار وجي قدامي دعس بريكات مهم انا وصل جنب اتطلعت علي القزاز مسكر عمل حالي هو بزق على لأن جد مستفزز قية رأي مصور نمرة هاي حالة شو قدر عمل,anger,226
479,غضب الله إذا شفا احد بيه هاي علامة عرف انو الله عاقب زم هو همه عاقب,anger,67
480,غضب إلهي صح هيك دكم نحكي ياصلاعمة,anger,33
481,قول كلام وسخ حظة غضب مكانش نفع تقال مش عارف أعمل أو إصلاح هو ازاي موضوع بدا نقاش أبويا سياسة ٩٩ مشكلة بيت سبب خناقة سياسة مهم مقتنع برأى وانا مقتنع برأي تاني واحنا اتنان هو حتة عصبية بس عصبي انا ببقا بارد مستفز جوايا غلي مهم أبويا اتعصب جامد قعد يقوللي كلام نوعية هو عيل شخة ابن وسخة مبتصليش معرفش مهم بعد مشى طلع برا أمي قال عاجبك كدا تخلي ابوك فضح هو كدا قول هو آتي انا زهق هو عايز اعيش حدى اشتغل انا هخلص سنة دي ومش هترف طريق تاني ٣ث انا خلاص مبقاش ليا نفس أعاط ازعق أثبت نفسي لحد انا اللي عايز هو اعيش مرتاح عيد هو قال عنى هو عايز كسر قلبي خلاص أمل هو ابننا ازاي قول هو انا فعل مش مهتم دي مش مشكلتي محدش ضربك أيدك قالك اعملي عملية اتعبي معرفش انا هنا رايح هو اناني عاش هو نفسي نفسي وبس قالتلي هو كدا كره هو بنى طب افرض حصل لحد هو حاجة انا ليا مين غيرك قول هو ليك اختي بعدين لو حصل حاجة تامين معاش موجود انتي لو حصل حاجة هنجيب ديلفري كلام وسخ قاسي بس كان مبضون ساعة هو اللٰه مكانش قصدي أجرح هو كدا بعدين انتي حد قالك تخلف دني سالف ودين كر عيال عمل كدا أكتر كدا كمان هو لازم كشف مينفعش أساب نفس كدا هو سنة صعب قول هو مش عايز اخلف عايز اتجوز انا عاجبني نفسي كدا لو سنة مش عايز اجيب مجموع حاجة جزء الذي جاي مش هعرف نقل تفصيل بس مختصر إني جبل هو سيرة عماتي هو كره هو مش كره هو أبويا الذي عايز هو أبعد هو ارتاح خلاص بعد هو كلمتني موضوع صلاة قدر نصيب مال بنون زينة حياة دني كدا قول هو مش عايز جنة عايز نار مش عايز حاجة دني دي غير راحة عارف هو بوظ دني خالص بس اللٰه انا عايز أصلح دني وف نفس وقت مازل عايز ارتاح عاش حد بعيد هو وف نفس وقت مش عايز ابقا عاق جاحد الدرجادي انا مسلم مش ملحد كافر غير بس هو اللي كرهوني نفسي,anger,1512
482,عنى أخال هو بعد درس جيولوجيا درس علم زلزلة أجال عيل عىىرص صب قاهرة قالك الزلازل سبب هو غضب ربنا طب ربنا بعى ريح شالت خيم توع عزة يا مدلى يولاد العىرص,anger,149
484,غضب قابس الإهالي اقتحم مجمع كيميائي بعد اختناق ابن هو فشل دولة إيجاد حلول تلوث,anger,78
485,غضب كلم أو حرك وحد قادر هو استفزن تخليني أغضب شكل غير مبرر سواء شارع بيت مكان سبب أو آخر أقدر إتمالك نفسي حظة هو حمدلي ككن احتاج طريق أقدر أطلع هو غالغض غير مبرر استثناء شتم ضرب أن هو خيار غير عمل عاقبة هو خيم واقع هو,anger,217
486,اختفاء تبرع موقع كشف منتقد كيرك أثار غضب متبرع,anger,46
487,اختفاء تبرع اكشف قتلة تشارلي كيرك غضب متبرع نصب محتمل,anger,53
488,غضب متبرع اختفاء مال قصة قاعدة بيان كشف قتلة تشارلي كيرك,anger,56
489,خميس يوم غضب قابس دعا اتحاد جهوي الشغل قابس فرع قابس رابطة تونسي حق إنسان بيان مشترك مساء يوم ثلاثاء أكتوبر قوة حي منظمة نشيط مجتمع مدني كافة أهل قابس يوم غضب جهوي يوم خميس أكتوبر جاري حسب جاء بيان تحرك أتى أمام وضع كارثي عاش متساكنو جهة خاص منطقة طوق مجمع كيميائي تونسي تكرار حالة اختناق جماعي يومي ظل وصف اتحاد جهوي الشغل فرع قابس رابطة حق إنسان عجز سلطة جهوي مركزي مواصلة هو سياسة مماطلة استهتار مطلب جهة وفق جاء بيان حسب بيان كان نقطة تجمع أمام باب رئيسي مجمع كيميائي تونسي قابس ذٰلك بداية ساعة تاسع صباح تاسع صباح طالب اتحاد جهوي الشغل قابس فرع رابطة تونسي دفاع حق إنسان إدارة مجمع كيميائي تونسي سلطة جهوي مركزي إيقاف فوري وحدة ملوث أجب على هو فعل منذ حادثة سبتمبر,anger,669
490,غضب موقع تواصل بعد حادثة صفع مسينة سويس حادثة صفع مسينة سويس أثار الفيديو ظهر أحد شخص صفع رجل مسن مرة وجه مدينة سويس موجة واسع غضب رائد موقع تواصل اجتماعي عبر عديد مستخدم استياء هو شديد طالب توقيف معتد معاقبة قانوني نظر إهانة رجل مسينة يعامل كوالد مصدر,anger,252
491,اختفاء موقع كشف منتقد كيرك بعد جمع ألف دولار أثار غضب مانح تساؤل حول مصير مال,anger,77
492,لحظة غضب مش نهاية دني ليش بعض أهل ردا دعاء بلاء بدل رحمة أحظ ظاهرة غريب استقام منطق حين علو صوت ابن أو ابنة الديهما سارع بعض أب أم رفع كرت دعاء على هو موت أو بلاء كلمة طيبة حوار الهادئ كفيلان أصل موقف دون ذٰلك دعاء قاسي أيعقل قابل غضب عابر أو تصرف حظة انفعال دعاء غضب موت بينما استطاع والد أو والدة ذات لحظة رفع يديه هداية رزق الصلاح ابنه! أليس أحق أجمل الله ملاحظة رضا والد رضا الله برهما طريق بركة دني آخر أحسن إلى هو ساند هو استطاع هدف هنا ليس إنقاص قدر والد بل نقد عادة دعاء قاسي موقف أمكن علاج هو حكمة رحمة رأي هو,anger,518
493,غضب السواقة أمس كنت جالس اسوق طبيعي طريق داخل حي شخص طريق فرعي داخل يمين سرعة بس ضغط البوري عشان أنتب ضغط بريك قوة نزل سيارة وصار أصبع لي صرخ بنص شارع امزح ضغطت بوري مرة وحدة بس واحد مضطر تغاضى حفاظ سلامة سلامة سيارة هالناس معقول ناس كذا كيف هالتفرة مقبول متى هالناس تمادى تصرف هو قبل أسبوع كان هند تحديد مومباي عرف كيف سواقة آسيا نوع صعب هو تحدي كثر صوت البواري أوقف حصل مرة شفت شخص صرخ سب احد سبب تصرف سيط مثل سواقة هو أصعب السواقين تعبى نفس هو حاول اختلق مشكلة ليش هالتمادي عندنا كيف صلنا مالمرلة داش كام صار نوع ضرورة,anger,521
495,أسطول صمود غزة هل شعل حدث غضب عالم ضد إسرائيل,anger,45
497,ترجمة تعليق أجنبي رأي عام أجنبي حول قافلة صمود موقف مصر عرف إنسان دي مفيش قلب هو حقد أو غضب أو كره إتجاه مصر ترجمة تعليق أجنبي رأي عام أجنبي حول قافلة صمود موقف مصر عرف إنسان دي مفيش قلب هو حقد أو غضب أو كره إتجاه مصر,anger,217
498,غضب أنا شاب عمري ٢٥ سنة سعودية عندي شهادة جامعة ظيفة معدلي التراكمي ٢.٣ وجب ٦٦ اختبار قدرة رح جامعة سعودي إلكتروني قال لي تسجيل أونلاين لا زم أستنى لين فتح تسجيل بس مرة حاول ألقى طلب تقديم أقدر الذي أطلع لي هو أختار تخصص الذي أب بس استمارة تقديم لي موجود بس استمارة تسجيل طلب رقم جامعي هو طبع عندي هو صرى يائس جامعة ثاني ممكن قبل تبغاني ترجم هو أن هو أكتب رسالة رسمي جامعة أو بغى هو هجة عامي عشان حكى شخص عادي آن حاول سجل جامعة عربي مفتوح تسجيل هو مفتوح بس أقرب نهاية تسجيل أعاد لي صفحة,anger,486
499,تضرب طاولة جاك نوبة غضب لعب البي سي سلام على هو لاعب خصوص إلى هو نصيحة هو هو إذا كنم عصب كثير ضرب طاولة زي صاحب هو أنكم تشيل ال طاولة أقل انا عندي هو شخص عندي مشكلة متعلق غضب وقت لعب شي صار اضرب طاولة مااوتيت قوة هٰذا شي أدا إلى أن ال بدا سوى إعادة تشغيل ماضربت طاولة لو ضربة خفيف بعض حين سوى هو لو ماضربة هو حث مشكلة طلع فعل منتشر شخص الي هو جان لعب نسبة حل مالقيت حل واضح غير هو نصح تشيل جهاز طاولة أو توقف ضرب طاولة إلى حل مشكلة يفيدنا,anger,438
500,غضب احد طريقة مثلى تعامل غضب اجترار كان تجربة مو بس كلام انا مرة غضب استهلك طاقتي قاعد دفع اني اتصر غير تفكير وب اندفاع أسف هو اقدر اتفاد الي أثار هو,anger,149
501,غضب شعبي واسع اجتاح فرنسا أربعاء تمبر قلم انطلاق حملة نغلق شيء شهد فرنسا منذ صباح يوم أربعاء احتجاج مظاهرة واسع مختلف نحو بلد ذٰذل ضمن حملة شعبي أطلق على هو اسم نغلق شيء عبر منصة تواصل اجتماعي هدف حملة تعبير رفض شارع فرنسي خطة ميزانية دولة مقترح قبل رئيس وزير سابق فرانسوا أيرو مشاركة واسع إضراب شامل توقع سلطة مشاركة قارب ألف شخص احتجاج شمل تنظيم إضراب تعطيل دراسة قطعة طريقة تنظيم مسيرة احتجاجي مظاهرة منذ صباح باكر منذ ساعة أول صباح يوم خرج متظاهر عدة مدينة فرنسي تم تعليق دراسة عديد مدرسة إضافة إغلاق بعض طريقة سريع طرف عاصمة أريس,anger,534
502,ناصر ماهر الزمالك منشور أثار غضب نادي ماذا انضباط عصر سوشيال ميديا,anger,66
504,عندي نوبة غضب عندي نوبة غضب أحال تحكم هو بس أقدر أطلع مني شيء سواء الانترنز زميل صح تحكم بس ستل احس داخلي بركان أغلى احد سوا شيء أعجبني,anger,135
505,خصوص زلزال النهارد كام يوم ريح أسكندري هل اعتبر غضب ربنا مجرد حدث طبيعي مكتوب حصل هل زلزال قوة ريختر عيد هو ٦٠٠ كيلو تصنف غضب ربنا زلزال عادي زي أي زلزال كوكب أرض هل لو غضب ربنا فهيكون صورة زلزال ريختر كام ثأني,anger,210
506,ترقب غضب اللٰه ربنا جيش مابيتحرركوش غير حاجة تافه مدينة كامل طفل نساء شيخ رجل بقي تحت قصف قال هو شهر شغل وضع إلا مبالاة,anger,119
507,أثار غضب مستخدم أوبن إي آي استجاب أعاد,anger,38
508,الذي قدر ساعد ميقصرش راج معبر دخل حاجة لأن غضب ربنا ظلم هو لي هو هيك أكبر كتير غضب كلب قزم إسرائيلي الذي حكم هو لو اصرفن,anger,120
509,غضب عارم ابي احد حكيم استشير موضوع عائلي حصل الويكند أنا فيني غضب الله اعلم,anger,75
510,حاسس بطاق غضب رهيب جوايا عند شعور غضب ناحي حاجة حواليا مش طايق حاجة حواليا عنى دا سبب تفكير حية ادعولي ربنا هان هو,anger,114
511,حرمان مشروع جهة يجر مجلس معزوز غضب فعالي جماعة إقليم مدي,anger,56
512,اجدع دلوقتي لو عند مشعر غضب ناحي شخص أخلى هو راح ازاي خصوص لو شخص دا عايش معاي نفس بيت,anger,86
513,ضيحة جروك شات بوت إيلون ماسك أثار غضب حكومة تصريح مسيء,anger,54
515,غضب كبتن فلسطين ايروندوم فناك زوجة إسرائيل بينما كبت فلسطين نيك إسرائيل ايروندوم فظح غضب كبتن فلسطين هرب صاحب عرب الصهاين حقوا بس أسف ابتن فلسطين جاب صاحب معا هو أسلح قتل صهينة أيروندوم شارك نيك إسرائيل باق هو اصحابه,anger,216
516,تنفيس غضب هٰذا سالفة انقال بس راح قال هو هنا مو مشكلة سقط أول ثمر مشكلتي أحظ قطتي عزيز غالي بدأ مهارة هو قفز أضعف أول ضحك وقلت أم شوف كان غبي ماني فاهمة بعدين استوعب قطة هو خلل مشكلة واضح بعد هو همم ذهاب إلى بيطري ورطة بدأ هنا حسبإ ورطة سيارة هو خربانة محد موجود بيت نصف فرد أسرة خارج مدينة وقف لأن قطتي قطة حر ١٠٠ا امتلك عكس أبد ذٰلك ملك صندوق أحمل هو داخل عادة أمر نسافر جلس سيارة كأي كائن حي غير مكبل مصفدة مهم مهم أخذ هو قلت خلاص نروح مشي بحط هو شنطة مناسبة مشور تجاوز ال ٤٥ دقيقة صلنا بيطري سلام بعد معاناة طبع خاف طبع نظر كاد أن توقف أن هو متمسك ذراع هو غريق تعلق قشة لأن هو حر وغير مكبلة وليست دم نبيلة شيرازية أصل ١٠٠٪؜ بل هو نعرف أب هو الاغلب شارع سارى مهم دفع هو مبلغ كشف انتظرنا بضع دقيقة شهد اللٰه هو دقيقة صعب أن هو ظللت أمسك هو شدة كي تفلى مني جاء دكتورة أخير إ! دكتورة منتظر كشف على هو قطتي أول مرة أرى هو عادى بشر ذٰلك مرة ليس قطة لطيف ككن حتم ليس تلك اللئامة لكناني إف هو هو آن نعم يا قطتي انتي حق طالما حق أخبرتني بيطري أن قطتي عزيز صحة جيد بل ممتاز حرارة هو ليس مرتفع أذن هو نظيف وصحة فم هو رائع تأكيد فضل الله ثم جهد هو لأن هو داوم طعم هو طعام صحي قلب دجاج كبدة ماهو طبيعي طبع بعد هو مؤسسة رأسمالي سمى بيطري استمرر إخبار هو هنال خطب داخل جمجمة هو ليس خارجي تسبب إحباطي قول هو وجد لدى هو أشعة رن مغناطيسي ككن استطيع إعطاء هو حقنة فيتامين جاء رجل بدا أن وظيفة امساك حيوان بدأ على أثر تردد قبيل امساك قطتي اخذ شد قفازات طويل لن حمى مخالب قطتي ليس سبب قوة هو ككن سبب قماش مصنوع عموم حقن الابرة إلا قطتي أصدر ذاك فحيح قفز مسكة هو قفز الكرسي اقسم اللٰه عظيم ثابر إمساك هو كنت وحيد أمسك هو صاحب دور ثانوي إقفان هو اصنام لو هو اصنام هممت مساعد تي فلتت قطتي يد مسرعة هاربة خائفة مشتتة نعم فلتت يد هرب خارج بيطرية اختفى ككن شيء اختفى حنقي فشل هو ذريع عدم اقفال باب حكم همشي هو لي بعد هروب قطتي بل حانقة وجود هو أصل قطتي خلف ثلاثة هرر قيت عالق طفل هو غضبي,anger,1764
517,عندى طاقة غضب بنت وسخ درجة انى شبه حاسس وجع في قلبى مش عارف تنفس خرير مش حاج ريديت دي حاجة برا في حياتى انا عشان حلىن إلى هو أجمع معلومة ميتينى كفرى دعشى سكسى,anger,158
518,اتقى شر الحليم غضب,anger,18
519,إعلامي سري قدوة كتب غضب دولي الفيتو أمريكي مجلس أمن,anger,51
527,غضب زعيم كوريا شمالي كيم جونغ أون سبب خطأ كارثي مرسم إطلاق مدمر إليكم حصل مزيد تفصيل أمكن قراءة مقال كامل متابعة مزيد موضوع حصري المقالات متنوع أمكن زيارة موقع حصول آخر الأخبار المحتوى حصري تابعنا مجموعة,anger,203
528,غضب دفين مثل هو صرى أقعد كثير نفسي حاكى هو غاص ذكريات كنت حاول تجنب هو اكتشف هو أحمل كثير امتعاض غضب مكبوت داخلي موجه غالب عائلة ممتد جد خالي عمم الخ طلع عندي كلام لو قلت هو انقطع علاقة هو تأثر علاقة أهلي حل وحيد الذي توصل عشان حمى نفسي غضب الذي تعبن نفسي جسدي ابتعاد قدر مستطاع هو لأن ابغى أخسر علاقة أهلي سبب كره أعمامي خوالي أجدادي,anger,334
529,غضب إسرائيل شأن تصريح نتنياهو هدف حرب غزة مزيد تفصيل أمكن قراءة مقال كامل متابعة مزيد موضوع حصري المقالات متنوع أمكن زيارة موقع حصول آخر الأخبار المحتوى حصري تابعنا مجموعة,anger,171
530,عراق أداو غضب مقتدى الصدر فعل منصة خلال كلمة مباشر شعل تفاعل مزيد تفصيل أمكن قراءة مقال كامل متابعة مزيد موضوع حصري المقالات متنوع أمكن زيارة موقع حصول آخر الأخبار المحتوى حصري تابعنا مجموعة,anger,190
531,بوست غضب حوالى أو سنة كدا شفى منظر مش قادر اتخطاه خالص شفت عربي أنوس داخل وش وش عربي مرسيدس بحر محدش ماشي عكس بحر قصة أن اللانوس نطا الجزيرة دخل المرسيدس المرسيدس سايق هو راجل شكل ٦٥ سنة ممكن راجل كبير عادي سايق عربي اللي حصل أن حزء القايم تاع عربي اتغرس فخدت عربي مليانة دم اللأنوس سايق هو شب أحد ترعش جامد شكل ودع خلاص واحد مبيتحركش معرفش مغمى على مهم انا سأل نفسي لي هو دا اللي استفاد الجري الشبحنة طريق عربي مش موقف دا بس طريق بحر كوارث سبب شب طايش جرى خلاص منغير تقدير حاجة هو حياة إنسان منظر الراجل كبير مش بيفارق عقلي بخاف نفسي اهلي إصحابي أن دا حصل هو سبب تهور منيكة فارغ مشكلة اني بشوف ريلز كتير اوي إنسان تاخد غرز هو مش شايفين أصل هو رايحين ين تلاقي إنسان تسقل هو الكومنتات بجد منى أن واحد جرى تهور أي طريق مش مخصص كدا تأذى وحد تأذى خسر كتير اوي اوي علشان أراح إنسان اذاه مش عارف انا كدا شخص سئ علشان منى أذى غيري بس هو استاهل علشان هو لولا ستر ربنا زمان هو اتسب أذى إنسان كتير,anger,887
532,تجميد حوار قطاعي يجر غضب شغيلة تجهيز ماء نزار بركة,anger,50
533,مين حق لعبة غضب قراصنة جولى عبة غضب قراصنة انطلق عبة أونلايو تطوير شركة صيني أعب كان معاه أسطول سفينة بحر خريطة عالم تهاجم أعب ثاني سيطر ميناء شارك حدث مثل حدث سفينة كنز أو حدث حرب نقابة حدث استكشاف كنز أعب حاول طار أسطول مدافع معدات لعبة هو كبير اهتمى تسويق إعلان إدارة هو نزيهة درجة أعب صار دفع هو مباشرة فاز معركة لعبة اتقف قي هو غير مقاطع اليوتيوب هالعب شاغلة قتي كثير خلتني اعشق لعب بحر الأساطيل قاعد ادور عبة أشبه هو لو معي فلوس سافرت صين اشتري يرفرات حق لعبة أعاد إطلاق هو,anger,479
534,شيء فعلي قطع قلبي أحرق داخل انا الحمدلل ربنا أنعم عليا بحب جل بيت وقت الذي اضطر إلى خروج هو مول خصيص انصدم فعلي وضع إشكال بعض بنت عنى شكل ممكن شاف هو فلم أمريكي قصة بوية هو باب بعيد هو متبرجات كاشفة عنى أدرى إيش سبب هل يعرفوا حرمة الذي ساوه أو فطل على هو عهد أم أردت حل على هو غضب هو أم هو أمنى مكر اللٰه عذاب نفسي احد قال لي سبب,anger,329
535,عطونا زيادة سرق هو غضب واسع سويداء بعد رفع سعر محتج حكومة فاسد وداعشية,anger,70
536,منطق الكتاني زلزال مغرب غضب الله دولة آخر شدة وكرب,anger,50
537,تصريح ترامب شأن غزة أثار غضب شارع مصري,anger,38
538,كوليس غضب أنشيلوتي مدرب ريال مدريد ديربي الليغا,anger,47
539,سبب غريب وراء غضب مشجع رمنغ هام خسارة أمام نيوكاسل,anger,50
540,إضراب عام حكومة واجه غضب نقابة,anger,30
541,غضب داخلي كانى ابنة كبير أهلك غالب شافو كزول شخص زهجان طوالي ماعن خلق هو صبر تحمل حد غريب إنسان تاني عنى زي صاحب إنسان بتعرف هو هو عكس تمامو عنى زولة متعاطف صبور اهتم إنسان دا معنة مثل قدام هو عكس صاحب شوف شخصية حقيقي أن مرتاح معاهم كفاية درجة قدر قال ألف قلب لعب دور الذي تربى على بيت كان شخص مختلف تمام مو معناه ماعاوزين نكون تعامل عندنا صبر بيت لٰنوو دا جزء شخصية هو نقضي حياة هو هو حاول هو أسمع عامل جدية نهاية اكشتف طريقة وحيد عشان إنسان أنتب هوا لينا أعطى هو نوع اهتمام هو نرفع صوتنا نعمل شوية شوشرة هل دي لٰكن أحسن طريقة عشان هو هو كان ناضج صاحب إنسان تاني لأن إنسان تاني أغلب هو فهم سمع ليك أخال إنسان تاني فعل مستعد هو فهم وجهة هو سمعوك شيء عجيب مش قناعة هو هو غالب أسوأ نسخة نفس هو,anger,691
542,ازاي انظف موبايلي تحسب ظابط مخبر كمين أي حتة لو بقي قلق أصل الي طلب موبال بص فتح قلب عشان تحرى إذا نفع سمى هو كدا أو أي عشان لو حاجة متبع هو أي منصة بحث هو أشوف لو عامل هو فولو اعمل آخر,anxiety,185
543,نف هو كمي بس اللٰه احس فيني قلق درى اخاف إنسان طويل وجي بال هو لو هاوش مدى هو دعس أو قدر على واحط مقارن كاني مرهقة مفلوت هوشات شارع مخي دايم فكر ضعية دفاع هو شكل ترامتايزد بس ماعرف وش سبب زوج مستقبلي مابيه طويل ماقدر على ابي لو صار شي مدى افقع وجه أداف نفسي مدري ماحس إمان صداقة هو حول طولى,anxiety,290
544,انا قلق جد أميركا محدش قدر وثق كيان شيطاني,anxiety,42
545,قلق نادي انا صارلي سن اروح نادي اتمرن بس شيء ضايقن احس إنسان تشاهد أو حكم على اختصار قلق هو راح إذا تمرن احد دي اتخل أن أثر على جودة تمرين هل مرى شيء مشاب,anxiety,154
546,احساس مكروا سئ خصوص حيد محدش معاك محدش جمبك مهرب وحيد السوشيال ميديا خرج هنا أي حاجه قول هنا الذي نفسي ضحك عشان حقيق حياتي عبر خائف قلق جالي مرض كتير جد تعب اوي,anxiety,160
547,كيف عالجت مشكلة نفسي قلق اكتئاب الذي تعب تفكير قلق احتاج حلولكم,sadness,63
548,تم قلق توتر كثير متوتر جامع صدق عنى موضوع بلش يخوفني شوي لأن بحس مكان حيك غريب على شب هيك بكر المبهم صراح دخل تخصص الي بدي اياه فحاسة غراب وحاسة اني مش ماخذ جامع هو جدي واني قرفان هو قبل أفوة هو عنى مش عارف كيف أشرح موضوع بس مش عارف شو اخذ معي أول يوم بعدين شو ممكن احتاج كان قاعد حاول هو حالي هاي شيء بدي اشترى لبس بس مش قادر اشيل توتر حاسة حالي كاش هو,anxiety,353
549,سؤال عاملي قلق كتير حابة كان حد معروف شو اهتمام شغلة الذي بحب هو بس نفس وقت انا مش حد بحب صار نزل عمل شي عالسوشال ميديا جزء حالي حابب كسر هاد حاجز جزء تاني مرتاح بالوضع,anxiety,168
550,ارجوكم مساعد عشان نفسى مر عاش غير قلق خائف حية واقفة مش عارف أعمل هو محتاج نصيحة أو طريق بدأ هو شاب عندي سنة مصر عايش حالي أسوأ فترة حية قالي سنة درس كلية صيدلة سبب مشكلة كتير هو إهمال اكتئاب خوف أهلي ضيع سنة وعد مادة كتير أسف كان كذب أهلي قول هو ماشي كويس دلوقتي هو فاكرين هو اهتخج كمان شهر حقيقة هو فاضلي سنة كمان أهلي شديد جد هو متأكد نسبة كبير هو أول يعرفوا هيطر بيت مش معاي فلوس عندي مهارات اشتغل بي هو عمرى اشتغل قبل هو حاسس هو ضيع سنة عمري دلوقتي خايف ألاق نفسي شارع هو مش بدور شفقة هو عارف هو غلط بس نفسي بدأ جديد لو فرصة أهاجر أو اشتغل شغل أو تعلم حاجة ساعد أقف رجل هو مستعد أعمل حاجة مش عارف بدأ منين إي خيار الذي قدامي كتاب هنا أمكن حد كان مر تجربة مشابه أو عرف ساعدن رجيج غير حكم أو تقطيم هو فعل وصل حضيض محتاج بس دفعة أو طريق بدأ شكر حد هيرد أو قر كلامي,sadness,766
551,احس اني نسيت البيسك وضع مسبب لي قلق انا حمد اللٰه خلص البيسك بعد عذاب إلى أول ثلاثة سنة صارلي حول شهر ارحين سنة رابع نقلة البيسك الكلينكل شي مرا حلو شي مرا اخف تقريب احس هو نسيت طب كامل ادري هل كذا طبيعي انساه زم فترة راجع كيف طبيعي انساه مو مهم لأن أخير اختص شي واحد مو شي زي البيسك عندنا شي إلى ختص وحيد إلى فعل زم أعرف إلى زاد قلق عندنا كم بروفيسو جامعة قال طبيعي ونس مو مشكلة لابد هو فترة راجع مدري اللٰه,anxiety,408
552,هل ممكن عاش حيهة دون قلق أخى دائم أفكر اقول ليش أدخل جامع ذاكر أول أول اتخج توظف وبس بس أخى أحس نفسي دائم شايل هو كيف أقلل شعور قدر مستطاع,anxiety,138
553,ياشباب انا قلق أقلية أمريكا لو راح رئيسي ريديت حتل مليان فيديوه اعتقال عشوائي شارع مالي متخيل شو حيصير خلال أربعة سنة,anxiety,117
554,دي مكتبة اللي عامل على هو قلق حدان بلد بيت عمد أكبر هو مرة,anxiety,58
555,تقرة كتاب كامل وضل دايخ لو تقرة مرشح وضل قلق,anxiety,44
556,ضاع عمري واني عدني ١٨ مليون قلق فكر جودي محتاج دعم نفسي أهل هو عمري ١٨ عراق بس عايش كندا راح اتخج سادس شالش بس صراحة أحس روحي ضايع داخل قدم جامعة لحد آن دماغي ملي فكر جودي خافن حياة اللٰه شنو معنى هو أصل تربى مسيحية كان أمن اللٰه لحد آن أصلي أحس براحة شوي بس خوف رجع مرة قبل هو سنة ابن عمي انصاب مرض كرون آن مرض صار مزمن هٰذا شي غير بدا شك وجود الله حجي أخرة هو مو حقيقي كال الله موجود قاسي بداية اهتمى بس كلمة بدا دخل براسي شوي شوي يا ريت شفى فيديو تيك توك شي اسم سوليبسزم الذي فكرة هو وحيد الذي موجود كلشي باقي هو كلام رعبني رعب شفى مثل راه بدى أعاني قلق مستمر نوبات هلع شعور غريب أشبه ضبابية عقل أو عالم مو حقيقي اعتقد سمى ديرياليزيشن قبل كان إنسان قوي عندي أمل هسه أحس دماغي حاول حل لغز إل جواب كلشي بدا احترق جواتي كتب هنا شاف أكو أحد أهلي أو عراقي مر بهيج شي هو نصيحة دعم أو كلمة طيب كان ممنون منكم اللٰه تعب أراد أحس هو دا أجن شكر قلب,anxiety,841
557,ترامب إنسان هو عامل تكلم على مات شكل قلق,anxiety,40
558,دواء اكتئاب قلق سلام على هو رحم اللٰه منكم جرب دواء اكتئاب قلق لي حد شهر الباروكستين ٢٠ ملغم علاج قلق اعطاني حسن نتيجة ٥٠ المية فقط وضل شيء ممتاز معناه فقط الاعراض جانبي أكبر عرض غثيان ضعف شهوة طبيعي أمر,sadness,203
559,ياخي توب ثلاثة شيء أكر هو تسبب لي قلق قومة صبح دوام الواتس البلاك رد رعب فيني خائف شديد فتح الواتس اني مب مطفي إشعار قاعد اقرا بس مب أهم بس اخاف شي لازم أسلم أنا عجزان ذابحني نوم أفف أكر جامعة بط هو عارن سبب هو,anxiety,210
560,قلق مفرط سلام على هو انصحوني انا وحد فيني قلق عالي اكتئاب لاقوني طول وقت شايل هو خصوص ناحي دوام أحس صدق أثر على هو اصير ارجف شد رقبة اكتئب ليل قبل صدق اكتئب دني ساد بعيني قلت اغير دوامي حمدل غيرة زل جربت نوع تمرين استمر لأنى اشوف نتيج انا حية أحس هو سود أنا ربي منعم على حمدل بس اكتشف شكل عله داخلي زبد كلامي انصحوني ابي طبيب نفسي يالي كان مكان قبل تأمين ووش تجربة هو هل فرقة حية هو علاج دوائي سلوكي,sadness,399
561,عايش قلق سبب بيء عمل سلام على هو انا آن كمل ال شهر أخلص فتر تجرب شرك استثمار صغير مكتب معزول مافي تواصل كبير موظف إلا شغل مهم انا إنسان غريب شويه قليل كلام حاول اكون اجتماعي مااقدر مهم البدايه كان احاو أطلع مكتبي واخذ أعطي شفة هو مقفيل قليل كلم انا انعزل رضو احتمال كبير هو صارو كذا بعد ماجية هو احساسي قال كذا مهم آن انا مكتب مدير ملحظ باقي شافوني نفسي حاول بعد عنى مدير كمان أحب وصل كلام عنى انا شغال أطلع بس لٰمن احد كان مشكل كذا أفيدي إيش رايكم اسوي نفسي هو بدأ تعبى أفكر أطلع قبل فتر تجربة,anxiety,494
562,عمل قلق العلمانجي أغلب العلمانجيه الخولات ذات مصر مش أخدين غرب غير قلع حجاب مشي البيكيني شارع اتخذ العلمانيه هج عشان زناى براحة هو شرب خمر خالد منتصر وسيد القمني نوال السعداوي غير هو بقية فطيسة ابسط مثال قال هو علاق قلع حتة قماش تطور مش هيعرفوا ردا هو كده حافظين مش فاهمين شويه خولات آخر,anxiety,287
563,عندي قلق نوع غريب خصوص جامعة اكو خصص اريد أروحل أكو جامعة جديد محافظة راح انفتح هاي سنة بس بي هو تخصص مشكلة الشي إلى مسببل قلق اخاف هاي جامعة نسد وانا مرحلة ثالث لو رابع مثل صار جامعة حالي طالب كدر ساون شي فل هو تعب هو ضاع ادري اخاطر راحل هو لو راح غير خصص جامعة مضمونة أكثر,anxiety,274
564,قلق خوف زايد انا ماما اخوية مرينا ثلاثة وفاة خلال ثلاثة سنة معدل سنة احد توفى ابوية جدتي إم امي خالي الله رحم هو كلهم مشكلة دحين أن ماما زمان أحب هرجة صحبة الصداقات أحب كان هو صحبات عنى انا صغير قال راح تروح صحبة هو جاء عندك يوم جا طفش هو زي هو قعد باب صالون أو غرفة تكلم بصوت عالي صحبة هو اهل مطولين أو قعد عصب عشان توتر هو استحى مني طلع بطل يجو صحباتي زمان كان خرج أسأل هو لي كلمي قال أصل أمك راح سمح الاسف امي زمان نوع صاحب دي بنت بي دي البنت عجبتني موضوع دي هو صار انا كنت ابتدائي الين متوسط صرى ثانوي صرى ازعل انو انا عش ذكريات صحباتي هو بيت كمان نخرج كتير عنى ممكن شهر مرة مرة مشاويير سيارة نجيب شي بقالة خرجة اعتبر اقول كدا نظام انا أكر امي طفشت خائف هو على بس موضوع صار متعب دحين انا راح اتخرج جامعة أي بنت صحباتي رغم هو تشوف هو تشوف هو وقف معاي موقف صعب ضمن هو وفاة مام تعبى نروح مستشفى آخر ليل قال هدول قليلات ادب عشان شاف شي هو احنا مو متعود على أو عشان شافن انا سفيه معرف إلى قدام انا أمي قال مني مرتاح فلانة علانة أقل هو ابشري نتب نفس هو نتب حركة هو بس أمي بغى كدا صار قلى أقطعي علاقة هو خليك بيت قاعدة هو طمعان بغا أذاك انا سبب طريقة تفكير ماما قلق دي قاعدة تحت ضغط اتشخصت اضطراب قلق ماما مهي فاهم هو اني انا أحب قعدة بيت ماما شخصية هو أحب بيت انا عكس هو شاف أن خرجاتي قلة ادب أن ماما شب هو تطلع صحبة هو راح تيجي عادي علم أهل هو انا مستغربة لي معترض على انا رغم اني أرجع بيت قبل بليل بدأ أخرج صحباتي كان دخل جامعة دي بعد مناحلة نقاش زعل انا ابغى ازعل ماما أكسر كلمة هو بس أبغى إف هو هو لي هو سوى كدا لي تفكير هو كلو قلق,anxiety,1433
565,لو قعد مكاني هادي غير صوت فتر أجال نوب قلق,anxiety,42
566,حالة قلق متكرر زي مكتوب عنوان حين كون قاعد فجأة أجان قلق توتر أجان نبض سريع فعل توتر عرف اقعد اعمل اشي انا قادر أدرس اني قادر العب عارف اقعد حالة هاي شغالة حالي صارلي قبل عصر هسا مش راضي راح وحاس بدي اصيح جد بدون مزح شو أعمل خان تعديل قرأ قرآن سبح ذكر الله صلى مش راضي راح,anxiety,272
567,اضطراب قلق عام عندى اضطراب قلق عام أخد إيفكسور اولابكس قالي سن جد علاج دا بيخليني بني ادم قادر اتعام إنسان زي أي حد حد غير انا مهلهل تمام جسمي متوتر متشنج حاسس أن إنسان عامل مؤامر عليا هل انا هفضل اخده طول عمري حاجه تأنى انا سبب إنكيزيتي عندى قلة تركيز رهيب دا مسببل مشكلة شغل هل حاجه أخد هو عشان تركيز,anxiety,302
568,يوم خامس عشرة قلق كان يوم حافل إنجاز بل حافل قلق اضطراب استطيع فعل شيء داتو اعاني تفكير مفرط مجدد فرط تفكير قليل مشكلة أسريه قليل ضغط عامل أمثل ضياع أو هلاك تفكير ذات أعد أنجز مثل زي قبل أعد شخص عهد أعد اشعر رغب لاي شأ لأ كان لو هنالك شيء انا أعرف كان اني لن اتوقف اموت أطلب دعه خالص قلب لي نفس هو عدم استسلام لحم تلقى هو إنفاس هو أخير,anxiety,335
570,ليش إذا طلب أكل مطعم طريق تطبيق مثل جاهز أو هانقرستيشن أو كيتا وصل طلب دون أي قلق بدون مايكلمني بس إذا طلب سيار توصلني اوبر أو كريم أو بولت موضوع قلب عباط قلق كلم هو وين راح وين جأى كنسل اتكسل قعد ساعي ماحد جاك ليش مو نفس سلاس رامج توصيل صرى اللٰه أكر اطلب سيار إذا مدى امشي,anxiety,274
571,قلق إنجاز العشرينات وصل عمري قبل يوم سنة حقيقة عمر غريب بعض شيء قدر شعر ضغط ازداد إنجاز شيء عرف أمن داخلي على تحقيق قبل ثلاثون قدر حس أصبح أكثر هدوء ذو قبل بدأ محص هدف فرز هو بحث هدف حقيقي استحق تفني عمرك نظر سنة ماضي خاص قبل خامس عشرون هو مرحلة مراهقة طويل أو مقدمة حياة هو فعلي تجاوز ثلاثون كيف حالك يوم حل هدف هو هو سعى إلى هو العشرينات تلك شغل تفكير هو حفز هو هل تغير نضجت أندثرت هل بقي حبيسة ورق خيال أم كان هدف واضح أساس شارك تجربة هو شخص عانى قلق تقدم عمر إنجاز حاجة توجيهك صادق,anxiety,485
572,قلق مستقبل تحديد جامع أنا تعب عقلي صرت أفكر كيف أقدر ارتاح حالي مو قادر أنام سبب قلق جامع اني اعرف جامع مو نهاي عالم بس عندي قلق توتر هو ماصارلي يوم قلق كلشي عند تعب تعب تعب دايما قال ربنا موجود جنبي ربنا الي كاتب إيش صار بيومي ليش توتر هو عارف هو بس مو قادر سيطر افكاري مو قادر تعب عقلي هو موضوع متعب جد حين صرى أكر وقت نوم سبب هو قلق البرزنتيشن سا اللٰه ثاني يوم صارلي بس سبب اختلاف اللٰه مو غتى قلق أعاد السيناريو الي عشة ثانوي أنى كان حيد جامع مختلف رضو عادي قلق رسوب اقسم اللٰه خاطري أرحم نفسي بس مو قادر تعب اللٰه عظيم فوق هو أحال التزم صلاتي تقرب ربنا,anxiety,558
573,اخواني خواتي سوف أدخل عالم جديد أنا قلق بعد شهر تحديد سوف أحال تقاعد عمر ٦٠ سنة الحمدل لٰكني أشعر كأني سوف أدخل إلى عالم بطالة مرض هٰذا عمر أزل حمدل ذو صحة شكل يوحي باني هٰذا عمر قد فكرت دخول إلى عالم تجارة ككن قلة خبرة أصدن هل كلمة ربما كان مفتاح راحت عمل حياة صحة نسبة لي ذكر عزيز ناصح انا لست ذو قوة كما كان شاب وشكر,anxiety,319
574,تركيز بدون قلق أحال ركز مسأل اعرف حل هو وجي إعصار مخي فجأة شعور إحباط أقوم علطول أخذ لي بريك أطول شلون اتخل مشكلة هو لازم اكون رفك سؤال لأن هو بدال تخليني شخص ناجح جالس تخلى افشل,anxiety,178
575,رقم نجدة مصر ١٢٢ انشروا البوست عشان توعية مصر وحشة قوي انا عرف رقم دا شوية حظة فضول مش مصدقة مفيش حد حواليا قلق أعلى وفكر يقولوهولي عفوا,anxiety,136
577,قلق قبل تخرج سلام على هو شرح هو موقفي أنا طالب علم حاسب عاش رياض مقبل آخر سن جامع عندي شهادة دورة سيط مثل يودمي كورسيرا رنامج بسيط زين أحس قلق معدل ٣.٣٦ حالي خمسة هٰذا سبب مشكلة واجه هو جد متعب حالي مو عارف وش اسوي عشان أحسن ضعى عندي مشروع أقدر قال اني مستقبل ممكن إفادة هو كيف أحسن ضعي,anxiety,286
578,قبل إنام قال لازم أعمل قلق,anxiety,26
579,خزة قلق خليط بيتي! جرب متحمس مؤسأ أن دايم طعم خليط وجي مريب طعم خالي فن ،جاف متواضع ،بس عندي امل خليط شكل طيف مرة ذكر فتافيت دعوة هو ارفاق بعد أدعى اختبار واضح اني احتاج هو هائل دعوة جانب,anxiety,187
580,قلق عام حل قلق دائم توتر,anxiety,24
581,نفع حد استقبل سبعة تلاف دولار هو قلق أحد صاحب جايل ستة ألف ونص دولار شغل اونلاين الفريلانس عايز سحب هو حساب هل هيحق معاه إسالة تاعي عادي علم أن شهر الذي فات جال تلاتة نص محدش كلم بس قلقان عشان مبلغ كبير شوية,anxiety,207
582,حوار قلق حوار الفيزيا الذي نعمل هو دي حطش هو جنيه حوار مقلق جد انصحى اعمل علشان احل موضوع ده,anxiety,92
583,حساب سعرة قلق مريح نفس وقت ذا الذي حس كمية كبير حول ال ٥٠٠ سعرة تقريب بيضة صفار جبن فيتا لايت المراعي ال٣٠ قرام ٥٠ سعرة أكل شوكة دون خبز,anxiety,136
584,قلق قلق خوف اثرو جودة حية ناحية كره الشي فيني شي أقلق على هو أو مو تاف أعطى شي نفس قدر أهمية أقعد افكر طول يوم أصغر شيء تعقد حية خرب مو قادر اعيش حية شكل طبيعي علاقة كان قلق هو أفكر حاجة أعطى هالعلاقات اهمية أقلق أفكر هو لو كان حرفي اونلاين مفروض اهتم هو اقلق شيك حية أكاديمية قاعدة خرب بعد سبب هو دايم عقلي مشغول خايفة شيء ماصارت أخرب نفسي كثير عيشة ماني عايشة حرفي كاني جحيم محصورة افكاري مخاوف قلقي الزايد لزم جودة نومي خرب سبب هو كان قلقانة أول اصحى ماصار شي! يوم وقت عاش يومي راح هو تعب شعور قلق تعب شعور خوف تعب تفكير زايد تعب اني مو قادر عاش حية درجة هو اتمن أنام أبد قعد نفسي دقيق لأنى تعب وضع,anxiety,601
585,قلق زائد اختيار خصص أمن سيبراني سلام على هو رحمة الله بركة يا أخ قلق أكلني اكل أنا متخصص امن سيبراني تحديد فريق أحمر هجومي طموح تخصصي ماشي مسار تعلمي بس بدأ خوف قلق راود موضوع توظيف مجال هجومي صعب افضل اروح مجال دفاعي هٰذا قلق نتيجة أبد مي مريح امشي مسار علم عدين أوقف أتوتر كم يوم عدين أتوتر هٰكذا ابا إلى هو معرفة سوق عمل هل تخرج جامعة شهادة برز مهارتة تخصص هل قبول سهل أو صعب جزاكم اللٰه خير,anxiety,394
586,نوبة هلع قلق اجتماعي نهاردة كان ميتنج جد جد فريندلى إنسان طيفة دخل سلم على هو اتكلمت معاهم ابتسامات تاع وشديت كرسى قعدت الميتنج دة حوالى ٢٠ سيدة انا أحد كمان بس رجالة هو أكبر منى سيدة أم هٰكذا صغير هو ٢سنة مهم جيت نص الميتنج فكر كلام اقترح على هو فجاءة بدون أي مقدمة قلبى دقي سرعة جد قيت سامع صوة وضوح سامع صوت دم أجرى دماغى نفسى بقى سريع جد اكنى جرى حسيت إنى باصص أعلى برا منظور شخص تالت غريب دة أول مرة حياتي حصل مش عارف دء اعتبر نوب هلع أخاد ألى مثير طلع عندى بعد سنة دي قلق اجتماعي مش واخد ألى عشان مكنش في ضغط,anxiety,514
587,دراسة صيفي قلق احس كتم بي محاضرة مادة الي أخذ هو مرض رضو وقت ضيق دكتور مصر قدم هو تفصيل بي شرح شكل ممل مادة ماتفتح متطلبات شي استفاد هو بي مادة ثاني شكل كبير دكتور الي ماسك هو ترم عادي طريقة صعب جد معروف بدق أمس اختبرت اختبار مادة ذو الصراح ادائي سيئ قسم اللٰه أن وضع قهر مادة ذو مو وحيد عندي مادة آخر دسمة زي هو بس الدكاترة باقي متفهم متعاون معان عكس إلى كارف هو كرف الله سهل هو خوفي أحمل هو اعابل ترم ثاني زود هدف تعليم شكل عام سواء اكاديمي جامعي أو مدرسة نشر علم تنمية ذكاء فرد صراح تجارب معلم سيئ بي ناحي توصيل معلوم اروح أجيب معلوم نفسي افضل تجارب معلم أغلبا كذا اروح تعلم نفسي أجيب هو افضل كثير طبع مو معلم كذا معلم كان أسطور ناحي توصيل معلوم تدريس بس أغلب سيئ با رأي,anxiety,673
588,محتاجه حد ساعدن ابطل احس اهتزاز أو قلق وانا مبشوفش غير إنسان جاز انا مش كبير خالص ٢٦ بس بجد بحس هو بغير أو قلق أو ساعة كمان استفاز مش عارف لي كتر إنسان الذي جاز دي عايز اعرف اتعام كويس موضوع ازاي فعل ميبقاش حاجه موتراني,anxiety,219
589,قلق بعد تخرج دلوقتي انا متخرج عندي جيش كمان شهر اختصار شديد انا ضيغ خمسة سنة كلية شأ انا خريج كلية هندسي سبب اني دايما بدا مجال وصل بداية طريق بعد أساسية اعترى فكرة اني عمر هبقا جيد كفاية هو اوصل مستوي حلو يؤهلني سوق عمل اختصار مثال حي لل تالي سيب مجال بدا مجال تاني سؤال هنا لو حد مر بده ازاي اتغل على شعور برض هل هير على سلب لو فيه,anxiety,333
590,لو حد تروم أو اضطراب قلق أو تعالج قلق دواء أو ثيرابي انا عندي اضطراب قلق اكتشف شهر حابب تعلم أشارك تجربتي حد نفس مشكلة انا باخد دواء موضوع دا ساعد هو شكل كبير جد فضل الله حمد اللٰه نصح بي هو لو حد فيفر موضوع دا ممكن أكلم هنا أو برايفت بو حد بياخد أدوي حابب بس أحس مش وحد انا موجود انا مبرمج مش دكتور رضو انا حاسس أن جزء مشاكلي جذور إساءة ديه الطفول هو علاقة معاهم جميل دلوقتي حمد اللٰه أثار إخطاء هو لحد دلوقتي لسا موجود دي حاجه اللي لو حد عمل قدم هو حابب ساعدن أو شارك اكون ممتن لي علم نوع قلق الذي عند اضطراب قلق معمم عشان لو حد نفس تجرب حابب شارك,anxiety,549
591,تلميذ قسم قلق حقوقي شديد سبب اختلال دخول مدرسي بمراكش,anxiety,53
592,تي ماتريكس ثقة مستهلك أمريكي تراجع طفيف وسط قلق شأن وظيفة دخل,anxiety,61
593,سؤل مسبب لي قلق هل طبيبي نفسي شارك معلومة دولة اني جن اروح طبيب نفسي الحارثية اروح عيادة سكرتير مالة أخذ اسم معلومة كامل شفوي عنى بدون انطي مستمسكات مادي هسه اجاني خوف إذا اريد اتعين أو أقدم جامعة هل راح عرف أن اني عندي اكتئاب واخذ ادوية خلال معلومة اللي طبيب,sadness,259
594,عايز أبطل قلق رعب كبر أي موضوع صغير لو حد بحب إتخان معاه خناق سيط بنهار خاف أنام أصحى ألاقى شخص دا نهى معاي حاجه قي حاب شخص راح مثل مشور ميكلمنيش رجع دماغى فضل تودى أجاب عمل حادث أو في مستشفى أو حصل أو حصل أو حصل لو تأخر شوي في رد دا كدا حصل مليون حاجه مشكلة هو مكنتش كدا تفكير دا مجاليش فراغ موقف كتير بس هو محتاج اتخل قلق دا خصوص قي جأى حساب كرامة مكنتش كدا خالصص بقي دايم صالح إللى معاي لو شخص إلى غلط فضل رن أعاط علشان اتطم مش هنسيب بعض نفس كلام لو مردش فتر جال هيستيريه عياط قلق جع قلب حصل حاج هو كام شهر كان عكس دا خالص عنى مكنش عندى خالص موضوع قلق دا مش عارف في يوم كبر بجد حاول هو نفسى كتير مش عرف مشكلة هو قلق طول إن شخص ساعة مش بيرد ١٢ ساعي ١٦ ساعي رقم مش قليل خصوص لو نايم مشغول حاول أنام ردو صحي مخضوض خايف ساعة حلم كمان موقف شخص,anxiety,741
595,جماع انا تعبان قوي مش قادر اعمل حاجه قادر ارتاح قادر اشتغل عندى قلق ودى هو إي يا جماع إي انا مش أهم اللٰه على هو حد ساعدن انا تعب قوي مش أهم إي رهق قلق انا كان فترة امتحان ثانوي قسم مادة امتحن حي بس اللٰه على هو محدش قولى عنى هو عمل إي كده مش عارف إي انا واثق اني هقدر أذاكر أربعة مادة عشان بقي أهم تلعب ازاي بقي أهم لعب دلوقتي انا عايز اخطط هدف الذي أجلى عشان أول هدف محتاج شغل اللي حولي شايفني مش هقدر انا حلم بس انا نفسي اوصل هدف عايز اخطط مش قادر غير انا وصل مرحلة حلو دين انا فترة امتحان كان شعر قرآن شعر ذكر كان مبسوط عز ضغط توتر كان بدع هو دعائية استجاب حمدلل بس فجأ عمل ذنب كان واخد عهد نفسي هو مش هعمل عمل مش حاج كبير عشان دماغك متروحش عيد بس انا حاسس هو نقد عهد مه ربنا ربنا عاقب هو فا حرمني لذة طمأنينة سكة الذي كان حرمني لذة هو دبر قرآن انا كتر حبيت دبر قرآن قرر هو أبدأ حفظ عشان انا حرفي تكسف اقول إنسان سور الذي صلى بي هو قالي سنة نفسي كان أجرب أصلي بيآت غير الذي انا حافظ قيام ليل عشان اتدر هو موضوع حلو قوي نفسي أجرب شعور كان مقرر بدأ دراس دين أكتر دي حاجة عايز أعمل هو غير حاجة الذي محتاج أعمل هو عشان خاطر هدف عايز بدأ اتمر عشان عايز أظبط جسم عايز تعلم مهارة ادخل فولس عشان حالة هو ماديه قيت صفر حرفي انا حالي قادر استراح قلق قادر اشتغل التعب اللٰه تعب تعب مش قادر حاسس انا مهدود مش قادر حته أرف نفسي يا جماع ارجوكم ساعد تعبان قوي مش أهم إي حت فيديوه منتل هيلث لي أندرو هيبورمان عايز أسمع هو مش قادر سلس اسم هو فق نفس عايز بدأ هو مش قادر انا بقي عدواني شكل غبي عل مشكلة شكل متخلف مش أهم إي الذي حالي قيا كارهين قعد معايا أو حته تكلم معاي حت أهلي دي أكتر حاج هو خاف هو خافي حصل إنسان أكره بس انا بقي تكرر فعل بقي قعدة طاق انا مش كده اللٰه انا محتاج ارتاح بس ارتاح حت دي مش عارف أعمل هو,anxiety,1602
596,كلمة غنية عمل قلق فريد دة عمل قلق هو حالي موازيني محتاج حاجة أهدى أصل انا قلبي خطر هبل بلد فلتة جمال استثنائي ماتشافش دة ربع نهائي أل خطر دة قمر هو نفس جنب تذكر واثق لو شاف عين بينبهر,anxiety,183
597,خوف قلق جماعة انا بخاف انزل اشتغل إنسان كتير أجبل شغل تكلم شغل مبجرد سمع سيرة شغل قلق توتر انا نزل شغلانات قبل هو بس مكنتش مر هو عنى اشتغل يوم تلاتة أزهق مشي هو فترة دي زاد معاي مبقتش أنزل لو سمع سيرة شغل تعب توتر خاف مش عاوز أنزل شغل بس مجبر عشان أصرف نفسي ياريت ال مر تجربة دي وحل هو قال بعد اذنكو عشان صعب اووي,anxiety,313
598,غريب هو مش قادر ترجم شعور قلق,anxiety,29
600,لو عدك قلق لو عانى اعراض قلق عايز حل طبيعي غير دواء مهدئة مش بقو إطلاق أن ده بديل لي هو عندك نبات كاموميل شيح بابونج خلي الك اسم شيح البابونج ،مش الشيح الجبليالبلدي حاجة ود حاجة رخيص جد ممكن أجاب أي عطار ممكن أجاب ١٠ جنيه مثل أو لو عايز استنضف أجاب حاجة جودة هو اعلي ممكن أجاب أي صيدلية مهم هو حط معلقة كوباية تغلى ماية براد صب هو على كوباية بعد هو غطي كوباية عشان كاموميل زيت طيارة ممكن لو سيب الكوباية مش متغطية طار هو بعد حوالى نص ساعة هتح أن قلق راح نسبة كبير أو راح تمام روقان وراحة أل غالب هيخل عوز نام فحاول تاخد ليل مش صبح انا كان باخدهالصبح عادي صراحة مكانش بينيمني اوي بس براحة عام غير أن فوايد تانية زي تحسين مشكلة قالون قالون اعتراض وحيد اللي على هو أن أقال أن فضل مياخدهاش حد ربو عشان ممكن زود ربو مصدر جوجل جرب هو مش هتخس حاجة طعم هو كويس شبه ينسون,anxiety,762
601,تعامل إزاي قلق ال ازيكوا انا شيفت حالي لدات مأري انجنيرنج الذي مكنتش عارف هو فعل حابب مجال دة واخد علشان مهارة نفس هو مش مجرد بس اشتغل ظيفة فلوس كويسة أكيد ردو فكر مستقبل الذي هيص سنة هل فل متوسط مرتب مجال برمجة شكل هو هتكون اتجاه منخفض وقت سبب كمية إقبال مهول,anxiety,260
602,قولك يا حلوة هتعملي قلق فين النهارد,anxiety,35
603,قلق انتاب قلق مصير كلما نست طف الله عدة هدوئي,anxiety,45
604,جماع انا تعبان قوي مش قادر اعمل حاجه قادر أرتاح قادر اشتغل عندي قلق اللٰه على هو حد ساعدن انا تعب قوي مش أهم إي رهق قلق انا كان فترة امتحان ثانوي قسم مادة امتحن حي بس اللٰه على هو محدش قولى عنى هو عمل إي كده مش عارف إي انا واثق اني هقدر أذاكر أربعة مادة عشان بقي أهم تلعب ازاي بقي أهم لعب دلوقتي انا عايز اخطط هدف الذي أجلى عشان أول هدف محتاج شغل اللي حولي شايفني مش هقدر انا حلم بس انا نفسي اوصل هدف عايز اخطط مش قادر غير انا وصل مرحلة حلو دين انا فترة امتحان كان شعر قرآن شعر ذكر كان مبسوط عز ضغط توتر كان بدع هو دعائية استجاب حمدلل بس فجأ عمل ذنب كان واخد عهد نفسي هو مش هعمل عمل مش حاج كبير عشان دماغك متروحش عيد بس انا حاسس هو نقد عهد مه ربنا ربنا عاقب هو فا حرمني لذة طمأنينة سكة الذي كان حرمني لذة هو دبر قرآن انا كتر حبيت دبر قرآن قرر هو أبدأ حفظ عشان انا حرفي تكسف اقول إنسان سور الذي صلى ين هو بقال سنة نفسي كان أجرب أصلي بيآت غير الذي انا حافظ قيام ليل عشان اتدر هو موضوع حلو قوي نفسي أجرب شعور كان مقرر بدأ دراس دين أكتر دي حاجة عايز أعمل هو غير حاجة الذي محتاج أعمل هو عشان خاطر هدف عايز بدأ اتمر عشان عايز أظبط جسم عايز تعلم مهارة ادخل فولس عشان حالة هو ماديه قيت صفر حرفي انا حالي قادر استراح قلق قادر اشتغل التعب اللٰه تعب تعب مش قادر حاسس انا مهدود مش قادر حته أرف نفسي يا جماع ارجوكم ساعد تعبان قوي مش أهم إي حت فيديوه منتل هيلث لي أندرو هيبورمان عايز أسمع هو مش قادر سلس اسم هو فق نفس عايز بدأ هو مش قادر انا بقي عدواني شكل غبي عل مشكلة شكل متخلف مش أهم إي الذي حالي قيا كارهين قعد معايا أو حته تكلم معاي حت أهلي دي أكتر حاج هو خاف هو خافي حصل إنسان أكره بس انا بقي تكرر فعل بقي قعدة طاق انا مش كده اللٰه انا محتاج ارتاح بس ارتاح حت دي مش عارف أعمل هو,anxiety,1570
606,صورة دي عاملة قلق بعض مسلم مسلم ماسكين ستة دي سبب صورة دي وجايبة تفاعل عالمي بعدين يجو زعل الاسلاموفوبيا طول ماهم عقلي دي فكر أن مشكلة مش في فكر إنسان الاسلام فعل ضد مرأه حريات عموم مهما كان غطى جسيم هتلاقي اللى أعلى عليك,anxiety,221
607,قلق ثانوي عام إلى هو موعد نتيجة رسمي طريقة استعلام رقم جل,anxiety,57
609,تقرير تأهب إسرائيلي طرح اقتراح جديد شأن صفقة أسير مساعدة وسط قلق مصري تحذير خطة تهجير,anxiety,85
611,انا عايز تعلم مهارات اشتغل كفريلانسر بس عندي قلق أوصل لسن أربعين خمسون فريلانسي اشتغل السن دا هل قعد اشتغل لغا هو سن معين ولالا,anxiety,127
612,انا عندي يتش ايدين بنت اشوف بنت ركز في أيد هو قلق أن افتكر أن عايز أسرق هو أو اتحر بي هو عايز حل أن ابص عادى رحتي غير قلق,anxiety,121
614,قلق كبير نيويورك صعود زهران مامداني اشتراكي اصطدم قائد عمل انتخاب بلدية,anxiety,71
617,قلق عندي قلق وخوف مستمر فقدان بصر بعد عمل انفصال شبكي افكر مستقبل عمل حية هٰذا شي أثر صحتي يومي احاول اهدي نفسي يومي أن أمر صار خير عين تحسن اراجع دكتور شهري بعد ماسويت عمليه عين أول قد شوف هو ككن بعد عملي رجعلي نظر شوي وصر اشوف لون ملامح ضبابي عالي مادري تحسن أكثر كذا آخر مرجعة لي دكتور بلغني أن عين ثاني اللي سليم صار هو تاثر لا زم نبدا علاج مافاد ممكن نحتاج نسوي عملي خوف لو اضطرى سويت عمليه أنا عين أول لسى استشف كيف راح أقدر أشوف,anxiety,435
618,قلق تعيش ازاي قلق عنى ازاي تقدر تصحوى تمشى هو عادي تعرف تكلم إنسان انا يوم عدى أعلى بحس هو مش قادر تنفس عايزة تحرك شدة قلق علم انا صلي عادي قر أيسر قران هدى بس بيجي أعلى حظة قي نفسي عمري انتهى دلوقتي شدة قلق طبيعة شغلي هو بنام طول معار اصحى طول ليل بحس أن ودى هو زود موضوع,anxiety,272
619,قلق مابعد الامومه يوم ماجبت بنتي واحس اني انا مو نفسي اعرف انو طبيعي تغيير كبير ساري حياتي بس سرى متعلق هو اتحم كان معاي فترة طويل موضوع وظيفة أجلت عشان هو سيب هو فترة أقدر سيب هو غير زوجي أو امي هل دا شي طبيعي اروح اتعال إنسان قالولي اني بالغ هو عمر هو شهر هو عانى حية تعلق متوتر طبع غير إنسان الي مابيحترمو رغباتي تربية هو فممكن دي شيء زاد موضوع تعلقي هو,anxiety,356
620,هل اكتئاب ياخي صاير احس طعم شي اشتهى قهه أدور أطلق مكان أكلم العيال ثم تقهوى احس المتع الذي كان احس زمان غير كثير أمثل احس حياة صاير فكوك اقوم عشان اسوي مثل أمس أرجع أنام قبل أمس كتب بصب قصيم اني ابي اقابل شخص عشوائي اتقه بس زعل على حذف البوست,sadness,243
621,ليش أغلب إنسان ولي هنا هو اكتئاب آش سبب ولي توقع هو صلة هو حالة اكتئاب,sadness,70
622,إنسان الي أخذ مضادات اكتئاب قلق إيش أغار معاكم علاج كمل ايام وانا اخذ مضاد اكتئاب واحس نوع تبلد أكثر اول ماني عارف اوصف حالة أو تغير الي قاعد صار,sadness,145
623,اكتئاب بعد ميدل بيست هل انا وحيد اللي أمر هو بعد رحت شفت إنسان نقد نفسي وقلت انا وش جابني حسيت اني ارقى مكان اقدر اتصن خفة المطامر جموح غير كذا أنا هو تذكرة طفولة محافظة الذي كان دايم أكر هو هو قلت كيف انتهى بي مطاف ذا ملحجة أو متحرش أو مدمن مختصر هل احد متحمس بعد هو اكتشف مكان خطأ,sadness,282
624,النجاة إكتئاب سلام على هو رحمة الله ركات حبيت اقولكم قصة اختصار كيف تخلص اكتئاب لعل إنسان تسفد يا إخواني أخواتي هو تقريب عندى اكتئاب شديد اعرف شو معنى حياة أحس دني أبيض أسود وضيق شدييد طبع حبي بنت مدرسة استوا الي استوا فتا يا بعض ربيعي خذى هو مني ضيق ضيق هو حد دني في هو مشكلة عصبية فكر انتحار بلاوي أخلص يا ناس اللٰه أخلص اللٰه بعد بدى تعلم دين أكثر تعلم أطبق أحافظ عالفرايض أكثر طاعة تركك محرمات يا إنسان حسي حياة شعور مب طبيعي شي حويليني عدل اللٰه كل أحبن حين أنا حالي عمري اللٰه يا إنسان يا مسلم أرجع خالق هو اللٰه دني قصير تسو اللٰه عظيم واحد أخاف عمر يا ناس توبو ذنب توبو توبو اللٰه هو اخطائي كثير بس الوحد توكل حاول رجع ربه الله جمع هو فردوس قال آمين بعد أدعى تزوج هو صغير أن وضع خطير حالي,sadness,696
625,هل قبل تزوج وحدة هو اكتئاب شديد سلام على هو انا بنت عمر هو ٢٤ فكر زواج بس عندي مخافة خصوص حالة نفسي انا أخذ ادوية أخذ كثير جلسة علاج ثلاثة سنة لي محاولة انتحار خلال ١٢ سنة درس جامعة خصص صحي انتهيت امتياز اتوظفت خرج وظيفة انا حرفي مو كئيبة منعزلة بليدة عكس مرة حساس إفكار انتحاري تجيني بس لمن أدوايي تلخب سرى كدا بعد علاج حبيت أوضح عشان فكر تقليدي الموضوعباقي شهر انا كويسة نعم تغير بعد اكتئاب اشياء قدر اسيطر على هو زي موضوع اني اقدر اقوم مهمة منزلي تنظيف ترتيب لا زم استعين شخص خارجي إحيان إذا مافي حافز أو شخص اقوم سرير عشان تحرك تكلم ضحك اسوي شيء بس اقوم سرير دون حافز انا عندي رغبة كبير شفاء محاولة طريق علاج كثير أسى ارجع جديد وقت كثير بدون دعم أهل بس انا حالي حالي قاعدة أحال ككن أمر اللٰه ابتلاء الله جعل خير مغفرة يارب انا اعرف اني استاهل زوج محبة عيشة طيب اخاف موضوع مرضي أثر فرصي زواج ملاحظة مهما طريقة الذي عرف هو شخص مين ١٠٠ا قال مريض بداية أن كان بهالطريقة أضاع يد أن مرض جاز غش مثل هاذي أمر كان صورة أوضح فرصة أكبر لو اختار أكمل كان اتعلق فيني هل أصل احد رجل طبيعي قبل هاذي دايم كان أزمة تمنى شارك ارائكم صدق شاكرة هو أي أحد حاجة شخص ساعد بدء رحلة علاج مرض أو محتاج شخص سمع بس انا أرحب شافاكم اللٰه وعافاكم,sadness,1120
626,هل هذي اعراض اكتئاب مرض نفسي سلام على هو انا عمري ٢٥ الحمدلل ملتزم بدا هالاعراض صار قوي عمر ال ١٩ تقريب عندي مشكلة تفكير مفرط صدمة نفسي عاطفي كفخ هو طراقات بنفسيتي أول صحتي ثاني تحول رياضي فلاوي إلى شخص هزيل كئيب الاعراض لي هاليوم موجود أسف تشنج إطراف نغزة جن هو هرب صوب قلب دون سبب غالب ليل عوار نفس منطقه ليل دوخ قوي هبوط درجة ريولي تشيلني وقت أي مكان أفز نومي أكثر مر تقريب يوم نبضات قلبي اللي سريع شكل غريب جني كنت قاعد اركض الشي اللي استحى أقول محد عرف إلا اقرب ربعي اني اخاف أطلع مكان عيد بيت اخاف ليل اخاف الوحد احس خوف غريب شكل عام هالاعراض زاد حيل ليل أو مكان بعيد شكثر خذتني إسعاف بيت أمكن شهر تشوفني صج كلش بين على بس داخلي شي ثاني حياتي اجتماعي محد لاحظ هو إلا اهلي ربعي راجع دكترة حكومة خاص قلبي سليم الحمدلل مافيني مشكلة ضغط سكر أضح مشكلة نفسي عرف احد جذي أكثر سنة اعاني تعب,sadness,788
627,خبر دي مفروض فرح بس أجبل اكتئاب أجال اكتئاب شوف خبر دي يوم دولة علشان حرفي مقاوم غزة مبقاش معاهم غير سكاك علشان دافع بي هو نفس هو أجال اكتئاب اكتر افتكر عدد ذخيرة دبابة الطيارات الذي مسلم النهاردة مجموعة مسلم حارب سكاك افتكر امل إنسان دي سامح هو يوم يوم خلاص كدة,sadness,262
628,مفيش إنسان هو اكتئاب بعد تخرج,sadness,29
629,رسمة هو عندي اكتئاب قلم فلوماستر أسود عادي علبة الذي هو لون ١٠ جنيه فكرة اني كنت عاوز افضفض بس بدل اكتب أو أكلم شخص معين لأنى فقد ثقة إنسان حولي لأن هو أفشى سري دا واحد سبب اكتئاب أصل حاول متبصلهاش ككتلة واحد فتح صورة أقرأ الرسمة سطر سطر,sadness,237
630,اكتئاب لي حاسس أن معظم إنسان مكتئب وتايهين,sadness,42
631,اكتئاب مفاجئ مثقل دم اكتئاب مفاجئ رفهو عنى,sadness,42
632,انكاد أن شجع أجيب اكتئاب,sadness,24
635,قالي كتير عندي اكتئاب شديد مش مهتم حاجة كنوع نوع تعافي هنر حاجة كان كتاب هو أو صورة الكنت صورة هو يوم صورة مثل دي أول صورة هو,sadness,125
636,طالب معايا اكتئاب عاوز أكتر فلم بقي مكتئب بسببه,sadness,47
637,هل دخل اكتئاب حية ممل رتيب عاطل غير متزوج ايامي تكرر بدون أي شي مثير اهتمام درجة اني خبط إيام لأن هو واحد شخصيتي بدأ مال غضب سخط أمسك نفسي كثير حين انعزل غرفة صبري أصبح قليل لو ابي أجرب شي جديد وجد ماد تقوقع نفسي فترة طويل شيء مملي مسلسلة مملي فيلم ذٰلك أو هو فقد شغف هل حل,anger,273
638,قال هو كشف طبي اني عندي اكتئاب أخد ادوية لي لاءة انا كشف طبي تاعي شهر هو أخد ادوية اكتئاب شهر يونيو فادلوقتي لو دكتور سأل هو لو انا عندي حاجة أقول عندي اكئتاب لاءة أصل انا قلقان أقول لاءة بعدين أدخل جيش قال هو اني باخد ادوية اكتئاب ردو قليق قال هو دخل هو حوار اني مثل على هو تاع علشان أخلع أن سمع حوار موضوع ناس قال هو هو اكتئاب افتكر هو مثل,sadness,341
639,ليش رياض أجاب لي اكتئاب حي حين احس حياة رياض عبارة مقهى مطعم نفسي يوم تمشى رياض انبسط دون أرح كوفي أو مطعم اللٰه صدق مكتئب روة حقنا استمتاع حياة مين أحس نفس معانات,sadness,163
640,إنسان إلى هو اكتئاب مكنتش شايف امل قصة هو صباحو مساءو للى بيقرا اليل عندي اكتئاب فكر انتحاري مكملة معايا أدال هو سنة وحاسة اني طريق مسدود مش شايفة أي حسن أو أن حاجة تغير تغيير جذري حابة اعرف قصة إنسان متشخص اكتئاب أو أي حاجة مستوى دا وطلعت عملة دا ازاي قصا احكو تفصيل عشان حاسة اني محتاجة لحد دا هيساعدني رحلة تعافي شوف ثيرابيست أخد مضادة اكتئاب وقلق,sadness,350
641,اكتئاب معرف اتجوز الذي بحب هو,sadness,29
642,مسبب لي اكتئاب هالف تعديل تم إنقاذ قطه إلان عملية أدعى هو هو حالة جهض وموت جنة داخل رحم هو انا طبعي أي حيوان شاف تعبان اخذه دايم اعتني حالي تزوج وزوجي مايقصر أبد دعم هو انقاذ حيوان هالايام ظرف هو ماتسمح أنا عندي هدي امي فلوس بدل أخبى هو دي أنقذ هو قط شفة أنا امشي حديق شبه ميت قلبي ماقدرت أنام أكل قلبي معاه دايم احس ربي مسخرني حيوان أرسل هو طريقي ظروفي اتسم الذي أطلب هو خفف على مشاعر أو أحد عرف احد مثلي قدر نقذ هالفت أرسل قطه,sadness,428
643,غلط وحكيت لاهلي انني مكتئب وكنت اوخذ دوا اكتئاب اللٰه اوخذن حظة ضعف نرفزة شرفي صرلي أربعة سنة عرف اشي عنني شكل ندم على هو طول حية بس بلشو يقرفو عرض صلاة دين قرآن حيخلوني انتحر مش بس اكتاب مش قادر يا الله مش قادر حاسس حالي طفل مش ختيار مش عارف شو اعمل مو خايف هو خايف اتطاو هو بس خايف أخسر هو بحس موضوع أنني مو عارف أقرر أطلع هو خايف أخسر هو عشان مصلحة هو قدام معاهم فلوس الله بدي استفاد راحة بال الذي أيجى موضوع انني اقلق الفلوس مش عارف شو أعمل عنجد كثير تعبان عندي شغل داب عندي وقت فوق هاد فوق راسي بد هو اياني اعيط استغفر هلوسة بيدوفيلي الف سنة,sadness,546
644,ضايعة ثقتي منكسر أعاني اكتئاب بعد موقف صعب سلام على هو هو حالة صعب جد حالي حاسة هو ضايعة نهاية صار لي موقف أثر فيني كثير خلاني عيد أهلي أكثر بعد هو حسي شي غلط جواي كان أبكى طول وقت حين أحس هو خير رجع نفس شعور كان أقوى ثقت إنسان نزل شكل كبير هٰذا زاد صعوبة أفكر كثير إنسان الذي سبب لي ألم قال حسبي اللٰه نعم وكيل على هو صعب على تجاوز هو هو مجروحة كذا هو احتاج دعوة هو دعم هو حد هو مر موقف مشابه كيف تجاوز كيف قدرة هو ترجع ثقتكم نفس هو إنسان شكر لأن هو قري قصة كلمة طيب أو نصيحة تريحني,sadness,483
645,ازاي واحد تعامل اكتئاب شتاء الذي أوروبا هل فيتام ممكن ساعد فعل,sadness,62
646,حسي الانستا أجاب اكتئاب أثر النفسية مرة أدخل بي هو الأنستا أقلب الريلز أقرأ تعليق لعب نفس مشكلة نفسيتي تأثر شكل سلبي جد عنى الانستا مسيطر على عراقي أكثر شي كمنشورات أكثر شخص استخدم الإكسبلور كله عراقي هالشي مقرف لأن المحتوى عراقي السوشل ميديا عبارة ميمز أو شتيمة عنصري طائفي أو بيجة إلى أحب القيل قالي فضيحة أو وحدة مسوية بيج إنسان دزال هو مشكلة هو عنى قرف مو طبيعي نفسي اشوف نفسيتي كان أفضل حال استخدم تيك توك مثل غير أن إنسان تيك توك ممكن كان عقلية هو أفضل مستخدم الانستا عقلية هو هو شوية فتح عقل ذٰلك صار الانستا برنامج إلى أكر هو هو استخدم غير اطلب البيجات بعد هو أمسح هو أو أهمل لأن اني نوع إلى نشر توريات عندي اصدقاء أحچي أهم الانستا عقلية عراقي تخلف هو تعليق هو انستا تخليني انقرف أكثر أكثر اتمنى غير خلص هو مجتمع هالبلد أهج اكدر اتقبل اني عايشة بنص هيج عقليات بنص هيج تخلف وقرف,sadness,785
647,كيف حيهة دون اكتئاب كيف شعور,sadness,28
648,اكتئاب انا حالي بمر فترة اكتئاب مجهول سبب,sadness,41
649,لي أغلب شب مش عارف حدد عايز إي داخل اكتئاب خلال عمل طب نفسي أحظ مشكلة كتير أغلب هو اكتئاب حاد سبب شب كتير مش عارف حدد عايز حاسس نفس تايه مش عارف تحرك ين نهاية وصل اكتئاب حاد انا هاقول كام نقطة مهمى متخصص علاج نفسي لو هو شاب تحت عشرون سن عايز اشتغل جمب دراسة شوف تجربة إنسان الذي نفس هو سمع كتير كذا مجال مطلوب قرر حاجة الذي أحب هو مينفع اشتغل حاجة هو مش حابب هو مجرد هو التريند حالي أو هو شغال خلاص لو هو شاب معدي تلاتين حاسس وقت فات هو مش عارف تقرر حاجة هو جايلك سن قول هو وقت مفاتش حاجة تجربة كتير إنسان نجح بعد سن اطمن ركز بس شوف سوق عمل محتاج إي لأن مفيش هو رفاهية اختار حاجة أحب هو عشان سنك لو هو شاب هو سافر ركز ودى هو اشتغل على اشتغل أي حاجة حقق دخل عشان عرف سافر معاك مبلغ صغير ابتدى بيه سفر عموم محتاج فلوس مش قليل لو أيه بقى مش عارف عمل إي حياة قعد نفس شوف أولوية الذي عدك اكتب بعد هو فكر بقى هتنذ أولوية دي إزاي عنى لو هدف فلوس ركز بحث شغل لو هدف زواج تحرك دور عروسة لو هدف سافر أسأل فرصة سفر متاح لاش قعد هو ضاع وقت قوم تحرك دور أولوية تاعت نهاية ربنا اوفقم لي محتاج استفسار أو سؤال تفضل,sadness,999
650,اكتئاب كل كذا فترة مراهقة لي فترة ابي اسافر دولة ثاني ابي اقعد دولة ابي حبيب ابي جامعة مليون الفلوس أطلع اصحابي أكل شيء افكر يسعدني بس كذا ابي اختفي حاول اقمع ذا شعور توهم حلمي اروح ادرس جامعة برا مدينة الي انا عايش هو ابي اقول اسم هو لي شهر اذاكر اذاكر اذاكر قدرة بس عشان اقدر انقبل قبل ثلاثة يوم اكتشف مغصوبة حجاب أن هو مختلط وش ذا توقع دولة تطور وش قرف صراحة لي أسبوع يوم اكتشفت ومات شغف مر ثأني وبس دي اموت أساس كنت ابي جامعة ذو منجد بس حاول اقنع نفسي عندي إحلام طموح أنا أدرى اني ابغا حاجة أساس اريد اموت وبس اللٰه عين,sadness,523
651,تايل تايل إنسان هو اكتئاب,sadness,25
652,واحد هيجيل اكتئاب سبب بلد دي امبارح رح شغل نظر أن معنديش أي مهارة زي برمجة إنجليزي تاعي اعتبر قولت اشتغل محل رح محل تاع أداة منزلي فضل اتناسر ساعي مشاوير كنس مسح أجيب فطار قهوة شأي اكني خدام آخر عرف أن المرتب ألف ونص شهر أخال تتمرمط اتناشر ساع على ألف ونص شهر رجع بيت متكسر مكتئب وزاد اكتئاب قولت واحد صاحب أجنبي قالي أن مبلغ دا مرتب يوم أجاز مدفوع هو اللٰه مبقتش عارف اعمل إيه,sadness,377
653,دكتور عايزني اخد مضاد اكتئاب عشان قلل احساس الهورني لو حد جرب أو دكتور ريت أفاد انا خايف أجرب كان لي أثر جانب نفس وقت قول ممكن ساعدن ابطل ابقا هورني عشان ساعدن ابطل بورن,sadness,169
654,ازاي امنع نفشي أجال اكتئاب تاني كلية خصوص سبب ضغوط علشان نظام الموديولات الزبالة ده,sadness,83
655,اقتراح هو فيلم قطع مشعر هو أجاب لك اكتئاب ثلاثة سنة قدام يوم خاطري اسهر اهتم قومة صبح دوام بكر شعور خمول كسل,sadness,108
656,اكتئاب نقلة رياض ليا أسبوع رياض يوم أحد الجاي أبد ظيفة الذي نقل عشان هو يوم ذات جايني اكتئاب ضياع عرف لو احد خصوص بنات زيي عندي سؤال كثير ضغوط ماعرف بنات هنا أسأل هو طبيعةي انطوائية بس والدة معايا حاسة ضغط ناحية هو أن هو اجتماعي حية هو هو جدة واحس ضفض فمليون شي عارفة جو أن مفروض استمتع هٰذا مرحلة تغيير مستصعب جد,sadness,313
657,أرب خلاص علشان خلاص انا جالي اكتئاب كتاب مش راضي خلص حد هنا قر كتاب,sadness,67
658,حالة اكتئاب شديد ساعة خطاب السيسي انا معنديش كلام اللي تقال انا حاسس أن وجود شخص دة مكان إهانة تاريخ بشرية هو أنا مش مصدق أن شخص دة مستوى تفكير اللي مدمر حياة هو هو حمار زي دة ممكن ين حياتي أي وقت عايز قيمة حياتي أو حياة هو هو دة حال دماغي هتفرقع مش قادر إف هو,sadness,260
659,مش فاكر شيرة هو معاكم بس دي رسمة الذي عملة هو فترة اكتئاب حاد مريت بي هو اسم هو مشهد جحيم مرسوم قلم فلوماستر أسود عادي,sadness,118
660,اكتئاب بعد تخرج تعمل اكتئاب بعد تخرج انعدام شغف انعدام رغب مفيش شغل,sadness,67
661,بما أن شاي لبن انسحب اطالب إعاد انتخاب اني انافس تايلر بدل شاي لبن عشان انتو زعلتوني انا جالي اكتئاب,sadness,100
662,صراحة جاني اكتئاب هو ريديت أنا مش عارف كيف تقعد على هو هاد يوم ستح ملتش راح أحذف سلام,sadness,85
663,اكتئاب فلسفي اللحين عمركم جتكم حظة إدراك أن مستحيل حصل شي جأى بعد هو حظة أمل اكتشف أن فعل محد شي جأى بعد هو الاسئلة الميتافيزيقية نوع وش رسالة وش لازم تعلم وش رسالة حياة جأى بعد هو سؤال وجودي هل هو وجد فعل سبب رسالة بس كذا صدف شي هدف هو صدف بصدف,sadness,245
664,تعمل عشان خرج دايرة اكتئاب تقيلة عايز أي حاجة تحفيزي ازاي حد خرج فترة امتئاب استمر سنة حية أتغيرت ١٨٠ درجة,sadness,106
665,عندي اكتئاب هو هتحبب عندي اكتئاب متشخص دكترة مش عاؤف اعمل حاجة انا عايز هو سواء بحب هو أو مفيش حاجة عايز أعمل هو قدر أعمل هو أو لازم أعمل هو غير مبقدرش مبقتش قادر أصلي عليا امتحان كرة معاي فايل اهم ملاحظة سؤال اللي لو حلة هو هجيب درجة عالي جد حوار مش هيخد مني خمسة دقيقة بس مش قادر حاجة وحيد الذي عمل هو أن لعبة عند لعب هو علشان تخلى ركز هو قدر أهرب مؤقت شعور خنقة عجز فعلي انا مش عارف أعمل حاجة بحب هو أو كره هو مش عارف اصلي كده انا هتحبب صلاة انا معرفش اللٰه كسل مني اكتئاب انا مش قادر احددي اللٰه انا تعب,sadness,507
666,انا حاسس تدهور كبير مزاج اكتئاب موضوع أمكن راجع اختلاطي كثير يوم دي حكم دراسة كد ذات لو تعامل شوية غنم هايم متأكد أن عدم توازن هرمونات جسم رضى لاني قاطع ادوية اكتئاب قالي فترة انا بمر فترة مؤلم شوية,sadness,198
668,اكتئاب بس يوم صار عمري ١٩,sadness,25
669,السوشيال ميديا قنبلة اكتئاب قرف يوم طلع الصبح قعد اسولف إنسان عنى ساطة مليان تفاعلات اجتماعي إيجابي متذكر روحت الدار نفسيتي جد كويسة حديت فتح الانستا كومة كآبة عكومة قرف عشعور اني مش واصل نفس مستوى زي إنسان اللي عمري واني أشل الدراما طالعة فلان فلان صراحة نفسيتي قلبت ١٨٠ درجة عدي هو اتوقع اللي حكي مش اشي جديد أبد إنسان يوم لاول مرة بحس اه اللٰه فعل السوشيال ميديا مكان مقرف بحق,sadness,379
670,كيف أنحف وانا عندي اكتئاب واخذ ادوية نفسي دواء فتح شهية مر عطان هو,sadness,66
672,اكتئاب حاد عندى شغل كثير جالس أدرس بس مو قادر تركك جوالي أبد اشتغل إيش حل,sadness,73
674,احس خنقة اظن انو عندي اكتئاب وضع بدا قبل شهر تحديد دايو سنة بدى احس شعور مزعج متضايق كلشي مافي قادر اسوي إجباتي يومي أغسل وجهي اسناني اروح نادي حين مر يوم كامل انا نايم لو نم اقعد تحت بطانية يوم كامل بدى اهرب مدرسة وقت هو أن جو أصل زاد خنق بديت ادخن اعمل ولف هارم بس حين لي وقت موقف على هو مش لأنى ابغا كذا شي مضحك مبكى إن هو وقف هو أن عندي طاقة أسوى هو أصل شفرة لي كان اجرح بي هو نفسي اختفى بدون سبب نفس ذو فترة اكتشف انني أيسكشوال زيادة مشكلة أهل تقريب يوم صار هواش انا اخاف صوت عالي حين لو انا اتمش واحد بدا صرخ فجاة مثل نادى واحد انا اخاف أبد ارجف أمر راجع تعنيف أسري تنمر لي أخذ طفولتي بديت اصير شخص عصبي مزاجي متقلب يوم أحبك كرا أكر هو كره عمي صرى ماني قادر أثبت عاطفة معين اتجاه شخص معين ذٰلك قرر أصغر دائري احتماعية شخص فقط صيف ذا تراكم مشكلة كرى انتحر بس لقي انو طريقة مؤلم كنسلت بعد أسبوع راح رجع مدرسة انا لي شهر تعامل واحد خارج نطاق عائلة رح اضطر يوم هو اشوف وجه ذيك الي سد نفس اعيش الاجواء لي خنق ابغى انتقل لبيت جديد بلد جديد اغير اسم عاش حدي أنسي كلشي صار حية سابق أكمل حية شخص استاهل انو احبه شخص يتحملني حالة شخص فهم انا ساكت شخص أحبن لاننى انا,sadness,1061
675,اكتئاب شديد حتر تعمل شنو حاجة أهديك فصل بي هو نفس هو فظيعة حاجة ولي شاف هو يوم سوشل ميدي كيف تحاول تهدى شويه تحسى استقرار نفسي موضوع متلف عصب جد حاجة قهر حرق قلب انا جد منى الفاشر رجع دخل هو جيش جد نفسي اقوم صباح خبر دا خبر تحرير هو إبادة دعم سريع عون هو منى موة جثة هو عفن شارع تاكل هو كلاب ديدان منى قبل موة تعذب اشد نوع عذاب منى كان سلام ثرى فاشر ناري استعى كن أرواحنا نورة انكسرت جاء أراد أرض دون أهل هو هو جبل راسي انفجرت نيلنا قام مجدى شامخة غنى سامماء انحدرت نحن سودان إن جار زمان هو دهر اسققط إن هو صبرت سواج أطف نا قصف خضع نا قلبانا طن لها ظفرت دارفور أفق أرف هو راية هو عل حقاء ازدهرت فليعلم عدوون مهما حاول أن كرامة إن اقتل انتصرت حبك يا عزة حبك سودان,sadness,662
676,اكتئاب شعور عزلة حقيقة انا مش عارفة كتاب البوست لي نظر لأن أغلب صب اطفال في كلية نسبة سني بس طب حقيقى أداك شعور عزلة شديد بعد سن معين بقي تحرك بيت الشغل مشاوير شخصية أي وقت فراغ انت مطلب مذاكرة لو مذاكر إلى مذاكرة احساس ذنب في حياة إنجاز عمل لأن آنت إنجاز فتح السوشيال ميديا اكتأب هو مش عمل فيديوهات وستات زي دكترة تاني عارفة عمل حاجة دي ازاى لأن قضى شبابك ذاكر طريقة تفكير متسمحلكش عمل فيديو رقصة تمثيل سخيف كرتيرة مشهد مسلسل حقيقي حاجة دي جد اهين نفسى ازاى كدة شاف فيديوه عيان بيد ريفيو صوت صورة حس هو تحت تهديد سلاح انا جاى تعالج صارن لي فكر في ال شاف هو بس اهو أكل عيش شاف أستاذ وعك اللى هو عارف هو أكر هوا بنية ادمين كائنة حي أمكن أكر هوا نفس هو حرفي مضطر مؤخر هو فتح صفحة تصور جنب عيان هو هو شايل وحة على هو قلب حاجة كدة افتكر هو قال اللى كتب النت كتير دكتور مش لاقى شغل فاضي بس موجة عالي زم وطى ال تاعك قليل ال فاشخ عقلك هو مفروض ورق كويس بس حاسس أن مش كفاية عد لاقى وسة معلومة طبي حالة متعالجة غلط بس شكل هو بس مبروك دكتور آل ده اوفر كورسة تحفة تعالى خد فكرة فكر في هجرة لاقى يمين متطرف شهادة اللى هو مش واثق هو في نفس مش معترف بي هو فكر في خليج عد قعد توزن هل هتقر عاش ال ١٥ سنة جاي غير تشوف اولادك اشتغل طول ليل قابل هو جمعة صبح نص أسبوع هو عمل هو باي باي عشان نازلين مدرسة رجع تانى افتكر ضاع وقت كتابة البوست تفكير أن عندك مذاكرة كتير امتحان هو مش ضامن هتعرف حجز عشان تاخد شهادة مش معترف بي هو غير دولة دي ناصية اللى جنب هو بس اهو اسمك ساعة هو استشاري قرى تقفل كتاب نام صحى متفتكرش حاجة لأن دي مذاكرة اواخر تلاتين أسف عدين تشوف هتعمل صفحة انستا تيك توك هته عشان صاحب سنتر عايز بيدج عشان أجاب شغل محتاج شوية سيطة شوية شوية سوشيال في وقت هو مقطعة السوشيال ميديا أن هو كئيب بوستة يا شغل يا عالم قذر اهتدم معش فلوس كفاية عشان شغل حد هو عشان تصور تمايص قدام كاميرا أسف حياة طويل جدية انا لبس سكراب سرح شعري عشان راح عيادة لأن ال ليا كطبيبة كبير في سن هتب جري را عيالى اللى لسة داخلين بيت مدرسة أو حضانة عشان غدد هو أنزل هو تانى معاي شغل أو دةي وسط نظرة ال حضور افتكر كنت داخل طب عشان عالج إنسان حس حقد موظف طبيعي في شركة برة ازاز اشتغل ٩٥ شاف عيال عايش غير إحساس ذنب في خلفية مخ طول وقت عشان مش فاكر معلومة ذاكر هو سنة بليل مش قادر ذاكر أقل مطلوب رقص قدام مكتب عشان أجاب بنك أو شركة زبان راح شغل تلاقى مريض مصري كره الستات مش حب هو افتكر أن أقل آنت عقم أداة مش زي زميلك رجالة الذي خداد ضعف سعر أكثر شهرة مبيعقموش أي حاجة بس عيان أحب اللى ضحك على حظة أيأس تروح اتصل جامعة لو سمح ادرس أي حاجة تاني زنس كمبيوتر أي حاجة تطلع موظف ٩٥ رد اسفين أنتى ثانوي عام أعات هو سقط بعد عدد سنة ملهاش صلاحية هو اتاخرت طب عنة اسوء قرار أخد في حياتى هو بقى عشان اقوم أكمل مذاكرة انى,sadness,2468
677,داخل مود اكتئاب دلوقتي عشان مفيش شغل,sadness,36
678,هل اكتئاب لي علامة واضح قال أن ده اكتئاب,sadness,40
679,تعبان نفسي جد متشخص اكتئاب حاد دواء مش جايب نتيجة حية اجتماعي يظ حية جامعي رض نفسي أحب أتحب بس انا أصل كار نفسي فكر انتحار,sadness,122
680,قد شغف مش اكتئاب انا استغرب نفسي يوم كان دايم بجر ورا حاجة عشان أحقق هو كان غالب عمل كدا انا طبيب درس اكتئاب اشتغلت أول تخرج نفسي عصبية أنا متاكد مش اكتئاب عندي حاجة كتير محتاجة تعمل فرصة كويسة انا مش مهتم مش مضايق هو مش مهتم أول ممكن سافر محافظة تانيه أو دولة عشان نص فرصة مشكلة مشكلة هو محتاج أكمل حاجة الذي محتاجة كمل شعوري وصول حاجة أعلى هو محق فرحي هو حقق بيدفعني قدام بس معدش موجود,sadness,387
681,انا هدخ نوبة اكتئاب أما شوف صوري موبايل حد مصورني اكتئب لسة حد مورينية صورة ليا جنب هو كار شكل معاقي ناقص معيب كي صغير دبيل شن اللي عندي,sadness,136
682,اكتئاب اشعر اكتئاب قلق مميت احتاج أرتاح أو اتطمن كان زي فراشة طاير أحس آن كني مية بدون روح,sadness,90
683,انا متشخص اكتئاب حاد أخد دواء دا بس سبب ظرف مادي بطل دواء نهائي لأن غالي لأن مجابش نتيجة وكن أخدة مدة خمسة شهر متواصل عاوز اعرف ممكن تاثير سلبي الذي حصل ليا يارت ضروري أزاي أقدر اساعد نفسي لأن مش هقدر اروح دكتور جزاكم اللٰه خير,sadness,227
684,اكتئاب استفزاز مش ترول بس بجد لي هنا ذات تشات بنت لازم تطلع مكتئب عيوطة أسود قصير عيل اندر اندر اندر ايدج,sadness,105
685,رسمة هو عندي اكتئاب قلم فلوماستر أسود عادي علبة الذي هو لون ١٠ جنيه فكرة اني كنت عاوز افضفض بس بدل اكتب أو اكلم شخص معين لأنى فقد ثقة ٩٩ إنسان حولي لأن هو أفشى سري دا واحد سبب اكتئاب أصل حاول متبصلهاش ككتلة واحد فتح صورة أقرأ الرسمة سطر سطر,sadness,240
686,السواقة دمام مسبب لي اكتئاب كيف تعايش موضوع,sadness,43
687,سبب وراء قلة ثقة إحساس دوني علم انا عندي اقلق اكتئاب,sadness,52
689,تعامل شخص اكتئاب كان اعرف إنسان هو مشكلة نفسي بس أول مر احس مسؤولية خصوص تكلم لي أن كيف دهم نام عاد صحى شيء عندي رد هو احتار الصراح هل مفروض اواسي أو أسمع هو أو أيش اسوي حين صرى بس أرسل هو شيء ضحك عشان أغار جوهم قفى أسأل هو كيف حال يوم لأن أحس سؤال هو كيف اتعام فترة صعب الذي مرى هو,sadness,282
690,اكتئاب شو تجربة هو اكتئاب قدرة هو تغلب علي,sadness,42
691,اكتئاب عندي احتقان لقي اهلي طالب شاور مش هعرف اكلها,sadness,51
692,احد أجاه اكتئاب أحس يوم فاضي يوم راحة عشان راح نادي هو أعاني إدمان,sadness,66
693,اكتئاب فيني اكتئاب سبب خبط نومي حية مكركب مو عارف التفى أيش درج الشاور مستثقلة شكل عوذ اللٰه اطالع اصحابي إلى حولي محد مكتأب نفسي أقول هل انا وحيد إلى قاعد اعاني مافيني حيل دراس حااج جا أسوأ وقت إلى فتر اختبار,sadness,209
694,ممكن على صورة عشان عندي اكتئاب,sadness,30
695,شلون تعامل اكتئاب دورة نفسي دمار دورة شيء الي أحب هو استمتع هو عرف شعور قام مرض صار نصك تعبان نص توه متعافي مالك خلق شي شعوري,sadness,125
697,باقة النت خلتني أدخل عالم اكتئاب اشترك باقة سوا شير بلس معروف قسم قسم السوشال نت اللوكال طبع السوشال انستقرام تويتر أتس سناب يوتيوب اللوكال شغل تيك توك ريديت سفاري التطبيقات حلو حلو انا كثر استخدم اللوكال خلص غضون أسبوع أضطريت استخدم السوشال اللي انستا سناب مهم يا جاني اكتئااب فترة الذي راح هو أدخل تطبيق انتمى محتوى هو حرفي زف هو دولة ثاني عنى مو سعودي كذا موضوع هو هو هواش سياسة مشكلة مهم أن تيك توك ريديت أفضل حالي اشتغل عندي زم أشبك هو اختي جالس تعذب نفسي ابالغ هٰذا متنفسي وحيد خلال يوم,sadness,492
698,راء كوليس اكتئاب متدين,sadness,22
699,البنت اللى أسلم مريم غالى مجموعة مسيحي كان بمارس ضغط مظاهرة عشان أمن سلم البنت تانى بعد أسلم حجة هو مخطوفة كدا تم حمد اللٰه اعتقال هو أمن حسب مصدر مسيحي .و بنت خرج وحد هو سلامة أخوة مسلم طاقة مسلم سليمة ورق سليم,neutral,211
700,أجماع هلا الولاد جد صرصار عبرو عشان ضغط مجتمع,neutral,45
701,يا جدعان قي ضغط ماء ابن وسخة مش عارف امسح طيزي,neutral,46
702,عشوائية نيرس عاش ضغط أكتوبر,neutral,27
703,بقى عندي جهد باش نتحمل ضغط نفسي جسدي فهاد بلد شكوى اللٰه,neutral,56
704,هوس ثراء ضغط اجتماعي إم دافع شخصي ليش مؤخر نسبة كبير إنسان هو هوس ليش مو عادي واحد صار شخص عادي هل مجتمع ضغط فرد أو دافع شخصي طموح غير صحي,neutral,138
705,مش فاهمة هو دايم راجل الذي زم طارد خطط دفع لو بنت الذي عمل كده اعتبر هو يائسة احنا لي لحد دلوقتي حاطين رجالة تحت ضغط دور قديم,neutral,125
706,ضغط أهل بنت انا رفض شخص قدم لي عاجب اهلي مر ماعج سبب كثير أهل مايش عيب الذي شاف هو حصل بين هو تصادم لي فتر اتحاشي جلس هو لأن مابي صار نقاش حاد بدون فايد اعرف أن اهلي نهاية مو متشدد بيغص اتزو شخص مو عاجبني مر مرهق النقاش هذي الامور صدق صرت أشال هو مستقبل لو رفض احد مر آخر رجع أدخل دوامة تبرير قرار مفروض أنى انا أمر ناهي,neutral,320
707,ضغط عالة مرحبا يا جماعة كيف تعامل ضغط اهلكم عالزواج انا عمري ٢٣ واهلي شوا فتح معي موضوع زواج أحضر حالي ممكن أي حد وجي طق باب طلب علم انا ضحتل هو نيتي هو أطلع برة بلد أكمل دراسة هو موضوع رفض مطلق هو دعم أبد حكولي هو مربوط زوجك قرار حرام بنت سافر بدون محرم تزوج لو زوجك قبل اطلع هو أيى هو تطلع طبعاا مستحيل أحكيل هو أصل انا زبى عندي حبيبة رح اتزو ناوية لو أجان عرسان أقبل شوف هو أطفش هو عشان ثير شك أهلي ولي مر تجربة مشابه حكى تجربة بليز سمع زواج شكلي هل فعلي نجح تعرف حد عمل زواج صوري تنين تزوج مش لكا عيلة عشان هرب ضغط مجتمع زواج كون زي ممكن كان مثلي مثلي أطلع برة بلد حد هو عاش حياة شكل منفصل قدام عالة مثل هو متزوج,neutral,616
708,مش هتعرف عنى شغل تحت ضغط غاية تيجي وقف هنا صورة تاني لسة هو نجهز شغل ليل معرفين الويترز أن قدام هو ساعة قي هو اوردرات دخل صديق شغل صورني علشان شاف هشم شتيمة مرة دي لأن كري معاهم الحتة دي,neutral,186
709,انا حاسس أن اللي عمي مات عشو حرب استنزاف أبويا الله رحم خلاص كده دا مش طبيعي انا كبوس دولة حجة لبقيني شيت جديد ضغط اعطاب رهيب,neutral,125
710,دي رسمتي عبر حزني هو عمل عشرة عدة ضغط غرفة نص ليل,sadness,49
711,حاجه الرايق قبل ضغط عيد,neutral,23
712,نفسي أدرس بدون ضغط جد اللٰه دي أجرب شعور بس داخلي كلب عشق زنق كلاب,neutral,66
713,كيف اتعام ضغط سن ثاني طب سن هو أول خفيف سيط سهل خلص هو معدل هالسن كمية اللكتشرات غير طبيعي مو قادر ألم منهج مية عندي وقت راجع بدأ ميدات قريب قاعد احس انهيار الكويزات حليت زين لأن بعد كويز ضغط ماد كاتشر أسبوع واحد بس عمري وصل مرحل شعوري فشل حاس هو أبعد درجة,neutral,256
714,ضغط عائلة أنا عمري ١٧ سنة وحيد متنقب عيلة هو اسمع موسيقى أصافح وو حمدلل ربي هداني قبل ثلالث سنة تقريب بس اللٰه عندي ضغط نفسي طريقة عنى نظرة إنسان كلام مشكلة مو غريب أهل أم أب شيء صعب زال صعب عنى كلهم شايفين أنا أكيد حشيل نقاب شيء علاقة جامعة أو احتفال أو أو لازم افتحى موضوع حاول قنعى عادي أشيل عشاني صغير ظهرو دائم متشدد كره هو دائم وضع دفاع أو إثبات وجهة نظري احتاج أي نصيحة ساعد,neutral,381
715,نوبة هلعة سبب ضغط دراسة قبل هو يوم جيت بنام بعد يوم طويل متعب مهلك لقي هو ماني قادر انام رغم محاولة انفجر صياح لين جتني نوبة هلع وجاني تنميل تشنج جسمي طبيعي ضعي طبيعي ضغط دراسة سبب ذا احس خايفة تكرر على مقدر سيطر وضع,neutral,216
716,نشر خبر سابق أم قتل ابن هو ثلاثة فيلا حقر تعليق لام زوج تعجب تبرير هو وجد أيضا برر هو هنا قال أن ضغط زوج هو سبب ذالك دفع هو إلى جنون ذالك ذكر سبب منشور اتضح قتل طفل هو تحمل عدم موافقة طليق هو سداد مصروف مدرسة هو بريطاني خبر زواج زوج هو لمكن أن باع الفيلا عاش بيت متوسط ممكن أن دخل هو مدرسة حكومي ممكن أن ترك هو لبيت رعاية طفل صدقني موضوع أكثر سبب تجعلني أكر النسوية النسوية كره تعدد حسب ،بل كره رجل رجل ارتبط هو أصبح أكبر عدو هو حاول قدر إمكان تدمير إنتهاء علاقة كان جهة هو هو حق تطليق أبد ذٰلك وجد النسوية غربي استمى بقاء قانون تقسيم ممتلكات لأن منع زوج تطليق تخلع حاول قدر إمكان تلفيق أكثر عدد تهمة ضده استمى مصري قاءي قائمة نفس سبب رفع جميع قضية حق هو قانون رفع هو لا وجود شيء اسم عشرة معروف موضوع حقد كر نسوية حاول بقية حياة هو انتقم الطليق حرمان طفل أو تخنيث طفل أو رفع قضية نفقة شكل متكرر جعل موظب دخول محكمة أو بحث رجل جديد اعتنى هو يهم هو تصوير رجل طفل تقتق هو منع رؤية هو تريه غريب ربى هو أكبر مصيبة حصل هو لو طليق زاج جديد نظر هو وجب موى زواج أصاب هو جلطة أمكن أبد كرجل تزوج أو عشق أو اقترب نسوية لأن اختصار شديد صنع عدو موضوع ليس بيدك ،ف مبرمجة الأيدولوجية حقير عداوة هٰذا البرمجة موجود غالب بداية زواج أو بعد حصول هو استطاع تقديم هو سكة طفل على هالي مصروف بعد هو أصبح عدو حاجة لٰك توقف وجب تزيحك طريق موضوع مرض عقلي هٰذا حادثة أسف مثال نتيجة مرض,neutral,1257
717,زواج بدون ضغط معيار اختيار زوجة أشوف تقبل شخص أكثر أن هو وش اشتغل أو هو راتب عشان ترتح هو راع بعض أصبر عندكم هدف مستقبلي ساون هو بعض عشان كذا اسم شريك حياة زواج صحح احس ذا نوعية نادر مرة مجتمعنا,neutral,194
718,ضغط شغل بعد امتياز بقي أطول شفت ممن أقعد لو أكتر ٢٤ ساعي تطبق بنت,neutral,65
719,ازاي تعامل ضغط دراسة انا لازم ترم ابقى قليق قلق مش طبيعي امتحان أن مذاكرة كويس حاول مبقاش مركمة مذاكرة بس برضو يوم قي خايف اني مجبش درجة كويسة أو أفشلا ازاي تعامل ضغط,anxiety,166
720,حسابي انشر رسم هنتاي وذا سبب لي ضغط خائف نشر شي ثاني هل تشجيع,anxiety,61
721,كيف أجه ضغط أهل مجتمع هل فكر هجرة أعرف كثير مثلي مجتمع عربي واجه صعوبة كبير خاص سبب ضغط أهل زواج أو تغيير حين ضغط وصل درجة شخص فكر هاجر أو هرب لو أحب أهل احترم هو سؤالي كيف تعاملة نوع ضغط هل قرر هجرة هل دعم مكان الذي رحت أحد هاجر أو انتقل بيئة أكثر تقبل يالى يشاركنا تجربة كيف بداية كيف أثر نفسي هوية نحتاج نسمع قصة حقيقي ساعد أعطى أمل,neutral,335
722,عند كمان توتر أي تعامل إنسان غريب أخلى ضغط لو باين عليا برا اني هادي تجنب تكلم حد خليني دايرة صغير الي عرف هو زمان أو قرايبي بس قي نفس وقت بقي نفسي أن اقرب صحاب ليا بقي هو كمان انا وحيد إلى حياة هو أو مش شرط وحيد أقصد أن ابقى اقرب واحد لي هو والي عمل معايا مش عمل أي حد أو مكانة قريب نفس درجة انا أصل مليش غير هو عنى انا بغير صحابي قريب مني اوي هتسألني طب صحابك الي عرفة هو عرفة هو ازاي انتي كدا انا أعرف هو سنة هو أصغر مكنتش إنطوائي زي دلوقتي معرفش انا كدا عندي مشكلة عادي انا صرح موضوع مدايقني,anxiety,495
723,ضغط إتجاه مفيش جانب واحد مريح,neutral,29
724,ضغط دوام نجن هلا مين ود هو تحلط مم دوام حياة نخرج سلبيه,neutral,55
725,جماع عديتو ضغط ثانوي عام ازي,neutral,28
726,جهاز ضغط قياس أكسج جهاز قياس ضغط دم إلكتروني جهاز فحص أكسج دم أجهزة جديد استعمال سهل طقم كامل بريال,neutral,99
727,ضغط هائل ناحية اني اتزوج سلام على هو حبيت اتكلم حاجة مسبب شبه اكتئاب زواج انا عمري خمسة عشرون حاس ضغط مو بس امي ابوي بأى شاف حفيد هو بس إصحابي متزوج ملاء عمل انا موقت ماني حاسس أي رغبة زواج إني قاعد افكر هٰذا عمر حاس اني خائن فطرة إنساني هل شي طبيع,sadness,248
728,ضغط انا خلاص آخر سنة سنة خامس إذن الله ربنا سهل جامعة خرطوم خصص علميوخلص هو السمستر اونلاين شاء الله امتحان غالب شهر ١٠ انا عايزة ارفع معدل أقل هل قدر معدلي سنة رابع هل أمل امتحان هو حاتكون السمسترين انا ضيع وقت ماعارفة هل حا أقدر حق لالأ أقر باق لي اسايمنتات تخيل مشروع تخرج بس آن فكرة هو حاسة مستحيل حق خلاص وقت فات هل زولة زي حالة وانجز,neutral,339
729,بقت شرط تقديم ركوب المترو عرف عمل تحت ضغط,neutral,41
730,طباخ تمر ناوي طبخ هو قدر ضغط,neutral,28
733,ضغط كفرة سلام على هو يا شب انا عندي سيارة كامري صاير أطلع دوام صبح تولع مب هو ضغط كفر صفير بس نص مشور راح هل ذا طبيعي حل علم قبل هو فتر شيك ماهم ناقصين هواء شي,neutral,159
734,اعتقد أصبح جلي أي طرف نوى دخول في حرب إسرائيل وجب كان شرس هجومي أكثر دفاعي أضح ليس زمن تكتيك دفاعي سبب صناعة عسكري حديث صهيوني جلس طاولة قدم تنازل تحت ضغط إيران حزب اللٰه كان وجب أدرك مبكر سبب رئيسي في خسارة إيران حزب اللٰه كبير هو إعطاء هو إسرائيل مبادرة في مرة في مرة إسرائيل هو حدد قاعدة إشتباك رفع سقف خفض سقف طرف آخر الكاد حاول مجارة هو بعد تلقى ضربة أول وجب رأى لاعب إقليمي إسرائيل حقيقة هو الذي حاول إخفاء هو يوم حيوان هائج عنيف عنصري اكترث حياة آخر عموم عرب خاص,neutral,469
735,ازاي اعرف لو ضغط دم عالي حاسس دماغي مش تمام حركة كي مش سلسه,neutral,59
736,سبب أساسي ارتفاع ضغط دم وعلاجه,neutral,30
737,ضغط مشروع تخرج ممكن مشروع تخرج خلص أقل شهر إذا ضغط نفسي انا مسوي حد أسف ضيع زمن سبب هو مشتتة ضايعة مابين مذاكرة مشروع إشياء ثاني أقدر حق عمري خلاص,neutral,146
738,مقال تحدث ضغط دم مقال تحدث ضغط دم وطرق قياس صورة مبسطة,neutral,54
739,ضغط سيرفر شبكة أقعة ولسة جاية منطق عبط لو الهى حقيقي الكون دلوقتي هيشويكم المسخرة الذي قال هو على هو,neutral,100
740,الذي جرب قدر ضغط كهربائي احتاج رشح لي عطان رأيكم نصيحة هو انا ساكن حالي توي أبى ازبط كبوس مضاغيط قازي ممنوع سكن,neutral,111
741,آبل سبتمبر غير قاعدة لعبة ساعة راقب ضغط دم,neutral,42
742,فين ضغط تالت ثانوي الي بيقولو على محدش مهتم,neutral,43
743,الغبي ضغط ستارت فاهم هو قرأ شرط أحد بده عمل إشي فكر فكر زيادة قبل حكى قاس كلمة قبل تحمس حسب تكليف قبل أحب راجع نتيجة علاقة الذي عاش هو أصل مش جبان بس واعي أكثر لازم عرف نهايات طريق قبل خطا عرف وين أضعف حماسة وين انقلب وجه وين بلش وحدة مشى معك بدون طلب هو أوقف سكت تحول شخص تفرج شخص عاش نظري تخيل تجربة خاض هو حسب احتمال بس عمر لعب إنسان الذي مش فاهمة الذي داخلة إشي مش داري شو عنى أصل إشي هو اللي عاش ضحك غلط حب غلط بيفل بس بيرع أغرب حين زبط هو أصار هو ناجح هو الذي صورة هو واقف طرف أهم إشي بس مش موجود مرة ضرب هو حظ همس نفس هو كان عارف هو رح زبط بس نسى هو زبط لأن هو كان عارف مشكلة مش ذكي زيادة هو واعي زيادة عم استخدم عيك سجن هو هو محكوم على تحليل بدل فعل فرجة بدل تجربة بقاء ثابت لأن شايف احتمال عاجبك واحد هو بس شغلة صغير نسي هو ال لعبة هاي مش معمولة إنسان الذي أهمى هو لعبة معمولة إنسان الذي عب هو لو خسر لو وجع أقل عاش هو هو شو عمل غير قرأ تعليم نسى ضغط ستارت هو ضغط ستارت لسة تقرأ شرط,joy,891
744,أنا ترانس مان هو بداية طريقي علاقة جدي بنت إحنا ناويين نتجوز بعد أوراقي تغير رسمي حالي ضغط كبير أهل هو خصوص جواز ود أثر على هو نفسي حاول نلاقي حل مؤقت ساعد هو نتخطى مرحلة دي غير صدام أو ضرر فكر كان مفهوم طرف أنا ترانس مان هو بداية طريقي علاقة جدي بنت إحنا ناويين نتجوز بعد أوراقي تغير رسمي حالي ضغط كبير أهل هو خصوص جواز ود أثر على هو نفسي حاول نلاقي حل مؤقت ساعد هو نتخطى مرحلة دي غير صدام أو ضرر فكر كان مفهوم طرف عنى زواج شكل أو واجهة اجتماعي غير التزام عاطفي أو معيشي مجرد اتفاق واضح حمى ضغط مجتمع أو أهل لو حد مجتمع ال بيمر نفس ضغط محتاج نفس ترتيب أو مش بيدور علاقة بس محتاج حماية اجتماعي ياريت نتكلم نشوف لو نقدر نساعد بعض نبني اتفاق شكل آمن محترم طرف تواصل بس للناس اللي فاهمة معنى تفاهم حد مش حابين دوشة أو درام,neutral,719
745,كيف اخفف ضغط الأوريا سمعت أن دوام الكلاسات الأوربت طويل جد متعب دي اخفف نفسي باني أسكب بعض ليفلات دي اسكب الاوريا كامل بس أبغى أخفف نفسي كيف,neutral,140
746,كيف عامل ضغط أهل زواج مرحبا عمري ٢٨ سنة عايش اهلي صعب استقل هو حالي كون الي دخل ثابت مهم هو بلا ضغط موضوع لا زم تزوج ندور عروس الك عم حاول ارفض فكرة أخر هو قدر مستطاع بس خايف بيوم يوم الاقي حالي مجبور زواج بدي يوح كيف تعامل هو اهلكم هيك موضوع,neutral,242
747,أصعب بروجيكت أو ضغط مرتيو بي أصعب روجيكت أضغط أو حصلك ضغط نفسي أزاى كنت ذكى,neutral,75
748,عندي يوم أسكندري افك ضغط شغل حياة أعدوني حاجز يوم ندق اسكندرية محتاج اعرف خروجة محترم المش محترمة اللي أخرج هو أكل جامد فيين,neutral,124
749,أحب أجاب ٥٠ ضغط رفع ١٠٠ كيلو بنش بريس كذا عدة,neutral,45
750,صورة عصر أوسط الحدثة دي هو مجموعة مصايب مركبة هو الاهالي المحجبات اللي شايفين الغش عادي وحق مكتسب هو مفروض متدينات المصيبة التانية التحقير مراقبة كون هو مسيحي تقال هو يا مسيحي يا بنت وسخة المصيبة تالت أن موضوع اتحل بعد ضغط داخلي شخصي اللي منوطة هو جبل هو حقه,neutral,258
751,المستربيت ضغط توتر المذاكر افشخ وقت مستربى حرفي فكك ضغط توتر غير متعه الارجازم مش قادر إنسي مر كان ذأكر هو اقلع ارفع رجل مكتب امستربيت كسم المتعه مر هل انا حد لي هو,anxiety,164
754,ضغط حقوقي راهن إحالة مسطرة جنائي محكمة دستوري,neutral,45
755,ضغط مجتمع صلع وراثي انا شاب ال عشرون عمري عندي بداية صلع على أرجح راثي لأن صلع عندنا عالة عنى فترة أخير ابتدي ظهرل محتوى تاع علاج صلع وراثي بدأ بنتشر أكتر على السوشيال ميدي نسبة كتير مصري ملك جينات صلع ابتديت اشوف انعكاس دا صحابي عرف أن ناس دفعة بدات زرع شعر المثلثات ناس تانية استخدم المينوكسديل الفيناسترايد حقيقة أن روحت أكتر دكتور قالولي استخدم مينوكسديل بس انا رفض علشان مطلوب مني استخدم يوم مدى حياة علشان الاعراض جانبي لأن عارف أن أي محاولة محاربة طبيعة الجينات الاغلب هتفل وقت هو تضطر ازرع شعر مثل لو مش قابل ضعي مهم عنى الاخذ حسبان أن سبب السوشيال ميديا مظهر شكل الرجالة بقت مهم جد انا عموم شاب مش مصنف عنى سيم انا شكل عادي جد كمان طولي بس عنى بس مهتم لبسي نضافتي صحتي عامل جسم محترم الحمدلل عنى هل قي لو فضل مستخدمش منتج الذي منع صلع هينت بيا موضوع أن الاقي ال بتاعي واقع وسط مجتمع الذي قي أغلب مش على طبيعة,neutral,817
756,بدور على زوجة تحميني ضغط أهل إنسان,neutral,34
757,ضغط ثانوي طلع فالايديت,neutral,22
758,صوؤة منتدى أجاب ضغط نفسي أكثر مصاعب حياة,neutral,40
759,كمية ضغط طبيعي وصف مشكلة حل هو حالي مشكلة هو بدك تقدم بدك تعلم بدك تقرأ بدك لعب رياض بدك حياة زبط بس مشكل وقت عاد كفى فكك مادية عنجد وقت عاد كفى طول يومي قضي شغل هوا هو إلى هيك حد غيري ليش كلشي صار سريع الأ سريع على هو نحنى بس شرق أوسط حكى رفقاتي بر اللٰه حياة هيك ٪عنجد أنا عايش عبودية ١٠٠ عم أحال أطلع حل فكرة طوق نجاة أخى لٰك عاد بدي حل بدي طوق نجاة أكمل يوم غريوب شي غريب شأ غلط شأ مشى صح تفتيح عين البلكون أشوف منظر العماير العشوائيه لحد آخر ليل أوصل طريق بيت إلى أغلب مظلم عواميد كهربا شغال خط مواصلة منتظم عشوائيات حرفي يوم عبارة عشوائيات مشكلة,neutral,551
760,مسرحية ضغط فتح باب حرب سياسة صل طريق مسدود اللي عم صار متشددين أي شي فوضوي هية عملية استخباراتي الذي سمع هو فيلم ثائقي بعد سنة غرض غالب ضغط سياسي كيف عنى سوريا قال أميريكا منقبل هاد شرط هداك شوف آخر تصريح الشيباني شوي عالعربية شوي قول تعو نوقع معاهدة سلام كخ است جولان الحمدلل حكومة مو متهورة لو هو بليدة الله ستر طبع بس مجرد أداة إنسان تاكل طعم هولة قصد مو عفوي,neutral,362
761,حالة كويس سا عايش ضغط انا شاب دخلي كويس مستقبل نوع مرسوم حظي حلو دني عندي الذي ساعدن لو وقع مريت ظرف صحي صعب جد فتير الذي فات جالي هو دلوقتي افضل بس لسا عايش قلق توتر لأن عندي مرض وحش معرض تعبب تاني أي وقت أما أجى انام بحس هو هتع تاني قبل محقق حلمي هوا خروج مصر حاسس ديما بحس أن المجهود اللي ذٰله هدف ممكن أضاع حظ لو تعب حاسس أن اهدافي طارد هو ديما مرض متربصلي مهما أحال اجتهد ارجع حية قبل متعب حاسس مش كفايه,anxiety,408
762,فترة أخير أحظ كمية ضغط نفسي قوي على شب فتاة مقتبل عمر صفة لايف كوتش مستمع جيد مستوى احتراف أقدم مساعدة آخر مجان وجه اللٰه خصوص مقتبل طريق نظر غلاء سعر متداول مهنة شكر,neutral,166
763,العياط ضغط شغل آخر شهر حية حصل هو حاجة صعب سيئ كتير مستوى عام مستوى شخصي غير شغلي مرة أقل شهر سبب ظرف خارج ارادتي انا بقي طول وقت عيط مش عارفة أنام حاس أنى ضغط أقل حاجة انا تغلل قالي سنة أول مرة أجرب العياط حمام شغل ضغط زعل خنق حاج طول وقت أناك أتاكس نفسي ضاق دوخة خوف عايز أهرب علم حاجة كتير كويس مكان أعمل انا طول وقت تعبان مخنوق خايف مش مستحمل أي حاجه,anxiety,354
764,طول عمرى عايش في ضغط قرف مقدرتش الذي أفرح يوم واحد كفاية بجد انا بقي أذى نفسي مش قادر,joy,85
765,صحة سعى إنقاذ مستعجل مغرب وسط ضغط كبير,neutral,38
766,مبعرفش اقيس ضغط زي التايتل قال كده انا سنة خامس حاجة سيط زي دي مبعرفش أعمل هو حد قولى قيسيلي ضغط بحس قلبي هيتخلع مكان هو إن قام قيامة حاول قال الذي سمع مرة قال تقريب مبقدر ركز اجيب قراية الذي صوت بدأ هو ظبط نسى رقم معناه واطي عالي نسى أن ضغط ١٢٠٨٠ مرة قالولي جهاز أعاك بايظ ودى هو دكتور عيادة مبيقيسوش كده مش عارف مشكلة مش بس ضغط مشكلة ممكن شاف هو مبالغة بس مخلياني بحس اني هبقى دكتورة أي كلام هو مش شاطر درجة جيب هو حظ حاجة وحشة كتير اوي بحس هو تجاه نفسي قالي سنة منبع هو رئيسي موضوع ملحوظ رضو انا مش مبحوولشٰ تعلم انا حاول كتير جد مصدر كتير عنى نظري مش صعب بس اهو لو حد مصدر تعلم قال,neutral,585
768,عندي ضغط نفسي عالي جد انا فريلانس قالي داخل على سنة سبت شغلي بدأ حمد اللٰه خلال شهر ربنا رزقني كلاينت أقال شركة ضخم عنى شغال معاهم لحد النهاردة ساعة هو هو عندي عالي جد أن يوم صحي صبح مش عمل حاجة غير شغل الذي تبع الكلاينت دة واوقة كتير أبقى شوية خلاص طول وقت دار دماغي فكر حاجة كتير بس مفيش تنفيذ أحط أقول هو أبد شوية أرجع تلني معمل حاجة مفروض اني أعمل عشان أجاب مبيعات تاني أجيب أعمل نفسي اعمل دلوقتي انا عايش على فل الذي أجال الكلاينت دة تجديد معاه سنوي فلوس حمد اللٰه كتير معايشاني بس فكرة ال اللي العايش على واحد عملالي تخنى جد وي وزني أكتر ٣٠ كيلو نام قرب فجر صحي مش قبل ١١ دلوقتي انا حاطط ال اني اروح الچيم أخس عشان أبقى شكل كويس وانا قابل كلاينتس معنديش غير بدلة واحد الذي لبس هو تخني صحي يوم لأن وقت نفذ ال أجال ضغط شغل الكلاينتوبيأثر على ال تاني هتقوللي اعمل انا اكتر واحد دني هو صغير أنا دي طبعة مبقتش عارف مفروض اعمل حاجة محتاج اعمل على سوشيتل ميدي عشان إنسان عرف محتاج اكلم إنسان أعمل ال اللي عندي بقي اصحي يوم صبح متعذب مفيش شغف اني اعمل أي حاجة فضل سرير لو نزل اشتغل شوية رجع بليل أفضل سرير مسحول على سوشيال ميديا الذي بيمر أو مر زيي تجربة دي قولى طلع هو ازاي أو حل عشان انا حالي تعبان جد نفسي,neutral,1106
769,ضغط شغل انا حاسس اني مضغوط اوي نومي قا مش كويس بففش غير شغل عميل تأرج خرج أو عمل أي حاج هو قا مش قادر تكلم أو عايز ابقا ساكت ردو فكر شغل أو تشيكي أيميلات انا عايز أفصل الذي تحرق بس مش عارف اعمل هو ازاي وف نفس وقت انا بحب شغل بحب اشتغل بس يوم أجزو مبفصلش,neutral,253
770,تجنيد ارتفاع ضغط دم رجال انا عندي ارتفاع ضغط دم تحول مستشار قلب حلمي الذي حصل نسبة مستشار قلب هل اهتحز تلا يوم هل أعفى,neutral,118
771,ضغط صورة تقليل حجم صورة أداة ضغط صورة متقدم مجان,neutral,48
772,ضغط نيابة تحضر نباطشية ساعة ازاي عنى تفضل فايقين الذي ازاي كان مركز هل اختلف باطنة جرية,neutral,87
773,بوت حجز أرض مشروع سكني تم طرح أن سبب ضغط موقع تعذر حجز,neutral,54
774,ضغط نفسي انا تالت ثانوي باق على امتحاناتي شهر هو ضغط أن انا وحيد امي أخواتي نقل سبب أبويا إلى مطلعش راجل بدون تفصيل انا نقل أول مر أحس بي هو هو دايما كان ثابت بس ده سبب تغير الي جه فجاه مبأت عارف ازاكر مركم منهج مبدا أوحب أخاف اني مكوش مسؤول أمي خوتى بنت عايز عوض هو أن هو اتابددلو كتير عارف أن مفيش تعويض زي نجاح الفلوس افسحهم كد خايف اخلص الاقي مرتبي ٢٠٠جني عايز اطمن حد قولى على شغل أو مهر تعلم هو سرع عدى ال ١٠ اشتغل كلي حتي لو هدل هو ١٨ساع أهم حاجه اطمن على مستقبل أخواتي حتي لو هيا بديهة هو طموح هزود نفسي,neutral,511
776,مشرف سابق كشف خبية دورة ليلا بلوغين عود كاذب ضغط نفسي نجاح أقل مئة ياسين مشرف سابق مجتمع دورة ليلا بلوغين أدار هو محمد صفرواي قرر أخير كشف المستور مراجعة صادق شامل شارك تجربة حقيقي داخل دورة ليس بدفعة انتقام حصل فعل استرداد مال بل لأن شعر حق إنسان معرفة حقيقة تحدث نوع شخص جذب هو دورة محترف ويب باحث استقرار مبتدئ كامل تم بيع هو حلم نجاح سريع طالب أو موظف حاول توفيق دورة حية هو يومي هو وعد شيء واحد نجاح مؤكد ياسين قال حقيقة مختلف تمام حسب رأى أقل فقط حقق نجاح فعلي قليل نجح تم عرض هو مكان كدليل منهج نجح غالب كان لدى هو خبرة سابق أو استخدم أسلوب غير نزيه مثل سبام تلقائي باقون بقى تائه محبط أوضح منهج داخل دورة معطوب أساس اعتمد غالب إغراق فيسبوك منشور جاهز كل نسخ ألصق نفس نص نهاية التقط خوارزم سبو نمط بدأ تقليل وصول نتيجة تدهور بدل تقديم دعم تم إلقاء لوم دائم طالب تجرأ طرح انتقاد تم حظر رد مال هو ليس كحل بل كوسيلة إسكات ضرر نفسي حقيقي ياسين قال رأى شخص غرق دين تدهور علاقة هو أسري بعض حالة دخل حالة اكتئاب دورة أضاع فقط مال هو بل استنزف هو نفسي عاطفي نهاية رأى ياسين مشروع قائم أمل كاذب تلاعب بعض قصة نجاح نادر جذب ضحية جدد إبقاء هو نفس دوامة شاهد الفيديو كامل تفصيل أكثر دليل شهادة صادم موديراطور سابق دورة تدوين صفراوي ليلا بلوغين,sadness,1138
777,عمل بعد ضروري مرحبا انا عندي ظرف اجبرن انتقل إلى مكان آخر معيشة عمل بداية كان ممكن وخل اشتغل بعد فجأة قال لي أن قانوني صار بعد فترة ماقال لي بلى ممكن هل امل ألقى عمل بعد براتب جيد مايكون حالي عاش مرحلة صعب أن لابد ادور بديل لحد آن مو لاقية شي,neutral,242
778,هل طريقة أونلايو عمل أقدر خلال هو حصول ١٠ ألف جنيه فوق انا كان شغال مسؤول تمويل شركة قرض استقل هو سبب هو ربا كدا حالي عمل هو متزوج يجيلي شركة تاني نفس تخصص بس مش عايز أرجع شغل دا تانى فيارىت اللى قدام طريقة أقدر خلال هو حصول ١٠ ألف جنيه هكون شاكر جد ليكم,neutral,254
779,عمل رجل تخصص نساء هو قلب على هو بوك قابلني صورة دي كابشن لي هو حق تعليق منقسم مفروض محل ملبس نساء كان عامل هو نساء لي هو رجل عمل مجال زي ملبس نساء خصوص لو داخلي على سبيل مثال زي عيادة مرض نساء محل مسحوق تجميل غيرو متطلبات نساء سؤالي هل تواجد رجل محل أو مكان خاص نساء متعلق هو مقبول نساء طب نسبة زوج رؤية هو موضوع لو عمل امرأة مجال دي مطلوب ديني فلي ظهر دعوة إهانة امرأة عامل,neutral,374
780,مظاهرة اجل تثمين عمل امرأة بيت ممكن شي شرح رؤية كامل هاد موضوع حيت إيلا هاد مطلب موجه دولة لي تخلص هو فر برافو لي هو هاد مطلب أما إيلا مقصود دولة حط قانون رجل لي ايتزوجو باش أولى خلص هو فرا نهار نهار انتأكد هو بصد باغ ضرب منظومة أسرة زواج خلى رجل متردد زواج لي قرار صائب حيت مابقا رابح منو الو غير صداع رأس,neutral,306
781,فرصة عمل ازيكم شبب يارب كان خير بداية انا معي فرصة عمل طبع كم بجد على مدى قريب بعيد هتحق مبالغ حل مصري شغل مفيش اسهل تحويل كان طريقة الي هو عايز هو عميل أو ليدر محترم شغل ساطة كان اشتغل ضمن فريق عمل على تطوير ذكاء إصطناعي إشكال اشتغل شركة أجنبي الشغل محترم جد مجزي عبارة تفريغ صوتيات اللغات تسجيل صوتيات اللغات ساعة كان تقييم محركة بحث وساعات نشتغل بشة جي بي تي والريت تاع التاسكات كان دولار حول هو الفلوس عملة الي انتوا عايز هو غير كدة قبل شغل بينزلكم شرح إنسان إلى هو لغة هتبقا متميز قوي شغل زي ده انا ليا تجربة اشتغلت ألليدز دولة حوالى ١٤ تاسك إلى آن حقق حوالى ١٢ الف جنية على مدار شهر طبع مبلغ حكم اني بدري عنى مش فاضي أنتى قدر تعمل اكتر ودى هو ١٠٠ مرة تشغيل دماغ بس محتاج إنسان صبورة مش ضعيف اول شاف لغة تطلع جرى شغل اهبل خالص ملحوظ شغل مش محتاج مهارة خالص بس محتاج دماغ تقن فقط غير,neutral,787
782,أفضل قرار فعل ترمب فيزا عمل أمريكا تكلفة هو ٣٧٥ الف ريال سنوي هل طبق عندنا آن فيز طاق عمل أمريكا تكلفة هو ٣٧٥ الف ريال سنوي عنى تقريب ٣١ الف ريال سعودي شهري عندنا تقريب نفس نظام رسم إقامة ككن هو قليل جد مقارنة فقط ٨٠٠ ريال شهري هل اعتقد لو طبق مبلغ اعلى حفز تاجر جشعون توظيف سعودي راتب اعلى تدريب خريج استغلال اتما التكنلوجيا رفع إنتاجية تالي رفع ناتج محلي زيادة دخل حكومي ضريبة نقضي بطالة تسرب مال خارج دولة الزحمات غير منطقي جريمة تخلف المصاحب بعض إنسان الريحة الخايسة المترو,neutral,477
783,بعثة مصري نيويورك عشان بس لو مش فاهم قصه بداءت ازاي أمن مصري عمل مين اللي طلب شرط عشان احتجاز طفل ١٥ سن بعثة مصري نيويورك عشان بس لو مش فاهم قصه بداءت ازاي أمن مصري عمل مين اللي طلب شرط عشان احتجاز طفل ١٥ سنة,neutral,208
784,سؤال بنت هل لو فعل عيل شمام أو طلطجي عمل نوش أو عاكسك انتي خطيب أو جوزك هتعوزي راجل الي معاكي ألم موضوع أجاب حقق علشان انا غالب هعى أخرب هو بس بس بيبقي خطر كبير على الي معاي ملحظ سؤال علشان اعرف تفكير أغلب بنت مش اكتر لٰكن انا عارف انا هعمل اية,neutral,244
785,عالاقل حجه قدام ربنا عمل فلسطين قال تقريب سنة نصف شوي جدد حبس قولي رايك حكومة حكومة هو كلنا,neutral,91
786,زميلة عمل تحول كابوس أول شهر لي دوام زميلة غريب شوي بداية رمى على كلام تصرف طريقة مو مريح بعد فترة اكتشف هو أصل منبوذ مكان مطرودة وكانت بس كمل فترة شعر غريب هو فجأة تغير وصار هو طيب إنسانة افضفض لي يوم اشتكى إنسان غلط وحيد صحح صراحة شوي حسى اني عطف على هو شوي وكنت أسمع هو أنصح هو أكثر مرة علم هو أكبر مني أكثر ١٥ سنة خلال شالش صار لي موقف كثير هو هو هو قنع أن شركة سيئ على هو مشكلة قانوني إنسان انطرد هو يوم حن وزن راسي عشان استقال قبل انتهى فترة تجربة عشان كلام هو تورط هو تذكر موقف وقت هو أنسى كنا نطلع بريك انا ويى هو وجى هو حدة زميلة قام صرخ على قال ذو جأى هو ماني جايه هو وقت هو انفجر قهر أول هو عزم بنت أصل ثاني لأن موقف محرج وقلة ذوق قلل هو قدام كل توكلي مو جايه قعد هدد بعد هو بدأ أشوف وجه حقيقي هو أكثر مثل موقف آخر بعد الذي خلاني نفر هو أكثر هو مرة شافتني اتكلم زميل موضوع خص عمل فجاة عط هو ضعية هو قفطة هو قال هو انا عارفة وش ساون هو لو تأدب وصل كلام هو عنى تخيل تكلم قدام كل تهمن قلة حي مسوي نفس هو صديقة مشكلة عارف أن إشاعة هذي أكيد توصل أهلي حكم أن نشتغل نفس شركة عنى فعل حسي هو حقير وقت هو مشكل هو بعد خلص فترة إشعار هو طلع شركة صار اتصل على يومي تبين جلس أتكلم هو مغرب ليل هو نوع الذي أحب أمسك جولى كثير أو طول السوالف فوق أغلب كلام هو سلبي تكلم إنسان الذي شركة هو زال اشتغل تشوه صورة هو قدامي هو بعدين اضطر جلس ساعة نفس شخص هو شايلة كلام هو راسي صرى أطنش شوي يوم رد أرسل لي فقرة طويل تهمن هو إني أخذ مصلحة سحب على هو خلاص صار مالي مصلحة صرى تكلم هو هو رديت وقل هو صراحة أل مشغول هورة لا زم تعود هو مو إنسان الذي تواصل كثير قبل كذا قلت هو أكثر مرة جلسة هو صار سلبي أن هو دايم تكلم إنسان بس تقبل آن درى كيف تعامل هو حرفي نشب لي نشبة كره هو نفسي كثر ضغط على طريقة هو سامة انا عارف أن عضكم قال لي هو غلطان لأنى عطية هو وجه بس را انا أخذ عطى معي هو ذاك زود ثاني انا توقع هو إنسانة طبيعي طلعت مجنونة كلام هو تهديد اتهام أبلى خلق اللٰه كبير سن مو صغير تخيل مر قال هو لو اضطرى اجي اتكم عشان اردى على بجي,neutral,1813
788,بعد متحرش أون زا ران عمل فيديو إزاي فيديو تحرش أذاه نفسي منة جبران خرج بوست أوضح هو تتبع هو مدى سنة الذي فات كلام البوست تاع هو متحرش اون زا ران حصل كنت ماشية شارع قي واحد ماشي رايا طلع رأس الشباك ابتدى تكلم هو جاهل كأني مش سامعة حاجة بدأ زود كلام رح بصيت بصة انا مش مهتم امشي كمل ماشي عادي بعد هو مشيت سرعة بدأ أحس عدم أمان حد بيتابعني دخل سه راي دخل سوبر ماركت جنبة استخب جواه توهى عشان ميعر هو عدى قية زحمة طلعت تاني عشان راح بيت قية راكن عربي واقف مستنيني ساعة هو خفت فقمت مصوراه موبال عشان بطل مطاردة مش زاي تقال انا حاول اتعرف مشيت سيبة هو رفض مشي بس عشان انا بصور عمل هو قدام كاميرا جينتل ساعد هو بعد هو جاب الاكونت تاعي عتيل فويس نوت انو بيشكورني اني صورة هو أحلي ٢٦ ثاني حياة أن الفيديو ساعد عمل علاقة صحاب متأزاش حاجة على مدار ال سنة مكمل رسايل ٢٠٢ ٢من انا محمود سليمان إلى هو صورة بعد أذن كلمني عايزك مصلح حلو جد لو أنتى حاب تعملي فل شهر ٢٠٢٣ مش ده رقم تليف انا رقم معايا تاني يوم صورتيني الفيديو مفكر الذي اتصل بيكي علك هنا عشان دماغك متودكيش أي حته تاني معاي ٢٠و٣من احنا ممكن نتكلم زنس مربح لينا احنا الاتنين أنتى هو مشكلة ألغى موضوع أصل بعد هو احنا محتاج تقابل ١٠ دقيقة عايز أعرض عليكي فكر زنس حلو مكان وقت هو اختار عجبة خير برك معجب خلاص اعتقد مخصرتيش حاجه ملاحقة تحرش تخويف الاصرار على تعرف إجبار هو على دخول مكان احتماء انتظار هو خارج تحرش,neutral,1256
789,طفل المعجزه الي عمل سله زبال اوتوماتيك انا وحيد الي حاسس مش مستاهل مش غير حاج بس ده مودلة أي حد ممكن عمل السله دي نص ساعي بس,neutral,124
790,انا كان عايز اعمل أنكيك بس طلع معاي عمل سفلي,neutral,44
791,لو جي ترجم عمل سعودي نص مكتوب شايفني حمار عندك كيف ترجم هو هل كان ترجمة مثل قسم أول ثم أوضح أن حمار معنى هو غبي عرب هدف استعمال ترجمة ذو عشان أوضح أن تشبي مبالغة سخرية مستعملة جملة لأن بعض مشاهد حبى تغيير المحتوى طمس تفصيل قسم ثاني الذي ترجمة المعنى خبير اللغتين أو مهتم عمل راح قر ترجمات بيدري أن تشبيه ساخر موجود وذا فقد جملة سبب وجود هو,neutral,339
793,بنت تهور كلو عمل فيس ريفيل,neutral,26
794,بغض نظر كرهنا لي بس عمل إنجاز حاج بجد مش أي حد قدر عمل كفى نقذ مليون شخص إبادة مش دخلنا حرب شرموط,neutral,97
795,غداء عمل زميلة مقدمة هلا سهل جميع هذي أول مر اكتب بوست ريديت وكنت متابع سب فترة ماكنت اتوقع أبكتب شيء صار لي موقف غريب حقيقة مستغرب خلفية انا حديث خرج أعمل أحد شركة عالمي رياض في موظف شتى دولة اللهم لٰك حمد وظيفة جد ممتاز معجب هو لولا هو مرة أخذ يومك صار لي سنة هو فعرفت نظام هو أسلوب هو كأي بيئة عمل جانب نسائي أبسط حق هو ذا شيء انا أحب انخرط هو كثير كلمة ورد غطاه فماشي حال سبيلي احتكاكي هو قليل مشكلة أحد يوم أسبوع ماضي طلب مني وحد خوت هو منصب مدير اني سعد هو شغل معين هو أيضا اخت آخر كلنا سعودي فكان فريق عبارة أختين أنا هو اشتغلنا طول يوم ذيك شغلة معجب شغل الذي وين هو شكرة هو غريب أصر ضمن شكر هو هو عزم هو غداء بر مكتب يوم خميس انا أمانة رح اتغد بنت دوام ناهيك هو حالي معاهن حاول هو اتمل أعبر امتناني احتاج كوننا سوينا شيء واجد كان متوقع هو قال هو عنى هو حقيقة زي إذا قلت واحد اقلط قلط جاء خميس موعود هو متوقع إلى ذٰلك لحم هو جاد تفاجى هو جت وقالت يالل مشينا مطعم حسن حظ أن شب كان طالب غداء مكتب فقل هو غداء لعل هو مره جايه تفهم موضوع راح شوي إلا ألقى دعه إيميل غداء أسبوع جايي انا أخت ثاني إلى هو فريق انا أكر ممدد كرم طيبه الي قاعد تعطينا اياه فكر أساس هو غلط وغير مريح سؤال هل صار هو شيء مشاب كيف تعاملة هل ذا شيء صار طبيعي بيئة عمل هل أرفض اقبل أمشي ليلة طيب لو ابرفض كيف أقدر اني ارفض بدون حرج هو أو أجرح هو هل لو رفض ممكن ذا أثر شكل سلبي على خاتمة نعتذر طول منشور ككن موضوع سبب لي حير يوم ماضي شكر هو حسن قراءة انتظر تعليق,neutral,1334
796,رأي إلى عمل وشك كدا,neutral,19
797,صورة قطط شارع رد شخص اللي عمل بوست امبارح موت هو عندكم ١٥ صورة ١٥ قطة مختلف حت متفرقة محافظة قاهرة جيزة مش نفس قطة مناسب,neutral,120
798,عمل هو صمم لعبة نةى زال قيد تطوير رأي هو,neutral,40
799,عمل امرأة رفاهية ضرورة زمان أنا سأل تفسي هل شغل البنت شيء أساسي حياة هو مجرد مرحلة مؤقت حقيقة كنت عمل بحث موضوع دا بجد رأي متباينة جد هنا وجد بنت الذي كمل شغل سنة طويل مش كتير غالب نمط متكرر تخلي بنت اشتغل أو أساب شغل بعد فترة خلوني شارك معاكم حالة الذي شوف هو أكتر حاجة واقع نادر تلاقي بنت ودى أداء عالي شغل هو أرضى مرتب قليل حالة معين بنت داخلة شغل علشان قتل ملل بيت دي غالب دار تسلية مش كارير مش هتلاق هو موقع مهم نادر جد بنت معندهاش مصدر دخل مضطر اشتغل سبب خص هو دي لو ودى كواليتي كويس أول تلاقي فرصة أفضل هتسيب شغل بنى قدرة هو محدود أو مش أحب تغيير تمسك شغل ثابت لو مرتب سيط فضل مستمر بروتينية غير تطور نفس هو بنت اشتغل دافع اجتماعي سواء عشان فرصة تعرف شريك مناسب محيط شغل أو عشان أظهر صورة معين قدام مجتمع حال أربعة نموذج دولة مش هتلاقي غير حوالى ٢٠٪ بس الذي كمل تحت قيد عمل لو غير مكان هو غالبية بعد سنة اختار قعد بيت كان كتب كلام دا بوست سريع فترة دلوقتي حبيت فتح النقاش شكل أوسع هل فعل شغل البنت ضرورة أساسي مجرد مرحلة مؤقت,neutral,932
800,مش كتير فاكرين ماتش بس نيمار ساعة هو عمل شأ كور هو نسبالي اعظم ئداء فردي إلى شوفة هو,neutral,84
801,أخويا عمل مصيبة ضيعنا كلنا غباءة لو حد كم فاكر نصيبة رمل أبيض هوججبول نصب الذي كلم على تلجم عبط دا حاجة معروف فشخ هو عبط نصب بس أخويا كبير ذا ال سنة لي رأي تاني ولية النصابة كلمتة علي تلجرام قال شغل كدا اعمل مهمة نديك فلوس تمام صدق حاجة عمل مهمة هوب بعد كام مهمة عتتلة ألف جنية طبع أخويا عينة طلع قلب زي عبيط فل بلاش نصب قالو لو عايز كمل دفع فل جر فل أخويا دفعالف طبع معوش فلوس أصل لبانة سايب شغل شهر جاب الفلوس منين أخويا عارف عنة لو بيموت جوع مبيمدش ايدة على فل مش تاعتة استلف حد بس كتر ثقة هو لأن غلب ميعرفش كتير خد فلوس قبض أبويا خد الفلوس أعات طيارة اللي جدو رايح حج كمان أسبوع استلف ناس برا دا على ثقة على هيرجعل هو الفلوس علطول كمان نصب بيقى بعى الف كمان عشان أخد فلوسة بعد زيادة الف طبع معوش فلوس تاني أي مصدر دفع خد الفلوس الذي شقة مصيبة مقالش لايي حد خالص على حوار دة امةبس عارفة استلف هو ألف قيتة قاعد أعاط مش عارف أجاب تلاتين الف باقي عشان سحب الفلوس امي قالتلة داهية أي حاجة طظ ال الف عادي عاش أجاب غير هو بس أول هو صفي فل بيت احتياطي فل حج جدو فل إنسان برا امي مصدقتش نفس هو هو لحد دلوقتي مكنتش اعرف أي حاجة لحد ناد هو قال حق اخوك عمل اية أخويا لحد لحظة أكر أن الفلوس هترع أول أقنعة أن دا نصب مفيش جنية رتع حط ايدة على قلبة كدا قعد قال هو هو هو طب ساكت على سرير امي صوت انا افوقة طلبنا إسعاف ليلة سودة على دماغ هو كلنا اغمي علية قعد تشنج بس دلوقتي هوا فاق بس مش قادر فتح بقة دلوقتي انا عارف ابتلاء ربن هو مصيبة بس مش عارف اعمل أي دلوقتي الذي ممكن اعملة هتج خلاص أبويا هوا كمان شايل جو نفسة لحد موى هو كدا أبويا أخويا لو راح انا اللي هبق واجهة هشيل ليلة انا مش هارف اعمل اية,neutral,1487
802,عمل الي باند وانا أصل عمري نشر مفكرة انشر بس لأنى حكى حد هون صب جوردينين أحسن صب ضحك عنى غير هيك مود شخصوني اسفين جرحنا مشاعرك,joy,126
803,طبع دا عمل فردي مش إرهاب جريمة قتل مش تطرف,neutral,42
804,تم عمل داون فوت لكل تعليق علشان الكارما شيء مفروض ميتش زم استحق علشان أعملك آب فوت بوظ ريديت ربنا سامح,neutral,102
805,سعودي مؤهل عمل لاحظ مؤخر أن فرقة سوق عمل سعودي أمريكا مثير اهتمام سعودي نسبة كبير مواطن هو مهارات عالي مجال مثل تقنية إدارة هندسة كثير هو ألقى ظيفة مناسب أما سبب قلة فرصة أو لأن شركة فضل توظيف أجنبي راتب أقل أو لأن سوق نفس توسع كفاية أمريكا وضع غالب عكس كثير إنسان اشتغل ظائف تطلب مهارات عالي سوق مليون شخص مهارات هو متوسط أو متدني هٰذا خلق فجوة ثاني بس جهة مختلف جهة مناقض تمام هو حبيت أطرح سؤال هل احنا سعودية فعل نواج فجوة نوع مختلف سوق كفاء بس ظائف ناسب هو صح مين مسؤول دولة قطاع خاص طريقة تأهيل إنسان,neutral,505
806,مطالبة تمديد ساعة عمل مكتبة كويت وطني جعل هو متاح ٢٤٧ دراسة قراءة مو معقول صرح ثقافي جبار مرتب غني مورد ثقافي كان مفتوح متاح أقل من٣٠ ساعة أسبوع مكان ممتاز دراسة قراءة مثالي طالب ساعة عمل محدود تخلي بدون فائدة چن بس متحف شرايكم,neutral,227
807,رابع يوم عمل تأخر أسف راح على نوم يوم رابع يوم لي بوظيفة جديد دوام بدا حضر إلا ١٢ اكتشف اني حطيت منبه قيت رسالة مديرة مباشرة قال لي هو طريقة غير مباشر شغل انتظر أرسل هو أن حصل لي ظرف واني جايه طريق قال شي جيت افكر اني أعلم هو سبب تأخيري عشان تحسب اني عاب ملاحظة هو وقع عقد عندي بصمة الاتش أر إجازة لو كان مدير فضل أنى قال لٰك سبب,neutral,329
808,خصوص بيئة عمل أرامكو أمس أو قبل شفت بوست أخ تكلم تجربة شركة أظن موظف آتش أر جامعي عنى إف هو وظف قريد ١١ سينير حاب أقول أخ بعد شفت شيء اعتبر بيئة أرامكو مكتب توكسيك توكسيك نوع آخر معمل أتكلم تجربتي موظف قريد جونيور شركة قائمة استبداد استعباد صاحب مرتبة الدنيا مقاول الكونتراكترز كنت أعرف وش معنى قهر رجل الذي تعوذ الرسول من توظف هالشركة طبعاا قسم الذي توظف قسم مستبد الذي عامل مقاول عبيد اللي فوقنا يعاملوننا عبيد دني ماشية كذا بروباغندا شركة وردي السواعد سعودي الاستدامة استاينبل هو تبدد اشتغل معمل تشوف معاملة أرامكو لنساني جزء موظف عموم مقاول حقين مكتب عرف حجم بؤس الذي عاش أجنبي خاص آسيوي رامة إنتاج أب تريم شركة معظم هو ناس أسف ورث خلق سيئ سوء تعامل الأجيال اللي قبل شركة هو تعالم تعاظم فظيع ظنى هو أعرف إنسان هو أدج هو شك ناس طيبين مكان خلا الطيبين شرواكم شاء الله أرامكو توو توكسيك منشور كفى الله رزق هو أيا هو واسع فضل نصيحة جميع ميزة أرامكو تأمين طبي بدل سكن برنامج تملك بيت عدا كيان رأسمالي بيروقراطي إسلامي إنساني قذر رحم الله شركة هو خير هو ناس اشتغل طيبين ككن هو قليلي هو اللي شايلين شركة باقي حرفي تكملة عدد نصيحة هو صاحبة معيار شرعي حلال حرام صاحبة ضمير مبدأ قيم عندك ديل أرامكو لو أقل مميز هو شوي أنحش وشكر,neutral,1121
809,نجيب محفوظ عمل إي خلى جماعة أخ مسلم عايزة قتل يوسف أدريس معملهوش حالي قر قصة قصير يوسف أدريس مستوقفني الجراءة التجديف ديني الجراءة علاقة جنسية القرايب الارحام حين دفاع خيانة زوجي أسلوب حلو جد منطق مفهموم بس جرئ رغم كده مسمعتش محاولة اغتيال رغم واحد زي نجيب محفوظ حاول اقتلو هل فكرة شهرة نجيب,neutral,291
810,تجربة أول سنة عمل بعد مرور سنة خرج دخولي سوق عمل تغيير جهة عمل أكثر مرة وصول إلى جهة عمل ممتاز حبيت شارك نصيحة هو خلاصة تجربتي بسيط لعل هو أفاد حديثي تخرج جديد سوق عمل مديرك موب زي دكتور جامعة تكثر أسألة سك اعتقد زم جاوب على هو سؤال هذي وجه هو زميل عمل الي حواليك كيف أنسق اجتماع كيف أرسل إيميل كيف استاذن ساعة مرن الخ مديرك شخص مشغول امور كثير شغل أل اتصير وجع رأس نفس وقت عارف حديث خرج فعادى سال أكثر باقي خصوص تاسك الي أعطى وقت كسب خبرة قل أسالة إذا مدير عطاك تاسك تاكد أن إسالة ساعد هو تأسك مين قدم البريزنتيشن لي نضيف الداتا هذي مين قدم عرض وش فكرة الي بغى وصل هو موب بس كيف أخلص هو هو سلايد وش الداتا الي أضاف هو متى لازم سلم هو رأى مديرك مهتم مجال عمل إدارة تبي كان عضو فعال إضافة إلى لو فهم تأسك عرف تخلص شكل ممتاز قدر بدع هو شيء تميز بعد ماتف هو التاسك بدد شغل حاول قدر إمكان ماترع مديرك إلا شغل جاهز اسال زميل وخل هو ساعد اكتمل شغل رح مديرك تنسى ذكر أن فلان ساعد فترة طلب مديرك فيدباك وش شيء كويسي الي سوية هو ووش شيء الي احتاج اشتغل على هو بس إذا حسي مايفضل جلس معك سوى سشن انشغال أبد أسال بعد ماتخلص شغل معين الفيدباك حظة هو هل كويس اني كلم فلان عشان استفسر هل افضل لو عطية هو ملفة راجع هو أعطى فيدباك حكم جديد بيئة عمل سوق عمل هو ماتف هو ليش الامور مشى شالشي غالبية فكر الي جاك عشان تطور بيئة عملك اكتشف أن مال هو داعي موضوع أعقد كذا ذٰلك حاول بداية سمع تعلم أكثر مما تكلم اقترح جا فبالك اقتراح أطرح زميل أول ناقش هو إذا شفى مناسب ممكن طرح مديرك أسا شي ممكن صار أول سنة لٰك ماتش احتمالية جيد جلس فترة طويل بدون أي تاسك موب لٰنك شخص سيئ بس لأن فريقك مر فترة كان ضغط هو عالي احتاج نجز زم ماتقعد جوالك سجل لك دورة احترافي زي كابم بي إم بي وسكس سيقما أو شي خص تخصص رتبة ملفة إدارة شف لٰك مبادرة اشتغل على هو أو مؤتمر حضر مر أكثر يوم أبد أنشب إدارة هو متحمس اشتغل هو أمدى سال هو وقت غداء شغل حالي ثم أعرض خدمة على هو لو سوى شي بسيط إذا جلس أكثر أسبوع حسي كل ساحب على اعرف أن شي غلط إما هو جايبينك عودة أو أن ملاحظة على حاول كان احترافي جلس مديرك أشرح مخافة إذا قعد جالك حس يوم أسبوع جيك شعور نفسي سيئ هدفك أول سنة توري مديرك قابل تعلم متحمس إنجاز همك مصلحة إدارة سولف زميل تجربة هو متى بدى هنا كيف إدارة يوم جي وش رايك شغل إدارة حالي وش دورة الي نصح هو الخ تلقي جواب هو شيء كثير مشاب هو الي مر إلى مر حلو كان مستعد هو مسبق بيئة عمل وجد شخص حانق جهة عملك كاري هو اعتقد أن شيء هو عمل شكل خاطئ أي جهة كوكب أفضل هو اتسم هو غالبية إنسان هذي مر مشكلة إدارة هو أو مر مشكلة شخصية غالبية كلام هو غير صحيح ركز نفس إنسى هو أول وظيفة لٰك خل مجال عمل جهة ركائز اساسية اهتم هو أكثر راتب ذات إذا كان غير متزوج اقول ارضى شهر بس إذا حول متوسط الرواتب مجال وجهة ممتاز رح هو علم استخدم تشات جي بي تي أحلب عملك نعمة ميزة إذا صرى كويس فانت هكر السستم كان فعالية بعض التاسكات اعلى زميل صاحب خبرة الي مايست بس تاكد مسموح الي أكتب موب سري أحد شب عندنا سوى حركة رهيب خميس نطلب قهوة حل كفريق نسولف مدير مختلف موضوع هو مهني هو حياتية هو ضحك سوالف ابالغ لو قال أن هذي عادة حال هو كفيل باني اعرف زميل أمون على هو جرب يوم خميس قال زميل عازم هو قهوة أطلب تطبيق وصل كلم مديرك قل عازم قهوة نبي دقيقة إذا ماك مشغول تكيى معكم شفة هو ناجح قل وش رايكم أعاد هو أسبوع جايي تعود دوام قومة بدر هو التزام صار أسبوع مر سرعة أصبر نفس تحكم دوام أول شهر بداية شيء بسيط أخذ جهد صار متعب وقت صار أغلب شيء سيطة سهل عطوني رايكم نقطة هٰذا سواء كان اتفق أو اختلف علم هو ليش عندكم نقطة اضافية افيدونا,joy,3155
811,حرام عليكو دة اسم هو أمريكا أصغر صوا الاسلام عمل هو إيه,neutral,55
812,رد دعوة عشاء عمل أول مر بروح عشا عمل مدير أرسل هٰذا رسالة ابغى رد بروفشنل شوي بدال اسال شات جي بي تي التكم حسية هو أنقص الاورا كثير أخوة خوت أفضل ريق عمل موقر تشرف إدارة تنفيذي دعوتكم لقاء أمسية ندية تكريم فريق عمل تناول وجبة عشاء نجاح مشاركة معرض مؤتمر جدار نظير جهد مبارك ذٰلك مساء يوم جمعة عشاء مناسبة جهودنا اللي ذلن هو لأن شهر ضغطط,neutral,336
813,الستات مصرية الذي تعرض تحرش تم ؤل هو سبب تحرش رد هو سبب رئيسي البورنوجرافى غياب وازع ديني عدم التزام مظهر شرعي اتسأ حل قال تغليظ عقوبة توفير فرصة عمل فرض رقابة ميدي,neutral,164
814,شك إنسان الذي ماتس حياة شن عمل معاك برش عباد غلط حق عباد هو الذي فاق غلط ندم طلب سماح هو اللي عايش حياتو إكان إصار انتي شك إنسان الذي ماتسامحوش لا دن يا أخرة شن عمل معاك بش ماتغفرلوش,neutral,182
815,حل نهائي استقبال تحويل خارج سواء أل منصة عمل حر أو شركة سلام على هو انا مؤسس الذي بدأ هنا هدف هو أساسي تحسين حياة هو كفري انسرز سواء هو ندفع نشتري حاجه بره أو نستقبل فلوسنا بره كاردي حمد اللٰه خلال شهر أو أقل هتطق خدمة جديد حساب بنكي أمريكي أوروبي تقدر تستقبلوا تحويل أي حد طريق ال حسابك البنكي أمريكي أو طريق حسابك أوروبي دي بعض مميز حساب مفيش حد أدنى أو اقصى استقبال أو إرسال أو سحب مصر هيكون متاح سحب فوري جنية سحب نفس يوم دولار سواء حساب نكية أو محافظ إلكتروني تقدر حال كارت خاص كاردي حساب مباشرة غير أي رسم طبع تشتر اونلاين متاح اصدار تقديم هو جهة طلب هو قدر تحول حساب نكي أمريكا أل حساب نكي عموم كان مفيد لو حد بيدفع مصروف جامعة أو منصة استثمار تربط إيبال كوسيلة سحب سواء شكل يدوي أي يوم شهر أو كوسيلة سحب تلقائية آخر شهر قدر ربط منصة عمل حر دعم سحب حساب أمريكي زي رسم أضحة مفيهاش أي تعقيد مرة واحد رسم فتح حساب أي عملية استقبال أي عملية سحب إيداع كارت خاص كاردي بدل ال مفيش أي رسم شهري أو سنوي تسجيل ال هيكون متاح خلال يوم أن شاء الله حابب اسمع هو أي تعليق سواء سلبي أو إيجابي مميز معين حابين أضاف هو أو تغيير لو حد محتاج خدمة شكل ضروري نقدر نساعد قبل إصدار رسمي,neutral,1069
817,حمدلل يا رب لبن عمل إشي طبيعي الذي بحب شوكول راح أحب هو أول مرة لبن عمل إشي طبيعي كيكة شوكولات عادي كثير زاكي صراحة حل شوي بس قهوة راح كان ممتاز نصيحة جيب حجم صغير عشان قطعة صغير كافي جد تعطك مرتبة,neutral,197
818,بنى لو عرف عمل حاجة عمل بدر هو كسم ضحك عنى قالك فوق ٥٠ سنة ودع محصلش حاجة الذي اختلف دلوقتي,joy,91
819,نازل مقابلة عمل كدا فورمال كرافة أحسن سرع ارجوكم,neutral,48
820,لي عمل معاي هو لد معايا كلي احنا عارفين بعض سن أولي بس كلام هو عادي بس فتح كلام بس انا مكنتش ديل وش اوي رغم عاجب اوي عاحب هو شخصية بس مكنتش فعل عيد ميلادي رضو عمر قية قولى انا دعيلة أنا أنا رضو برد زوق حد مهم جينا قرب هو سن تأنى هو شوي كنت طلب حاجة قي هو سوا كذا روجيكت حصل بينا كلام اكتر طييف اوي معايا انا كان شوي مش اوفر عنى بس انا عاجب أوويي مكنتش عايز أبان كنت خلي أسلوبي وحش عشان حيحس بدا قولى أضاف بعض سناب تيك توك استراك نعمل سكور أنا وافق عادي هو بيحكيلي حاجه ننزل جامع عنينا على بعض انا كنت حبى اوي اتكلم معاه حبيت شخصية اكتر أسلوب طيف معاي اويي أحكأ حاجه إسرار تخانق أهل أو أهل هو مشكل ييجي يقولي فتح معايا كلام يحكيلي انا كنت حاب صداقة هو اوي جدع معايا زميل رضو وانا رضى اعمل معاه ريسرش على هو على هو فعل ورق كورس مثل كده انا حتي عمري حبيت الكوره بدات اهتم بي هو عشان بقي مهتم بي هو جد بحب رشلون زيه مكنتش اعجابي كلام هو بس كنت عمل حاجة تبين مهم بدا أبعد آخر ترم تاني أنا لاحظ بس مكنتش علق مكنتش عايز ابين اني ملاحظ بس بدات اخلي أسلوبي معي هو اكتر حسيت اني عايز احط حد مدايق أسلوبي بس انا رضو مدايق أغار معاي حتي مبقاش مهتم الستريك زي عايز نعمل أول مهم حصل خناق بينا قالي كلام وحش اويي بجد اني عامل أسلوب وحش قالي انتي بضن اجي تكلم معاكي أنا دايما بحب أنصح لأن مكنتش عابزا غير شخصية أن هو مختلف قالي وسط خناق انتي ادخل حية بناء على هو فاكر نفس كلام أيرر وحش حاج عجب انا بقي فجاء مش عجب قي انتقد أسلوبي معنى دايم ضحك على طريقة وجي أحكأ مشكلة انا عمري أدخل خلاني دخل حشر قال هو فاكر نفس هو انا انهر اوي درج هو صدقت صح قولت انا أسف وكد هو رضو عاتبة حاجة بس بضا شايف اني غلطان اكتر إلى لو عايز نخلي علاقة هو على اتساب بس تمام وقت هو حسيت عايز قطع ففلا انا مخدتش أل غير بعد خناق كام يوم لأنى أول كنت حاس ذنب انا مخطه فعل هديت خدت أل بعد هو خالص كنا نتكلم بس بسيط اوي أسلوب رخم مجرد مخلص هو امتحان طلنا كلام مكلمنيش قال تلا شهر انا قولت هسطح هو زمايل عادي هنتعامل زي زمان قول فاكس رغم اني كنت زعلان اوي لأنى انا عمل صعبت على نفسي أوي كلام جارح وحش اويي جه عيد ميلادي استنيت رد على استوري قال سن هو طيب بعت اهتم كاني موجود انا مش عارف هو عمل هو انا ترفف أن أسلوبي معي هو فعل فتير أخير بس أوردي اعتذرتلك لي عمل كده شايفني انا مستغرب أوي بجد لأنى كان حترم شخصية حاس أن مش الي عرف كلمت طيف اوي انا حتي مش قادر انساه أول مر لد عجب كده شخصية حلو اوي نسبالي بي جرحني أول انا مدايق لأن بعد عنى رضى مجروح جوايي كلام إلى هو,joy,2219
821,أم ضدد عمل مرأه انا ضدد أحب اسمع هو,neutral,35
822,تابع عمل توقع تابع اعجبني انمي نزل موسم أول شفت على اقبال كبير أغلب نقد صراح انا كنت ناقد أنمى لأن لقطة الي انشهر أغلب هو مخل مستحيل أتابع اختفى الانمي بال هو قبل هو يوم قرر اتابع شي خفيف جد سيط شفت لقط شخصي رئيس مارينو طيف شخصية هو رهيب فا تابع انهتي جسلستين موسم أول ثاني أنمى جد اعجبني خرب دمر شكل فضيع الفات رفس حرفي حط أي شي بدون سبب عنى الانمي طيف بطل كويس البطله رهيب شخصية الجانبيه جيد القصه ممتع نوع مهم أن شخصية مارين عيب هو وحيد هو شخصية صمم الذكور عارف أن بيجي واحد انعتى الويب صورة ذيك الي تابع الانمي بيف هو وش قصدي,neutral,529
823,ماذا استفاد مجتمع عمل امرأة أتكلم فائدة شخصي أو عاد امرأة ذات هو أو فتاة نفس هو استفاد اللٰه بارك هو انا أتكلم مجتمع مردود راجع مجتمع عمل هو حين نعلم ليس مطلوب هو شيء مادي أو مالي,neutral,179
824,كي نكون خارج مهمة عمل هل حوس خدمة وطني سلام دك انا خارج إيطاليا إذن اللٰه مهمة عمل تاع يوم تقريب نسبة خدمة وطني مزال مابعثوليش استدعاء أول حوس عليا عنى طلب بطاقة تأجيل نظن فترة تاع يوم راح كان نهاية تمبر عنى مؤكد كان عثو استدعاء أول حلول هٰذا وقت أش معنة هو مانقدرش نخرج برك مطار بعثوني ناحية ناحية آخر حبيت نعرف حاجة دك شركة راهي أعثى هو فد صغير إجراء مفاوضة مشكلة انو باش نطلب فيزا زم حساب نكي هل ممكن نفتح حساب عنى عادي قانوني هل لازم مبلغ كان صراحة شيء غريب انو واحد زم كان حسابو مبلغ رغم أنو شركة تحمل شيء عنى هل إذا فتش مبلغ إلزامي نقدر قال شركة عمر حساب قيس مانخرج نولي ردد هو كيفاش,neutral,589
825,عمل حركة مش هو هو كنا قاعدين سوا عد مسك يد قعد قشر منكار غاية دلوقت مش أهم شال هو مرضاش يقولي,neutral,93
826,سوق عمل ال اسألوني أي شيء كم سوق آل الحمدلل خبرة مو بطال سوق دي أفاد أكبر عدد ممكن فهم سوق خبرة إلى هو طار هو عشان قدر نافس واكب سوق,neutral,132
827,عطني عمل هو انمي أو مسلسل أو فيلم أو عبة حس وحيد الي هو,neutral,55
828,عراقجي أدى زيارة عمل تونس دعوة محمد علي نفطي وزير طاقة شأن خارجي هجرة تونسي خارج أدى عباس عراقجي وزير طاقة خارجي جمهورية إسلامي إيراني زيارة عمل تونس يوم تمبر فق بلاغ صادر وزارة خارجية أتى زيارة إطار حرص جانب تعزيز علاقة أخخوة تعاون تونس إيران خدمة مصلحة بلد شعب شقيق تشاور خصوص مختلف قضية إقليمي دولي ذات اهتمام مشترك فق ذات مصدر جوهرة اف إم,neutral,342
829,طريقة عمل جسد رب احبابي الله طبع دة فيديو بيورينا القمص هوا خبز عيش الي بعد هو هيصلي علي هيتحول جسد الله الله طبع ملحوظ هامة إحانة تع عما يقولون عل كبيريري,neutral,155
830,مطلوب عمل فيديو اديتور,neutral,22
831,حد تقريب زعلان اني جبت ال ٢٠ الف عمل داون فوت يخربيت ضحك,joy,56
832,اعز صاحب ليا لسا أصلي خبر عمل حادث حيهة موت كم حية مش عارف انا حكي لي كتاب ضيع إم وقت هنا لي انا رايح ابات مستشفى سلام,neutral,118
833,أقسم اللٰه شفى عمل سعودي بسيناريو شدك آخر مقطع زي ذا اللٰه رهيب سيط بس ممتع جد حوار,neutral,83
834,هٰذا قول صاحب هو عمل جمهور أهل طعم,neutral,34
835,تلفزيون عمل مقابلة غلط نساء مخطوف لايف الارهابي ولي عم ألو فيديو,neutral,64
836,زميل عمل انتقد سبب استخدامي اتساب زميل عمل انتقد دايما قلل مني استخدم كلمة استحان كشتيمة كرر هو كثير قال هو أسلوب سوالف عادي أو متف هو بل قال هو أسلوب احتقار أن أرسل لي رقم زميل قسم ثاني طلب مني اتصال على هو انا اقوم عادة إرسال رسايل اتساب بدل اتصال اعتبر تواصل شخص تهرب أن شخصيتي هو خلل ممكن عطان وجهة هو,neutral,305
837,حد عمل قبل استم زي ده انا بضيف لويب آب لدار نشر عايز أضمن بس إلى اشترى كتاب قدر قرى كمان بقي اثبات ملكي فضل معاه دلوقتي معاي خيار كتاب بقي متشفر مايفتتح غير أعمل وكن ملكية أو حاجة لو حد جرب موضوع قبل هو انصحى,neutral,208
838,يوم تاني عمل ماي رفك برجر يوم رجر جديد,neutral,38
839,عمل اون لاين يا جماع انا اهلي صار هو سنة غير ثلاجة عم نعاني جد اللٰه أكل خرب بعد مدة قصير عندنا قابلية شراء خضار فواك دوم زم نشتري كمية وقت نلاق هو سعر منخفض شوي حالي صيف داخل حقيقي راح نعاني جد فهالسنة قرر اشتغل شغل اون لاين اشترى هو ثلاجة مفاجأة يا ريت لو احد معلومة مفيد ساعدن ضلكم علم انني بنت عندي خبرة كويس خدمة عميل,neutral,322
840,طبيعي اني سويت أكثر مقابلة عمل احد وافق علي صرت مقدم أكثر ١٠٠ ظيف قابل تقريب مرة أن مؤهلة جيد عندي خبر جيد مبيعات تسويق اعرف غلط هو هو انا متاكد أن مؤهلة جيد اعرف إيش مشكلة,neutral,172
841,كامل عمل مصنع النهاردة يوم لسة مخلصش فكرة هو عمل كام مصنع النهاردة,neutral,66
842,معلش شخص دا شتم الدتي كام يوم عمل بلوك دمي محروق شويه مش ناسيك يبن الكوم القحابي,neutral,80
843,زميل عمل زميلي الشغل حرفي استحمش دايما ريحة صعب جد حكم شغل انا مضطر اشتغل معاه تاسكات معين طول الشيف مش عارف أجيبهال ازاى طريقة شيك غير مااجح أو كان هو حساسية بعد كدا,neutral,166
844,ظاف ثابة عمل حر انا دلوقتي شغال عمل حر لو قرر اشتغل شرك هيبقي مرتب ١٠ ٢٥ لو وصل بس الافريدج ١٥ دلوقتي انا محتار صراح هل مفروض أبدأة اشوف شغل شرك علم أن عمل حر مجزي بلنسبالي أنا ٢٢ سن واخد إعفاء جيش معايا ألف دولار مش عارف استمثر هو أي فتير دي نهائي عايز تابع خبر معرفش قناة أو إنسان مش عارف استثمر أي حقيقي استثمر نفسي دهب بيت أي شكر,neutral,333
846,حد عمر عمل سكوت زي تبع بوبايز,neutral,29
847,انا ضد عمل مرآه انا ضد عمل مرآه سبب اني كلي مزنوق عايز اخش حمام قبل محاضر الاقي أحد ستة محترم أنضف حمام أنا مش هاعرف اخش عشان مش هاتطلع طبع زم قعد اعتين أنضف مكان أول مهم قال أطلع دور الي فوق الاقي حمام رد واحد ستة أنضف طبع المحاضر بدات واطريت ازنق نفسي محاضر سبب هو مرضوش أطلع رض اني أعمل حمام عادي كان هاقل باب رايا ياعني لٰكن طبع حياء هو سمح رياء هو سمح تطلع حمام خش أطلع عموم انا هزر طبع مرآه حره هو اشتغل انا بس موقف ضايقني أنا مش ضد عمل مرآه حاج بس بجد موضوع مستفز,neutral,470
848,كدا لو واحد عمل عادة سري مبقاش مصري رسمي,neutral,40
849,بدون شحات أو عمل محتوى نصب صلنا ألف أقل سنة المحتوى اللي انا بحبه,neutral,65
850,بيئة عمل ىداىا اسمع بيئة سداي هو سامة أغلب بي خرج هو أسرع مايمكن بس وش مقصود سامة هو كرف كذا اتوقع اماكث شركة الذي كرف موظف هو شيء ثاني غير,neutral,139
851,قية هو ترسم هنا قول أجرب بس تقريب عمل عمل غلط مش عايز اتفك,neutral,58
852,رق بعد عمل مصيبة,neutral,16
853,عمل بطولي إيطالي تونس عملية طولي رجل إيطالي سيارة قام اعتراض ثلاثة نطارة دراجة ناري قام سرقة حقيبة فتاة حمام سوسة,neutral,113
854,أشعر غضب شديد يوم معاملة,anger,24
855,أشعر رعب يوم فشل,anxiety,16
856,رعب أثر مجهول,fear,13
857,تمنى لو خوف أمكن مجهول,fear,22
858,أشعر الرهاب يوم وحدة,fear,20
859,أعاني قلق منذ مدة مجهول,anxiety,23
860,تمنى لو فزع أمكن فشل,fear,20
861,قلق دائم أثر تحدي,anxiety,17
862,حاول اكتئاب ككن دون أحد,sadness,23
863,علاقة رهاب أصبح مجهول,fear,21
864,أعاني حزن منذ مدة ضائع,sadness,22
865,وقت صعب رعب أشعر مستقبل,anxiety,23
866,تمنى لو قلق دائم أمكن مجهول,anxiety,27
867,يوم وحدة هو أمل,sadness,15
868,أعاني غضب منذ مدة وضع,anger,21
869,يأس أثر ظلام,sadness,12
870,حزن أصبح سيطر حية وحدي,sadness,22
871,علاقة وحدة أصبح دون أحد,sadness,23
872,حاول سخط ككن حياة,anger,17
873,الغيظ أصبح سيطر حية حياة,anger,24
874,وقت صعب حزن أشعر وحدي,sadness,21
875,أعاني اكتئاب منذ مدة ظلام,sadness,25
876,غضب شديد أثر وضع,anger,16
877,حاول قلق دائم ككن مستقبل,anxiety,24
878,يأس أصبح سيطر حية ضائع,sadness,22
879,علاقة حزن أصبح ضائع,sadness,19
880,يوم يأس أنا وحدي,sadness,16
882,علاقة رعب أصبح مجهول,fear,20
883,رعب أصبح سيطر حية مستقبل,anxiety,24
884,أشعر خوف يوم تحدي,anxiety,17
885,غضب شديد أصبح سيطر حية حياة,anger,27
886,وقت صعب وحدة أشعر ظلام,sadness,22
887,قلق أصبح سيطر حية مجهول,anxiety,23
888,أشعر استياء يوم وضع,anger,19
889,حاول يأس ككن ظلام,sadness,17
890,رهاب أثر وحدة,fear,13
891,وقت صعب رهاب أشعر مجهول,fear,23
892,وقت صعب رهاب أشعر مرض,fear,21
893,حاول استياء ككن ظلم,anger,19
894,أشعر اكتئاب يوم وحدي,sadness,20
895,أشعر حزن عميق يوم دون أحد,sadness,25
896,عانى غضب شديد منذ مدة حياة,anger,26
897,علاقة غضب أصبح حياة,anger,19
898,استطاع استياء سبب معاملة,anger,24
899,أشعر فزع يوم مرض,fear,16
900,وقت صعب حزن عميق أشعر أمل,sadness,25
901,وحدة أصبح سيطر حية أمل,sadness,22
902,وقت صعب حزن عميق أشعر ظلام,sadness,26
903,حاول حزن ككن وحدي,sadness,17
904,حاول رعب ككن تحدي,anxiety,17
905,فزع أصبح سيطر حية وحدة,fear,22
906,حزن عميق أثر ضائع,sadness,17
907,علاقة غضب أصبح معاملة,anger,21
908,حاول سخط ككن إنسان,anger,18
909,استطاع خوف سبب فشل,fear,18
910,أشعر حزن يوم ظلام,sadness,17
911,علاقة خوف شديد أصبح مجهول,fear,25
912,أشعر خوف يوم مجهول,anxiety,18
913,يوم يأس هو دون أحد,sadness,18
914,يوم غضب هو معاملة,anger,17
915,حاول غيظ ككن معاملة,anger,19
916,حاول قلق دائم ككن مجهول,anxiety,23
917,يوم خوف شديد هو المرض,fear,21
918,وقت صعب قلق أشعر إنسان,anxiety,22
919,وقت صعب وحدة أشعر ضائع,sadness,22
920,أشعر الغيظ يوم إنسان,anger,20
921,يوم الغيظ هو حياة,anger,17
922,وقت صعب استياء أشعر حياة,anger,24
923,تمنى لو غضب شديد أمكن ظلم,anger,25
924,أشعر هلعة يوم فشل,anxiety,17
925,أشعر وحدة يوم ضائع,sadness,18
926,تمنى لو خوف أمكن فشل,anxiety,20
927,استطاع غضب سبب معاملة,anger,21
928,أعاني اكتئاب منذ مدة دون أحد,sadness,28
929,حاول حزن عميق ككن وحدي,sadness,22
930,أعاني رعب منذ مدة تحدي,anxiety,22
931,يوم استياء هو حياة,anger,18
932,سخط أصبح سيطر حية إنسان,anger,23
933,هلعة أثر تحدي,anxiety,13
934,خوف شديد أثر وحدة,fear,17
935,هلعة أصبح سيطر حية فشل,anxiety,22
936,استطاع غيظ سبب حياة,anger,19
937,استطاع حزن عميق سبب ضائع,sadness,24
938,علاقة رهاب أصبح فشل,fear,19
939,أعاني يأس منذ مدة أمل,sadness,21
940,تمنى لو سخط أمكن حياة,anger,21
941,يوم سخط هو وضع,anger,14
942,يوم رهاب أنا مجهول,fear,18
943,أشعر استياء يوم ظلم,anger,19
944,قلق دائم أثر إنسان,anxiety,18
945,أشعر يأس يوم ظلام,sadness,17
946,وقت صعب حزن أشعر ظلام,sadness,21
947,غضب شديد أصبح سيطر حية وضع,anger,26
948,علاقة حزن أصبح ظلام,sadness,19
949,وقت صعب غضب أشعر ظلم,anger,20
950,غضب أثر معاملة,anger,14
951,علاقة غضب أصبح ظلم,anger,18
952,أشعر خوف شديد يوم مرض,fear,21
953,أشعر فزع يوم وحدة,fear,17
954,استطاع قلق دائم سبب تحدي,anxiety,24
955,غضب شديد أصبح سيطر حية معاملة,anger,29
956,غضب أصبح سيطر حية ظلم,anger,21
957,تمنى لو هلعة أمكن مجهول,anxiety,23
958,هلعة أثر مجهول,anxiety,14
959,وقت صعب حزن أشعر دون أحد,sadness,24
960,تمنى لو خوف شديد أمكن مرض,fear,25
961,تمنى لو حزن عميق أمكن ضائع,sadness,26
962,قلق أثر فشل,anxiety,11
963,وقت صعب غضب أشعر حياة,anger,21
964,يوم رعب هو فشل,anxiety,14
965,وقت صعب غيظ أشعر حياة,anger,21
966,حاول قلق ككن تحدي,anxiety,17
967,فزع أصبح سيطر حية فشل,fear,21
968,أعاني غضب منذ مدة ظلم,anger,21
969,رعب أصبح سيطر حية فشل,fear,21
970,يوم رهاب هو فشل,fear,15
971,حاول خوف ككن فشل,anxiety,16
972,أشعر هلعة يوم تحدي,anxiety,18
973,استطاع غضب سبب إنسان,anger,20
974,وقت صعب خوف شديد أشعر مرض,fear,25
975,قلق أصبح سيطر حية مستقبل,anxiety,24
976,تمنى لو يأس أمكن ضائع,sadness,21
977,وقت صعب رعب أشعر مجهول,fear,22
978,فزع أثر مرض,fear,11
979,حاول وحدة ككن وحدي,sadness,18
980,استطاع استياء سبب حياة,anger,22
981,أعاني هلعة منذ مدة مجهول,anxiety,24
983,علاقة غيظ أصبح حياة,anger,19
984,أعاني حزن عميق منذ مدة ضائع,sadness,27
988,تمنى لو حزن أمكن ضائع,sadness,21
989,علاقة قلق أصبح مجهول,anxiety,20
991,أشعر اكتئاب يوم دون أحد,sadness,23
992,يوم قلق دائم أنا تحدي,anxiety,21
993,يوم هلعة هو إنسان,anxiety,17
994,أشعر حزن عميق يوم ظلام,sadness,22
995,فزع أثر وحدة,fear,12
996,علاقة خوف أصبح تحدي,anxiety,19
997,علاقة خوف أصبح مرض,fear,18
998,تمنى لو وحدة أمكن ضائع,sadness,22
999,حاول حزن عميق ككن ظلام,sadness,22
1000,يأس أصبح سيطر حية وحدي,sadness,22
1001,استطاع هلعة سبب إنسان,anxiety,21
1002,استطاع وحدة سبب دون أحد,sadness,23
1003,أعاني غيظ منذ مدة ظلم,anger,21
1004,وقت صعب هلعة أشعر مجهول,anxiety,23
1005,تمنى لو رعب أمكن موت,fear,20
1006,حاول يأس ككن وحدي,sadness,17
1007,تمنى لو رعب أمكن إنسان,anxiety,22
1008,اكتئاب أثر ضائع,sadness,15
1009,يوم رهاب أنا وحدة,fear,17
1010,أشعر قلق دائم يوم مجهول,anxiety,23
1011,أعاني قلق منذ مدة فشل,anxiety,21
1012,استطاع رعب سبب فشل,fear,18
1013,استطاع رعب سبب إنسان,anxiety,20
1014,استطاع رعب سبب مرض,fear,18
1015,أشعر سخط يوم ظلم,anger,16
1016,استطاع رعب سبب مستقبل,anxiety,21
1017,سخط أصبح سيطر حية وضع,anger,21
1018,أشعر غضب شديد يوم حياة,anger,22
1019,يوم رعب هو مرض,fear,14
1020,يوم غضب هو وضع,anger,14
1021,حزن عميق أصبح سيطر حية ضائع,sadness,27
1022,عانى خوف شديد منذ مدة فشل,fear,25
1023,يوم استياء هو ظلم,anger,17
1024,حاول سخط ككن وضع,anger,16
1025,حاول هلعة ككن فشل,anxiety,17
1027,أشعر رعب يوم موت,fear,16
1028,يوم رعب هو وحدة,fear,15
1029,يوم رهاب أنا موت,fear,16
1030,أشعر قلق يوم مستقبل,anxiety,19
1031,خوف أثر مستقبل,anxiety,14
1034,استطاع رهاب سبب موت,fear,19
1035,استطاع وحدة سبب ضائع,sadness,20
1037,وحدة أثر ضائع,sadness,13
1038,سخط أثر حياة,anger,12
1039,اكتئاب أصبح سيطر حية ضائع,sadness,25
1040,تمنى لو قلق أمكن إنسان,anxiety,22
1041,أعاني خوف منذ مدة تحدي,anxiety,22
1042,تمنى لو استياء أمكن إنسان,anger,25
1043,أشعر رهاب يوم مجهول,fear,19
1045,أشعر غضب يوم ظلم,anger,16
1046,وقت صعب خوف شديد أشعر وحدة,fear,26
1047,أشعر غضب يوم معاملة,anger,19
1048,الغيظ أصبح سيطر حية إنسان,anger,25
1049,قلق دائم أصبح سيطر حية مجهول,anxiety,28
1050,استطاع غضب شديد سبب إنسان,anger,25
1051,خوف أثر مجهول,fear,13
1052,استطاع خوف شديد سبب مجهول,fear,25
1054,وقت صعب فزع أشعر مجهول,fear,22
1056,استطاع غيظ سبب وضع,anger,18
1057,علاقة قلق دائم أصبح فشل,anxiety,23
1058,غضب أثر ظلم,anger,11
1059,وقت صعب رعب أشعر وحدة,fear,21
1060,أعاني قلق دائم منذ مدة إنسان,anxiety,28
1061,يوم اكتئاب هو دون أحد,sadness,21
1062,عانى سخط منذ مدة وضع,anger,20
1063,حاول يأس ككن ضائع,sadness,17
1064,رهاب أثر فشل,fear,12
1065,سخط أصبح سيطر حية ظلم,anger,21
1066,يأس أثر ضائع,sadness,12
1067,يوم قلق أنا تحدي,anxiety,16
1069,أشعر الغيظ يوم معاملة,anger,21
1071,أشعر فزع يوم مجهول,fear,18
1072,استطاع غضب سبب حياة,anger,19
1073,تمنى لو استياء أمكن وضع,anger,23
1074,يوم هلعة هو مستقبل,anxiety,18
1075,يوم سخط هو ظلم,anger,14
1076,استياء أصبح سيطر حية معاملة,anger,27
1077,حزن أثر أمل,sadness,11
1078,حاول خوف ككن موت,fear,16
1079,حاول قلق ككن فشل,anxiety,16
1080,استطاع فزع سبب مرض,fear,18
1081,أشعر حزن عميق يوم أمل,sadness,21
1082,تمنى لو رعب أمكن فشل,fear,20
1084,علاقة قلق دائم أصبح مستقبل,anxiety,26
1085,علاقة رعب أصبح مستقبل,anxiety,21
1086,استطاع قلق سبب تحدي,anxiety,19
1087,وقت صعب خوف شديد أشعر موت,fear,25
1088,أشعر استياء يوم حياة,anger,20
1089,حاول خوف ككن مجهول,fear,18
1090,وقت صعب خوف شديد أشعر فشل,fear,25
1091,حاول رهاب ككن موت,fear,17
1092,أعاني رهاب منذ مدة مرض,fear,22
1093,استطاع اكتئاب سبب وحدي,sadness,22
1094,وقت صعب رعب أشعر إنسان,anxiety,22
1095,حاول غضب شديد ككن ظلم,anger,21
1097,استطاع سخط سبب حياة,anger,19
1099,تمنى لو خوف أمكن موت,fear,20
1100,يوم حزن أنا وحدي,sadness,16
1101,وقت صعب فزع أشعر وحدة,fear,21
1102,أشعر الغيظ يوم ظلم,anger,18
1103,عانى سخط منذ مدة ظلم,anger,20
1104,أشعر غضب يوم إنسان,anger,18
1105,خوف أثر فشل,anxiety,11
1107,أعاني خوف منذ مدة مجهول,fear,23
1109,حاول رعب ككن موت,fear,16
1110,خوف أصبح سيطر حية تحدي,anxiety,22
1111,حاول اكتئاب ككن وحدي,sadness,20
1112,حزن أصبح سيطر حية أمل,sadness,21
1115,وقت صعب اكتئاب أشعر دون أحد,sadness,27
1118,يوم استياء هو إنسان,anger,19
1119,وحدة أثر أمل,sadness,12
1120,تمنى لو خوف شديد أمكن وحدة,fear,26
1121,علاقة اكتئاب أصبح وحدي,sadness,22
1123,وقت صعب خوف أشعر تحدي,anxiety,21
1124,غضب أثر وضع,anger,11
1125,يوم سخط هو معاملة,anger,17
1128,استطاع يأس سبب دون أحد,sadness,22
1129,علاقة خوف شديد أصبح وحدة,fear,24
1131,علاقة خوف أصبح فشل,fear,18
1134,تمنى لو خوف أمكن إنسان,anxiety,22
1138,فزع أثر مجهول,fear,13
1139,خوف شديد أصبح سيطر حية وحدة,fear,27
1140,تمنى لو فزع أمكن موت,fear,20
1141,هلعة أثر فشل,anxiety,12
1144,استطاع هلعة سبب مجهول,anxiety,21
1145,حاول خوف شديد ككن مجهول,fear,23
1146,وقت صعب قلق دائم أشعر تحدي,anxiety,26
1148,هلعة أصبح سيطر حية مستقبل,anxiety,25
1149,حاول استياء ككن معاملة,anger,22
1150,وقت صعب فزع أشعر فشل,fear,20
1152,يوم غيظ أنا ظلم,anger,15
1153,استطاع حزن عميق سبب ظلام,sadness,24
1154,تمنى لو فزع أمكن مجهول,fear,22
1155,أعاني قلق منذ مدة مستقبل,anxiety,24
1157,وقت صعب يأس أشعر دون أحد,sadness,24
1158,تمنى لو رعب أمكن مجهول,anxiety,22
1159,هلعة أثر إنسان,anxiety,14
1160,حزن عميق أصبح سيطر حية وحدي,sadness,27
1161,تمنى لو وحدة أمكن ظلام,sadness,22
1162,علاقة استياء أصبح حياة,anger,22
1164,تمنى لو اكتئاب أمكن وحدي,sadness,24
1165,حاول رهاب ككن مجهول,fear,19
1170,يوم قلق دائم هو إنسان,anxiety,21
1171,علاقة رعب أصبح تحدي,anxiety,19
1172,وقت صعب يأس أشعر ظلام,sadness,21
1173,الغيظ أثر ظلم,anger,13
1174,وقت صعب وحدة أشعر دون أحد,sadness,25
1175,استطاع خوف سبب مستقبل,anxiety,21
1176,حاول رعب ككن وحدة,fear,17
1177,حاول غيظ ككن وضع,anger,16
1178,أعاني يأس منذ مدة ضائع,sadness,22
1179,وقت صعب رهاب أشعر فشل,fear,21
1181,قلق دائم أصبح سيطر حية تحدي,anxiety,27
1182,أعاني غيظ منذ مدة إنسان,anger,23
1183,استطاع فزع سبب فشل,fear,18
1184,أعاني رهاب منذ مدة مجهول,fear,24
1185,أعاني غضب منذ مدة إنسان,anger,23
1186,أشعر غضب يوم حياة,anger,17
1187,تمنى لو حزن عميق أمكن وحدي,sadness,26
1188,أعاني رعب منذ مدة مرض,fear,21
1189,تمنى لو خوف شديد أمكن مجهول,fear,27
1190,علاقة هلعة أصبح إنسان,anxiety,21
1191,حاول قلق ككن مجهول,anxiety,18
1192,عانى خوف شديد منذ مدة مرض,fear,25
1194,خوف شديد أثر فشل,fear,16
1195,أشعر رعب يوم تحدي,anxiety,17
1197,تمنى لو هلعة أمكن مستقبل,anxiety,24
1199,وقت صعب رهاب أشعر موت,fear,21
1200,قلق أثر إنسان,anxiety,13
1201,حاول هلعة ككن إنسان,anxiety,19
1202,علاقة غضب شديد أصبح معاملة,anger,26
1206,علاقة رعب أصبح فشل,fear,18
1207,استياء أثر معاملة,anger,17
1209,علاقة رهاب أصبح موت,fear,19
1210,أعاني وحدة منذ مدة دون أحد,sadness,26
1211,وقت صعب غضب شديد أشعر إنسان,anger,27
1212,حاول يأس ككن أمل,sadness,16
1213,علاقة غضب شديد أصبح حياة,anger,24
1214,قلق دائم أثر مستقبل,anxiety,19
1216,تمنى لو غضب شديد أمكن معاملة,anger,28
1217,عانى غضب شديد منذ مدة وضع,anger,25
1218,استطاع فزع سبب وحدة,fear,19
1219,غضب شديد أثر إنسان,anger,18
1220,أعاني يأس منذ مدة وحدي,sadness,22
1221,علاقة رعب أصبح مرض,fear,18
1224,حاول اكتئاب ككن ضائع,sadness,20
1225,استطاع غيظ سبب ظلم,anger,18
1227,تمنى لو فزع أمكن مرض,fear,20
1228,أعاني يأس منذ مدة دون أحد,sadness,25
1229,حاول رعب ككن فشل,anxiety,16
1230,علاقة وحدة أصبح وحدي,sadness,20
1231,استياء أصبح سيطر حية ظلم,anger,24
1233,اكتئاب أثر ظلام,sadness,15
1234,تمنى لو خوف أمكن مرض,fear,20
1236,أعاني غيظ منذ مدة حياة,anger,22
1237,رعب أصبح سيطر حية مرض,fear,21
1238,يأس أثر أمل,sadness,11
1239,وقت صعب هلعة أشعر تحدي,anxiety,22
1240,وقت صعب خوف أشعر موت,fear,20
1241,رعب أثر موت,fear,11
1242,سخط أثر وضع,anger,11
1243,خوف أصبح سيطر حية مرض,fear,21
1244,أعاني قلق دائم منذ مدة فشل,anxiety,26
1246,تمنى لو قلق دائم أمكن إنسان,anxiety,27
1247,وقت صعب اكتئاب أشعر أمل,sadness,23
1248,أشعر هلعة يوم إنسان,anxiety,19
1249,وقت صعب هلعة أشعر فشل,anxiety,21
1250,غضب أصبح سيطر حية معاملة,anger,24
1251,يوم خوف هو موت,fear,14
1253,تمنى لو حزن أمكن ظلام,sadness,21
1256,تمنى لو حزن أمكن أمل,sadness,20
1257,أعاني خوف منذ مدة مستقبل,anxiety,24
1260,أشعر خوف يوم موت,fear,16
1262,أشعر رعب يوم مجهول,fear,18
1264,قلق أثر مستقبل,anxiety,14
1265,وقت صعب استياء أشعر وضع,anger,23
1266,علاقة قلق أصبح إنسان,anxiety,20
1267,أعاني حزن عميق منذ مدة أمل,sadness,26
1268,وقت صعب قلق أشعر تحدي,anxiety,21
1269,علاقة وحدة أصبح ظلام,sadness,20
1270,خوف أصبح سيطر حية وحدة,fear,22
1272,علاقة خوف أصبح وحدة,fear,19
1275,تمنى لو غيظ أمكن إنسان,anger,22
1276,حاول خوف شديد ككن وحدة,fear,22
1278,أشعر اكتئاب يوم ضائع,sadness,20
1281,رهاب أثر موت,fear,12
1283,عانى فزع منذ مدة موت,fear,20
1284,وقت صعب يأس أشعر أمل,sadness,20
1289,أعاني وحدة منذ مدة وحدي,sadness,23
1290,وقت صعب خوف أشعر مستقبل,anxiety,23
1291,تمنى لو خوف أمكن مستقبل,anxiety,23
1294,وقت صعب قلق أشعر فشل,anxiety,20
1295,أشعر سخط يوم معاملة,anger,19
1297,علاقة وحدة أصبح ضائع,sadness,20
1299,وقت صعب غيظ أشعر إنسان,anger,22
1301,حاول حزن عميق ككن أمل,sadness,21
1302,يوم سخط هو إنسان,anger,16
1307,أشعر رهاب يوم موت,fear,17
1310,خوف أصبح سيطر حية مستقبل,anxiety,24
1311,يوم غضب شديد هو حياة,anger,20
1312,تمنى لو وحدة أمكن دون أحد,sadness,25
1314,وحدة أثر وحدي,sadness,13
1318,وقت صعب حزن عميق أشعر دون أحد,sadness,29
1319,استطاع قلق دائم سبب مستقبل,anxiety,26
1320,الغيظ أثر معاملة,anger,16
1321,وقت صعب حزن أشعر ضائع,sadness,21
1322,خوف شديد أثر مرض,fear,16
1324,حاول خوف ككن مستقبل,anxiety,19
1326,أشعر غضب يوم وضع,anger,16
1327,وقت صعب حزن أشعر أمل,sadness,20
1328,علاقة فزع أصبح فشل,fear,18
1329,عانى غضب شديد منذ مدة معاملة,anger,28
1330,أعاني وحدة منذ مدة ظلام,sadness,23
1331,تمنى لو رهاب أمكن مرض,fear,21
1333,رعب أصبح سيطر حية مجهول,fear,23
1334,تمنى لو حزن عميق أمكن دون أحد,sadness,29
1335,وقت صعب رعب أشعر موت,fear,20
1337,علاقة يأس أصبح ظلام,sadness,19
1340,أعاني خوف منذ مدة مرض,fear,21
1343,علاقة خوف أصبح مجهول,anxiety,20
1345,أعاني حزن عميق منذ مدة دون أحد,sadness,30
1347,اكتئاب أصبح سيطر حية ظلام,sadness,25
1348,تمنى لو غيظ أمكن ظلم,anger,20
1350,حزن أصبح سيطر حية دون أحد,sadness,25
1351,أعاني خوف شديد منذ مدة موت,fear,26
1352,حاول وحدة ككن أمل,sadness,17
1353,يوم خوف أنا تحدي,anxiety,16
1355,تمنى لو غضب شديد أمكن إنسان,anger,27
1356,استطاع هلعة سبب تحدي,anxiety,20
1358,علاقة غيظ أصبح معاملة,anger,21
1360,وقت صعب خوف أشعر وحدة,fear,21
1361,أعاني غيظ منذ مدة معاملة,anger,24
1362,يأس أصبح سيطر حية أمل,sadness,21
1366,وقت صعب اكتئاب أشعر وحدي,sadness,24
1370,أشعر هلعة يوم مجهول,anxiety,19
1372,يوم قلق هو إنسان,anxiety,16
1376,حاول اكتئاب ككن أمل,sadness,19
1377,خوف أثر إنسان,anxiety,13
1379,أشعر خوف شديد يوم وحدة,fear,22
1380,أعاني رعب منذ مدة إنسان,anxiety,23
1381,أعاني اكتئاب منذ مدة ضائع,sadness,25
1384,وحدة أصبح سيطر حية وحدي,sadness,23
1385,أشعر رعب يوم إنسان,anxiety,18
1388,تمنى لو حزن عميق أمكن أمل,sadness,25
1389,حاول حزن عميق ككن دون أحد,sadness,25
1390,علاقة استياء أصبح إنسان,anger,23
1392,تمنى لو رعب أمكن وحدة,fear,21
1393,أشعر رهاب يوم فشل,fear,17
1396,سخط أصبح سيطر حية حياة,anger,22
1398,أعاني رهاب منذ مدة فشل,fear,22
1400,أعاني رعب منذ مدة مستقبل,anxiety,24
1401,فزع أصبح سيطر حية مرض,fear,21
1402,يوم قلق هو مستقبل,anxiety,17
1403,حزن عميق أثر ظلام,sadness,17
1404,استطاع سخط سبب إنسان,anger,20
1405,تمنى لو سخط أمكن ظلم,anger,20
1406,تمنى لو خوف شديد أمكن فشل,fear,25
1407,تمنى لو غضب شديد أمكن وضع,anger,25
1411,أشعر الغيظ يوم وضع,anger,18
1413,تمنى لو غيظ أمكن حياة,anger,21
1414,وقت صعب فزع أشعر مرض,fear,20
1417,يوم قلق هو مجهول,anxiety,16
1418,يوم وحدة هو ظلام,sadness,16
1421,استياء أثر ظلم,anger,14
1422,يوم خوف أنا إنسان,anxiety,17
1424,قلق دائم أصبح سيطر حية مستقبل,anxiety,29
1426,قلق أثر تحدي,anxiety,12
1427,يوم وحدة هو ضائع,sadness,16
1428,تمنى لو غضب أمكن إنسان,anger,22
1429,حاول يأس ككن دون أحد,sadness,20
1431,تمنى لو خوف شديد أمكن موت,fear,25
1432,حاول رعب ككن مستقبل,anxiety,19
1433,وقت صعب خوف أشعر إنسان,anxiety,22
1437,حزن أصبح سيطر حية ظلام,sadness,22
1438,استطاع حزن سبب أمل,sadness,18
1441,حاول غضب شديد ككن حياة,anger,22
1442,استطاع حزن عميق سبب أمل,sadness,23
1443,حاول هلعة ككن تحدي,anxiety,18
1444,أشعر اكتئاب يوم ظلام,sadness,20
1446,علاقة غضب شديد أصبح وضع,anger,23
1447,تمنى لو اكتئاب أمكن ظلام,sadness,24
1449,يوم خوف شديد هو وحدة,fear,20
1450,حاول خوف ككن إنسان,anxiety,18
1451,يوم فزع هو مجهول,fear,16
1452,يوم غضب شديد هو إنسان,anger,21
1453,حزن عميق أثر أمل,sadness,16
1454,أعاني خوف منذ مدة فشل,fear,21
1457,أعاني اكتئاب منذ مدة أمل,sadness,24
1459,علاقة رعب أصبح وحدة,fear,19
1461,يوم قلق دائم هو فشل,anxiety,19
1462,أشعر قلق يوم مجهول,anxiety,18
1463,استطاع هلعة سبب فشل,anxiety,19
1466,تمنى لو غيظ أمكن معاملة,anger,23
1467,وقت صعب حزن عميق أشعر وحدي,sadness,26
1468,أعاني هلعة منذ مدة مستقبل,anxiety,25
1470,أشعر خوف يوم وحدة,fear,17
1473,علاقة سخط أصبح معاملة,anger,21
1474,أشعر وحدة يوم ظلام,sadness,18
1475,حاول غضب شديد ككن معاملة,anger,24
1476,اكتئاب أصبح سيطر حية دون أحد,sadness,28
1477,أشعر قلق دائم يوم مستقبل,anxiety,24
1480,استطاع اكتئاب سبب ظلام,sadness,22
1481,أشعر يأس يوم وحدي,sadness,17
1482,تمنى لو غيظ أمكن وضع,anger,20
1488,يوم غيظ أنا إنسان,anger,17
1490,يأس أصبح سيطر حية دون أحد,sadness,25
1491,يأس أثر وحدي,sadness,12
1492,علاقة رعب أصبح موت,fear,18
1494,حاول رهاب ككن مرض,fear,17
1499,علاقة حزن أصبح دون أحد,sadness,22
1500,قلق دائم أثر فشل,anxiety,16
1501,استياء أثر إنسان,anger,16
1503,وقت صعب غضب شديد أشعر معاملة,anger,28
1506,حاول غيظ ككن حياة,anger,17
1508,رعب أثر إنسان,anxiety,13
1509,علاقة خوف شديد أصبح موت,fear,23
1511,أعاني خوف شديد منذ مدة مجهول,fear,28
1513,وقت صعب خوف أشعر مرض,fear,20
1515,حاول سخط ككن ظلم,anger,16
1516,علاقة رهاب أصبح مرض,fear,19
1517,علاقة غيظ أصبح وضع,anger,18
1520,وقت صعب سخط أشعر ظلم,anger,20
1521,هلعة أثر مستقبل,anxiety,15
1522,علاقة استياء أصبح وضع,anger,21
1523,حزن أثر دون أحد,sadness,15
1524,وحدة أصبح سيطر حية دون أحد,sadness,26
1525,علاقة اكتئاب أصبح دون أحد,sadness,25
1528,تمنى لو فزع أمكن وحدة,fear,21
1531,وقت صعب قلق دائم أشعر إنسان,anxiety,27
1532,أعاني هلعة منذ مدة إنسان,anxiety,24
1533,وقت صعب استياء أشعر ظلم,anger,23
1534,علاقة هلعة أصبح مستقبل,anxiety,22
1538,الغيظ أثر إنسان,anger,15
1539,تمنى لو غضب أمكن حياة,anger,21
1541,أشعر اكتئاب يوم أمل,sadness,19
1543,وقت صعب سخط أشعر إنسان,anger,22
1544,رعب أصبح سيطر حية وحدة,fear,22
1545,الغيظ أصبح سيطر حية وضع,anger,23
1547,استطاع خوف شديد سبب وحدة,fear,24
1548,علاقة استياء أصبح ظلم,anger,21
1558,تمنى لو خوف أمكن وحدة,fear,21
1560,يوم حزن عميق أنا وحدي,sadness,21
1561,استطاع رهاب سبب مجهول,fear,21
1563,استياء أثر وضع,anger,14
1564,حاول حزن ككن ظلام,sadness,17
1569,علاقة قلق دائم أصبح تحدي,anxiety,24
1570,حاول استياء ككن إنسان,anger,21
1572,عانى استياء منذ مدة ظلم,anger,23
1573,أعاني قلق منذ مدة إنسان,anxiety,23
1574,استياء أثر حياة,anger,15
1582,تمنى لو قلق دائم أمكن تحدي,anxiety,26
1583,أشعر رهاب يوم مرض,fear,17
1584,استطاع رعب سبب مجهول,fear,20
1587,وحدة أصبح سيطر حية ظلام,sadness,23
1588,رعب أثر فشل,anxiety,11
1590,هلعة أصبح سيطر حية تحدي,anxiety,23
1591,أعاني رعب منذ مدة فشل,fear,21
1592,يوم فزع هو وحدة,fear,15
1596,يوم حزن عميق أنا ضائع,sadness,21
1597,استطاع وحدة سبب أمل,sadness,19
1599,علاقة رهاب أصبح وحدة,fear,20
1600,علاقة يأس أصبح أمل,sadness,18
1603,علاقة حزن عميق أصبح دون أحد,sadness,27
1605,تمنى لو وحدة أمكن وحدي,sadness,22
1607,حاول حزن ككن دون أحد,sadness,20
1609,أعاني هلعة منذ مدة تحدي,anxiety,23
1612,استطاع غضب شديد سبب معاملة,anger,26
1613,علاقة فزع أصبح مرض,fear,18
1614,يوم هلعة هو مجهول,anxiety,17
1615,وقت صعب سخط أشعر وضع,anger,20
1621,علاقة خوف أصبح مستقبل,anxiety,21
1625,حاول هلعة ككن مستقبل,anxiety,20
1626,استطاع حزن عميق سبب وحدي,sadness,24
1627,وقت صعب خوف أشعر فشل,fear,20
1629,يوم حزن عميق أنا ظلام,sadness,21
1630,استطاع رعب سبب موت,fear,18
1635,أشعر رعب يوم مستقبل,anxiety,19
1638,أشعر قلق يوم فشل,anxiety,16
1639,وقت صعب غيظ أشعر وضع,anger,20
1640,وقت صعب رهاب أشعر وحدة,fear,22
1643,يوم خوف هو فشل,fear,14
1645,تمنى لو هلعة أمكن إنسان,anxiety,23
1646,تمنى لو يأس أمكن وحدي,sadness,21
1649,استطاع استياء سبب وضع,anger,21
1656,أشعر رعب يوم مرض,fear,16
1657,يوم خوف شديد هو مجهول,fear,21
1658,يوم فزع هو موت,fear,14
1660,غضب أصبح سيطر حية وضع,anger,21
1661,يوم غضب شديد هو معاملة,anger,22
1662,علاقة يأس أصبح ضائع,sadness,19
1663,حزن أصبح سيطر حية ضائع,sadness,22
1666,علاقة غضب أصبح إنسان,anger,20
1668,وقت صعب وحدة أشعر وحدي,sadness,22
1670,حاول رهاب ككن فشل,fear,17
1672,أشعر يأس يوم أمل,sadness,16
1673,يوم هلعة هو فشل,anxiety,15
1675,وقت صعب استياء أشعر إنسان,anger,25
1677,يوم استياء هو وضع,anger,17
1678,استطاع غيظ سبب إنسان,anger,20
1680,أعاني فزع منذ مدة مجهول,fear,23
1681,غضب أصبح سيطر حية حياة,anger,22
1686,حزن عميق أصبح سيطر حية ظلام,sadness,27
1687,أشعر قلق دائم يوم فشل,anxiety,21
1690,يوم قلق دائم هو مجهول,anxiety,21
1691,اكتئاب أثر أمل,sadness,14
1692,قلق أصبح سيطر حية إنسان,anxiety,23
1694,غضب شديد أصبح سيطر حية ظلم,anger,26
1698,غضب أصبح سيطر حية إنسان,anger,23
1701,يوم خوف شديد هو فشل,fear,19
1703,علاقة فزع أصبح وحدة,fear,19
1705,خوف شديد أثر موت,fear,16
1708,رعب أصبح سيطر حية تحدي,anxiety,22
1709,وقت صعب يأس أشعر وحدي,sadness,21
1713,علاقة فزع أصبح مجهول,fear,20
1714,وقت صعب غضب شديد أشعر وضع,anger,25
1716,وقت صعب خوف أشعر مجهول,anxiety,22
1720,استطاع حزن سبب ضائع,sadness,19
1721,أشعر خوف يوم مرض,fear,16
1724,علاقة استياء أصبح معاملة,anger,24
1725,استطاع اكتئاب سبب أمل,sadness,21
1726,الغيظ أصبح سيطر حية معاملة,anger,26
1727,وقت صعب قلق دائم أشعر فشل,anxiety,25
1728,استطاع قلق سبب مجهول,anxiety,20
1729,حاول غضب شديد ككن وضع,anger,21
1731,وقت صعب قلق دائم أشعر مستقبل,anxiety,28
1733,علاقة هلعة أصبح تحدي,anxiety,20
1734,استطاع سخط سبب معاملة,anger,21
1738,أشعر حزن يوم دون أحد,sadness,20
1743,حاول رعب ككن مجهول,anxiety,18
1744,استطاع خوف شديد سبب مرض,fear,23
1745,وقت صعب فزع أشعر موت,fear,20
1749,سخط أثر ظلم,anger,11
1750,أعاني فزع منذ مدة فشل,fear,21
1751,أعاني خوف منذ مدة موت,fear,21
1754,خوف أثر موت,fear,11
1766,أعاني اكتئاب منذ مدة وحدي,sadness,25
1768,الغيظ أثر وضع,anger,13
1773,تمنى لو رعب أمكن تحدي,anxiety,21
1775,يوم اكتئاب هو ضائع,sadness,18
1780,تمنى لو قلق أمكن مجهول,anxiety,22
1782,يوم غضب هو ظلم,anger,14
1784,أشعر خوف يوم فشل,anxiety,16
1787,يوم حزن أنا أمل,sadness,15
1790,وقت صعب رعب أشعر فشل,fear,20
1793,حاول وحدة ككن ضائع,sadness,18
1797,أشعر استياء يوم إنسان,anger,21
1801,وقت صعب اكتئاب أشعر ضائع,sadness,24
1802,أشعر وحدة يوم وحدي,sadness,18
1803,يوم حزن هو ضائع,sadness,15
1805,حاول رعب ككن إنسان,anxiety,18
1807,يوم اكتئاب هو ظلام,sadness,18
1808,حاول قلق ككن مستقبل,anxiety,19
1809,تمنى لو استياء أمكن ظلم,anger,23
1814,يوم يأس هو ضائع,sadness,15
1815,وقت صعب غيظ أشعر ظلم,anger,20
1816,أعاني وحدة منذ مدة أمل,sadness,22
1819,علاقة غضب شديد أصبح ظلم,anger,23
1820,تمنى لو يأس أمكن أمل,sadness,20
1826,حاول هلعة ككن مجهول,anxiety,19
1829,أعاني قلق دائم منذ مدة مستقبل,anxiety,29
1830,علاقة غيظ أصبح إنسان,anger,20
1835,عانى استياء منذ مدة معاملة,anger,26
1844,خوف شديد أصبح سيطر حية مجهول,fear,28
1845,وحدة أثر دون أحد,sadness,16
1846,حاول وحدة ككن دون أحد,sadness,21
1847,وقت صعب غضب أشعر معاملة,anger,23
1848,تمنى لو استياء أمكن معاملة,anger,26
1850,وقت صعب سخط أشعر معاملة,anger,23
1852,أعاني غضب منذ مدة معاملة,anger,24
1856,تمنى لو رهاب أمكن وحدة,fear,22
1858,استطاع رهاب سبب فشل,fear,19
1859,أشعر خوف شديد يوم موت,fear,21
1861,حاول غيظ ككن ظلم,anger,16
1863,اكتئاب أثر وحدي,sadness,15
1868,أعاني حزن منذ مدة وحدي,sadness,22
1870,يوم غضب هو حياة,anger,15
1871,قلق أصبح سيطر حية تحدي,anxiety,22
1875,أشعر فزع يوم موت,fear,16
1877,استطاع رهاب سبب وحدة,fear,20
1880,اكتئاب أثر دون أحد,sadness,18
1888,علاقة قلق دائم أصبح إنسان,anxiety,25
1889,يوم خوف أنا وحدة,fear,16
1890,خوف أثر مرض,fear,11
1896,استطاع قلق سبب إنسان,anxiety,20
1897,يوم خوف أنا مجهول,anxiety,17
1901,أعاني رهاب منذ مدة وحدة,fear,23
1902,أعاني رعب منذ مدة موت,fear,21
1911,أعاني قلق دائم منذ مدة تحدي,anxiety,27
1913,غضب شديد أصبح سيطر حية إنسان,anger,28
1923,تمنى لو حزن أمكن دون أحد,sadness,24
1924,تمنى لو قلق أمكن فشل,anxiety,20
1925,يوم رعب أنا إنسان,anxiety,17
1929,حاول غضب شديد ككن إنسان,anger,23
1936,استطاع اكتئاب سبب ضائع,sadness,22
1939,تمنى لو رهاب أمكن موت,fear,21
1940,وقت صعب رعب أشعر مرض,fear,20
1947,حزن عميق أصبح سيطر حية دون أحد,sadness,30
1950,يوم غيظ أنا وضع,anger,15
1968,تمنى لو حزن عميق أمكن ظلام,sadness,26
1969,علاقة حزن عميق أصبح وحدي,sadness,24
1970,أعاني حزن منذ مدة دون أحد,sadness,25
1972,استطاع استياء سبب ظلم,anger,21
1978,حاول قلق دائم ككن إنسان,anxiety,23
1979,استطاع خوف سبب مجهول,anxiety,20
1980,أشعر خوف يوم مستقبل,anxiety,19
1982,استطاع خوف شديد سبب موت,fear,23
1984,تمنى لو هلعة أمكن فشل,anxiety,21
1989,خوف أثر تحدي,anxiety,12
1998,أعاني غضب منذ مدة حياة,anger,22
1999,أشعر الغيظ يوم حياة,anger,19
1,الله بارك إنشاء الله مبروك,happiness,26
2,برافو على دياة هو قتل بضحك,happiness,26
3,عيشك امان حلقة على بسكلات,happiness,25
5,احلى عائلة شاء الله,happiness,19
7,سلام عملتلك ابوني نجوى فرنسا مقيم حد سويسرا,neutral,43
8,شاركينا فاه رحتي ألمانيا فضلك,neutral,29
9,شاء الله ربي احفضك,happiness,18
10,شاء الله تبارك الرحمن هذيا دني مانا جنة كيف ربي رزق هو فردوس أعلى جنة دون حساب سابق عذاب,happiness,88
11,اختي معاش عمل الموسيقى باش نجم تفرج احنا عامل جو معاك غير ذنوب ربي بارك فيك,neutral,75
12,شاء الله على هو أول مرة تابع هو اكيد موش آخر مرة أداو رائع ربي حفظ هو,happiness,69
14,لقد هرم هو اجل آل عنا قريب شهر استناو هو جو عالمي شاء الله ربي حفظ هو ربي عادش بطا على هو,happiness,89
16,شاء الله ربي احفظك,happiness,18
17,شاء الله بنت بلادي ربي احفظك,happiness,28
18,اعطيكم صحة محلاكم خدمة حف توفيق أن شاءل,happiness,39
19,مبروك عليك,happiness,10
20,ربي أخلى خويا هو ماتك طالة خاتر ملاءكة لعنم أن هو اضطر تدخل طالة باشي أفاد كلمك هو,neutral,82
21,اللٰه أعطى صحة,happiness,14
22,شاء الله على يا اختي حلومة تعلم أعطى وسع بال أخلى اولادك,happiness,56
23,أحلى هو وخية ربي أيفظ هو وصحة تبحيرة حلومة أنا إسالة أكاديمية امتاع محمد ربي ين قرى فرنسي رياضيات أحب نقري لدى هو ايعيشك,happiness,120
24,صباح خير صباح خير إحلام لهم أمين يا رب شاء الله تبارك الله اللٰه بارك الله حفظ يا رب اللٰه حفظ العائل شاء الله شاء الله الله حمى هو يا رب,happiness,137
25,صحة حلومة أما بربي وين بلاصة سوسة,neutral,33
26,شاء الله زيزو ربي حفظ فرح بيه باخوات,happiness,36
27,صباح النور يا حلومة هو علاش تعملي أستدي فوق سطح شاء الله محمد زال كبر وصل الباك أن شاء الله جيوه اصحابو بدأ مستقل على روحو خير مجرد رأي رببي عينك صحة تبحبيحة لولداتي,neutral,165
28,فما حاجة وراك,neutral,13
29,لحق ياسر خوفتنى مال مانيش مروح تونس تو نبقى خالتى في فرنسا حزين مغموم,fear,69
30,مفروض اعتز أكل تونسي جاوا أحب هو,neutral,32
32,على هو سلام رحم الله بركة عواشر مبروكه,happiness,38
33,لاحول ولاقوة الابالله ألعى عظيم اللٰه رحم هو مسكن مبروك عواشرك اختي نسرين عيد سعيد,sadness,82
34,تبارك الله على اللٰه أعطى صحة,happiness,29
35,أدعى بنتي الله جازى هو خير توفيق يوم تبلغ خبر رفض أو نتيجة اختبار أو قبول ظيفة جد حززينة بكات بزااف مسكينة يوم عيد عواشر بكى معي هو هو مريض بكى نحس بلي بنت هو زهر يارب عوض هو الأحسن يا كريم فرحة هو الذي شاف تعليقي دعى معى هو الله رحم ديك رزق هو جنة عيد مبارك سعيد,sadness,263
36,عيدك مبروك متتبعة جزائر,happiness,23
37,الله بارك فيك,happiness,13
38,مبروك عيدك انعاد على صحة هناء,happiness,29
39,عيدكم مبروك تحياتي تونس,happiness,23
40,مبروك عيدكم,happiness,11
41,عواشركم مبروكة صحة سلامة طول عمر شاء الله تحياتي صانع هاد المحتوى أرض وطن بلد مهجر حمد اللٰه جو ديال عيد داز خير نسبة هاد قضية آش غادي قال يكم غير حسبي الله نعم وكيل سيد مجرد قدرش تحكم أعصاب ارتكب جريمة راسو,sadness,207
42,عيد مبروك تحية كبير جزائر,happiness,25
43,سلام على هو ختي نسرين عيدك مبروك,happiness,32
44,أنا تونسيا المهدية ربي أخليك,neutral,28
45,حي سعودية راني أحب هو برشا تونس,happiness,31
46,تونس ديم كلام عندك قال وش مسرور ضاحك مسرور ضاحك مسرور ضاحك,happiness,58
47,تحية سعودي أهل هو إحباب هو تونس خصير كرح أيعام أشن حالي هو خوة هو تونس احنا أهان انتوم أهان زاد قداش باهين خوتنا تونس انتوم أهان برشا عسل أش قال هو نحن سعودية هو أحب هو برشا,happiness,173
48,آخر شي كلمة تونس هو شين شين شين,neutral,31
49,حرفي تونس شي آخر حرف,neutral,20
50,تونس هجة هو هبل الله بارك عجب ياسر احلى حي جزائر,happiness,48
51,نشال لباس مسرور ضاحك مسرور ضاحك مسرور ضاحك افلوجة,happiness,49
52,شنو اسم مسلسل الله عاشك,neutral,23
53,قليل أدب صرف غير مقبول كاين بزاف تلميذ هو ميقدروش أستاذ ضحو أستاذ بشر حرج فكم قدروه,anger,83
54,أعمل مسلسلة باش تطلع بناة هو قحاب كيفم,anger,38
55,لهجة جميل جد توفيق,happiness,18
56,الله بارك خاوة هو تونسي,happiness,23
57,تونس هكا قرا زعمة تيل ماريكان هه,happiness,32
58,تو فما شكون اسم نوح تونس هو,happiness,27
59,قانون أحال هو النلميذ إلى مجلس تربية مش ضربة أول يومة رجوع تلنيذ إلى معهد عطلة صيف بعض أستاذ التحق درس بعد علاش تعطيل سير درس خلق جو ساد مشكلة اللٰه ناقصين أول دافع دم قلب هو أش يانجم دخل تلميذ قسم معهد شي غالي أغلب اولياء قروض شي وجع قلب اللٰه انضباط اخلقوه باس هندام طبلية لي توصل وسط مفتوح فتاة وو لمضباط اعملوه خلق قسم مراجعة باش ولد هو ميتلوحوش شارع كيف الاستاذ اغيب أو ساعة,anger,379
60,احنا كمان موريتانيا نلبس أي حاجة مهم بس أن بنت كان مغطي شعر هو لباس هو محتشم ولد ميكونش بس شورت أو شعر يتخطى وذانو,neutral,114
61,حاول قبل ابن هو متبرج رقيبة المقبور آخر ككن استطاع أن نزع صلاة دين تونسي اعتبيري أيت هو علمانية مقلد الباس غرب,anger,110
62,صل فرض وقت هو مكان هٰذا عجوز شميط تلقى هو بالا حي اللٰه شب شب إسلام شب ألام عماد الله اوفقم,anger,91
63,مديرة تلبس لباس مراهقة أراد واحد طحن طيز هو أراد شب أصلى مسرور ضاحك مسرور ضاحك,disgust,78
64,ليبيا الله بارك رحم الديك ارض الله,happiness,34
65,اللهم أرك شوية شب بنت رجالة الله بارك هو,happiness,40
66,شاء الله جيل صالح واعي يا رب هو,happiness,31
67,برافو هو يا شب بارك اللٰه فيكم,happiness,30
68,مبروك على هو عالمي,happiness,18
69,الله بارك يا لدى استاهل ملعونة,anger,30
70,حسبنا الله نعم وكيل هذي مدير متصه كافر مفروض فرح موش تعارك تعليم صوت هو استحى الله انتقم هو شاء الله على شب ربي حفظ هو ويسلمهم,anger,126
72,انضرى باس هو صيفة هو كان مفاجء عاءر عاءرة حسبنا اللٰه نعم وكيل,disgust,62
73,الاسف تونس حكم هو النسويه وين رجل تونس,anger,38
74,الله اكبر اللٰه بارك ويعزك,happiness,26
75,ين شب تونس وين رجل هو أفصل هو المدرس هاذي مره حارب اللٰه هو,anger,59
76,شاء الله زال أمة خير,happiness,20
77,أقام صلاة يوم غصب هو كي تعلم ظمن تجربة تونس بلد مسلم هو هو توفيق اشباب أكتب هو اللٰه هادا أذن,neutral,93
78,عهد رقيبة بن علي كان خل شب أصلى آن شاء الله شب أصلى ساحة الله اكبر,happiness,66
79,برافو عليكم ياشباب,happiness,18
80,اللٰه رجل الله بارك هو,happiness,22
81,عندنا صهاينة أكثر صهيوني متع اسرلءيل هاذي زم رحل هو إاسراءيل موش تونسي خامج هاذي,anger,80
82,عاش أيد هو مبروك تونس وحدة مثقف مستنقع تخلف الغباء إسلامي هنيال تونس عاش ايدج,disgust,77
83,باس هو علم هو فاجرة متكبرة أصلح لأن كان مسيرة بيت دعارة ليس مدرسة,disgust,65
84,الله بارك جميع انضم إلى بطل,happiness,27
85,شاء الله على اللٰه ثبب حق الله هدى هو رشد صواب عافى هو هالمرض اللي,neutral,66
86,برافو عليكم ارض الله مش أرض هو ماتصلح مربي جيل جلس بيت لأن ضر هو أكثر نفع هو,anger,76
87,ربنا حفظ هو يا اولادي صل صلاة هو تركى هو صلاة عماد حياة إنسان نظم قتكة نسبة صلة هو ليس عكس شاء الله على هو جزائر ربنا حفظ هو أما مديرة فيا ويل هو غضب اللٰه,anger,155
88,أولادنا شاء الله على هو ستة دي هو اللٰه حسبنا الله نعم وكيل هو,anger,62
89,شاء الله علي تمتع رجولة صغر,happiness,27
91,برافو عليكم,happiness,11
92,اهنئكم الله بارك هو أكتر هو,happiness,27
93,امرأة تونسي إنحطاط تام يوم خرج خامج جديد لباس عاري البلاطوهات تلفزيون منصة سمى نفس هو فنانة حزين مغموم حزين مغموم حزين مغموم,disgust,124
94,أعجب على هو أن منع صلاة خلع باس هو إسلامي تبرج علم الله هل أصلى السيده أم استغفر الله,disgust,85
95,إقر المكتوب عنوان باس هو اضح غير مستور كيف بان هو تقبل صلاة نكن كان نصرانية أو يهودي أو متأسلم,disgust,94
96,ماقر برافو عليك خلي غير هو هو عرف انو ماحدا بيثنينا صلاتنا,anger,58
97,الله بارك وفى لي هو,happiness,19
98,الله أكبر اللٰه بارك هو صلاة ثم صلاة ثم صلاة,happiness,44
99,جمال شاء الله تبارك الخالق آقة زهور,happiness,35
102,الذي الترجي تونسي حط,neutral,20
103,شاء الله بنات بلادي,happiness,19
104,أنا جزائر الله بارك بنت تونس,happiness,28
105,أنا تونس نشيخ علا هو هو مشكل,anger,28
106,تحيه تونس إلى جزائر شقيق احنا أحب هو برشا برشا,happiness,46
107,حزين مغموم حزين مغموم حزين مغموم الله بارك هو يا بنت يا حلوة عقبال باقي أربب كان خير,sadness,84
108,شاء الله,happiness,8
109,أنا تونسي قبل تونس إسم هو أفريقي,happiness,32
111,تونس أسم هو أفريقي,neutral,18
112,اسم هو افريقيا أحب بلد تونس,happiness,27
113,تونس اسم هو افرقيا,happiness,18
114,تونس معنى هو عندي حب ربي حفظ يا بلدي,happiness,36
115,أنا تونس أنا أحب هو برشا برشا,happiness,29
116,أنا تونس أحب هو برشا,happiness,20
117,حمد اللٰه تونس ول هو شعبي يوتيوب,happiness,32
118,أنا أحب تونس برشا,happiness,17
119,حي بلادي تونس حبك برشا متحمس سعيد,happiness,33
120,تونس إسم هو قرطاج أو أفريقيا,happiness,28
121,تونس أسمى هو لوبيا عهد قرطاج,happiness,28
122,تونس بلدي إسم هو أفريقي,happiness,23
123,عرف أنو تونس كان اسم هو قرطاج,happiness,29
124,مبروك الف مشترك,happiness,15
125,الف مبروك حلوه,happiness,14
126,نسيم عبدك مبروك,happiness,15
131,الله وفق هو سعد كان كلمتة,happiness,25
132,محلااك اللٰه عيشك مجهود,happiness,23
133,انا تونس أحسن فيديوه عالم اللٰه أعطى صحة برافو بليز جاوبزي,happiness,58
134,اللٰه بارك شخنا فيديواتك,happiness,24
135,مليون مبروك يا ناسيم,happiness,20
136,اسم شاش الحوت هكا هكا قالول صفاقس,happiness,33
137,إنشاء اللٰه توفيق,happiness,17
138,أعطى صحه ربي معاك بالك إلى انا تونسي كيفك,happiness,41
139,عيدكم مبروك,happiness,11
140,أععى نسيم ختار نفض وعدك,happiness,23
141,راح أعطى نصيحة أخوي استمر مقطعة فيديو ساعي وبالتوفيق,happiness,52
142,شاء الله صحة فرحة,happiness,17
144,خويا نسيم بش نقترح على تصور فيديو المهدية بحر هو باهي برشا نتصور تلقى أسماك,happiness,75
145,عيشك يانسيم طلعلي كومنتاري ماك قرى هو كل اللٰه إجى بحر سيدي عبد الله شابة أسل علي اللٰه أعمل فيديو بش زاد تأكد لنس إنو فماش حكاية قرش شابة,happiness,138
146,إم شي صفاقس بحر مهديت,happiness,21
147,أخاء نسيم تحياتي ليك بسس جيران هو حبى نطلب اصطاد لي هو صدفة إلى هو ؤلؤ داخل عيشك أقرأ تعليقي راني شحال هو متمنية هو,happiness,115
149,انا زدا فك انحب بحر انمشى عايلة بحر سوسة شط مريم زعم نلقى مخلوقة بحر,happiness,68
150,يا نسيم خويا شوفلنا كيفاش تلقال هو حفاة بحر حبا نشوف فيديو كامل سلحفاة بحر بر شا مكان تلقى هو هو مثل جزيرة قوريا بالمنستير,happiness,122
151,لدى أغرم بحر خاطر تفرج يدية هو ربي أخلى,happiness,39
152,عيشك يا نسيم هالفيديو مش نورمال هبل ربي فضل هو,happiness,46
153,الله بارك ربي دام هو شاءالله,happiness,28
154,الله بارك أجمل تأخذ راحة بعد اختبار صعب أو ضغط درس,happiness,50
155,شاء الله يا منى الله حفظ حبيبتي,happiness,31
156,الف مبروك حبيبتي,happiness,16
157,مبروك عمرك نفس عمري,happiness,19
158,ألف ألف مبروك,happiness,13
159,أحلى منئ جميل أميرة الشاطرة ذكي حل حفلة هو صاحبة هو راحة فك يا عمري,happiness,67
160,الف ألف مبروك مبروك,happiness,19
161,انا عندي هكا,happiness,12
162,ألف مبروك,happiness,9
163,مبروك عيد هو اختك أل مبروك مبروك عيد مبروك علي أسمح لي راهي غلط,happiness,63
164,شاء الله البنت مؤدبة الله حفظ هو لك,happiness,35
165,شاء الله كنز مو هدي هو,happiness,22
166,منى انا اسم قيس تونس,happiness,20
167,الف مبروك نشالله,happiness,16
168,شاء الله يا مدلع هو مسرور ضاحك,happiness,30
169,مبروك,happiness,5
170,الله بارك ختي,happiness,13
171,انا نفسى في هدية زي هو شاء الله,happiness,31
172,بسم الله شاء الله صلاة نبي,happiness,26
173,منى يفك ممكن أعمل هو,happiness,20
174,أي شاء الله انا بس صار عيد ميلادي يقولولي كبر جحشنا سنة,happiness,55
175,ذكي شاء الله,happiness,12
176,محتوى لي هكا علاشة تشهرر أكثر تونس,happiness,34
177,مرحبا فك اخوي انا فلسطين كيف قدر ساعد تقديم جواء كندا,happiness,53
178,إنشاء اللٰه توفيق,happiness,17
179,تونسي عندي شهادة بناء,happiness,21
180,كيفك,happiness,4
181,انا مروان صفاقس عندي شعد نخار,happiness,29
182,عيشك خويا,happiness,9
183,توفيق جميع إنشاء اللٰه,happiness,22
184,زعمة مكانش خدمة الله ذلك ماشي تساسي زلابية متاع تونس,happiness,52
185,قسمة نصيب أما نفس شيء الله غالب نفس يستام أحب خدم تونس صعيب أما عندك شك حاجة آخر,happiness,80
186,عجبني كي سافر بصح غي جزائر مسرور ضاحك اللٰه كامل كيفكيف طبن هو,happiness,62
187,تونس مزيانة باهية برشا برشا تحياتي جزائر نحب بزااف بزااف,happiness,56
188,عيدكم مبارڪ حفيد صحاب مرابط موحد قلب رجل عزة الاسلام اخواننا تونس حبيب اهلنا رجل صمود نخوة شهامة عزة اهه هو ثم رجل إسلام عرب اهلنا اخواننا التوانس نعم أي وربا كعب شهد هو رجل صمود غيرة حمية إسلام عاشك حي تونس جزائر ليب يا دمار دولة كفر عزة هو وغزة مسلم حبم قلب هو لئه أكبر لئه أكبر هو اكبر أال أللٰل لئه أكبر لئه اكبر هو حمد,happiness,323
189,شاء الله ذٰلك حي أغلى ميزانية جزائر منكوب عانى الطوابير الجوع حي المهمشة القصدرية الهشة,happiness,87
190,شاء الله ربي بارك صدق شاءالل شاء الله بش أمشى جرب هو هو أحب بلايص كيما هكا,happiness,74
191,برافو على نجاح نبع داخل هو تراث هو أي بلد شخص الله رزق رزق يارب اعجبتني محافظ هجة هو ماكائ هو اتغربت أعجبني كلام هو ثقافة هو إمتنى هو بلد الذي شكر هو رب عالم سبحانة,happiness,164
196,ليبيا وين خلية هو معلومة جغرافي ضعيف عيشك برشا برشا يوم عرفة معلومة جديد مغرب عربي,happiness,82
198,أول علم غالط علم تركيا علم تونس ثاني قال الفيديو باش عجب برشا برشا ماهوش عيشك رشابرشا الفيديو باشي عجب كسرة هو كريمة هو لغة ماتعرفش استعمل كلام تونسي ماتستملهاش حكى عادي تونس ذكين فهم حتي لو حكى هندي,happiness,199
199,علم تونس صحة شفاء الكسكسي العجة المرقاز هريسة عربي برشا برشا,happiness,60
200,آني تونس عايش رياض أضاك علاش إسمي نعيم مبروك أبنسب تونس أحسن بلد إنسان هين برش أحب بعض هو كيف خوات قدرولي تعبي شوي لايكات,happiness,121
201,معلومة غالط تونس أقدم بلد شمال أفريقيا مطبخ تونسي مستوح منتج فلاحي متميز هو تونس إيطاليا أخذ الباستا نزرت لأن هو تونس معروف إنتاج أرفع نوع طماط معروف احمرار هو ليس مثل طماط أوروبي تونس معروف أقدم أحسن نوع قمح صلب الشعير زيتون معروف تونس ارفع أقدم زيتون سمى عهد رومان مطمور روما احترام هو الجيران مطبخ تونسي درس عالم,happiness,315
202,شاء الله باس موش علم تونس علم تونسي,happiness,35
203,موش علم تونس مسرور ضاحك علمنا,happiness,29
204,نفع ماينفع مهم هو إنسان متعلم قمة علم خلق ماهمش فك فجعات بطنك,happiness,61
205,هو تونسي نقلك عندك حق,happiness,21
206,تونس مف هو شي حلو مسرور ضاحك أصل حزين مغموم احترامي تونس,happiness,56
207,أن شاء الله مبروك على هو طهور حمد الله على دين الاسلام,happiness,54
208,ماشاء الله عجبة هو كي فسر علاش محبة يتش الماتشا توفيق,happiness,53
209,حمد الله يا ربي لباس على هو ربي زأى البڤ زا مقارنة هو إلى هو,happiness,60
210,الله بارك حي جزائر شعب جزائر ضل وحدة وطني مجد خلود شهيد هو برر,happiness,62
211,جلسي بلادك علاش داخلة تونس مسرور ضاحك مسرور ضاحك مسرور ضاحك,happiness,59
212,حاجة مما همش كيفاش وجهة مفضل لي جزاىر راح تونس,happiness,46
213,حي تونس تاريخ حاضر مستقبل قاهرة جرذان كي هو غاليا ماهيش عاجبة تونس علاش جايا شدو لا دكم معادش جاو مرخصكم تجيو تونس زاحم مستشفى هو نادق هو مبعد تسبى خليك هو أحسن سياحة أجنبي أفضل مليون عربي ناتن عايشين صرف متاع منحة طالة فقر حل كشخة على هو مشكلة هو رخيص كيفم,happiness,257
214,الله بارك هو وحد قبول,happiness,21
215,تونس ياتونس علاش أحب هو,happiness,23
216,محير أمق اتسعمال جزائري الفاظ رنسية رغم عربية هو ميزة نزل هو قرآان الأخت شاء الله باس محتشم غاية معذر,happiness,101
217,دراهمنا طايحين ختي ماشي سعر تونس غالية,happiness,38
218,تونس مفماش زواولة كيفم,happiness,22
219,شفت بغض لي ليكومنتار التوانسة أسف كنت تونس منذ يوم بغض هو بدا على هو ملجدود روح شفت الزوالي تونسي خرج خيرات بلادي قدام عينينا عايشين خير بلد هو عاير هو طيرو سما ماتلحققوش تراب أرض لي مشى على هو جزائري فكم كيف جارون خرين حقودي كثر خير دزاير لي هو حالة حد تاكل هو خبز عمر سانس المازوت كلش شفة غاز تالي ماعندم دارك جيعان طالاب تعاير سيادكم,happiness,336
220,الحمدالل هنا عايشين باس الحمدلله,happiness,32
221,مفروض هدر تجيب هو عين دراع فال شاء الله خلاص تونسة راهم عايشين معنى هو منهم,happiness,75
223,ممكن متابعة اللٰه بارك هو خاوتي,happiness,31
224,زيت أعى تونس عنا مشي كفف هٰذا سبب أهظ ثمن شيء ذكرة هو ماشي كفكف,happiness,63
225,شرط لباس شرعي امرأة مسلم استيعاب جميع بدن استثني كان ثوب زينة نفس كان صفيق شفى كان فضيف غير ضيق وصف,happiness,99
226,شاء الله ربي حفظ هو هبل كلام موزون تواضع ثقة نفس افتخار بلد شهيد جزائر,happiness,70
227,كيفاش تونس ولاية جزائر,happiness,22
228,كنم ديم جزائري اقوى بلد عالم داءما هو فماش فكم رحم ربي أقوى شعب عالم,happiness,68
229,توفيق جميع متحمس سعيد,happiness,21
230,شبات قال قمرات الله بارك,happiness,24
232,اللٰه عيشين لباس فما هو مالفا التسول صغر سلالة عايلة هو أو بل آحر هو,happiness,68
233,شاء الله تبارك الرحمن بنات جزائر حبيب,happiness,37
234,الله بارك,happiness,9
235,بصح عندكم واحد ملفوف الله بارك,happiness,30
236,الله بارك اترى هو,happiness,17
237,معيشة عندنا هو كيف كيف حن حنا معيشة صعابت غير لي لباس على هو راهو عايش,happiness,70
238,علاه أضبح على هو علا الله بارك بلد هو وصح عام لي فات كي دخل حد بكيت,happiness,67
239,هو علا رايحة لتونس,happiness,18
240,عنددك حق انا رح هرب حي جزائر كلش غالي تونس ارجهت روحت هرن شاء الله مطعم شاء الله رغم اني اعيش غربة حي جزائر لاد خير,happiness,115
241,بلاهي عاش بلد فقر كيف هو فكم وجاية فشلم تي بري فلوسكم درى هو هو صفر ماتجي شيء طايح ماأس رنك دينار هو طالع يا ذكي عايشين حمد اللٰه ركة ربي بلادنا,happiness,144
242,خيتي ايجي مرحبا أما ماتحك حاجة انتي ماكش فاهم شيء أحب تكلم كهو راو الفلوس الي جأى بي هو ماتعملك شيء دينار جزائري طايح دينار جزائري وجي فرنك تونسي خاص الي فك تجي تونسي نقظي بي هو انا نهار انتي أحب شرى الحلو حاس سيدي سعيد سكن شويا عيشك زأى التبهليل الهزان نفظان قتل الياغرت غالي قلت لحم نقلك عادي جزائر غالي شيء عادي غير إنسان الي هو ربي ديما تشفع مايعج هو عجب كيفك هو,happiness,366
243,مساول تونس حشمة هو روح هو حزين مغموم حسو,happiness,40
244,إنسان خرج طبل انقلاب هو سبب بلاء منذ انقلاب مواطن تونسي عصر طحن يوم مبروك فرح الدكتاتورية عاش الدكتاتور تونس بدون ديكتاتور ليس تونس,happiness,131
245,لباس على هو حمد اللٰه اش خلاك جأى سبعة مرة,happiness,42
246,بلد عهد بن علي لباس علي هو مشاء بن علي جات السراق خون متخذل كذب,happiness,63
247,مدام هٰكذا علا رايحة تونس متفكر,happiness,31
248,حمد الله تونس جتنا ازم كي عالم الحمدالل عنا رخيص هو متوسط هو غالي نشربو حليب ياغورط ولباس,happiness,89
249,هو ماشية جاية تونس علا,happiness,22
250,شن تونس ولاية تونس دولة اختلف شي دزاير غالية قارن فلوس تونس دزاير هذاك علاش جاتك غالية برشا أما نسبة تونسي باس حمد الله شرى نسهرو ناكلو نمشو مكان,happiness,145
252,أجمل ابنة هو بارك الله شاء الله,happiness,31
253,عندي صحابي تونس قالولي هو ماعندوش موى,happiness,37
254,آخر زيارة تونس مليح هو الامان درك الله اعلم قال غالية كري الله بارك,happiness,67
255,دينار الجزاءري راه عيشك غي بلادك قيمة هو طايح مسرور ضاحك مسرور ضاحك مسرور ضاحك,happiness,78
256,مسرور ضاحك كي جزائر كي تونس كي مغرب أفكى إفريقيا مسلم حبس فتنة,happiness,62
257,أش فائدة دينار تونسي بلد هو عاشك نتوم قيمة دينار عالي سباب سياحة توافد سائح أما هو عندكمش مداخيل عملة صعب غير هو انتجى أصنع عندكم ثروة هو سباب ليبيا جزائر اللي لا دكم مزال هو واقفة,happiness,180
258,جزائري مشى أي دولة انتقض رغم حالة فقر الباس تعنر حقد آخر,happiness,56
259,شاء الله على هو,happiness,15
260,الله بارك بنت هو هو عين أيود كثير هو,happiness,36
261,ماشي كيفكيف أسكو دولة جزائري عاملة سياسة دعم مادة استهلاكي ذٰلك فرقة شاسع,happiness,73
262,سياحة فقير سياحة مليون جاوع شدو لا دكم مخيب منضرة هو نهار طولو تبكو شكا على هو ماهوش ذنبنا إلى عملة هو طايح معند هو قيمة تونس أجاه عشرة ملين سايح واحد هو شكى غلاء معيشة إلا هو يا شعب طابير حمدالل عايشين خير نعمة منعى سوء تغذية كيفم,happiness,231
263,علاه تجو تونس تشكى تونس شعب مريض,happiness,32
264,زار تونس جزيرة جربة انا عائلة صيف اقسم اللٰه غير حطونا تاج فوق رأس هو شاء الله شعب تونس كي عرف بلي جزائري حكومة شعب ربي حفظ هو رمضان الابواب مايجوزش فطر منتفرجو كاتش توانسا,happiness,172
265,تونس بلد الزوالي عاش باس حذاقة نساء قناعة ولباس,happiness,47
266,أجمل أحلى بنت هو شاء الله,happiness,25
267,صحيح كلام هو ياسر غلا تونس,happiness,26
268,كيفاش قال تونس ولاية جزائري,happiness,27
269,أحنا بلد هو تونس حمد اللٰه عايشين باس على هو ناكل الياغورت الڨاطو لحم الحوت رأس أختى باس أكبر دليل شوف المرشيات تلقى هو ملي التوانسة أمشي كارفور تلقى هو مليانة أدخل المغارات لباس تلقى هو مليانة امشي مطعم تلقى هو مليانة التوانسة صرف اللٰه إس على هو التوانسة لأ كان أنتومة تشفى هو غالية متقدروش تعيش حكم دينار جزائري طايح دينار تونسي طالع تجيبو شكارة فلوس رقتين فل تونس,happiness,367
270,علا حسب سميك هو خلص كفكف تونس دزير درهم هو كتر متع سبعة مر بلك هو خير هو هدي نت هو رهم ضحو على تونسا هيا رجل هو دندو لي خل هو تركولي معا بنت هو خدم بن زوج لوكان جتي باس على كول عام وين ركي مشي غير تونس يا لفقيرة,happiness,211
271,لالأ يا ختي راكي أبدل دينار تونسي جزاءري أنو درى هو هو غاليين علا درى هو هو عنى زم حسب نسبة سميك تعهم ماشي دينار تاعنا تبانل راكي غالطة كفاش راكي حسب نضن انو مستوى معيشي حنا التوانسا قريب كيفكيف,happiness,194
272,مرحبا بيك اختي عندك حق اللٰه تونس غلات برشا,happiness,43
273,فهمينا علاش راكي تروحي لتونس,happiness,28
274,كيف عاش شعب جزاءري ثمانينات احنا نعيشوا توا تونس,happiness,48
276,كيفاش قال سيدة لاية تاعنا تونس مسرور ضاحك,happiness,41
277,حوار رائع شاء الله تبارك الله,happiness,29
278,نعمبلي أخة هو الله بارك الله مشاء اللٰه ربي يحفظاه هو هو,happiness,56
279,تونس كلشي غالي بزاف جزائر عندك فلوس أو ماكين الو الكحط الله حفظ,happiness,63
280,أي حق تونس غالية برشا ناحية غذاءي خاص نصرفو أكثر شهري حاجة حيدة سمحة تونس الي عندنا دينار مازال قضى غرار بلد آخر غلاء معيشي برشا,happiness,128
281,حمد اللٰه ربي معانا عايش لباس,happiness,29
282,البنت صغير شاب الله بارك,happiness,24
283,سعر غلات برشا تونس هو حق امرأة كلام هو صحيح ربي وفق هو,happiness,54
284,عندي مدامت تونسي ظل هو روح تونس نتيل قلت هو محل نجى هو الو مسرور ضاحك مسرور ضاحك,happiness,80
285,حنى احنا نبوس ارض تونس يا جزاؤرية تونس خير حمد اللٰه باس احنا عناس طرول غاز عايشين خير حمد الذي هو,happiness,98
286,عايشين حمد اللٰه باس على هو هو فقير بلد بترول عايشين طابير,happiness,58
287,غالية اقعدي بلد هو حوس هو الله بارك راهي قار شرق غرب شمال جنوب كون جيت انا بلاصة غالية انروحش لي هو,happiness,99
289,هذال علاش ماشين جايين على تونس,happiness,30
290,مرا فحلة ألف راجل متحمس سعيد متحمس سعيد تحية كبير ليك ربي أعطى صحة عافية أفرح ولد,happiness,81
291,مسكن بنت تونس وحدة أعرض قلى عندي إلى جهاز مخابرات شرطة,happiness,54
292,شاء الله فتاة رائع تحية هو جزائر,happiness,32
293,توفيق نجاح,happiness,10
297,افتخر نساء الذي هو فك خفيف روح,happiness,30
298,شاء الله ملكة جمال,happiness,18
299,الله بارك جزائر إنسان متربيا شافوك لعري استروك راكي جدعة ليقل حجاب كلا مترجعع أقعد تماك تونس متسوي جزائر إاخا حال خا مهبول مسرور ضاحك,happiness,133
300,قال انا جزائري سكرة مسرور ضاحك مسرور ضاحك مسرور ضاحك قال برشا ساكن سكرة قالو برشا هذي تونسي,happiness,91
301,حي جزائر أحد راه هرب جزائر عيب على عيب على هدي بلد اللي مات على هو مليون نصف مليون شهيد جزائر الذي تشرف وحدة هو فك هو الذي عفك هو الله أهدى يا بنتي كاين الذي حاس سترة الحيا أحد حاس لعر طاق حرية الله أهدى الله يهدينا,happiness,215
302,هدي مشي جزائري هج هو تونسي,happiness,26
303,حرية لباس تونس مايشوفوش ربي مايشوفش حال قوة إلا باله,happiness,52
304,صحفية تونسي عرف سكرة جنوب اللٰه بارك,happiness,36
305,حمد اللٰه كي حبيتي تعرى غير بلد جزاءر لأن جزاءر نساء هو بنت هو محترمات حبى تربية بنت هو سترة حياء ملي كنا صغير متربي سترة ليس حجاب لباس مستور كي عند واحد عشرون عام تحجب حدي حمد اللٰه عكس عاءلة رحانة بيا ربي هدى أول ربى سترة مليحة بلد,happiness,233
306,تروح تونس باش تعرى مبروك خاوة هو أم هو,happiness,38
307,هادي هدر تونسي ماهيش جزائري,happiness,27
308,هادي تونسي ماشي جزائري عرف هو لهجة,happiness,34
309,هاذي تونسي سكرة ميهدروش هكا,happiness,27
310,طفلة الله بارك بصح هو طواليط بلاصت فم,happiness,37
311,صغير أسف ربي هدى أب هو الباس شرعي المسولي أمام اللٰه عقوب دني أخره إذا استدرك أمر,happiness,81
312,رانا نحاربو باس تحرر منعناش خيانة قتل زنى ربي أهدى مزالك صغير مشك مربية أسس باينة نهار أكبر اندمى هادي الهدرة,happiness,109
313,أي هو أم هاذي نتيجت تربية حرية هو لباس العريان رب هو ستر حشمة أصبح أراد أن تزوج عليكي زوجك أيت هو أم,happiness,100
314,مستحيل كان سكرة إنسان هو وجو هو مش صحاح فك مشم أعى فضايح تحشش برك لخر,happiness,69
315,مشي سكرية تونسي,happiness,15
316,نقص هاذ شكل بلد أنظاف يا مالا توفيق ليك مثل هو هجو خلونا عاش هو,happiness,63
317,جزائر نظيف على جزيري ميبزنسوش حدة كيفك قلت تربي,happiness,47
319,كل هاربين دزاير مسرور ضاحك أصل بلادي ميشرفهاش عاش هو وحدة كيفك,happiness,62
320,أصل ماتشرفناش حد كيفك مكشوف الله ذلك,happiness,36
321,أزوج هو تونسي علا زاجى باك هو,happiness,29
322,هاذي خساني المروك كيفكيف,happiness,24
323,جزائر تشرف وحدة هو فك بلد العز سترة كرامة,happiness,41
324,علاه زاج أباك تونسي ازوجي نت بتونسي,happiness,35
325,هو صاحب تونسي عادي حابة بقي ثمة,happiness,31
326,متبرية دزاير ملي فك تافه عقل بغلة زاد كذب بلد هو دزيرية مايخطفوش لي كيفك,happiness,72
327,جزائر ماتس الذي كيفك,happiness,20
328,لي باغي خرج طريق مايخرجوش جزائر راح خارج خرج طريق حنا ماناش زريبة راهم وراك تونس متحجب مستور روحي شوفي خارج أفريقيا مثل فرنسا موسخة فك روحي,happiness,139
329,هيا مجنونة فك سارة مدام تبعة حزين مغموم حزين مغموم حزين مغموم,happiness,61
330,ابنتي رانا هاربين ناس لي كيفك هو,happiness,32
331,إذا فرط امك لباس العريان دني سلام,happiness,33
332,هاذي تونسي خدم هاذ برنامج مرة بان معاهم حكة قصة خلاف مرة لابس باس شرعي مرة حجاب مرة بدل لوك عرف هو صوت مسرور ضاحك مسرور ضاحك مسرور ضاحك,happiness,135
333,حنا بلد حرمة نيف حنا إيمان هو قوي نعرف ربي خطرى ربي تونس مكانش اتقو الله يابشر غد تقابلي ربي قلو تونس أكثر جزائر رانا كامل رايى شبر تراب حولا قوة اللٰه جزير متفتخر عباد فك مني ننعلك إزمك تربية,happiness,192
334,شك خطف ربي أهدى مخلوعة روحك دار بيك غير حب لعب مزبلة كاين لي لابسين فك وكثر بصح أغلبية هو محترمات محتشمات هو خير تونس فرنسا خيرة شبهو مثلوك,happiness,139
335,قاتل هو حرية لباس وكون غير زاز أتعراي شراه حاكمك خصتي روح يابنتي مزي هو دزاير ميش ميتا على هو,happiness,93
336,أنا تونسي نسافر جزائر مرة راجل جزائري هز فيا عينو متربين شاء الله عليهم,happiness,71
337,وج شر هذي طفلة شكون هٰذا مهمة مقرقط مشتاق شبعة حابة طلقة جزائر حبش عباد كيف صغك حبي طلقة أعطى عمى عميك ولات جزائري عندك مش مليح ديك رباوك وجه شر كون تروح بلد جزائر تهنى كافك حابة تعرى,happiness,183
338,روحي تونس الله ردك هو إمثال هو جزائر متشرف إمثال هو عندنا الله بارك بنت بلد هو مستورر متحجب متدين حمد اللٰه لادي هو مزالت محافظة لهم أدم هو نعمة حفظ هو زالي,happiness,156
339,احشمي شوية جزائر إس على هو حمد له,happiness,33
340,بنتي شوفي طبيب تاع مهابل داوى حوالك قلة تربية خلق ذرة فاسد اطفال شيطان حابة ادخل رجل عاهرة تعري حرية مبروك على جهنم,happiness,115
341,شاء الله أحلاه,happiness,14
343,أضح هو أصل تونسي,happiness,16
345,لبس باس مسلمة ربي أهدى,happiness,22
346,قل أي عبارة سيئ فمماذا تعليق سلبي أحد حر حياة أحب تونس أحب حرية إس هو أحد سال هو,happiness,80
347,اللٰه حوايج اللي عندنا جزائر لادي هو أوروبا جوا شرى عندنا قال جوايج تونس خير جزائر نعل الله عليك,happiness,96
348,هذي أكد أن جزائر بلد رجل بلد نخوة حشمة غير بنت هو نسى هو مايخلوهمش تعرى شارع حمد اللٰه هذي نعمة حنا مسلم هٰذا اتربية اخلاق زين احتي شيء هدر نورمال مشي الله ربح يلا هو جزايرية حي جزائر حي لادي الجزاير نساء حراير اللي محتاشم مشي فك وكيف أمك باك الذي ماهم مربيين مارباوك,happiness,267
349,بكل صراحة انا جزائري قال أن نو هو حق أسف حنا جزائر منقدروش نلبسو باس فاضح لٰنوو هو عقلية فغن أغلب بنت جزائر جلباب نقاب حجاب قلييل جد وجد أمير الجزاىر تلبس لباس فاضح برز جمال هو,happiness,176
350,علمة معمر تونس عامل كوابير دخول تسوق عندنا قال سكم أحسن راهم تسوق عندنا عنى شرى عندنا زدتي انتى شرية منعندهم,happiness,108
351,هذي مشي سكرية تونسي أصلي,happiness,24
353,أم هو تونسي مااضن ماهيش جزائري,happiness,30
355,هذي غير شدو هو هو تونس مادام أحب لباس غير محتشم حسب هحة هو تونسبة وليست جزائري,happiness,78
356,تجي تونس تلبس عريان عيب عيب لباس محترم أمير محترمة مسلم أكل العريان العريان حط على الذبان الذبان عاش عرف قدر,happiness,108
357,علاه تزوج هو زاجى هو تونسي مش خير,happiness,33
359,جزائري حر هرب بلد أحب فرنسا أحب فساد فسق أنا جزائري نحيا بلادي نموت بلادي نكر فرنسا نتقلق نكر يوجعني قلبي كي نشوف إنسان ملصق علم فرنسا العدوة سيارة أو حمل محفطة أو لبس لباس على علم فرنسا أو أمريكا داعم إسرائيل لأن هو قتل شعب فلسطيني اللهم أنصر غزة العزة,happiness,253
360,ياو روحي قادى تونسي قال هو انا جزايري اسمعو سيناريو دوك قال مريض جزير تونس فرغ قال هو عجبة هو هوما زوج تونسية وانس كامل كدب أسمع راهي تشمى دزاير امشي قادى جزايري باس هو مسطور خبيتات روحي قادى هدي ديع خبية جيب تونسييات قدم هوم جزايات,happiness,232
362,ساكرة مبروك عليكم عالمي,happiness,23
363,تحدث خلق رأى هو لباس جاهل كيما قال مصري وراء ساهية دواهي خلق اكبر ليس كيفية لباس خرقة,happiness,85
364,تزوجيه تونسي باش أعاش عريانة باقي حياة خلي باك ترونكيل كفى عانى الأحسن أعاش تونس ترجع جزائر جزائر احتاجش حدة فك شاء الله بنت لي كيفك راح عاش تونس,happiness,145
365,لهجة ماهيش سكرية زوجوها بتونسي,happiness,30
366,الله بارك,happiness,9
367,أش بي هو هذي بنية عاد هدر تونسي مسرح بساكرة عندنا مش هكا,happiness,56
369,اواحد المنتنة حتة اللجمال سر نتاع نساء ماعندكش يا جحشة زايد مدايرة نسلة سنيك حمد اللٰه تسعون مائة بنت جزائر متحجبات ساترات إجساد هو الله بارك هو,happiness,144
370,دزاير قعد هو غير رجل وبنات فميلة حدة كيفك انتي متشرفش دزاير دزاير فوق روسنا هو عائلة هو دزاير متشرفوش لاي سكرة يا خامجة عمرك سمانة رايحة طيري جو,happiness,144
371,رانا مناش مشا عراية شارع كي معيز فءية معين هامل فك أول ثاني بلد هو هو ماعظم عامل قحب كل سوري صيني غير هو ماتع هو شريفات عندنا,happiness,125
372,قاتل جزائر هو حرش هو أسبوع ماضي كنت هران حي قايد فليل نصف بنت أبسين لباس فاضح الله تجول حرية أحد تحرش هو أشاه عملية تحرش جي هادي بنت كلبة قال جزائر تلبس فاضح خطف,happiness,161
373,شاء الله على هو بنية صغير عاشق حياة,happiness,35
374,جزائرية نسكت خير عشق حاجة اسم هو تونسي حقيقة ياسر سخان,happiness,54
375,ربي حفظ استرك هو مرحبا بيك تونس راهي لا دكم انتومة شاء الله على هو دزاير تونس خاوة خاوة,happiness,87
376,ملا ابقاي ثم القاي كاش تونسي أخذ حتي دزيرة كبير على مش محتاج وحدة فك طيح بلد هو قدام برنية رحانة روح هو,happiness,103
377,كيفاش تاكل ماكلة تونسي منغير هريسة,happiness,34
378,أيا خويا كي عرف شكون تاكل وقت هو روح تونس قيمة أكل هو ماشي الذي وجي تاكل عندو هدا قال ماشي بنين أكل تونس معروف ببنتو,happiness,116
379,يا خنت تونس جزائر حبيت نف هو قصدي يا خنتان هو هو هو هو جزائر تونس حط لايك ربي عاشك,happiness,82
380,ين هاذ بلاصة تونس,happiness,17
381,تجربة فريكاسي شباتي أنقص شي أهم مواطن تونسي هريسة بدون هريس ماهيش بنينة,happiness,71
382,الله بارك هو خوة هو تونس نتام إنسان ملاح نحب تحبى خوت ديما خاوة خاوة كذب على هو أحب توانسة كثر مغاربة,happiness,101
384,عيشك مرحبا بيك خويا تونس,happiness,24
385,هو هو أكل صلح أصل أحسن أكل أكل تونسي أنتى حلوى هو حلوة,happiness,54
386,معندكم شي شي مسروق تونس مغرب اكلكم,happiness,34
387,الاكل تونسي مش طيب مشي حالك مسرور ضاحك,happiness,38
388,بريك عنابي تونسي مش كيفكيف,happiness,26
389,البريك تونسي ١٠٠ راو فما برشا اكلات أخذى هو الدزيريه تونس,happiness,57
390,تحياتي أهل تونس اللٰه غير ناس شاء الله,happiness,38
391,متربي الله بارك عاقل حي جزائر,happiness,29
392,الله بارك الشبوبية الحطة فحولي أينا تاع تزيري,happiness,45
393,الله بارك رجل نيف خموس ولد بلادي احبكم جزاءري قلب,happiness,49
395,هو جزائري أحمل معي حقيبة أو صاكوشة ادعى هو هو تميز جزائري تونسي كلامك تافه جد ليس معنى أنصحك كلام نفس مثل فقط لأن جزائري متواضع مثلي احترم تقليد بلد استضاف هو ملك علم ثقافة منح هو حب احترام تقدير شخص تم تقييم أخلاق تهذيب مستوى تعليمي ثقافي ليس مال لباس الحقيبة كره هو هو حديث الفوضاوي الله أهدى هدى مثلك ظنى مظهر هو مزيف منح هو مكانة أحسن غير هو,happiness,345
396,لوكان غيالمغاربة قاع ملاح كيما هاد مقدم الله بارك حي جزائر,happiness,58
397,انا تونسي ايقول حقيقي برافو على راجل صراح راح شكر جزاءر عاش جزاءر هو اعيش إيطاليا كلنا معاه راجل بصح,happiness,100
398,اللٰه غير نظرة مغاربة الله بارك خويا أنا يوم مغاربة جزائري خاوة خاوةخاوة,happiness,72
400,الله بارك الجزاءري الرجلة والنيف,happiness,32
401,انا قبايلية تيزي وزو قال الله بارك خويا ليد بلادي شحال عرف هدر مثقف أثيحرز ربي,happiness,78
402,مستوى متخلف بلد إنسان انتقد أطلق حكم امرأة إس هو مكبوتين أينما ذهب أطلق تخلف هو هو,happiness,82
403,الله بارك وليد البلادي ثقافة تربية ماشاء الله,happiness,45
404,الله بارك خويا مغربي تربية ظرافة نظافة هدرة الفوور تحية خوك جزايري,happiness,66
405,الله بارك خويا,happiness,14
406,هو مغربي شاء الله على واله,happiness,26
407,انا جزاىءري قال إنسان قدر مظهر لباس الساكوشة تكلم هو شخص بل إنسان قدر تربية إخلاق شهامة تواضع حسن معاملة احترم بشر مهما صفة هو لون هو داعي انتقاذ عادة شعب آخر خاص تلك استضاف احترم نفس غيرك احترم,happiness,194
408,الله بارك اعليك تحية ليك جزائر قبيلة أكبر,happiness,41
409,الله بارك على هو حبية يا مغربي,happiness,30
410,ليد بلادي رجلة فحل الله بارك ربي رزق بلي هو,happiness,43
411,حي ليك اللٰه حبى مغرب إنسان حلواه فك انا جزائر تحياتي,happiness,53
412,الله بارك هو لبنات راكم كيفي هو صاحب قناه مسرور ضاحك مسرور ضاحك مسرور ضاحك,happiness,74
413,هو مغربي شاء الله عليك,happiness,22
414,ماشاء الله شاب رزين كلامو موزون الله بارك جزاءري وافحل,happiness,54
415,ثقافة مختلف تمام باس أو أكل أو موسئقي هٰذا نتشاب حزاير راه قارة عنى حدة هو فئ حزيرة لااكن اهتلاف ثقافة فئ بلد هو جعل بلد متنوع ثقافة أحب نموت بلاظي ثاني على تونس حمامات صفاقص سوسة چرپة بطاح قابس باجة تونس عاصمة زار هو كامل مشڤتش إئ شي تونس تخس پلاد ڜقئقة حس فئ بلادك ثاني تونس جزاير ربي أخلى بعض,happiness,295
416,مشاء الله نور نور مربي صريح ليد بلادى مغربي تونسي كانو مستوى الله بارك,happiness,70
417,أول مر نشوف مغربي متربي شاء الله اخلاقك,happiness,39
418,الله بارك خويا هدر مشاء الله ربي حفظ أن شاء الله,happiness,48
419,بسم الله شاء الله قناة رائع صاحب هو أروع ظرافة أو تربية حفظك الرحمن حفظ توفيق شاء الله,happiness,86
420,اللٰه أعطى صحة يا لدى حي جزاءر,happiness,30
421,الدزيري حر مسرور ضاحك الله أعطى صحه العافي خويا شاء الله على هٰذا هو ولد جزائر هذو هو رجل حي ولد بلادي الله ستر هو عين الحسد حاسد حاقد أكفى شرهم وشر عمل هو إمثال هو يارب حي حنا جزائري افتخر بلد هو جزائر حبيب ديما تاج فوق راسنا شهيد هو برر حرر رحم هو الله أسكن هو جنة الفردوس أعلى,happiness,279
422,جزائر ولاية هو عادة تقليد لباس أكل زواج شيء ربي حفظ جميع ولد بنت مغرب عربي,happiness,74
423,أحسن حاجة الفيديو صاحب قناة الله بارك راجل معنى كلمة ربي حفظ كثر امثالك تحية مغاربة آحر,happiness,87
424,أول مرة انشوف قنة عجبتني تربية مغربي حر الله بارك ربي حفظ هو خاوة هو مغارب,happiness,74
425,كلامو صحيح ماشي كفكف أعقلي جزائر وتونس,happiness,38
426,الله بارك إنسان خلوق,happiness,20
427,جزائر قار يا اخي تعدد لهجة الاكلات لباس الخ,happiness,43
428,عندو حق رح تونس شفى كلشي صحيح جزاءرية تونس تاخد راحة هو لباس بصح كي ألحق حد جزائري تبدل لبس درجة,happiness,96
429,انا جزائري وكنت مانحبش مغاربة غير ايوب ورضا أدريس مي كي شفى هدا متربب الله بارك وليت أحب مغاربة دوكا حانولي تبعك دايما,happiness,118
430,سلام على هو رحمة الله بركة يا أخي بارك اللٰه ممكن هو رجل رأى صورة ذٰلك امرأة متبرج أفتن إمح هو أرك الله عل كان لٰك سيئ جاري مرة رجل را هو الله وفق يا أخي,happiness,153
431,صاخب قاتل متربي الله بارك,happiness,25
432,مغربي مول قناة شاء الله علي رحم إلى ربو تحياتي جزائر,happiness,52
434,شعب جزائري تونسي مغربي هو ميزة غير عادي الله بارك على هو حفظ هو عين,happiness,67
435,لكم منى ألف تحية مليون سلام ياصاحب قناة شاء الله كان يفك اخواننا مغاربة احنا زمان أخوة,happiness,86
436,بارك ألله توفيق إبني جزائر,happiness,26
437,شاء الله شاب مغربي طيب خلوق الله ابارك,happiness,38
438,فكم هو دزيريا أمامل هو جبور حش لي ميستهلش,happiness,41
439,الله بارك لدنا مسرور ضاحك مسرور ضاحك,happiness,36
440,شكر هو هاذ الفيديو قيمة وبالتوفيق,happiness,33
441,بسم الله أول مرة أرى شاب صاحب قنة متربي شاء الله اتمنا أن كان اخوانا مغاربة أن كان مثلك اتبعك الجزاير سلامي حار هو إذا كان مثل هو الف سلام تحياتي ابن شهيد القلم المسموم الجزايرى,happiness,177
442,الله بارك على خويا عندك الزين هبل,happiness,33
443,انا نقلك لحية هيا أفرق تونسي والجزاير,happiness,37
444,أحلى لايك جزايري توفيق,happiness,22
445,انا مرا ندير ساكوشة دخل هو داخل كي نخرج جزائر اختي نخاف الباسبور,happiness,64
446,ملا علاش هاربين تونس مسرور ضاحك مسرور ضاحك مسرور ضاحك كذب راهي,happiness,62
447,شاء الله تبارك الله,happiness,19
448,محلاه أزولك حلو برشا تونسي,happiness,26
450,وين,happiness,3
451,لي شحد مصاري أشرف لباس ألي هو بسا هو حسب ضني,happiness,44
452,انو أوروبا اني أمريكا هو تونس عاش وطني هو اختي عزيز وحد عندو وطني فك بش قال بلادو احسن مليوم مر كرة أرضي هو ربي حمى هو خوة هو سور حفض سوريا نحبكم برشا,happiness,150
453,تونس رحب جميع سوري وضع هو طيب محتاج إلى مر بيه سوريا حرب أزمة ماهوش شوي أحنا التوانسا نقدر ضرف نساندو جميع أخوة هو بلد إسلامي أجب هو حمد اللٰه آن سوريا وضع جديد متفائل أنو سوريا رجع أحسن قبل توفيق,happiness,196
454,شاء الله متابع جزائر,happiness,20
456,شاء الله,happiness,8
457,ماشاء الله الله بارك,happiness,20
458,بسم الله شاء الله,happiness,17
460,نتامتربي كيماهاك مشي تونس جبري حيوان,happiness,36
461,كان هو شاء الله,happiness,15
462,ربي حفظ تونس بلد شعب شعب هو مضياف الله بارك جيت عام الي فات ناس ماشاء الله جارة جزائر شكر عرفان إلى شعب تونسي حفظ هو الله سدد هو,happiness,128
463,هاد وين تونس,happiness,12
465,طفر بخل كيفك كبير هو فطر مكش حاجم روحك دز بدنك فيق ضعك ياراجل,happiness,61
466,مبروك مبروك رجل نص أرتد,happiness,23
467,تونس أمكن مراضع ابو هب عيطو سفير دال هو اخوي ديك بلد قطعو علاقة راهم إيهود فلباس عرب,happiness,84
470,مثل تونس دليل انو لي ذكر هو توبة تونسي الله بارك,happiness,48
471,يا خاوتي انا عايشة تونس الله صوم كي احنا صلاة ترويخ نسا رجل صغير تهجد نس موجود صلاة جمعة نسا بنت رجل شاء الله على هو الي فطر رمضان موجود دولة كاين لي متخبي كاين لي جهر ربي موجود كل اتقو اللٰه هو,happiness,194
472,قال هو برافو على اتصوم احسن إلى صامي ماشي راجل خلو هو تاكل هو نار استاهل مال هو صغير أو جاهل أو قاصر واحد حمار استاهل جهنم قال هو فطر صوم تعبكم,happiness,143
473,انا نفطر رمضان أنا حر افتخر انني تونس لأن بلد احترم قية معتقد هو ملحد فرض عليا صيام مو لباس هو صيم على روحك انا نفطر حر احترم معتقد آخر احترم,happiness,141
474,برافو علي يا حر بارك الله فيك,happiness,29
475,تونس أشبه برشا لليونان,happiness,22
477,شاء الله تونس خيرات تونس هو ذكر مكان وقت كتير حلوة عشة هو تونس شارع حبيب رقيبة المارشي نترال سوق عربي هالاماكن زار هو قبل الكورونا شكر الك,happiness,138
478,إسم هو جمعية تونسي سياحة موش سيارة,happiness,34
479,روحك خفيف عفوي ذٰلك نجح توفيق,happiness,29
480,ثبت تونسي دائم ملك لباقة بارك الله حذاقة هو تربية هو كلام هو الحلو أن شاء الله رمضان مبروك هو وكل متابعينك,happiness,106
481,رمضان مبروك ربي معاك,happiness,20
482,اللٰه أحسن برشا مسلسلة توفيق,happiness,28
483,ياحمى رمضان مبروك ماي فراد,happiness,26
484,رمظان مبروك شكر المحتوى راقي,happiness,28
486,عجبتني هو معيزة هو شاء الله رمضان هو مبروك,happiness,42
487,رمضان مبروك محمد الذي قلت على علش هبرة هاذي نقطة بيع متع شركة لحم,happiness,65
488,نشالة رمضانك مبروك,happiness,18
489,ياسر متربي الله بارك خويا لعزيز,happiness,31
490,أصل خدم باهي رمضان هو مبروك,happiness,27
491,رمضانكم مبروك,happiness,13
492,جمال نظافة إصالة شاء الله,happiness,25
493,الله بارك تونس سخف ربي حفظ هو حفظ عباد هو,happiness,41
494,تونس أحلا علم عندي,happiness,18
495,تونسي افتخر باهي,happiness,16
496,أنا تونسي تونس بلادي ياسر مزيانة,happiness,32
500,يا جزائري ماذا ذهب كنيسة سيدي سعيد أصل نحن تونسة مسلم فك نريد أن زار هو أهم والا ماكش فاهم,anger,90
501,أحب تونس برشا برشا,happiness,18
502,شاء الله تبارك الرحمن على هو إنسان طيب ملاسين انا جزائر حبان دارو فيا خير احترام تقدير إلى هو رجالة صح,happiness,102
503,سلام هو باس انصحك إيجا شربان جرب كسكروة عمك على هون أمام محطط لواج,happiness,66
504,جرب ملاوي حسونة صفاقس بنين ياسر,happiness,31
505,صحة شفاء توفيق لد بلد كمل نجاح حمدلل,happiness,36
506,جرب كسكروت مدينة باجة حاجة روعي,happiness,31
507,جرب الأنتيكا المهدية اللٰه حاجة عالمي,happiness,37
508,طحين جا عبد مسرور ضاحك مسرور ضاحك مسرور ضاحك شعب تونسي,happiness,54
509,عيدكم مبار تونس أفخر العزة صمود إسلام أخ هو اهلنا التوانس نعم اللٰه هو رجل أخ أهل حفظ هو اللٰه عاشك لئه أكبر لئه أكبر هو اكبر أال أللٰل لئه أكبر لئه اكبر هو حمد,happiness,160
510,شاء الله بلادي,happiness,14
511,مصر أحب تونس برشا ببر شا خيي,happiness,28
512,ين صفاقس أنا صفاقسية حزين مغموم,happiness,31
513,حي الله تونس أخضر أهل هو طيب أحب هو برشا برشا امدلل اخوكم سامح مصر,happiness,66
514,نطق صح مبروك مسرور ضاحك,happiness,23
515,نقطة شي صح أنا تونسي,happiness,20
516,أنا تونس نصح تجربة هريس بنين برشا عندكم بش كان حار,happiness,50
517,عاعى,happiness,4
518,برافو على جد هو أكثر واحد تكلم تونس سكرا ولاية صح,happiness,49
519,سبحان الله دولة كله ساوى ولاية أربعة عشرون ولاية شاء الله تحية سودان,neutral,68
520,برافو على تونس غالي,neutral,19
521,ين المهدية حزين مغموم,sadness,21
522,تونس خريطة جأى جرد بوسة خالة مسرور ضاحك,happiness,39
523,كلهم صح يا بطل فين جماعة تونس,neutral,29
524,انا قبالي قلبي أمزيغي ماشي جزائري وعاش جمهورية قبيلة أمزيغي حر مستقل ظالم مظلوم رايس هو فرحات عاصم هو زاء وزو جزائر مغربي فلسطين إسرائيلي جمهورية قبيلة امازيغية أحب تونسي ماشي تونسي,anger,181
525,تطا وين ألقار مدنين قاهر,neutral,24
526,صفاقس وين أنا تونس,neutral,18
527,باهي انا تونس أحسن,happiness,18
528,انا تونسي اللٰه باهي,happiness,20
529,كلامك سليم نطاق شاء الله عليك,neutral,29
530,أنا تونس شاء الله على نطق هو أحسن تونسي أصل,neutral,43
531,الله أعشق تونس حبم برشا حبايبي,happiness,30
532,طقك صح شاء الله,happiness,15
533,برافو على قرية هو صح,neutral,20
534,تحياتي جزائر إلى تونس شقيق نحبوكم برشا برشا,happiness,43
535,جاز رجل باس أسور يد أو عقد رقبة أو قرط أذنين تبع رسول صلى الله على سلم,neutral,70
536,شاء الله لد بلادي أسطور متحمس سعيد,happiness,34
537,برافو قيس شقير كامل فريق ضحكتونا زهيتونا توفيق شاء الله,happiness,55
538,تمثيل شاء الله أخوكم جزائر,neutral,26
539,احلى تكوم شفا قتلني ضحك هاذ عام مبروك,happiness,37
540,خرج واعر تمثيل محترف برافو على هو خاوة هو توانسة حي كبير هو وصحا هو,happiness,67
541,غير مسلسلت تونس رمضان مدرنا والو,disgust,32
542,أحلى تحية أحلى توانسة خدمة شاب بزاف اللٰه بارك خوكم جزائر,happiness,57
543,مبروك المبدع كريم غربي مرة آخر نجاح هٰذا السيتكوم ضحكتني برشة,happiness,61
545,مسلسل تونسي موش تونسة ضحك تونسي,disgust,31
546,أنا كيفك,neutral,8
547,بلطي الله بارك,neutral,14
548,ضحك قلبي ربي أخليك,happiness,18
549,ياخي موش طلعوه ألم تونس تفرج,disgust,28
550,حكم جداتي تونسي نتفرج التوانسة أما تونسة لي تكلم الجزايريين نقل هو اتربو رانا أفكى تونسي جزايري ماكانش فرقة كبير بهامة قلة تربية الكره زرع فرانسا قحبة قلوبكم مزالكم تبعو,disgust,169
551,مت ضحك مبروك مسلسل جميل جد متشوق اشوف باقي حلقة مسرور ضاحك مسرور ضاحك,happiness,69
552,عاش نادي الصفاقسي,happiness,17
553,انا انحب نادي صفاقسي,happiness,20
555,أفريقي دولة أحسن فريق تونس,happiness,26
556,نادي أفريقي نجم الساحلي الصفاقس منستير جميع نادي أفريقي تحت صفر نسبة للترجي,disgust,75
557,مبروك الترجي رابح,happiness,17
559,ترجي رياضي تونسي,happiness,16
560,انا تونسي احنا مستحيل نعملو هكا,happiness,31
561,ختك مشي تونس تغلب جزائر,disgust,23
562,تونس تغلب جزائر عندك خيال واسع,disgust,30
563,أنا تونس زأى كذبك,disgust,17
564,ختك كيفاش تونس تغلب جزائر,disgust,25
565,علاش تونس ليبيا جزائر مغرب اخوة,happiness,31
566,عندك غظب تونس حص رك تخوف مسرور ضاحك مسرور ضاحك مسرور ضاحك,happiness,57
567,زأى عطي تونس الجعانة ماتغلبناش,disgust,30
568,نتا راك مهبول صح كيفاش تونس تقلب جزائر,disgust,38
569,انا تونسي مستحيل نمل هكا,happiness,24
570,أين تونسي باش نحكي واحد مصري,neutral,28
571,يد هو محلي سلام قدس الشريف على هو محله أكبر كثير تحايو أفضل خلق اللٰه الكوكب أهلنا بغز باسل غزه هاشم الاباء صمود تحدي عربي لو عرروب أصبح متصهينه,happiness,144
572,انا جزائر أحب بزاف هدر كيفكم,happiness,28
573,اللٰه مانحكيووش هكا تونس,disgust,24
574,إذا انا مصري فهم هو تونس,happiness,24
575,مسرور ضاحك مسرور ضاحك ضحك برشا برشا,happiness,35
582,أنا تونس كيفك,happiness,13
583,علاه تونسي قال اقعد واقف,happiness,24
584,صاحب قصه الله وفق عيشي حياة انا فكرت رح تزوج راشد مسرور ضاحك مهم الله سعد حياة هو أحفظ سما,happiness,90
585,انتتل بي جزائر شرم باس كم هو مسرور ضاحك مسرور ضاحك,happiness,50
586,عنى انا تونس سبحان اللٰه هو مصري اللٰه عربي شاء الله,neutral,52
587,تونس بلادي عندنا كلام غريب,happiness,26
588,فهم مصري تونسي فهم شي,happiness,21
589,جيش سلخ ساڨا,happiness,12
590,ممكن حد تونسي عندي سؤال مهم,sadness,27
591,انا تونس أحب هج هو برشا,happiness,23
592,هو تونسي اللٰه أمر ضحك هو برشا مسرور ضاحك,happiness,41
593,تونس هو عندكم شرمول,neutral,19
594,حزين مغموم مافم شي بس شي غريب تونس أول مر سمع تردي زايد هزي حزين مغموم,happiness,70
595,دمك خفيف اوى شاء الله,happiness,21
596,جزير هو تقول اقعد واقف مشي تونس,happiness,31
597,انا تونسي اسم روان انا انحبك برشا برشا تحية إلى مصر أم دني,happiness,58
598,شاء الله على هو مصري ظحك,happiness,24
599,أنا عرف عبارة تونسي ما شي شي لخر آخر,happiness,36
600,اقسما أل تونس هو كلمة ضحك مسرور ضاحك مسرور ضاحك مسرور ضاحك,happiness,58
601,موش هو درجة البهامة تونسي فدل معاكم مسرور ضاحك مسرور ضاحك مسرور ضاحك,disgust,68
602,للتونسيين إيش عنى نجم احنا عندنا مشهور مسرور ضاحك مسرور ضاحك,neutral,60
603,الله بارك طفلة هدي عسل مقطر,sadness,27
604,أقعد واقف تعنا حنا جزائري ماشي كلمة تونسي,happiness,41
606,هذي ماشي لغة تونس هذي لغة جزائر,happiness,31
607,أول مرة شاف بني آدم عاش زنقة هو كلاب مسرور ضاحك مسرور ضاحك مسرور ضاحك هو مصر نموت على تونس عندي برشا عباد برشا لاية تونس نحب برشا مسرور ضاحك مسرور ضاحك مسرور ضاحك,happiness,162
608,أخوة هو إلى في تونس إش هو طرم هو,happiness,32
609,أقعد واقف دزايري مشي تونسي,happiness,26
610,عنى إي سطامما تونسي فين شتيمة هو,happiness,32
611,فهم شي تونسي,happiness,12
612,مسرور ضاحك مسرور ضاحك مسرور ضاحك شاء الله ابداع,disgust,47
613,مسخرة يا عيشة عيشك هو يا سمك,disgust,28
614,فدي عواوة مرة مكر هتش اللٰه غير ممتل الله بارك متحمس سعيد,happiness,57
615,ضحكتيني الله بارك نفس كلام هو مغرب,happiness,34
616,حضرة مكان عندي هو مرحبا فك شو عم ساوى شي مرحبا هو ثاني انتي يا شو خبر بس اعرف,disgust,77
617,أنا زاد أحب أولى عندي قوة خارق متاع سوبر مان بطل خارق تونسي أحب نولي كيفو عاشك حققولي هو كهدية عيد ميلادي اسم مريم البليدي تونسي علوية حزين مغموم حزين مغموم,happiness,156
618,توانسا تمثيل هاربين الله بارك,happiness,29
619,توا هو تونس عرفى ديوثين بصح علا زيدو تثظب,anger,41
620,احب تونس برشا,happiness,13
621,شاء الله تبارك الله أول مر شاهد درام تونسي اللٰه ابداع شي سيناريو تمثيل تصوير مونتاج تحياتي هو دولة سودان جريح,happiness,110
622,بدني قشعر لطف حلم أولى حقيقة علاش انخرج سوبر تونسي إلى هو ناق مالحلم,happiness,68
623,بحب لهجة تونسي برشا انا سوداني,happiness,30
645,رمضان مسلسلة تونسي ماهوش رمضان,happiness,30
646,برافو عليكم توانسة هو قال كوميديا,happiness,33
647,الله بارك صراحة إخراج هوليودي ميزانية كبير سلسلة توفيق أخوة التوانسة صح رمضانكم,happiness,79
648,صحة شربة هو متبع هو سنة ليبيا طرابلس تحيه شعب تونسي جزائري مغربي سنة رمضانكم مبروك رمضان,happiness,88
649,هذي تونس اللي كيفاش أحب را هو تونسي مسرور ضاحك,happiness,46
651,تونس إذا صرال هو حاجة أعرف سبة هاذ مسلسل مسرور ضاحك مسرور ضاحك مسرور ضاحك,happiness,73
652,جو تونس تولي هكا متحمس سعيد متحمس سعيد,happiness,38
653,هو هو زعمة تونس تولي هكا,happiness,24
654,مش نرمال برافو على هو تشكيلة قتل مسرور ضاحك مسرور ضاحك مسرور ضاحك,happiness,65
655,تونس رانا جيران فكونا تمسخير اللٰه كون قاس صاروخ افريقيا كل راح علا علا هو,sadness,74
656,يا تونس علا علا هو مسرور ضاحك مسرور ضاحك مسرور ضاحك بصح حق أقال حلقة روع,happiness,72
657,حلقة عمل أكثر ألف ساعة شاء الله عنى سلسلة ناجح جد جد,happiness,52
658,أش خص ياربي تونس أولى هكا غير اللٰه هلك صحاب شر,happiness,47
659,مرحبا بيك عندنا تونس مسرور ضاحك,happiness,31
661,فلوس تونس ماشي ناس فناين دولة آخر نحنا موش قي هو شنيا بش نصرفو,happiness,62
662,سلام فك يا جلك دائم شاء الله إذن شاء اللٰه هو هو سمح هو زعيم قلت مثل شايف هو معك وحدة بس بس صلاة خلاص اسمعي أنا,happiness,111
663,كان حاضر حفلة صراحة غير انحياز حفلة خرافية أكثر جماهيرية تعليق إدارة مهرجان اقسم اللٰه انا تعب نجوى شاء الله نشاط حيوية تربية عرف تعامل جمهور صوت هو احلى مرحلة تسجيل قرطاج لاق نجوى فقط,happiness,184
664,شاء الله فكرة عبقرية أن جمهور غنى فرقة رائع قيادة مايسترو إبداع الفن بودشار,happiness,75
665,شاء الله شعب تونسي ذوااق .و حفل ملكي اامقاييس,happiness,45
666,شاء الله اللٰه أكبر علي السي أمين تقدير احترام فنان مغربي متجدد,happiness,63
667,شاء الله الله بارك يارب,happiness,23
668,مبروك على نجاح حفل,happiness,18
669,تبارك الله شاء الله هو,happiness,22
670,ماشاء الله علي السي أمين بوديشارت المايسترو راقي متواضع مغربي أقول كلمة حق جميع ماقدم جميع عرب تسيير فن طرب نظيف شكر شكر شكر الله أعطى صحة شكر جميع عازف عازف مختلف آلة موسيقي تمنى هو لدى مستقبل زاهر اللهم آمي آمي آمي يارب عالم,happiness,226
671,حضر حفل رباط أول مرة بعد محاولة تعرف كيفية اقتناء تذكرة فرحة هو ازداد كلما اقترب موعدالحفل شاء الله على هو قدم مم هو راقي اسعدتم عضو فرقة موسيقي إكفاء رأس هو المايسترو سيد أمين شكر هو لقاء,happiness,188
672,شاء الله على هو شكر لك شكر,happiness,26
673,دمت دائم متألق توفيق,happiness,20
675,شكر هو سي أمين مشاركة حفلة جمهور استطاع حضور توفيق دائم,happiness,55
676,ألف مبروك عملاق علمة هو حرف قبل كلم بدع راقي هٰذا فضل الله عز وجل فضل هو باذخ كريم شكر اتكف نحبك نخاع أستاذة هو الغالي هو حبيب هو كم هو رائع كال تقصيل هو أعلم كيف أجمع شتات حرف ككن أعى حيد كيف أصغى هو تجعل هو حه فنيه ترجم نفس هو نثر خرف حبيبة هو الغالي هو أنتى فوق هام سحب مكانك نحن تعدى قفيه أبداعي حرف رأقي أي هو عميل,happiness,319
677,حسد جمهور هو حفلة عظيم الرايعة تباركالل شاء الله شيء رايع ربي بارك هو أفرح هو كيف فرحة هو تونس ولادة تونس نسا هو رجل هو بقي شامخة,happiness,129
678,ابدعتي بنت بلدي شاء الله جمهور تونسي شو حلو محب ومثق,happiness,52
679,شاء الله جمال تونسي,happiness,19
680,فنانة عرف رحب جمهور هو عرف تقدم فرق هو موسيقي شكر هو شكر جمهور هو واقفة حكى معاه تغنيل غناية ختام كامل مش تخلي فرقة عزف خرج كيف عمل برشا فنان حركة شاف هو برشا قلة ذوق قلة احترام جمهور جمهور رحب دخول دايو حفل دعا انحنت احترام رااقي برشا يا صولا الف مبروك يا أيقونة شرق,happiness,267
681,منذ متى تلبس نساء تونس الحولي جيهة حدة سبولة هو طريقة لبس الحولي ليب يا تونس جهة منذ متى تلبس نساء تونس سروال تحت حولى هٰذا غير موجود أرشيفم بينما تلبس نساء ليبيا سروال تحت الحولي قطعة أصيل لباس تقليدي ليبي,happiness,206
682,تحياتي هو خويا توفيق,happiness,20
683,سودان كيف حالك لباس,happiness,19
684,راب تونسي برشا جامد,happiness,19
685,أول مرة سبع بيه الرابار هدا الله بارك صوت كلام موزون تخياتي خويا,happiness,64
686,مرة ال عاود هو يا جونييور عيشك خويا تييل ظبط بعد حباو نسمع دقيقة عيشك ركز كيما رام الله الاغاني الجاية,happiness,102
687,الله بارك ربي حفظ,happiness,17
690,شاء الله,happiness,8
691,وين,neutral,3
692,الله بارك,happiness,9
693,غنية هذي عقد هو هذاي حسان كرتوشة مش جينيور قنابل ملا كعبة منين جية هو وين كان متخبي مسرور ضاحك مسرور ضاحك مسرور ضاحك,happiness,116
694,هو تبان ازم طيح كلام دير غنيات تعبي هو سابن مشني فك يا إنسان هو رباك السيستام أنا رباوني درس طارق السويدان فرقة أو كلار ماكان لأ حاس هو حلم بكاليفورنيا أنا نحلم فردوس جوابك قبل زاد كرش ماماك,anger,190
695,مبروك استحق أكثر وخي,happiness,20
696,حبية جنيور فك حارق نمس ٢٠٠٦,happiness,27
697,خوى اللٰه غير اللٰه بارك جزائري معاك اتهل فيروحك,happiness,48
699,عمرو الله بارك عالمي كاش غام,happiness,28
701,مبروك علي خويا قدر دخل قلووب جزائر الوو أمشين خصة هو خدمة عم جونيور,happiness,67
702,الرابور وحيد تونس لي عجب يزووم توفيق لك جزائر,happiness,45
703,مانا قولنا سوسة أجاب رابور كاسح,neutral,31
704,حسان توفيق خويا,happiness,15
705,كي جأى تشوف تونس عميق شاف دزاير هو سبحان الله انعتو هو فال شواذ علا أساس هو مثل تونسة مغني دم لي مشى مشى عروقي جماعة شاف هو راب انا شاف هو قطعة فني كي أعى بيتهوفن كي دريل كي ركس حاجة متكامل ربي وصل عالمي لأن هاذي الموسيقى تقيسنا مغاربة خصوص هو عرب عموم اللٰه توفيق,anger,264
706,الله بارك حي تونس,happiness,17
707,الله أعطى صحة يا معلم,happiness,21
708,الله بارك كاين هو,happiness,17
710,علاش تسب تونس سب حكومة يا جبان,anger,30
711,شيكور الله بارك صوتك راو أصل عرب لمم,happiness,36
713,زوز أغاني كسر الدنيا رجع واحد كيفي متربي دوبل كانو سمع راب توفيق أما قصل هو ملكلام خايب خل أنرب صغير هو مبدأ هذي كيف متربينا طفى دوبل كانو,happiness,138
714,الله أعطى صحة خوك جزائري متحمس سعيد متحمس سعيد,happiness,46
715,برزيل هو نيمار جونيور تونس هو حسان جونيور,happiness,41
716,تونس أجاب رجل أغن راب تونسي وحد هو,happiness,34
717,راب تونسي واعر كاسح برشا,happiness,24
718,تحياتي قلبي جزائر أعطى صحة توفيق,happiness,32
719,طيب يا صاحب رام الله وين رح نابلس,happiness,33
720,توفيق يا ابن أخضر,happiness,17
721,جزائر تونس خص واحد مسبش دولة وين راه,neutral,36
723,حي راب جزائري راب تونسي رابو قوة الله بارك,happiness,42
725,مبروك غنية ترند أما نقص كلام زايد صغير تفرج,disgust,43
726,أخاء ملا تحميل سوسة مبروك لقب يا ساحلي تحياتي المكشخة عاش,happiness,57
727,الله بارك,happiness,9
728,الله بارك هدا راب تاع صح تحية جزائر,happiness,35
729,صف أول ناس تونس أحب هو برشا,happiness,27
730,خطى طفي دوبل كانو برافو على راب حقيقي حكى معاناة,happiness,48
731,تونس دعم مثلية برافو على عندو حق,disgust,32
732,علاه شعملة تونس,anger,15
733,أول حاجة تجين مزيانة سوسة,happiness,25
734,تحية قصرينية فرشيشية كبير أرض الحرشة أصل ديما صاحب مايف هو لد حومة كيفك,happiness,71
735,ظاهرلي فماش خاطر كون فما فك راه راب لأعلي,happiness,41
736,شاء الله على فنان هو فايت راب قو اللٰه على خطير راب أسطو رجول أخوى جد قوي راب استمر توفيق,happiness,89
737,درابو تونس الدزاير بورجولية برافو الله أسحين رجل سوسة نشاالل مبروك على هو بطولة الكورة بطولة راب,happiness,96
738,الله بارك رابر فكرني طفى دوابل كانو,happiness,35
739,سوسة دعم مثلية موش تونس,anger,23
740,مبروك ١٠٠الف مشترك خلال فتر سيط جد عقبال مليون مشترك ربي استاهل طرب مافي اثنان تونس تحياتي هو سلطنة,happiness,99
741,ألف متبع مبروك,happiness,14
742,علم تونس وين,neutral,12
743,عيدكم مبروك معلم خويا,happiness,21
744,جونيور ظاهرة تيلو يسيب أماسيل تيتر مسيرة رابورة هو عامم تحية جزائر رجل خان هو زمن توفيق,happiness,87
745,مبروك الف,happiness,9
746,الرابور تونسي وحيد لي حسي برسالتو أفاش ألحق هو همى شي,happiness,53
747,عيدك مبروك أقسم اللٰه عظيم معلم خويا الغالي أصل هوا راب صحيح,happiness,60
749,مبروك علي وهدمة حبس,fear,19
750,جاب راپورات سوسة,neutral,16
751,الله بارك تحياتي هو أخوكم جزائر أحاء فلسطين حبيب عاش فلسطين حبيب,happiness,64
752,الله بارك علي واصل,happiness,18
753,ين كان نتي موهبة خويا الله بارك رانا معاك,happiness,41
754,عيدكم مبروك,happiness,11
755,امرأة إلى تقعد استنى راجل أكثر عام علاقة شرعي أو أكثر شهر تعارف قبل خطبة امرأة غبي حميق أعطى سكة ذبح هو زاد قال رح هو وش قالي هو مذلول لي فك بفف جيبيلي عمر بن الخطاب ابوبكر هنا نستعرف بيك,anger,187
757,يناثغعة فف مسرور ضاحك خثغ ميمعيغس هفف انا أحب بزاف انا عائلة تاعى مي كي قالولي خير نشاء الله على سلم سيرة اللٰه بارك ماشي قتيل حتا أحد مسرور ضاحك مسرور ضاحك مسرور ضاحك مسرور ضاحك مسرور ضاحك يميايال بء انا واش خيي انا اسحاق اللٰه انا أحب قال لالأ,happiness,245
758,شكر لك المراجع ممتازه اتمن لك خير توفيق عملك يا استاذ عباس سعيد فرحان حياتي روع لأن هو رياضي جانب أستوه مثل استاذ عباس الاستاذ جيد حب إنسان نجح أن طيب قلب,happiness,154
759,الله بارك,happiness,9
760,الله بارك الله بارك,happiness,19
761,نلي الله مرحبا مليون مبروك ربنا تم شيء قدير مرحبا فك شو عم عمل يا ابو محمد اله مسرور ضاحك مرحبا مليون دولار إلى مرحبا فضى دق على ضروري يوم عيد فطر مرحبا مليون مبروك ربنا بارك يارب,happiness,179
762,متى راح مرحبا فك شو عم ساوى شي بس قولى لي انا ططمة,neutral,50
763,راك قريب مليون الله وفق,happiness,23
764,سلام صفا غايا باس حمد اللٰه بخيروالله,happiness,37
765,متظهرش هجة مغربي وين كاف والفواصل,neutral,33
766,أغنيه الف ألف حلو مبروك أغنيه جديد انا أحب هو كثير كثير,happiness,55
767,الله بارك مسرور ضاحك,happiness,20
768,مبروك علينا,happiness,11
769,فيديو جاب مليون لايك الله بارك,happiness,30
770,انا جزائري غنية هبل الله بارك يوم انا شطح هو نسيت ماطيبتش إلى عشا وين هو نطيب,happiness,77
771,جيلان الله بارك اختي تحياتي جزائر لك غنية قمة,happiness,45
772,غنية جميلة ككن لي مقدم هو كارية وصاف شكل مضمون داك لباس لي لابسة علاقة تقافى هو,disgust,79
773,فيديو مسطي الله وفق هو مسرور ضاحك,happiness,33
774,مليون مبروك عليك,happiness,16
775,مبروك فرحنا ليك فاش وصلة غنية مليون,happiness,35
777,اغنية جميلة شاء الله,happiness,20
778,انا قبايلية مثلك شكر الله بارك قبليل ليزوم,happiness,42
779,جزائر نقل هو اختي صحراء غربي قفطان مسجل فليونيسكو اسم جزائر هه يا خي براهيش فك كيف تعليق متعدبيش روحك الصحراء غربي جد جد,anger,120
780,ممتاز مبروك مسرور ضاحك عليك,happiness,27
781,شابة الله أعطى صحة,happiness,18
782,الله بارك,happiness,9
783,انا كنبغيك مهبول انا وش تينا مغرب الف مبروك,happiness,43
784,مبروك وصول غنية مليون مشاهدة,happiness,28
785,الله بارك غنية شاب أعطى صحة زين,happiness,31
786,ملاحة غناي الله بارك ربي قايم,happiness,29
788,انا أحب حاجة هاكا عندو حق الله ندخل بدماغ حق أن هو دايما فدار قر افكاري كي كان صغير كبير وجهو هٰها اللٰه حمد تاع دار هو عقاش لي أحب هو بزاف مدينة طوكيو تاع أم وجهو كي هو تعترر شد روحو بلد آخر راني شربة سكا خلاصت عندي عبة ايمبروك كي صحبة مسرور ضاحك مسرور ضاحك مسرور ضاحك تلبرؤييبة نممت نزننصصض مسرور ضاحك حزين مغموم حزين مغموم,happiness,325
789,أقل مسن نوع حياء حفل زفاف دون عري فاضح وحى فنان ألاب احمد زاهر تحية مغرب أسف فنانة مصر غلب على هو باس عهر أسف أكيد ليس كل نحن دولة اسلامية حرية ليس العري فساد حرية أن احترم آخر احترم رجولة ابي واخي عمي تمالرجل آخر حرم الله أن رأى جسد مار مار حر ستر نفس هو أما جاري العاهرة تعرى أمام آخر,disgust,286
790,اعطيني اغنيه سط واعر شاء الله,happiness,29
791,سبحان الله اللٰه حتا بانى تما مجموع غير زامل حركة هو سكم نعسين كرشكم,disgust,68
792,مبروك مليون استاهل أفضل غنية,happiness,28
793,الله بارك غني,happiness,13
794,لباس حمد الله مسرور ضاحك,happiness,24
795,غنية شاء الله حزين مغموم,happiness,24
796,الله بارك وصلة إلى مليون,happiness,24
797,الله وفق هو تحياتي هو فرقة تبارك الله اللٰه احفظك,happiness,49
798,تحياتي هو ليببيا أغنيه خيال إبداع الله بارك أحب نهنبك,happiness,53
799,أي عيشك أن متابع إشحنلي بليز حزين مغموم,sadness,39
800,هبل الله بارك ربي حفظ هو إنشاء اللٰه يارب حزين مغموم,happiness,52
801,فرنسية الله الله الله حفظ وين انتي اللٰه عظيم ٥٥ ٥٥ مليون مبروك ربنا اتمم خير,happiness,77
802,عيشك غنية شاب مسرور ضاحك مسرور ضاحك,happiness,35
803,تونسي عاشقة مغربي ربي أخلى ليا رشيد سلطان قلبي ربي جمع هو قريب حلالي,happiness,68
804,الله بارك صوت ليد هو جيبلينا غنية جديد,happiness,38
805,تخيل غنية كان جات لهجة مروكي آجي دابا كندير ليك دابا صداع أنا نحمق انا كندوي فلوتشورتش أنا كندير مزيكا كنزيد فلفوليم انا بلال خا كيفكرني الذي فات مسرور ضاحك مسرور ضاحك فهم دابا علاش غنا هو جزائري هجة الكاكا الواو ألواخا الدابا أصلح لغاء,disgust,236
807,الف ألف ألف مبروك,happiness,17
808,مسرور ضاحك مسرور ضاحك مسرور ضاحك مرحبا مليون مبروك,happiness,50
809,مبروك أحب غنية مهبول لانا,happiness,25
810,أو أو أو اجمل غنية يوم عم أدخل غني شوف عدد مشهدة أو صار ترند الف مبروك,happiness,70
811,لباس على هو صحاح هاذو,happiness,21
812,تبارك الله صوت غنية استاهل أولدي الله وفق,happiness,41
813,مبروك زواج,happiness,10
814,الله بارك,happiness,9
815,الله بارك ماشاء الله,happiness,20
816,الله بارك خويا,happiness,14
817,جدة جزائري سابق هو تقليد جزائري باس طبق حلوى عاصمة البليدة تيبازة سطيف عنابة جيجل قسنطينة سكرة غواط المسيلة غرداية تيارت مستغانم معسكر الشلف هران تلمسان هه المروك أضحوكة عالم هو,disgust,177
818,علي آخر الكليب كان أمام مستشفى إزاري برافو عليك,happiness,47
819,٠االلفلفل الله سعد يارب عالم اللٰه سمع ٤٤٥ مرحبا مليون مبروك ربنا اتمم مرحبا مليون,happiness,82
820,فرنسية الله سلم شر عنك ٥٦ مرحبا مليون مبروك ربنا اتمم خير يا رب يا قلبي هو اللٰه عند شي بس أدرى اللٰه بس أدرى اللٰه بس أدرى اللٰه بس مسرور ضاحك الله سعد يا قلبي حزين مغموم حزين مغموم حزين مغموم مرحبا مليون مبروك مسرور ضاحك مرحبا مرحبا سهم مرحبا مليون مبروك,happiness,256
821,مهبول غني الله بارك,happiness,19
823,مهبول غني الله بارك,happiness,19
824,يا خويا مبروك عيك,happiness,17
825,الله بارك صوتك مساء الله استمر ابهرونا غنية جديد,happiness,48
826,غني هايلة برافو هو,happiness,18
828,اجمل أغنيه كوكب ربي حفظ هو كي جبت هو هو عرس فات شب عرس عمي انا سجى الله بارك عرس كي درنا مهبول انا رحيم نتح أول عرس أول أغنيه شاب الروجي الله بارك ربي حفظ ربي حفظ قال هو سلام,happiness,174
829,ضحكني غير هو سائق مبيلونص أغ غير أمبيلونص هو هبلة ني مسرور ضاحك مسرور ضاحك مسرور ضاحك مبروك نجاح,happiness,96
830,مبروك على نجاح توفيق ربي حفظ سعد أحسن أثبت وجود صوتك برافوو,happiness,59
831,مبروك مليون,happiness,11
832,الله بارك اجمل غنية سمعة هو حياتي,happiness,33
833,غنية جميلة راهم قاع هو عراس الله بارك,happiness,37
834,مبروك علي خويا غنية مهبول انا ناضية استمر,happiness,41
835,مسرور ضاحك مبروك غنى خير هو,happiness,27
836,الله بارك,happiness,9
837,علاش,neutral,4
838,غنية خطييرة ريتم إيقاع تفرحني انسمع هو خصوص مورصو لي كال بلال أفكر بلي فاا ضربتلي فلقلب اتمن هو استمر فهاد تايل جا معاك شاء اللٰه أخ لي معاك,happiness,140
839,غنية تحمق مبروك,happiness,15
840,إنترنت غير لباس,disgust,15
841,عاودة هو شحال خطر ماشب هو برافو أختكم جزائر مرحبا مليون مبروك,happiness,61
842,غنية هبل ماشاء الله مم كلمة الله بارك مسرور ضاحك مسرور ضاحك مسرور ضاحك توفيق,happiness,76
843,غني شب الله بارك,happiness,16
844,روعة صوت أداء فكرة الباس شيء روعة اتمن أن بقي مجموعة متماسك نشف هو اعمال آخر إنشالل جزايرية مرة هنا توفيق إنشالل الف مبروك عالنجاح,happiness,130
845,الله بارك صوت جزائر تحيل هدى هو نمى هو,happiness,38
846,الله بارك هودى اغاني طوب ربي أخلى لينا متحمس سعيد,happiness,49
847,هاو علاش انا ضد فكرة هذي تونسي دخل اغانينا الشاوية السطايفية حزين مغموم شفتوا يوم راها غنى الستيل جزائري باس تونسي غدوة رجع اغنية تونسي لأن مغنية تونسي اللباس تونسي حزين مغموم كي قال هو تيل جزائري خرج هو عينيهم,sadness,210
849,شاء الله الاغنيه,happiness,16
850,غنية قمة مشألل توفيق متحمس سعيد,happiness,31
852,عطك صحة احلوة محلاك محل الباس بالتالق,happiness,37
853,محلاك بنت بلادي ألف مبروك نجاح غنية هبل اللٰه ممتاز محلي هو حبك برشا اغنية هبل ماشاءالله,happiness,88
854,غنية جميل مشاء الله توفيق,happiness,25
856,الله بارك ماشاء الله على هدى,happiness,28
857,روعة توفيق,happiness,10
858,روعة توفيق,happiness,10
860,الله بارك درة هو حنة بنتي برد ڨلبي برڨيص,happiness,40
861,لباس تقليدي تونسي ديكور تونسي جو تونسي تزغؤىت تونسي تفصيل تونسي إيقاع دزيري كلمة معلم هو دزيري خلطة باهي مزي,happiness,108
862,محرمة الفتول جزائري مسرور ضاحك مسرور ضاحك مسرور ضاحك ديتو تسرقو باس جزائري,anger,74
864,عجبتني بزاف غني برافو توفيق تحية ليك بومرداس,happiness,44
865,توفيق,happiness,5
866,توفيق,happiness,5
868,الله بارك اللٰه مليحة,happiness,21
869,توفيق,happiness,5
870,توفيق هدهودة,happiness,12
871,الف مبروك حبيبتي,happiness,16
872,توفيق,happiness,5
873,توفيق,happiness,5
874,توفيق قلبي,happiness,10
875,توفيق هدى,happiness,9
877,ألف مبروك يا روحي,happiness,17
878,ألف مبروك اختي هدى توفيق,happiness,24
879,محلي هو عناية صوت ماشاء اللٰه توفيق نور شيبة,happiness,44
880,بسم الله ماشاء الله الف مبروك تربى عزكم,happiness,39
881,روعة أعطى صحة توفيق أم جزائر,happiness,28
883,برافو حل غنية توفيق إنشاء اللٰه,happiness,31
884,مبروك على غناية ممتاز ديما منور نوور,happiness,36
885,غناية هبل مبروك,happiness,15
886,برافو توفيق جيش نورس,happiness,20
887,مبروك هبل غناية,happiness,15
888,مبروك طرف نورس,happiness,14
889,ألف مبروك هبل غنية متابعين نورس,happiness,31
890,ألف مبروك جيش نورس,happiness,18
891,مبروك هبل غناية تيم نورس,happiness,24
892,مبروك جيش نورس,happiness,14
893,أوت عرسي ربي أخلى لي بابا الغالي,happiness,32
894,الله رحم يا بابا تھنى عليا عايشة باس عليا كيما عيشتني حزين مغموم,sadness,64
895,شاء الله عليك,happiness,13
896,غنية أهدى هو إلى حبيبة عمري حياتي عبر حبى هو قلبي ربي أخلى ليا يا احلى مرى عرف هو حياتي كل,happiness,90
897,روعة غنية إنشاء اللٰه توفيق نجاح,happiness,32
898,شاء الله,happiness,8
899,ماشاء الله على توفيق يارب,happiness,25
900,إنشالة توفيق,happiness,12
901,اقصي شمال تونس نحبوكم برشا إنسان كل,happiness,35
902,روعة شاء الله,happiness,13
903,أسطورة قرطاج ربي وفق أعطى قبول محبة الرسول شاء الله ابدعت,happiness,57
904,شاء الله روو عة,happiness,15
906,شاء الله,happiness,8
907,حاجة راقي قماش حرير توفيق,happiness,25
908,مبروك محلي هو لغنايه,happiness,20
909,غنية جميل هو ذٰلك حن أجمل الفديوا مثل اصالت تونس لباس تونسي اصيل,happiness,64
910,الله وفق يا رؤوف ماهر,happiness,21
911,الله يباركلك,happiness,12
912,شاء الله,happiness,8
913,شاء الله شاء الله معجز كبير خطافه,happiness,33
914,توفيق استاهل خير غير مجاملة,happiness,27
915,خويا مشاء الله على الله بارك عمل هو حفللة رياض سعودي متوحش جالية تونسي الربوخ,happiness,77
916,شاء الله,happiness,8
917,شاء الله ربي أبارك ملا صوت,happiness,26
919,برافوو كامل كمال اللٰه أصل منول اغاني عرف ثقافة هو تراث بلد هو لهجة أاو شاء الله تخلي إنسان أرفر,happiness,96
920,محلاه مشاء الله على إنشاء اللٰه توفيق نجاح يارب,happiness,47
921,غناية روع صوت كلمة شاء الله,happiness,27
922,شاء الله على ربي حفظ حماك عيلة أحلى جنوب,happiness,40
923,ماشل على هو بلادي تميز الله أحد الله وفق يارب,happiness,45
924,أروع أغن أجمل هو توفيق,happiness,22
925,أصل ناجح باارشا معاك روعة توفيق,happiness,31
926,شاء الله صوتك,happiness,13
927,الف مبروك إنشاء ديما تألق,happiness,25
928,نحبك برشا برشا أنا جزاءرية حاول نتعلم هدرة تونسي,happiness,48
929,شاء الله متحمس سعيد متحمس سعيد,happiness,30
930,الغناية هٰذا ادمان عندي نهار كامل نحط غناية أمشى هو طول براافو توفيق إنشاء اللٰه رؤوف ماهر كامل فريق,happiness,100
931,ألف مبروك خويا,happiness,14
932,برافو عليك,happiness,10
933,ألف مبروك يا رؤوف ناشاءالل بل توفق النجا مسرور ضاحك,happiness,51
934,اللٰه غنية يوم سمع هو برافو على رؤوف ماهر لد بلادي مشاء الله عليك,happiness,65
935,شاء الله ربي وفق أحلى نسمع يوم,happiness,30
936,الف مبروك نجاح قرطاج,happiness,20
937,شاء الله روعة,happiness,13
938,رؤوف دائم متألق شاء الله,happiness,24
939,ياسر محلي هو الغناية توفيق,happiness,26
940,شاء الله أجاب هو ريحة بلد كي منروحوش,happiness,36
941,الف مبروك,happiness,9
942,أصغر معجبة تقريب هو عمر هو سبعة شهر أكل غناية هو توفيق أن شاء الله,happiness,66
943,الله الله على هو خطف ڨلوب تونسة كل وطن عربي شاء الله على إبداع إصالة,happiness,68
944,الله حماك هو بلادي كثر مو مود مشى معك باارشا توفيق,happiness,50
945,جزائر أحب أغن ماهر رؤوف شاء الله مزيد تالق نجاج استاهل,happiness,54
946,شاء الله ديما رجع بينا جذر أن شاء الله ديما متميز نوعية أغن هاذي,happiness,64
947,برافو رؤوف ماهر توفيق إنشاء الله قرطاج,happiness,38
948,عمل راقي توفيق,happiness,14
950,برافو علي يا ولد جنوب,happiness,21
951,مليون ثاني مبروك,happiness,16
952,مرة رعت مليون ثاني هو الف مبروك نجاح خطافة يا رؤوف تحية ليك حوماني حي شريحة طريق هو خداش منورنا منو مدنين,happiness,105
954,شاء الله رؤوف ماهر محلي هو غنية نتمنال مزيد تألق,happiness,48
955,مشاء الله على غناية محلي هو توفيق شاء الله,happiness,42
956,غناية حلوة برشا مبروك,happiness,21
958,شاء الله خويا ربي أوفق عسسل يوم عاملة بي هو جو اني وكنزة,happiness,56
959,ماشاء الله ديما مبدع روع روع هبل مبروك نجاح غنية,happiness,48
962,كلمة رائع توزيع غناء صورة ماشاءال ألف مبروك نجاح كليب ألف مبروك قرطاج فرحانين برشا شاء الله معاك قرطاج,happiness,102
963,توفيق إنشالل باقي عمل مستقبلي كلمة كليب لحن ممتاز أصل احتفظ نقاوة فني,happiness,69
964,رائع توفيق دائم,happiness,15
965,شاء الله,happiness,8
966,حل غناية توفيق ياريت اعمل معاه فيديو كليب انا زادة,happiness,50
967,جميل جد الله بارك شاء الله,happiness,26
968,تبارك الله صوتك الحلو كلمة راقي صحة أمك هو جاب كيفك,happiness,51
969,غنية ممتاز جد باس تونسي مسة جيد لباس قبائلي جزائري غنية رائع تحياتي شعب تونسي,happiness,77
970,روعة الكليب أداء صوت فكرة أصل ابدااع تمثلنا مثل تونس كل رووف ماهر خلق إخلاق توفيق,happiness,81
971,الغناية هبل كلمة هو ياسر حلوين زيد هو باس تقليدي بلد هو جمال هو جات برافوو ماهر,happiness,79
972,شاء الله غنية روعة أش ضرب صيف أش سمع هو عرس كل حول اللٰه برافوو رؤوف مبدع كيف عادة,happiness,82
973,مشلل اغنية رائع فنان رائع صوت حضور احترام صراحة برافو فنان أول تونس شرف لينا جنوب خاص مدنين توفيق خطفة هو قلب هو إغانيك رائع متحمس سعيد متحمس سعيد,happiness,146
974,الف مبروك صوت روع جمال صحراء,happiness,28
975,ألف ألف مبروك خويا الغالي توفيق نجاح استاهل خير خطافة,happiness,53
976,جنن احلا فنان تونسي الله بارك على تحية ليك ليبيا,happiness,48
977,شفة هو قرف مرر بس ملبس كذا تغسل مو صاح رسمي,disgust,43
978,يا ابراهيم إنسان حبك علشان هو ابن ناس متربي صح انا اهلاوي اللٰه قول هو بلاش المنيسي بعد حركة مجلة الاهلى بذيء دي بلاش قرف خلي هو نرتقى,disgust,134
979,قرف وش ذا لون,disgust,13
980,سبحان اللٰه شخص الذي كان اتمن رسل قبل مدة زمان صار أرسل لي بكل هفة هو اشوف اتجاهل اشمئزاز,disgust,89
981,وشم جعل إنسان أشبه السحالي جلود هو شيء مقرف جد وش ليس علامة جمال بل عبارة عفن,disgust,77
982,كفى كفى إذا شفا شي مقرف تويتر علق ساون هو اعتقوني مناظر ذو هو سوا بلاغ خلا غيركم شافف,disgust,85
983,هو إنسان مقرف لي ماتبل هو إيك بلسانك,disgust,36
984,أحب زحمة إنسان حية أحب تعدد علاقة مقرف كان سبيل الرايح ألجاي,disgust,60
985,شاف ساكة هو صارلي موقف واحد هو جنسية شامي حديقة عشى الذي خلص ركا هو منظر مقرف مقزز رز خبز علب سي صوصة عظم طلب شال هو قال صباح وجي عامل نظافة أخذ أعطى لين وصل شيطان رجيم وجاء حارس خلاه شال هو غصب هو,disgust,197
986,ضاع الفري ثرو مقرف مقرف,disgust,23
987,نفسي نظف مسبح اللٰه شكل مقرف,disgust,28
988,اللٰه يالفهيد كنا مستبشرين خير قدم تعبنا عفن إعلام رياضي قلنا لعل عسى استمر انجرف سبقوك ككن أسف أصبح مستفز شكل مقرف,disgust,115
989,التايم صاير مقرف,disgust,16
991,مايمدين تهاوش احد أكر هو طول هو حوم تسبدي مقرف مابي اشوف رد,disgust,59
992,أيش يا حسرة ماضي مشرف حاضر مقرف,disgust,31
993,أشاب نطق عماني يمني حرف القاف جد مقرف,disgust,37
1009,منظر ذكر عديم غيرة مقرف أجاب لي الاشمئزاز,disgust,41
4a5783e6ab67,منظر ذكر عديم غيرة مقرف أجاب لي الاشمئزاز,disgust,41
fc0bc7ae92ee,الترند ذا اقرف ترند شفة عبارة تعذيب نفسي حيوان هو درى أن القطط أخاف شدة مشعر قطط حساس ارحموا أرض حيوان ماتقدر تكلم وجع هو داخلي عنى ردات فعل قطط صورى هو كيف ضحك هو خوف قطط هو بعض بشر حثالة,fear,188
49c2f3354a7e,لقاء مؤثر ميرا أبو جودة سوزانا قرانوح خبيرة تجميل أم طفلة نسمع حكاية امرأة واجه سرطان شجاعة قرر تكلم خائف خجل تجربة شخصي مليء ألم إيمان تحدث سوزانا خجل اجتماعي مفهوم جمال بعد مرض كيف غير هو سرطان,fear,195
e46c47582d01,إشراقة صباح وكل هو الله أطمأنت قلوبنا ذكر دام اللٰه هو خوف حزن,fear,62
262b93c54c98,مستحيل كان حضن إهلاوية هوا مشجع متحيز جماعة قرب أخاف هو خوف احترم ناس مايحتاج ناس,fear,81
81bad26794f9,خجل تجربة شخصي مليء ألم إيمان تحدث سوزانا خجل اجتماعي مفهوم جمال بعد مرض كيف غير هو سرطان,fear,89
f3f87c4b113f,لأن شعب يمن شعب فزعات اشد حالة فزع غزه اللٰه دكم أهل يمن,fear,56
fa4dca753601,فزع بس ناديكم طقوع إم كارثة تحكيمي ارتكب هو الطريس تجاهل بلنتي عوار طرد الخيبري,fear,79
c546f5291470,أن شرط عالم تحدث ارتجف حاضر زع سمع حدث لو استحى شرطي كيف يدعوا إلى حظر سلاح نووي غير إيران مثل أجاز هو نفس حجة ردع,fear,114
088687d4a280,دايرين رسل لينا فزع شنو,fear,23
89cc8fb807f8,لحظة بلع بس ربي فزع رحمة,fear,24
d37eef5b051b,اكيد مكان حقيقي الملاج مرعوب مذلول إمكان فوق أرض إطلاق,fear,54
c544bba2337d,قال لك مجرام طاغي كاتس خروجك ملاج جعلك تشوف نفس قدر هدد يمن لأ كان يوم ماكن ملاج مثل خنزير ممطور مرعوب مذعور مذلول يوم قصف يمني صاروخ يمني مسيرة إلى إسرائيل تكلم كلم صح,fear,168
6329cd312874,حسن مرعوب,fear,9
1a1b8bfcf54a,سبحان الله المتعااص مرعوب يا آنس أما شوفك شاب ضغير اتمل مثل مأ هو ملك جيش شرط مخبار عارف رعبة هو لي عشان هو مش خايف هو شعب محتاج هو اقسم اللٰه شعب لو شال حاجز خوف هتشوف قزم عصابة على حقيقة هو نظام هااش جبان فووق ماتتصور,fear,219
8318e65c4428,اتمنى دعس أهلي دعس عشان طرد متدرب محلي قزم فريق خلا كل اطقطق على مرعوب مرتب محلي رغم فريق كلهم أجنبي,fear,100
2dee7be6f6ec,مرعوب يا مرعب,fear,13
f78da713eeff,يهودي صهيوني هرب مهرول إلى مفاجئ هو خوف رعب صاروخ مسيرة يمني هو صادق رفع علم فوق سفين إلا إسرائيلي بحر مشى نتحدا لأ كان كذاب هدد ملاجي مرعوب مذهول,fear,146
3be538100dd2,مرعوب الكمايتة,fear,14
73f57c7d6160,مرعوب هو هلأ,fear,12
2c51c327ebef,أقلك شي أقسم اللٰه مرعوب اختبار هيئة,fear,36
acf31805899d,يا عين مرعوب خالص شغل عيال مثلي هيخلص امتي,fear,42
4917dace2a87,عادي قدام لدز لو مكانش كاين ملك صورة تعامل هو هو فرحان مش شايف شعور هو هو انهانت وضع تمام أن هو أساس عدو طبيعي هو لدز زم تأقل عداو هو لي خرب جلسة عشاء ملك عائلة هو غير كريمة,happiness,173
c8de111949c5,عزيزي مريض نفسي الذي تذكر مآسي إنسان شافك فرحان أو كان أمام سفرة طعام,happiness,69
8fda226a1b62,فرحان هٰذا كرة أرضيه حياة سعيد اللي عايش هو,happiness,43
6fae089aaf5e,هو فرحان مجزرة بريء سودان,happiness,25
13584111d8cf,إذا شفى شايب تكلم لغة إنجليزية قاءي عربي فتاكد فرحان نفس اعتقد مافي احد تحدث إنجليزية غير مايدري أن وقت أصبح طفل مراهق احسن بالانجليزية,happiness,135
efd702d753be,لما شاف شخص فرحان أفرح هو حشر إنسان عيد,happiness,39
8db63058973c,صدق مم حب وطن فرض أعلى صباح خير صباح تفاؤل جميل حب وطن دعاء صميم قلب النهارد عيد نهردة يوم فرح كبير كل فرحان سعيد ربنا حفظ بارك فيكي ياوطني يامصري أصال أستاذة هو فاضل,happiness,166
2381cd7d2d77,فرحان هو هو عنى,happiness,15
62be8ce2181c,أشوف فرحان شكل علم أدب,happiness,22
a5a5a5c2511d,اللٰه داري كفا يابو فرحان لأ غريب علي اكحال بس باب طقطق إدريس,happiness,61
bfee0aa25b41,اهو ده حال أخ عرف أن في أي حاجه هو فايد أو كان شعب مصري فرحان,happiness,61
3cf55cece2db,أصلة الذي صار كذا حس مقطع صنع صنع أي فرحة موضوع,happiness,47
74581dfe2e1c,مرحبا رجع هو تبرير اقبلى رجوعي أكيد إي فرح فرحة محا عتب أكيد هو لأن هو بعد دايم كذا أيش سوى أمس دعا لي قبل غروب,happiness,111
5d1c028acace,هيرزعنا كومبو تعويم زيادات سعر زيادات رسم علشان أنكد مصري عز,happiness,60
c659609c6b3a,هيرزعنا كومبو تعويم زيادات سعر زيادات رسم علشان أنكد مصري عز فرحة كعادة دائم,happiness,76
2726497226c6,هيرزعنا كومبو تعويم زيادات سعر زيادات رسم علشان أنكد مصري عز فرحة كعادة دائم,happiness,76
434bcfdf35e1,فرح صغير حق هو كلن أفرح مستواه كبت سنة جعل كهل أفرح فرح صغير,happiness,60
71dd644e9a41,نمط مكتوب مؤلف جذيب وغنى معلومة هو سعيد جد قراءة مقلك طريق خطأ,happiness,62
666183e36489,عملك الشاق شك تم سداد حظ سعيد أنا سعيد جد قراءة مقلك طريق خطأ,happiness,61
1850b9199ef1,هو اتجاه صحيح تحقيق نجاح حظ سعيد حكمة اتجاهي شكر هو,happiness,51
c7d0520066e4,الله رحم يا سعيد عقل وين دعس فلسطيني أحرق أرض كرمال أنبت حشيش أن هو جنسي عاطل,happiness,77
f07e7451d317,طبيعي ضحك,neutral,9
46561ba6e1f9,عيل صياح طربون الذي موب طبيعي والل,neutral,34
97331bad09d5,ابن متعة عميل افتخر تمتع نساء حشد طبيعي أكر تشرين,neutral,49
a33bd330fdde,حرب بلد سبب دعم دكم خايس صدام حرب سنة حرب كويت إرهاب تفجير ور توايكم خالي عراق بدا تعافى رجع طبيعي,neutral,98
75c07c4bc669,الذي اعتاد تعامل قلة ذوق شاف أمر طبيعي نسبة مشكل مدري متى راح تعلم ذوق تعامل هو,neutral,79
acf4a789502b,شي طبيعي بس شكلك رد أتبع دوري أوروبي يا فريق,neutral,44
34ad3ccbec08,شي طبيعي حرب كان أسير طرف شي جديد تكلم حوثي ليس يمني وفي هو اعتد حد سعودي أمن سلاح حد حق سعودي رد بعد هو طلب حكومة شرعي المساند دعم تحرير عدن بعض محافظة يمني هو هرف اتعر,neutral,169
8eda0bf87ba1,اللٰه تعب نسي مب طبيعي أبد,neutral,26
594736c92c1f,حركة مدرب هو أمس يوم أعب هو انطرد شيء مب طبيعي تصنع ألف,neutral,55
612643edc993,هوا طبيعي انو أمس نايم اكيد,neutral,27
9872a2a8f2b6,الله لام الي لامك طبيعي ضعك دامك شفتي هوب انا مقدر اتخى كيف بيكى شكل أخخى ياقلبي,neutral,80
2336fef1248a,اختلف طعم أسود هو سكر أكثر أخضر حموض الاحمر سكر معتدل,neutral,53
4ec5f6980c4c,محمد خير الشعال رجل دين قذر متطرف تطاول نساء خطب حرض ضد اختلف حمل فكر متطرف رغم اشعري تم طرد مسجد إهانة قبل تكفيري اعتبار سني اشعري معتدل,neutral,137
43c92348d54d,ماين معكم إنسان معتدل بد واحد عرف قيمتكم,neutral,40
47e32f4bb93f,اللٰه بنية ماعر هو بس مرة أطلع حساب هو شوف هو محترم خطاب هو معتدل اللي متأكد أن الساقط ساقط رأح جو نعال هو كل بنية قذف هو طعن بي هو ماعن هو غير طعن إعراض لد الزفرة شروگية معدان,neutral,176
3ee67cde1f52,جو معتدل خيمة برا ساقع نونة حسب إرصاد خاص فيا,neutral,45
406b41e567ad,حرفي علاقة استثمار إنسان مايكون معطاء علاقة شكل معتدل ملائم راح لاقى هٰذا علاقة عاد على حب مماثل تقدير لو بعد وقت طويل احنا نغذي علاقة هو يوم نكون صالح آخر احنا مستفيد أكبر شيء قدم الذي زرع حب راح حصد حب,neutral,203
92af886edb19,مافي اكل سمن الحياه اكلت شكل معتدل تحرك شكل كافي,neutral,48
79a046283c17,حقد إعلامي صهيوني على أي نجاح تيار إسلامي معتدل,neutral,47
59bcecc6323f,الذي متأكد أن الساقط ساقط رأح جو نعال هو كل بنية قذف هو طعن بي هو ماعن هو غير طعن إعراض لد الزفرة شروگية معدان,neutral,110
372336923133,موسم سن تقدم أحظ رمضان جو بارد إلى معتدل عكس سنة حر,neutral,51
bc73ad270cfe,آغسطس حزين جد تمبر خالي تمام أكتوبر متعب ماذا نوفمپر,sadness,52
fa5917310e4a,أي أي مسوي حزين وجهه,sadness,20
7a99093a1b77,زعلان حزين متضايق مكتئب ذكر تشيلسي لعب يوم,sadness,42
885579f90b37,خاروف توماس مسوي حزين,sadness,21
1b307920590f,انطباق حزينمابادر رجعنا شهر,sadness,27
0ff5eb6176c5,مب حزين قصدي اني حزين لأن هو عبة ممتع تمنى هو أطول هو,sadness,53
dc0fdda50db8,اللهم هو استودع أمي أم أحمد وراحة هو جعل هو أسعد هو لهم أدم على هو نعمة صحة عافية أملأ قلب هو سعادة طمأنينة لهم هو أحب هو جعل هو حبب رضا هو بارك هو عمر هو رزق هو يوم هو لهم أبعد هو حزن هو قرب إلى هو خير عاجل آجل يارب,sadness,216
234071ae9cf5,قلتلو شايف معة حزن عيون,sadness,23
996e83f9fda7,اللٰه حزن صديق جديد معددي,sadness,25
101ec71512b6,مافي حال دام حزن سعادة الحمدلل حال,sadness,34
cb6ec8b67b39,نبرة حزن بعيونك,sadness,15
9e8334548b4c,مضي قدم أجد طريقي نحو سلام عبر,sadness,30
80a619a3279a,لما كان رايح شغل هو مخنوق بس افتكر آكت حاجة ضحك أثاث بيت الكوميدينو,sadness,67
cefdbd0c6fff,احس مخنوق الزنقه,sadness,16
3f65fdf531b1,علم الله هو حاول كان ثثلم هو غارق قطيع هو هو يائس يائس مشوه كامل مخنوق أنما أحد هو حشر سماوة حلقي,sadness,97
826454615fed,قالي يوم صحي مخنوق نوم سبب موضوع كدا خانقني مجرد قعد شوي هدي وضع كان تحت سيطر بس انا مش عارف ده,sadness,95
92ed0ed57ea6,مخنوق بطيزي ماعند جراة رد قدام هو,sadness,33
02990c57e13a,قبل نونيز قبل مولود تركي قبل حارس ماندري ين حارس مولود أبقى البزر كايو مدرب جاي أخذ عقد فقط مدرب زبال سالم مختفي مالكوم مختفي نيفيز مخنوق جد جد لو وصص تطلع فضايح اشو أن كانسيلو انصاب آن الهلال آخر ترتيب,sadness,202
82d1d3fdc327,اللٰه حاشر حال أو بغن زمير مخنوق أبصر كيف عنى بطن جد,sadness,52
4a90226079cf,فترة ضيقة جد جد على هو مسكر جهه وين وديت وجهك سكر تقفل أمر سيئ إلى اسوأ عرف شعور أمل تحسن أمر رح خرب تداعى مو قادر شاف صيص أمل حياة هو رح تحسن أو تبدل شيء هو عم أحكأ رح وضل مخنوق عانى أمر رح أراح,sadness,195
bd0dfa7ff44b,مية قهر هو عور قلب أقع مرارة هو هيا,sadness,35
13cf28e0a4c0,قسم اللٰه قهر قهر,sadness,17
b95d59724e07,أخذ كرت اللٰه قهر,sadness,17
b8fa8a99771a,قهر اللٰه مباراة نص أخذ طفش,sadness,27
b0a26275c3d7,أي نعم قهر هو قهر درجة ممدد زي كلب,sadness,34
4a6c11289c2c,تا ابد قهر,sadness,10
c38a29dbba8f,قهر ليت ارض خففوش,sadness,17
2a142bf8c120,قهر قهر قهر قال تاي الي رفض غنى هو عشان هو قديم تمزحح,sadness,53
37b1ba51be8e,قهر عاجبني أربعاء مره,sadness,21
e511c310f7ae,قهر رجل عين جميع أنديه نصراوي مساح مستانسين أحد هو قال اثق شخصي حكم,sadness,67
7a202c664fae,قهر والله,sadness,9
d341b5f76aaf,قهر طور بس اللٰه أسطوري,sadness,23
2525736738a2,قهر ماعندي لك فضيحة,sadness,19
e061237263a6,موت قهر اقوطي اللٰه محد درى هو,sadness,30
05f4b3e4b1af,دوري كله فاقد رائد نقطة راح قهر,sadness,31
8f003f7afc7c,متى خلص قهر النصر راح وجي تبوك احضر,sadness,35
5d326bc51044,موت قهر ياقوطي,sadness,14
14886bef89680677,قهر مقدر تابع هو,sadness,16
d9e37888935e9edb,تمنى لك نجاح قهر حلم نجاح تأكيد متناول هو,sadness,41
b1ed337ad5ca7d8c,جرب شعور جد سيى اشبه مرض سرطان الي أكل جلدك كان احسني هو اتكل هو حي خاص كان وقت هو اعاني مشكلة صحيه كان أبكي قهر كأني مسجونه,sadness,124
003b52a3b076be9d,قهر طار الدرافت الذي حساب قهرر كان حاط مليون هاشت ذبة يوم الذي انتظر سنة,sadness,72
ae033bff3e243b79,قهر شرقي العادة اول شتى هالمرة تأخرنا,sadness,37
602ff92163aa8e25,غلط ظلم هو بسيط ملح حياة أما ظلم الاهلي قهر والم,sadness,48
fcfc2f20f4e1ecb4,بلغ قهر رجل ألم مداه ذرف دموع,sadness,29
72558c5aca4bc075,قهر كلهم لطج أمسك أطلق منصب شركة,sadness,32
c4226ae672b0a274,أساس صدقنا الجحش هو حمير إلى منشن سعودي فشل كثر حدكم مسوين حساب تكلم هجة هو الله زاد هو قهر وحقد,sadness,96
28f52c2417617b3d,عشان تراكم اهخ قهر,sadness,18
5be1a77c8da9b1a3,دااموت قهر عالعوصي مأة عرب,sadness,26
7c1dc139c27c7ab0,اخخ قهر تمنى لو شفة هو اكتر بهااحدث,sadness,35
c075a4eeedde2672,هو بموت قهر قصة حلو ضاع اختيار هو,sadness,33
54942ad9ae10be8b,قهر كان اتمن حطه,sadness,16
8054b56a98ce3874,أووف قهر,sadness,8
4023eed2468b3307,تمنى لك نجاح قهر حلم تمنى كان لدى إيمان قوي نفسك,sadness,48
5345004b22cded62,اللٰه يا سلام قهر اللٰه قسد مو طالع ورق هو كبير أيد هو أمريكي زلا راتب هو شهر قادم شكلو السالف طويل جد جد,sadness,105
13cd1c77dfca255f,قهر خوفتك,sadness,9
415ac09eb243b465,بحب ياريس يالي موتهم قهر,sadness,24
59e042820747dac5,تمنى لك نجاح قهر حلم مقال خاص,sadness,29
621c75430759dfeb,تمنى لك نجاح قهر حلم نجاح متناول يديك تصميم,sadness,43
827138c99b0af23f,تمنى لك نجاح قهر حلم أمن نفس هو كان محظوظ قيادة,sadness,47
674f070846cdb0d8,ارصاصي موتي قهر الفحى شوفي كيف أوروبي موت سعودي تمنى هو أن مز وسيم انتي هو الذي طقط على هو في بحك,sadness,97
314f56e67d11e5bf,قهر محد صدم هو عشان جلس البسه سوا تعرف بعض,sadness,42
b87be911b3b5ab9b,بكاء قهر,sadness,8
fec6f8434566c4e9,تمنى لك نجاح قهر حلم هو ممتن لك صداقة متين شكر لك,sadness,49
8023ce43b496d202,بس قهر الذي بث تقفل على هو كرا بدأ صباح را,sadness,42
59861eabe3c9ad4a,قهر منتب تجي رياض إلا لٰمن صرى منيب موجود أو مرتبط,sadness,50
06c570b7bc34ec11,كيف طلع هو موسم صفري هٰذا موسم اقسم اللٰه قهر حين اتذكر كيف فريقنا قوي,sadness,70
8fbed78d54fbb33d,يالخدمي شكلك حافظ مهتم تاريخ عمك ملكي الله زادك قهر ساد وجهك أكثر سواد آن,sadness,73
3ac675bb8322e45e,موت قهر ياكلب,sadness,13
c73efae49675b2c4,الله العنكم ليش هو حجم قارة مليء أنهار مياة عذب اللٰه قهر,sadness,57
03a984769c18d77a,بطلو الطلس ناقصين قهر,sadness,21
5fb9f23dba64c2ed,ممكن أكثر شيء قهر جدتي الذي صار,sadness,31
4223317791099999732096643259114147205467890253824,مساء خير مساء دعس صغير ندن واحد خايف دجاج أجرد تشلساوية أكثر نقطة مضمونة ضد توتنهام اقسم اللٰه قهر اشوف إنسان خايفين نتعثر منهم,sadness,127
5c3814d25cd2ac43,لي انقهر علشان جلد منفوخ اعترف أن هلال أفضل قواطيك أقوى دايم شخط هو رايح جاي كذا عاش سعاد ودون قهر وخراط,sadness,104
173b1232da1fad45,قهر طفل الله أسلم,sadness,17
165777198109bbbb,شف هو لايك موت قهر,sadness,18
b452fd5f8492db87,الله طول عمرك جعلك نار شرار عدأك حقق هو تمنى هو شعب عظيم زاد اعدائك قهر وغل,sadness,75
19708210044fc5b8,افف قهر الكونسيلر طالع مر غامق,sadness,30
d6742845c47990d0,يا قهر كيف كذا فرط هو,sadness,21
986bdfb46ed1f742,قهر وانا أخذ كيلو,sadness,17
d438b0016817f445,موت قهر أفرج يا مشرد ظيفة القهوجي أقل هو أشرف مو لازم حلق دقن انت علم هو الي حلق لك خلفية عشان تمتع فراش,sadness,104
f0b200c32f790bef,اخوي سالك انا متردد أخذ هو أو قلي هل تأخر ايداع مبلغ أو ألن هاذا اهم شيء اناس بعض حين نتجبر التطبيقات عشان ظرف جانك ذولي تأخر انزال مبلغ اقسم اللٰه قهر اللٰه عنى انا أنحد على هو عشان مستعجل ذول تاخر,sadness,198
3f35832ac40f0df3,قهر يا اخي,sadness,10
bbf1559c13b17309,راح نموت قهر لٰنوو ماعنا متحف عوي أحسن لك روحي أشبع طعمية عيش احسن لك متحف عوي,sadness,78
bef8abb68f561ed7,قهر آخر سن محقق بطولة,sadness,21
c2b28fae17af05df,قهر فهم ذبه زق مب حمى أعب الدكه يجي ركني,sadness,40
32b7c5cbe1ced4bb,إحا هو كمصريين فرحانين بلد هو افتتاح عالم موازي آخر اعدائنا عدو مصر كار طن هو كار رئيس هو الذي تغلل هو احهزة مخابزات عدو دولة مقهور حزان يارب زدم قهر حزن خذي هو فرحة مصري سعد هو أحفظ بلد هو جيش هو ونصرنا,sadness,203
e03da3254a894ad9,قهر راح علي,sadness,11
74275fd39d65136e,تمنى لك نجاح قهر حلم هو ممتن مقلك عميق,sadness,38
b3900bfbb9bf7d9a,هٰذا قصة الي تجين يوم قهر,sadness,25
d4f6c4920c9c4425,قهر رجل,sadness,7
9db255dd4322bd0d,قهر أخذ ألف اللٰه أجد أقدر أخذ هو كابرس صابون وفطور,sadness,51
e33b3ee155beaea6,الله أدام ضحك سعادة إنجاز اللٰه حرق إعداء زاد هو قهر غيض يارب عالم,sadness,66
f3e55428651dead8,قهر لسى ماجتني,sadness,14
d056ca96f7ee7c6a,الله زاد هو قهر غبن مرض سميع مجيب,sadness,33
01dc673912489164,قهر ليت قوت,sadness,11
22c2ecd8e481e690,أسد ناصر وريطة قهر جنرال جزائري مزانية دفاع مليار دولار سنوي خسارة مليار دولار سنة البوليساريو,sadness,94
84062861baed175d,قهر رجل,sadness,7
c82e3ce0a6c776f2,قهر استاهل,sadness,10
dbf714d9a42ec1df,اللٰه هو مي قهر حقد غبن داخل هو برد مافي هو كذب فوتشوب هو,sadness,57
e5fd5d3c5224ad76,شفتة اخ قهر مره,sadness,15
32f9a977ddb4e6b8,ياخي قهر زارفهل,sadness,15
bf916ca8db2ba80e,رجولة موقف قاس مظهر يا قول فعل نفسي ذكر بجد ملك عبد العزيز قهر بريطاني ذكاء حكمة حنكت يوم هاهو الشبل الألمعي الفذ وضع صمة مجال زده سعودية ادري ماكل عذا الحقد مملكة,sadness,163
f4867cd0c193b067,أخى اللٰه قهر ابي أشوف هو تعاون,sadness,31
f79cad71611f2974,قهر عاد مدام هيسونق اتكم جمعتوا مر وحده,sadness,39
2c246fc0a8457171,موت قهر ياخائن اوجاه ابن فهر وجه السعد درع بلد يدك وتاج راسك,sadness,60
91017332af953894,قهر بداية لعب كان انتظر خرش الذي جأى اههخخ,sadness,42
7212fc1a11861d48,إيع باع العقليات اللٰه قهر عب نفسي,sadness,34
7ef15d163e53c8f0,محنة أن حد تكلم قالواةد شاحذ أنوحد سكت متنا قهر هو فقد طنيت هو كفاح الاماجد إعلاء كلمة مغضوب على هو الضالين أمكن حذف هو كتاب سار يمن سودان قبل سوريا مر أين عسل,sadness,159
f30c934a31def761,صح انا حاسد هو مر ياربي قهر هو شماريخ ونار حنا ماعندنا احظكم أقوى إنسان عالم,sadness,76
fc1e5db7c48592d5,أمان قهر هو زنبيل هو,sadness,20
b23539be1b71d1d5,قهر زوجي ماعند بنت دوام ليت عنده عشان أجاب اكل,sadness,46
860d1239859dbc98,الله رحم هو يارب حبيبة راح مطرح ظلم وجع قهر راح الذي أحن على هو دني نحنا كلنا اللٰه أصبر هو غياب هو ضلل صحة ذكر هو خير اللٰه قايك يا قلبي,sadness,137
377731cd1c4991cc,نت مسوى هو أحب قال حقيقة هو عارف هو عارف وش قصد هو خلهم مأة قهر الله ذكر القرشي اللٰه عرفلك صدق,sadness,95
121dda4b539b3ac7,بس قهر اللٰه دي اتلذ دعس مورانت,sadness,31
808da8875d854b5c,قيادة حقيقي كمن في قيادة نفس ليس قهر آخر,sadness,40
8b6e73bc8e013331,كيف زعل قبل تفهم قهر,sadness,20
0e02a590cbee9784,قهر مافي الشيون شي طيب هو,sadness,25
f9e982adb38c0910,حاجب بعدين خربة هو عبى آخر شيء قهر قهر,sadness,38
b722a6602709d81e,صدق قهر زواف لادي فرنسا,sadness,23
1c18e1df4adf6a57,الله زادك قهر حسرة هٰذا كيف نظراو رخم قال كلمة حق,sadness,49
12ea89cc754fb75c,موت قهر اهل شام غسان منا ازديون اتحد ابوك نكر معركة قحطان هو سوف قحطان رفع إسلام دخل الاسلام سيف هو النبي اقبلو البشرى يا بني تميم قال شرة هو أتنا أي غنيم فلوس عرض هو فجأ اهل يمن أقبل البشرى يا اهل يمن قال قبل هو دون كلام فرقة بيننا,sadness,232
c7c2f25bc12ff122,نعم محمود حسنات نعم دك عبدالملك موت قهر ياللي طبل مقابل صحنة فول القرموشي,sadness,73
7a1acefd0c052c51,تمنى لك نجاح قهر حلم هو ممتن رؤيا عميق شارك هو,sadness,46
10d694d8c938ba28,اللٰه قهر أطل نسال اللٰه سلامه,sadness,30
49860e1f49a486ff,قهر تو استجاب دعوة هو طول مره,sadness,29
58dc10c6ee7da109,قهر قهر صرح مر انهار خذ لايك,sadness,28
5fc2b2e32986efc9,لو قاهر قهر صهيوني الذي سلم هو أرض تسليم اهلي يا عبيط احسن مايلقح زي نسوان كلام احنا رعن هو احنا أصل عرب يا ،ب,sadness,110
9d766a83c09714f1,تمنى لك نجاح قهر حلم معرفة كنز شكر هو,sadness,37
e162c43f2d4bb121,قهر لازم كان وحدة بوق مختلف,sadness,27
ae664b2ed752f548,تمنى لك نجاح قهر حلم استمر سعي تحقيق تميز,sadness,41
7148a380a282dc56,أن شاء الله أريس رح اكتسح أيرن ميونخ لو بركى ضيع فرصة ألى انصاب بركولا دوي آخ قهر أن شاء صار زي كذا,sadness,99
47439d5b6a7d19a1,صياح معتوة دليل قهر إنهزام أمام مايكتب حقيقة إفشال شماعة هو ضاع وسط عي عالمي إلمام حقيقة هو حاول خفا هو تضليل غرفة إلكتروني إعلامي المأجورة قال اشترى قلم قذر سوف هزم هو حقيقة مسنود أقع لن استطاع إنكار هو مهما حاول,sadness,213
11b1d8caac19c4ff,رأى أغلب هو كذا جيل الطيبين ولف ويدور لين أخذ ذهب هو رجع طبع هو كره شاف مرأه أي منفع فلوس ذهب بيت وظيف مأة قهر,sadness,110
ee3fdc899ec1ae3e,مااب إهن هو بسس تهون اللٰه شأي الذي جالس صار تهون أزاد قهر ووجع والله,sadness,69
4de15ddaeff85e36,قهر ياخي ماترد ابي أقام النودز,sadness,30
7a33db69d35189c4,ركام جنوب سار كيلومتر وصل بليدا غطى جريمة قتل إبراهيم سلامة ثم كين استهداف إبراهيم رسلان دمار تشق طريق نبطي اعتصم أهل أسير سجن احتلال حكاية آخر قهر صبر نوع آخر تشارك جنوب فلسطين,sadness,177
79cd1ed98e9f93ab,جمهور الهلاليه جلو واحد حسد وقهر محروق موى قهر,sadness,46
1d40a03b62344a77,تمنى لك نجاح قهر حلم مقالة نفس هواء نقي,sadness,39
437fc72226ebfcbb,برنامج الذي تابع حين مانزل حلقة مترجم ربي قهر اشوف التايم مدح هو الله قلع برنامج,sadness,80
6e3d012cae013b68,حكينا ندم هو كتنا قهر,sadness,21
0dfd6c57db2fc725,مأة قهر لو حقق بطولة,sadness,20
8f4aa5e3e47de99c,بيكفي ولي مرق هو كمان كفي هو قهر عقبال على هو باقي الحمدالل جود شخص حدي عم ساعد سافر كلابي عاش قا مرتاح,sadness,103
e267371d788da03a,تمنى لك نجاح قهر حلم مقالة حفز فكر,sadness,34
42bf39484bdc83db,تمنى لك نجاح قهر حلم هو ممتن لك صداقة متين شكر لك,sadness,49
67c855ff64d0348d,الله نزل غضب مقة قهر رجل,sadness,24
363f0e4561e9b58a,اللٰه ياثامر اليابان عرف هلال لا يد خبيث جرب حرض الهلال رشوه درى شي بس مثال هد العتيبي اهديناه قهر دار مخلف اوراوا الله انتقم هو أشد انتقام,sadness,139
52c5655f4ae50468,هوفف قهر دخل إداب راح علي,sadness,25
44bc1ead5fc5af7f,أكثر شي قهر أشوف احد مظلوم أقدر اسوي شي مموت قهر,sadness,48
220fe0d9db867b35,قهر عرقي مو موجود,sadness,17
0cb7a611d139430a,أقسم اللٰه قهر تلقى بث تلفزيون الذي مب شغال السويري الذي خرب ابو صباحيه,sadness,71
27d8b5cd306ffa94,قهر تحكيم ظلم أمام النصر,sadness,24
485c1328d00268ce,تمنى لك نجاح قهر حلم هو ممتن رؤيا عميق شارك هو,sadness,46
54c63e6e5d90c005,قريب صار دو اكبر قهر,sadness,20
3629762afcf0f70f,عوذ اللٰه قهر نساء احس دي افحط,sadness,30
eae90125c2435e29,اللٰه قهر,sadness,9
263bedf810f5def9,تمنى لك نجاح قهر حلم شكر معرفة قدم هو,sadness,37
db87443f99c639c8,قهر هو أراح قلب,sadness,15
de65cb8d7bb1ac2b,هيك خبر عادي مر وين إعلامي الذي تركو موضوع إلا حكا إذا حكومة عم اشتغل ملف القنيطرة عمهل سبب ظرف جاء إعلامي همش هو عالآخر سلم هو احتلال عطبق دهب اقسم اللٰه قهر دائم قنيطرة خارج حساب جميع انتو حرفي متا هو إسرائيل دون تحسوو,sadness,220
1265fe2e09b1c81a,قهر جاب صورة لعصام,sadness,18
f05a331aa092b977,قهر طيب انتظر علي وعزيز,sadness,23
ef4feb3e796dc8b3,حين عاد ذاك اللي سالفة موضوع حاشر نفس متحدث رسمي وطن موى قهر,sadness,60
b79856dc64358d75,لي بس قهر ياخي نفس توقيت مباراة النصر مباراة تشلسي ضد توتنهام,sadness,61
28b6743b510769d1,تمنى لك نجاح قهر حلم مقلك إضافة قيمة أدب,sadness,40
65d78c6a94495a26,درى كلام النسويات المنحطات شاكلة هو حياة حياة عناء شقاء ضياع بس جعل نفس هو سعادة هو اللٰه ضيق أيعلم غير الله أخذى هو غرب محتوى ساق هو كيف هو علشان قهر مسلم دين هو براءة هو لذا جعل هو حمامة البيارات اعوذبالله,sadness,207
142a2299a4f0781f,ماجد طيار شكل هو قاهرة قهر موب طبيعي,sadness,36
07793974f4dbe74e,أن حكينا ندم هو كتنا قهر,sadness,24
a5435ad012cfdae8,أحمد طلعت شخصية مر حلو بس قهر نهاية برنامج,sadness,42
854547bd4b52ce3e,طيب قهر أحق على هو,sadness,18
4ee6777281086af7,تمنى لك نجاح قهر حلم أثرى رؤيا عميق حية شكر,sadness,43
6d089510362d5f1c,أرب هو حدك علم أخفى قلبي علم صدري أعلم سمع ضجيج قلبي شتات افكاري اللهم اني عوذ قهر ألمن فكر قلق يارب أجبر قلبي ارح بال هو سر لي امري,sadness,132
7887c089b99900cd,قهر سلمان راح قبل أعطى هو منوم,sadness,30
6deb4fdd35ed541f,لهم عنى إمارة اتبع هو قهر قهر,sadness,29
646015256ac4c825,حبه زوجة صحى غيبوبة مر قهر انو جيمري طرف ثالث,sadness,45
bbf755500311ea55,أي اللٰه قهر الله انتقم هو الذي دعمم,sadness,36
7df8dc5cbf744363,فجر يوم عوذ يا رب قهر ألمن هو يحزنني فكر قلق,sadness,44
f973694c70a6b975,تمنى هو نجاح قهر حلم معرفة هدية احترم هو شكر لك,sadness,47
2c8901dcb91faec8,أصرف نظر أشبع قهر,sadness,17
21fbf4177bf061b4,اللٰه يا مقهور أذن الله زادك قهر هلال شي فعل هلال,sadness,49
164da0298be4f378,موتو قهر,sadness,8
43dfb499bd2cee33,قبل تدخل صحي فكر الف مر موضوع هو دقان على هو قال داوم بكر اللٰه قهر,sadness,67
0659a5aba31fd027,تمنى لك نجاح قهر حلم هو ممتن رؤيا عميق شارك هو,sadness,46
4a4650951457f208,تمنى لك نجاح قهر حلم هو ممتن مقلك عميق,sadness,38
2d11347909428b85,قهر كان با رد,sadness,13
e8063434e83a9503,قهر زماننا,sadness,10
8ad36745cbf52aa6,تمنى لك نجاح قهر حلم لدى كفى مهارة حظ تجاوز,sadness,43
19dffef5c6dd59d8,تمنى لك نجاح قهر حلم مقلك جيد مكتوب,sadness,35
bcb8d34e6b723d33,تمنى لك نجاح قهر حلم نجاح متناول يديك تصميم,sadness,43
4a2394a8cf3abe2e,قهر مقفل حساب هو,sadness,16
52874b8fa70e080b,تمنى لك نجاح قهر حلم حظ سعيد نجم,sadness,32
e40b7b4a68db9c38,أبو تاوة تراك طق صورة هو عارف مقهور رأى زادك قهر دارين مقهور طق صورة مسكون,sadness,74
f2efaea3caa5e54d,تمنى لك نجاح قهر حلم تمنى هو أفضل شيء متابعة نجاح,sadness,49
d2d3caf9e9082c70,قهر ريح صبغ علطول,sadness,17
408bf57ef9b41be1,أخ لي انا آخر شاف قهر ين تابع قبلي مايصير,sadness,41
7997df0ddb48eaa8,لي إخطاء قهر,sadness,12
cb1f705f4a1b1bed,أي اللٰه قهر,sadness,12
c95ed6b85357250f,قهر نسيت أرجع هو وقت هو,sadness,23
aa5b2d28a4fa900b,معنى حرفي قهر رجل لهم اني اعوذ قهر رجل يارب,sadness,43
ecbc0c5b51b116d6,صدقني بعد لتموت قهر,sadness,19
014d268393620bee,شفة قهر ياليت أخذ معرض كتاب,sadness,27
659755f9aa0fec5a,شو حبا ضحك هو ليش أنتى عارف كلمة بري إلى ماشي رءيس هو عون رب حمى هو طقو قهر عوو أد بدكم,sadness,87
2915659321bfb196,لدى فكر جميل بس اللٰه قهر شارك هو معاك,sadness,38
ad01bfb6c88083c7,ابو جهل قهر قتل طفل سودان يمن وليبيا,sadness,36
24b654b5f5de860c,شت هو عالطرف أقل شي ابتعد ٣٠ متر مرمى هه وين اسيست عقب هو ناقل هو أعبي الهلال تمريرات شعرف هو الكوره مجرد قهر تغريد تببي منشنات,sadness,127
0a13bad898e850aa,قهر,sadness,3
5501374b7a27d5f4,هنوي تفاحتين بنى وموت قهر قلنالك صرى مفلس تغريدات نصيحة مني روح هو خل هو صرف على بدل عايش عيشة متشرد ذليل,sadness,105
da019ce4357fbc71,قهر فاتتني يوم,sadness,14
1f4c61b4132a4dba,عبار قهر رحيل,sadness,13
91071ff4fed2ad73,قاعدة العب يوم أخسر تو دخل قيمة تيم هاوش خسر هو جنقل أن زعلان داعم دمعتي نزل قهر تعب مر مادخ قيمة أخسر مشكلة وين جنقل ضدى كان زعل وخسرنا,sadness,136
53839a16b02ce5a4,قهر اللٰه باق نص ساعي أخلص حلقة,sadness,31
9dee73308395f36f,منجد احتاج ممارس بس قهر لو كملة أعطى طاق حلوه,sadness,45
de473d8d9533795b,تمنى لك نجاح قهر حلم نجاح مباشرة أمام عينيك,sadness,43
838a8bd61a7fb403,تعبان يارب سخرلي عبدالعزيز بن فهد يارب يوم هو قهر,sadness,49
8de43128a7d7c4fa,ياخي كيف صلنا هاذي مرحلة اللٰه قهر,sadness,34
7210287e722ef552,قلنا كم حب اتفاق خلف شاشة فقط لي فوق هو الرطوب قهر,sadness,50
46f420998d7b17c6,ويى قهر,sadness,7
eca059a527df41a9,قهر مالحقت على توفى واني أنولد ١٩٩,sadness,34
6923a778535ed24a,تمنى لك نجاح قهر حلم هو مصمم تحويل حظ نجاح,sadness,42
31cf214b48ab1c17,قهر مافي بلنتي هدية حكم,sadness,23
085836377d49b39d,وخى قهر قهر,sadness,11
3b4c95d8cb7da783,قهر فكيته,sadness,9
b0fd5ed7c57231e2,قهر لية هو انا,sadness,14
9595b714a5907b94,أنة هو بكى شي حانب أيكى هو صغير رشا هو إمارة حدك بان قهر هو واجد أيكى لك مقطع هو,sadness,80
358abd3000bc9d86,تمنى لك نجاح قهر حلم حظ سعيد نجم,sadness,32
891e069cd04eaa4a,اللٰه قهر نستنى ظهر قصة عشق ترجم مسلسلة جمعة فاشل,sadness,49
259e0545eb32ab8b,مو بيدنا قهر دني دمرنا,sadness,22
1a044449f1c9ef51,قهر أن ايبوكي عامل سوت جيدي,sadness,27
514f07f25efcdbe1,قهر طلعو فاصل,sadness,13
3497c7881f8a0042,ميتين قهر قاهركم صقر سوريا,sadness,26
30894b0f3b0bdfbd,عاذ اللٰه ضيق الخاطر قلة حيلة غصة قلب لهم أرح قلوبنا تحمل هو طاقة هو لهم إنى عوذ قهر ألمن فكر قلق عوذ كسارة نفس خذل حزن أكل قلب صمت عوذ أمل تلوه خيب وثقة تلا هو انكسار,sadness,167
f4d22906e1d0f87d,قهر ماقلت سالف رمضان ترويح,sadness,26
de62b36d7b68c9ca,تمنى لك نجاح قهر حلم تمنى كان لدى إيمان قوي نفسك,sadness,48
b1374e59ac3f23a5,الله طول عمر لي عهدنا أمير محبوب محمد بن سلمان زاد هو قهر هو مهما أولى إخفاء هو نراه حرف اكتبو,sadness,94
45be0cb048e9d301,طيب قهر سويت أكل جديد ذيذ يوم ماوثقت,sadness,36
2f34b4b6100ee189,أن شاءالل بس اللٰه قهر شي غبن,sadness,29
0b82e1f6ea9b7e08,صار عاددي اخيه قهر اللٰه بس عاادي,sadness,33
38472652c1070a0b,أضاف محد طلب رايكم اللٰه زاد هو قهر,sadness,35
869897c1f7d56b56,صح صح قهر مر خلاص هونت,sadness,22
13f2b1baae38e04c,قهر نسيت وش بالي كلام لأن شحن جوالي بس زبد انو ذا موضوع أهخخ عقدتي اللٰه خارجني غير شر,sadness,86
42437b59b41274b2,نيتي اتنمر أحد هو بس قهر نقط إنسان إلا إلى بالي,sadness,47
37178441b622fecf,درى قهر انا مقهور بس شو نسوي,sadness,28
5acc620986d4b9f8,يا رب هو حدك علم أخفى قلبي علم صدري سمع ضجيج فكري اللهم هو عوذ قهر ألمن فكر قلق يا رب أجبر قلبي,sadness,95
1f199a74c70fc530,تمنى لك نجاح قهر حلم هو عميق وصلة رحلة حياة شكر,sadness,47
76652f78de4c1d25,ياجماعة هو حك سبو عكس ولي غلط على هو أغلط على هو يجى هو قال يا مصري كذا أحك أسم را احنا مالنا دخل اقسم اللٰه قهر مثل هو أصل الذي قال ليش حكى سعودي انا أصلي سعودي,sadness,161
640cce7cfda8bd4c,نموت شيوخنا مانبد هو موت قهر,sadness,28
75ea5657346bbbba,قهر كان مجهز ستم هتلر بس انعزم هالوين,sadness,37
a0a777640f01eec5,قهر مرتزق يوم,sadness,13
4d26630629eccc00,جيمفورث كنت أدر هو مالقي هو قهر,sadness,31
b3f0d6acd4f1297c,قهر جيت أخير,sadness,12
e3017db626fbded4,موتي قهر غبن ياللي نابح تاج راسك,sadness,32
a9959e54e617627d,ياناس أعالم كفى هو هو أخى أرفع هاشتة حرام ورب كعب أعبى بدون أي شخصي قيادي زي ناصر كنو سالم نحط كتاف هو شاره نيفيز أخذ هو قهر والله,sadness,130
dd52eda686417a51,انطرد اللٰه قهر,sadness,15
156adbca7636ab32,يا جعل حظة قهر عشة هو مع هو رجع هو ضعف هو أغلى ناسك,sadness,51
62a21848e5112b95,أخى حسافة اخلاقك عالي اعثم هالاشكال عرف تجاري هو قال كلام بنت مهم حال حال باقي عشان مأة قهر,sadness,91
4dfa6c5b9d5ce2e3,قهر كان متحمس,sadness,13
880156790459db30,غبن احسب صدق قهر,sadness,16
0258fddb61d8222d,قهر حمسة هو,sadness,11
701917b61a245d00,مووت قهر,sadness,8
c076e91f78768175,قهر ولله,sadness,8
c205ddf9eef9591c,قهر ياعمري الله شفى هو يارب,sadness,27
d7dba83450992192,موت قهر هو الغبي,sadness,16
cb0609a0203529c3,موت قهر سوريا أصبح حر أنبح قدر ماتش حجارة كفى لاسكاتكم,sadness,54
a51233ee9d4deb54,فعل اللٰه أكثر شيء الذي مفروض ماتك هو شيء الذي شخص مال يد هو أو الذي أكر هو هو نفس لٰنك زاد قهر غبن أمكن قعد هالشي طول عمره,sadness,123
02e513d1266b36f0,عوذ اللٰه قهر رجل,sadness,17
ce6e1cb42bd1981c,حمد اللٰه قهر عباد موت,sadness,22
a116d66098c3d5e0,قهر لية سجل أول جول كان سجل جولات دوري,sadness,38
3761b02fbbe03f63,دايما اهم مناسبة هو شعرك مايضب أزف مناسبة ماتهمك شكلك ضبط قهر قهر واله,sadness,70
805cd2f095ee7278,أحد سراويل نشيمورا ألطم علي قهر,sadness,31
2c57427b877a8a8e,قهر مافك هو,sadness,11
ceaba6b85f6e8f0b,اخخ قهر عاد موقع اللٰه اوفر بس شي أن حلو اللٰه وصل سرع هو,sadness,57
50272797aa92e4f9,قهر وش عنى اجل,sadness,14
8eccaa4932ac8146,عوذ اللٰه قهر رجل,sadness,17
863e98b36697bf99,قهر لو مو موجود أفضل,sadness,20
4bd1e6da25e97333,رهبة احترام حضارة مصري الملك توت عنخ امون مجدنا عاد حياة,fear,56
539f3e0881bdf68d,كون انج راح صالون عزا معنة هو هو احساس موت هذي هو نظرة إنسان شكل هو اهم نفس هو اتزى هو حالة وفاة أخت انتقد شي فعل مقزز قمنا نشوف هالة عزاء مقام مقال إذا أنتى غيرج شفتوه عادي رأى كلش مو عادي موت رهب حشم,fear,201
6728d46286c5c054,حين زار متحف كبير شعر هو أنك خطا داخل صفحة تاريخ حي تغمك رهبة مكان جلالى عاش حظة استثنائي أمام رائع مصري قديم جعل حجر مادة طيعة تجسد عبقرية هو خلود نهم,fear,151
620c834e5985d932,حمل كتاف تلقى رهبة أمة أحذر تشبه غريب أخذ هو هو رهبة رأى الجموع أمام هو وراء هو سجد هو بل قال قلوبكم لك يا سيد انبغى سجود ملاكي معكم عنى هو,fear,139
f129860cb4a2114a,أرض تعرف صمت وحد القادر إسكات هو رونالدو اسم الذي حول ضجيج الكامب نو إلى رهبة خالدة,fear,83
20e1650bfb671b27,زحم لأن حمير نفس هو احد عاقل أوقف بنص طريق أصل رهب طريق إنسان كفيل نسف أي فكر إنساني اخطر قفى الله عين أهل هو احس موقف ذا أوضح إيش بارد تجلط,fear,140
2d81520f15a9e194,أمی رالمؤمنین على على سلام فتبارك الإذوي سجد هو منن السماوات إلروضاض طاعع أرر اعاف هو خد وجيه لقي بالطاعة إي هو سلام ضععف عطط هو إقایاد رهبة خاوف,fear,145
9909d6118af21093,تشت خائف أمل ضياع رهبة سعادة,fear,28
dbc8f1fe7ea05c43,تكلم رجل تبالي بلوم لائم اهتز قاعة هيبة ارتجف أبد رهبة لو أمريكا ارتعد هو عبيد ككن هو تقرأ ألف حساب زار,fear,103
117dc7f6ffc5ed24,آت مستغرب لي انا اعرف نادي قال عندي مبدأ جايب لجنة تهاجم كل عشان عمل رهب لطج كل,fear,79
1069ab493a180ba6,سخط الشروكية مجوس,anger,17
f1fb7e030bb0a509,إن عبدا ليتكلم بالكلمة منن خطإ لئهة تعى ألق هو بلاا هوى هو جهنم,anger,63
aa98048aad5665c4,لهم إنا نسأ سلام عد هو كدر رضا عد هو سخط عاذذ هو من تعب رئح أرقى شععور شحووب إيامة كسر هو,anger,89
b8429134a3222b59,ساخط أوة هو سخط درجة مشبوه,anger,26
9a24bd115292d8c2,إن عابودا ليتكلم بالكلمة من راضوان لئهة لق هو بال ارراف لئه هو درجات إن عابودا ليتكلم بالكلمة من ساخط لئهة لق هو بال اههوى هو جهنم,anger,130
1506e86a9cda193f,إن عبد تكلم كلمة رضوان لها ألقى هو بال رفع لهة هو درجة إن عبد تكلم كلمة سخط هو لها ألقى هو بال هوى هو جهنمة,anger,107
53e857914248c160,مود الظهاري عندي سخط فوق سخط الظهريه نفس هو,anger,43
b21606dcd8d9cc79,لعل الله سخط على كلمة ألل اللٰه هو أصل أعمى قلب ختم,anger,51
3298abaf7bf7d45b,لازم واجه هو شي ترك هو المجاملات عشان عرف سخط اتحاد جمهور,anger,57
6aca2b89a5c2df1d,أب هريرة رضى الله نبي صلى الله على سلم إن عابودا تكل كالم من راضوان لئهة لق هو بال ارراف لاه هو درجات إن عابودا ليتكلم كالمة من ساخط لئهة لق هو بال اههوى هو جهنم,anger,161
d84181e5309cf7d4,ترى كاثير اتتى الذين كفار ئس قدام هو أنفسهم أن سخط الله عليهم فاي العاب هو خالدون,anger,81
1d36d2f659f52b73,حين أذان الله قبض روح مجرم كافر بدأ حظة رجعة بعد هو حظة خرج هو روح جسد عاش ظالم أو مستكب أو محارب دين الله أتى ملأك غلاظ شداد رحمة وجو هو هو حمل كفنا نار حنوط جهنم جلس رأس قال اخرجي أيت هو روح خبيث إلى سخط الله غضب هو,anger,217
263e8a27d7420fc0,سخط الله عليكم,anger,14
890b940f8b273716,اسأل العظيم رب عرش عظيم شفى هو شفاء غادر سقم جعل أصاب هو نور طهور جمع هو أجر عافي رفعة هو درجة نعلم أن اللٰه أحب عبد أصاب فلترضى قدر علم خير رضى فل رضا سخط فعلى سخط أهل رضا إذن اللٰه تعالى,anger,188
ed0c2c9cfcb78c67,شفى تغريد واحس لو ضحك على هو أجان سخط دني أخره,anger,46
c0a1fc39ec991006,ابتلع الحنش يا دويلة إمارة هٰذا مرة لن تسلم جرة صوت ثكالي مظلوم طفل ليس الله حجاب أصاب هو سخط الله قط انتظر,anger,107
9219af6667a80faf,إن عابودا ليتكلم بالكلمة من ساخط لئهة لق هو بال اههوى هو جهنم,anger,61
b4839f67a46b5294,عليك سخط الله الله عزوجل أمر غطاء وجه فرض نساء مؤمن إذا هو خارج ملة إسلام اعناك أمر يانجسه,anger,90
58c5c1db1bbc04bb,عوذ اللٰه كانى حول فئة شكل ذا لو مجبور عشان وجي سخط ربك على هو مايصيبك,anger,70
2f379965cda164b7,منذ إنقلاب على عهد الله رسول بداية قرن وقع السيبة زوكو صهيوني دولي كما وقع قرن تركيا إلى يومنا فساد سفيكة دم شعب عالم أراد قرد أو خنزير عباد خرا شيطان صهيوني إبادة حرر أمة أمريكا كما فعل بفرنسا هدف سخط عنة الله,anger,210
4c86fe90a23339ec,لاحو قوة اللٰه لهم هو برأ حولي قوة تدبيري هو قوتك تدبير هو إل هو عجز شيء هو شيء قدير يارب آتن خير دني نعيم آخر بدل حال شقاء كتبة سرور ورضا عقب سخط,anger,146
90ffa2817a109824,نفسي بيد سأل ألا سخط الله غضب علي,anger,33
e297514b07712ed7,اللهم أسعد قلب قر عين كل تمنى أرض رضا سخط بعد وفق أمر هو جعل كل هو فرج كل ضيقة مخرج كل بلاء عافية لهم رزق سعادة زول وصحة تحول حقق حلم أملأ يوم رضا بركة طمأنينة أصرف,anger,164
cc60eb71e91a6362,النبي قال إن لببيدة ليتكلم بالكلمة منن رضوان لئهة تول ألقى هو بلاا ارراف لاه هٰذا درجات إن عبدا ليتكلم بالكلمة منن خطإ لئهة تعى ألق هو بلاا هوى هٰا جهنم,anger,152
f21614e1051fb570,إذن كرة دبا ملعب البوليزايو لي خرجات قبل يوم هدد إنسحاب مفاوضة ربما حمل سلاح ضدنا هاد أمر غتك عندو عاقبة خيمة تصنيف هو منظمة إرهابي مثل ترامب كولشي ممكن هاد أمر عيكون عندو أثر جزائر لي احتاضن هو تا سخط مجتمع دولي,anger,212
98812345aa067c70,حول قهوة اللٰه عالم أيش صاير هو لي غش زبينة ضاعة رديء بعدين ادعى على انتشر سمعة سيئ إنسان ذهب بركة هو نال سخط ربك,anger,113
40c8ce73ec9b3e84,عايزة أكتب هو هنا علن بس حقدر اللٰه حأك هو نفسي أقول سخط اللٰه إمارة,anger,68
1a23bd9b05e71853,سخط عام ابن عدن جنوب بعض تصريح حاول متطرف حزب إصلاح أخونجي علام هو نسبة إرهابي مدعو أمجد خالد إلى عدن تلميع قائد مقاومة جنوبي قال هو أن الارهابي دفع هو جزء أساسي إرهاب انتمى إلى عدن أهل هو,anger,188
54b6c7357897416b,النبي قال إن لببيدة ليتكلم بالكلمة منن رضوان لئهة تول ألقى هو بلاا ارراف لاه هٰذا درجات إن عبدا ليتكلم بالكلمة منن خطإ لئهة تعى ألق هو بلاا هوى هٰا جهنم,anger,152
6e12affddb800a9f,إذا هذي مشكلة توقع أن إنسان مثلك انا عيلة أقربي إنسان كشف تزين إنسان غطى تستر مسألة حرية شخصية بس ظاهر انتو عندكم حرية خلع حياء سخط رب أو بلاش,anger,142
c72208877055d161,الي أعجب أن مابا ماكر قرار شاف سخط قراء المانجا فاهم عمل عرف غلط هو غير مخرج طول جاب مخرج كفؤ هذي مهمة وزي ماقلت اكتفى كان مجرد ديل بل أعاد صياغة شيء خص إنتاج طلع هو نتيجة تاريخي,anger,178
2ed2d78f35aed4df,توصل قسد اتفاق قوة صندود ريف حسكة عقب توتر داخلي إثر مداهمة ضد ابن عائلة الهليل قرية كرهوك قضى إعادة سيارة سلاح مصادرة تنسيق مسبق قبل إجراء أمني داخل منطقة صندود تشديد منع تكرار تجاوز وسط سخط شعبي متزايد,anger,203
6dacba025a753357,أضح ندم حسرة سخط ماما فرنسا الكراغلة هو طبع هو عقل هو سينف,anger,58
971b535a6944c211,سخط الله مغرب استفادة,anger,21
7ea27b534266bc97,سخط بشرية هو,anger,12
160a30ed63857870,رسول الله صلى الله على سلم كى أمة آخر زمان راجالي أو خررج راجالي من أمة آخر زمان هو أسوية أن هو ذنبي بقرة غغد خاطط لها اروأح غاضب يا طبيق دم بريء رقبة الله اجتمع خصم,anger,165
c9291ea46e18d92c,تصريح ناري المناظل ابو نواف بدا أن وراء أكيم سخط شعبي كبير ضد إنقتالي,anger,69
5aa9b2480683cb23,وش سو سودان هو شعب طيب أمين حول قوة إلا اللٰه خافو سخط اللٰه هو,anger,63
c13efa3fb88de0cf,لهم أجزى الدي خير جزاء رضا هو رضا سخط بعده,anger,42
37c14552bd229d92,لهم يوم جمعة هو أسأل سلام مابعد كدر ورض مابع سخط فرحة مابعد حزن,anger,63
810f6225d71d8684,نفسي احتاج تبنيد لأن ممكن أبد سخط عالبشرية,anger,42
ccff63a2843bd033,رضا تام لو أن يوم سار كما أحب أو كما اشتهى أو كما انبغى على هو كان ككن هو وحيث كان هنا جلس برض نتابني سخط جزعة,anger,110
bb9a63c214140340,رسول صلى الله على سلم إن لببيدة ليتكلم بالكلمة منن ساخط لها لق هٰٰا بلاا اههوى بهة في جهنم,anger,90
5a41aa89533d7347,لبائسا قدام هو أنفسهم بضاعة الكاسدة والصفقة خاسر سخط الله سخط سخط شيء خلود دائم عذاب عظيم ظلمة هو نفس هو قدم هو نزل غير كريم ظلم نفس هو فوت هو نعيم مقيم,anger,152
5ef8c1940b67e864,لهم حاسب هو عدل رحمة أمر خالق سوى شي الي أباه قله أدب خالق مثل نبي رجل تكلم كلمة سخط الله ألقى هو بال هوى هو النارأبعد مشرق مغرب رجل تكلم كلمة رضوان الله ألقى لهبال رفع الله بهادرجات,anger,182
04bd84fee7f2419c,اللهم أرزق إيمان ريب رزق جحد قلب قسوة صحة سقم هو رضوان سخط,anger,58
dffd1f301984ca34,يا طيف يا لطيف يا لطيف ألطف هو هو خفي عنى قدرة لهم هو أسأل سلام بعد كدر رضى بعد سخط فرح بعد حزن لهم أملأ قلبي كل خير لي لهم جعل طريقي مسهل ييم قادم أفضل سابقة هو,anger,161
5656a8d95affe45f,انتقام سخط,anger,10
ca31d883189a4bc3,اللهم ارض عنا رضا عقب سخط أمنح هو رحمة اطمأن قلب استنار روح,anger,59
3bcad1092e35b79a,اللهم اجعلني خطوة هو أسير بنر هو أستنير أجعلني اتبع هو إحسان كما اتبع هو سابق إحسان لهم كما رضى هو أرض عنى أرب رضح سخط بعده,anger,123
14384c24c6d64364,عس عبد دينار تعس عبد الدرهم أعطى رضي يعط سخط تعس انتكس صدق رسول الله صلى الله على وسلم,anger,86
530114c7c988bccd,كانن هو رسول ذبوا حجج الله أدلى كان خاسر خط اللٰه على هو نال عقاب,anger,65
34d38ffb054287f4,النبي قال إن لببيدة ليتكلم بالكلمة منن رضوان لئهة تول ألقى هو بلاا ارراف لاه هٰذا درجات إن عبدا ليتكلم بالكلمة منن خطإ لئهة تعى ألق هو بلاا هوى هو جهنم رواه البخاري,anger,164
6b227d74fff26988,يا مرحبا يا عبدالل جمهور نادي كبير رحم أبد لو أضاع هجمة مباراة مهم طريقة استعراضي متأكد جمهور أكل أكل توتر اندمر انتقاد بداية أجمل سخط نهاية توفيق أبو الشامات ملكي عيدا ماطياز حمار,anger,180
47c44a1af663fc4c,اللهم اجعلنا أقرب عباد هو إلى كرم هو نور وجهك جعل هو ممن شمل هو رحمة عمة هو مغفرة رضى هو رضا سخط بعد,anger,100
cd0c5a65ef6bd0e6,حقيقة أن مصدر سخط شميط رجل خالق هو نظر هو أحد هو امرأة وعش خيالة هو مكذوب الابخر الذي تحرش تلك الدميمة,anger,102
b3ec94991ac9c305,كلهم بيهاجموه كمية سخط كبير على لأن دايم تكلم منطق,anger,50
86cdd3c31c9ae57b,رضا تام لو أن يوم سار كما أحب أو كما اشتهى أو كما انبغى على هو كان ككن هو وحيث كان هنا جلس برض نتابني سخط جزعة,anger,110
e8b7737d3a82a66e,عظم جزاء عظم بلاء الله أحب قوم ابتلا هو رضى فل راضي سخط فل سخط راوي أنس بن مالك المحدث الألباني مصدر صحيح الترمذي,anger,113
09e89c26978e7710,سخط ماهو شرق أوسطي حدث آن,anger,25
7469acf8dc245593,بل مختصر حكومة هو حرامية شعب مصر بل شارع عايشين باع نص مصر سا جايكم سخط الله بجيشه,anger,82
0417c486554b06ee,إذا موضوع حقيقي مستحيل ظل سر لأن واضح سخط كبير إسبانيا منذ ساعة تسليم يماك مشروع الكامب نو زلت اعتقد أن برشلونة كان هو إدارة جديد صيف قادم,anger,138
f82613b5fa743aa8,قالن هو هٰكذا دون خطام زمام مواربة رضي رضي سخط سخط هو اللٰه إنا إلى راجع آجرنا الله مصاب هو,anger,91
bdfc3dfa5ed7027c,حرق وجهة وايدي سخط خيم مات فقع,anger,30
884fd40939395feb,حال سخط عام علي خلفي افتتاح متحف ست تقليل شأن متحف ككن صحوه كري ثقافي زياد وعي مصري معنى هو عد جدى نفع مسكن الوهميه شعب,anger,119
365af9e820103246,سخط الله وجه,anger,12
4fc2e08c8ed24cd1,قضاء يا استاذ نصر الدين فساد إف دمر بلد عمل سخط شعب قضاء قضاء,anger,61
af708082d568661a,يوم هو وريت فيديو حدة جنبي هوب أطلع اللي بعد سخط,anger,48
b50b3882ab1897e5,إخلاق سخط,anger,9
f5e532a70f3d3079,اللهم أغفر قلبي أسى لسان هو سخط نفسي أن ضاق لهم غفر ضعفي قلة صبري يارب لهم بدل إقداري أجمل هو القادر عجز شيء يارب حدك طاب خاطرة هو هو تتحقق أمنية يارب استودع أمر خاطري حقق هو لي,anger,177
62fe1d036fedaff6,حالة القصيمي احتاج دراسة نفسي اجتماعي تحولات فكر ضحلة غاية غير متناسق أشبه حالة سخط واقع دني مجتمع ذٰذل هو اهتم أحد نقض هو أو نقد هو أو تعليق على هو,anger,148
1c88c7ee0ce2c2a6,اختي قبيل مخزن هيا تلمسان ادرار بشار القنادسة هران تيندوف هو عانى تهميش عزلة جزائر أن هو مغاربة هاد سبب سخط نضام عسكر المخزن,anger,124
8dd168e7405c685a,تموقع مصاحب خطة حرب اقتصادي تبع هو تنظيم أخطر ليس عتاد هجمة مباشر قوط أماكو ليس ضرورة سقوط عسكري بل ممكن كان انهيار داخلي تبع انقلاب عسكري أو سخط شعبي سقط نظام,anger,159
e9f885721ea86863,أسأل الله عظيم رب عرش عظيم شفى عافى قام سلام هٰذا دني دار بلاء اختبار مرض سجن حاجه هو ابتلاء الله العباد رضي فل رضا سخط فل سخط حمدل حال لهم أغفر لي مؤمن مؤمنة حي هو موت يارب عالم,anger,178
c2457d046abdcb27,أعظم عقوبة إنسان قسوة قلب نزع رحم هو علام سخط غضب اللٰه عليهم,anger,61
4dce7af946ef29fb,لهم رزق هو إيمان ريب رزق جحد رضوان سخط صحة سقم هو,anger,49
ccd1ad72421114e1,اللهم عنى أنزل على سخط جندي دعم,anger,31
ecd8fae7fe33fff3,الدنيام جبول نقص هو مفتح عيونكم سوشال ميدياف اللٰه لذة شوق حب زوجة جديد مخكم مليءبصور نساء رسولاللهصلى هو هو مؤمن مؤمن أن سخط منهاخلقارضي منهااخ أي أيبغض حياة كملهار تقارن بنت سوق بنت محترم,anger,189
ea33abdfe83ce332,رضي فل رضى سخط فل سخط,anger,21
51dcc313ff6eb853,ياتونس مذا فعل نفس هل سخط نزل عليك,anger,34
f66fb64cbbe28bbf,آن سخط على هو ابوكم فرنسا شوفو أبوكم عثماني أو إسباني,anger,53
bbcfe59ae1fb3974,رسول الله صلى الله على سلم أرد الله خير أصب أنس رضي الله رسول اللٰه صلى الله على سلم إن عاظم جزيزة عظم بلاءة إن لها أحب قوم ابتل هو من رضى فل رائضة من سخط فل ساخطة,anger,163
7760cb960e420141,أن شاءالل سقط عليكي سخط ربنا يا بنت زنوه هو دفعى عشان حكى زي هيك يا مرتزقه,anger,74
08ce5aa82c17203c,إمام الجواد ضرك سخط رضا الجور ميزان حكمة,anger,40
18565934cc90d3cd,أعرف كيف أحب نفس أمكن أضعف ذات تسبب سخط أثر سعادة شخصي,anger,54
9642b8820d54194f,منسي محروم تكنن قلب هو ذرة رحم سينالوا سخط اللٰه عذاب أليم رد ماذا طاب عمر هو عذب هو عذاب شديد الفقير الله,anger,106
301644fab7da782f,مشكلة راعي الموالح جماعة نقلول صورة غلط وعاد هوه طول عصب وزاد سخط جمهور ضد جالية الهندية تغريدة دون تبين رغم عرف دين حافظ الايه كريم إذا جاءم فاسق نبأ فتب صدق الله عظيم,anger,168
4e6e6eded06d02aa,عليك سخط اللٰه يا وقح إذا عادك أيد مجرم حقير منحط سفيح,anger,54
e6535c9865aa35fe,مش شيء نفع مشاركة هو عام السوشيال ميديا دة مش سلامة حدك سلامة إنسان ذٰلك وقت هو ممكن اختبر هو فكر هو أسى سخط غضب أو فكر عزز عندك ميل سلوكي تدميري ذات أو فكر مظلم وقت دي أكتب فكر ورق شارك هو شخص آمن,anger,197
fcdbbe5f37989711,كلام عظيم إصلاح كبير فئة كبير مجتمع إنسان هنا متعرف هو حاجة نفسي إنسان الذي معترض أفهم هو هو استثناء مصر أن كتير اوي بيت كان هو ستة مطالبة عدم قيام هو بي عرض هو سخط كبير اوي الله كان عون الستات الذي عاش حقيقي,anger,208
bb0b9de0bae5afce,رضي الله أرض علي سلام أمير برر قتيل فجرة الخوارج على هو سخط الله,anger,64
0879a051efbb7f32,تأخير تعامل قضية اجتماعي ضعف معتقد إنسان حكومة مما تسبب سخط مجتمع,anger,65
4e77be2cb51cfe2f,عس عبدالدر هو عبد دينار عبد الخميصة القطيفة أن اعطي رضي يعط سخط تعس انتكس شيك لا انتقش,anger,86
1f897d01f79dae0e,سخط الله سعودي عرب خليج وايران,anger,30
e3b3f427bbeb8938,من التمس رضى لئهة بسخط نئسة رضى الله عنة أرى ناسي عنة من ألمميس رض نئسة باسخط لئهة خطط لئه عل أسس على إنسان,anger,107
9201106a3bf6d2d2,أرب انزل سخط غضبك يارب جبرائيل ميكاىيل سرافيل يا واحد يا احد يا فرد أصمد,anger,72
33e5346d4ec9fe61,ماذا فرد ضعو طلب هو سفارة موريتانيا نسى أن اصلك ثكني علاقة لك هٰذا قضية تناسى فعل أراد هو تدافع صفى هو أك اللي سخط عليك,anger,119
77bf3612bf40c0d7,ثورة المضرطة قام اجل دني تملك فخابو سخط اللٰه هو,anger,48
719e27490052e207,اللهم جعل حاجز دعائي استجابة أجبرني جبر لاق عظمة هو هو شدد إلى رحالي فيارب اصلحني أصلح حالي لهم أغفر قلبي أسى لسان هو سخط نفسي ضاق لهم أغفر ضعفي وقلة صبري لهم هو يوم فضيلة تخرج هو مجبور قلب الخاطر,anger,196
85e973acc4182d55,سخط,anger,3
3098ce3559bdcdde,اللهم أرزق وسع فضلك أغمر قلوبنا سكينة أرضى عنا رضا سخط,anger,54
2631304e53f03cac,سخط جدى,anger,7
8c371f78f5e19414,هو لد عم حمار عرف طبايع زين مشى إلا جلد تعزير هٰذا باعد سخط اللٰه قوم ثمود سخط على هو ضرب هو حذاء قام ألساع يا زينبي يا شروكي أقذر,anger,130
339775e5e132b479,تبا امة خانع خاضع ليس هو أي وزن أو قيمة أي حدث عالمي حق على هو سخط الرحمن بعد موقف هو الركيك اتجاه فلسطين سودان غير هو دولة عربي إسلامي,anger,135
0c81cb96ac778881,شاهد سخط كبير أنصار شبيبة الساورة حكم بعد نهاية مباراة يوم أمام شبيبة قبيلة,anger,75
52c16eec5ad822c6,كيما مامى هو فرنسا عطات أرض لي هو غاتر هو دبا أمر واحد هو جزائر ركع أن هو سخط أم صعب,anger,84
528136ad3e38171d,حياة تحدث هو حدث ألم هو سائل علاج ألم تقبل قاوم فعل فسيرتفع ثم انخفض قاوم ألم رفض أنكر اتهم نفس ظل مقموع مختبئ ظهر حين آخر هنا بدد معاناة حدث حدث قبل قبل ألم حزن ندم,sadness,165
a90a44e88e22679a,ماهو علاقة صداع جيب الأنفية ضل طبق وانشروه,sadness,42
1cf680c3b5660ea3,أقرأ بقرة أخذ هو بركة ترك هو حسرة استطاع هو بطلة سحرة إليكم سورة بقرة ١٢ صفحة فقط,sadness,81
3701cfea2e04cb1d,زلت استوعب كيف كان إنسان ملتزم تجاه آخر حذافير لطف اتقاء شر إيذاء قلب ككن نجا خيبة أو إيذاء أو حسرة,sadness,99
466cbb54b2c9d1f6,حسرة ساكن أعماقي تذوب وقت هدأ حديث,sadness,34
c18eb6577ed9bf85,حسسارة,sadness,6
33c986bef2f71971,حسسرية,sadness,6
8bd4316d73de5b20,حول قوة اللٰه ألعى عظيم يا حسرة قلبي يا وجع قلبي علي يا آسيا حسبي اللٰه نعم وكيل حسبي الله نعم وكيل آسيا خليفة مراسل حربي فرقة سادس ماشي احتسب هو شهيدة إذن الله تعالى ربنا ربط قلوبنا جميع ظل حدث,sadness,194
7513eeac719bf602,أرتق نفسى حسر مغدر أسفا راحل حزن كاذب,sadness,37
a3eb15825abec2e4,ارتقى نفسي كثير حيث حسرة مغدر أسف راحل حزن كاذب تفكير منافق,sadness,59
53bec6a061a18d5c,زلت استوعب كيف كان إنسان ملتزم تجاه آخر حذافير لطف اتقاء شراة إيذاء قلب كن هو نجا خيبة أو إيذاء أو حسرة,sadness,103
a008f18163bef159,قال محمود درويش أرتقيت نفسي كثير لا حسارة مغادر أسفا راحل حزن كاذب تفكير منافق,sadness,78
b3d646e77265bdb2,زلت استوعب كيف كان إنسان ملتزم تجاه آخر حذافير لطف اتقاء شراة إيذاء قلب كن هو نجا خيبة أو إيذاء أو حسرة,sadness,103
282ab574ea4520d6,إن الذين كفار انففق أموالهم ليصدوا عن سبيلا لئهة سيننفققاق ثم تكون عليهم حسسيرة ثم غلب,sadness,86
0874ee1ba096313e,يا حسرة على العباد,sadness,18
b6718ac789b58043,أكثر إنسان حسرة مستهزئ حق فرحة قصير ولي هو ندم طويل يا حسرة العباد أتى هو رسول كان استهزئ,sadness,89
094533d36d6140ed,وضع حسرة حسرة,sadness,13
37c58c4e7f0a57c9,بعيني حسرة ود هو بس نظر,sadness,23
dfeda773418eb94c,حسرة إستوني فريه,sadness,16
8e8f562692d4cc89,تأمل وجهك اتخى حسرة أمك علي,sadness,27
6861a28b2ff39903,أشق عرض مرء رقاد ليل سطع منام طيف محبوب غاب أغشاه باشر ذهب بلب حسب أن وصال عاد بعد انقطاع الليالي جاد على بخل فترة زمن استيقظ نوم انقلب حلم حسرة صحو أشد على منام,sadness,161
47ffade8ddf52a4e,يا حسرة جزائري متزوج هو دوري ودارت,sadness,34
77b782be33eab046,اقرؤا سورة بقرة يومي أخذ هو بركة ترك هو حسرة سوف عمل تنظيف نفس بدن هو وغم حسرة تاج ذكر استغفار هو سوف عاش نعيم وراحة تعهد هو قبل حمدلل,sadness,134
c18a95985c9e40af,يا حسرة زواج,sadness,12
Built on Seedream 4.0,تمنى لو ماكى تسلل خلي هو أحس ظلم شوف حسرة رونالدو هدف ضربة ماسكيرانو ظهر,sadness,72
bf87d7dd508080d1,أبخ هو أخد قلبي وحنيتي يا ألف حسرة الذي خسرني,sadness,45
8c0b4445498a0c8d,أسمع ياعالم ياناس سياسي عراقي حاول تخفيض سعر بيرة إنسان انتخب هو شعب عراقي حسرة على كيلو لحم حسرة علي عمل عملية مستشفى عراق التهب غلاء سياسي أردى رخص بيرة اللٰه درك ياعراق,sadness,171
L'héritage est le fruit de la tempérance,حسرة قلب رهيف,sadness,13
66b00740826a7462,إف إف يا حسرة,sadness,13
38fff9c203c182c8,يا حسرة على هو,sadness,14
cc093753d08f1380,حسرة على هو قال كلمة نفى هو غلط,sadness,31
70f666bfdab70d38,أكسر وجود كأن ركض أجل تحول يوم مشهد إلى سراب أثر واضح خطواتي حاول ليس لي حسرة ندب عالق عمق قلبي,sadness,95
dd283302208220d4,الله جعل هو حسرة دايم أخذ حق هلال هو الله جعل نوى هلال سوء رجع ضعف هو,sadness,69
c198dc59d5aba23f,فيا عزة المهدى يا حسرة المهدي,sadness,29
2c413d65a6eca1ae,حسرة نزيم هو,sadness,12
a7daa27227bb8788,يوم ال مالتي حسر حسره,sadness,21
4ea498a1bf7fa5c9,حسرة قلب خسارة طلاق مجرد قطعة ورق,sadness,33
5ec669bec8852fd9,حسر عليا ختى متجوز قاعد جوز هو خاطب قاعد خطيبة هو قاعد ستي أم امي شوة هو تسألني هو بنت ميين حد يناولني حجر طوب هو على وشي هو,sadness,124
cd0ca6b663f0e979,حسرة جالينو بعد تعثر,sadness,20
0b7d37188b0bba62,منزل أربعة منشور خرط مدري زر بي هو جل احترامي هو قارئ عقلك أقراه خلي هو حسرة كلبك أدرى بيك أراد واحد أراح بس هو ادور گحاا,sadness,121
147d07d75b56ecab,أقسم اللٰه حسرة وخذلان,sadness,22
cf50ef6bbcf8809f,صحفي تافه طبع انفعال فيني ركز اهتمام رد فعل ليس فعل نفس,anger,55
3aa83c2640c230c5,لحظة انفعال واحد كفيل ظهر غضب حظة السكوت هدوء خارجي الكداب وجهة نظري حظة واحد دشم حاجه قال على عصبي بقى,anger,103
1a63912f91706b9c,احنا بدون انفعال تفكير لٰك على شحال بانفعال,anger,43
024e36dadac29845,أحذر تقرر قرار هو حالة انفعال حزن فرح انفعال حجب تفكير سليم,anger,59
98c5cd39da1a44f2,الذي كذب راح نار انفعال مدرب هلال تدخل كوليبالي أن عرف تمام معرفة تدخل ستوج طرد كان صادق ماذا قل أن انفعال مدرب قبل أن اتخذ حكم قرارة قبل شاهد هو حاول صنع إثارة فقط,anger,164
b52b0919c0099e58,انفعال طبيعي شاهد ملعب عالم مدرب حول عالم شفى سبيل ذكر حصر سيميوني غوارديولا لويس انريكي جيسوس المقلب كانافارو يوم متدرب النصر حاول إظهار جانب حماسة انفعال رغم جنب تدريب ظاهر خلف حساب غباء أصفر,anger,193
66f4bd9ea1cbb8b0,قرار كبير اتخذ حظة انفعال بل وقت هدوء تام,anger,41
f67e41b3a95883e6,أولوية موضوع أولوية بس أدرك هٰذا جمل انفعال داخل هدى عتب محشور حلق بيتبخر,anger,73
74634e80793d03b1,لقطة هذي اللٰه ماني هو اتذكر انفعال جمهور زين واضح ناقل تلفزيوني أن ماني حال بزر برازيلي رأي آخر مشكلة شأيف ماني طلب الكورة بعد,anger,127
4ca4a3b892541f9f,أدرى ذٰلك الله سامح حبذ لو حذف هو عل انفعال لحم,anger,47
db0004d3efbd14e0,مشهور مطلق أمس شارك نساء السعيدات نتيجة فعل رجل فعل تزوج الله وفق هو حرض بنت رجل محتوى هو سب انفعال رجل تغريد هو قديم,anger,117
7fa889005ce3efb6,شاءالل حكم ناديك نشوف شجاعة هل قدر صيطر أنفعال منتهي طرد,anger,56
092ef1076168bcec,مو انفعال لٰكن هو عاجبك مدرب لي اتحاد ماصبر مدرب هو لي هلال ذٰلك هو محقق طولة هو إلى متى نشوف فكر إهلاوي عقيم ذا الي مامن فايد نصبر شو متى أصبر مدرب ماراح نفع معاك حقق طولة دعاء جمهور حماس اعبان اللٰه ماحولك مدرب,anger,212
193b2cdc4a33d687,نفيز ناقش حكم هدوء دون إنفعال منح كرت أصفر رنالدو اعترض أغضب رفع صوة يد تم كلمة حكم أمام ابتسم أو صد دون أن منح الكروت ماذا تفرقة تفاوت حكم محلي أجنبي تطبيق قانون,anger,162
59634a489aadc260,ابي اوصل شعوري تجاه شي الي فعل ضايقني ماني عارف أن هو مب رأضي استوعب صدق زعل مب تهاويل انفعال,anger,93
373c01739182ee1a,ركز موضوع انفعال شب نسية حركة بنت هذي مفروض صاحب كشك أعطى هو مشى هو رجع تمسك صف,anger,79
2aa293015c650a82,انفعال انزاغي طاقة صفير,anger,23
e118ead847311891,انفعال انزاغي,anger,13
3133515d1c8269df,وش صار على هو هو لحد آن طالب والا خلاص وقت انفعال,anger,49
cbc799c9df15ba69,حد تصرف نرجسي انتبه انخرط معاهم هٰذا عبارة عكس دافع نفس هو بثق بدون انفعال خليكم أردى مرة لو كلام مستفز تصرف هو هو قتل هو عشرة مرة,anger,130
cad1e7de7d166691,حظ انفعال عاطفي ليس نأمل تعلم حظة عاطف شديد ألزم صمت أفضل حتي أن شأ حصل غيرة ليس نهاي عالم,anger,90
fecebd27834ae08d,مافي شيء استاهل انفعال عصب قدر تغير شيء حياة أحسن اهتم نفس هو حياة هو ططزز,anger,74
1b47c2c7bee9bb44,نعم كلامك صحيح وجهة نظر احترم رأي فسد ود قضي جيل جديد بحث معلوم جود عموو جوجل وجيل السوشيال ميدا عرف ثقافة محصور الوتس آب التكتك إشياء آخر انفعال هال سرحان مبالغ جيل مصر نفس هو عرف مين هال سرحان خاص حديث منهم,anger,208
3727edb8e7ffad0f,حقيقة علم انو كيان قح أمعن إذلال هو شاشة دون خجل أو خائف أي انفعال دولي,anger,71
f00be7e9c00a175b,تمنى بدون انفعال اهدي,anger,21
f99682a31baabdc0,أثبت يوم أن كلام ليس انفعال بل حقيقة,anger,36
b43485da679aa668,اتفق عموم وصل إحساس دون مجهود بس بدور أورهان زم كان أكثر إنفعال تحسين بنية جسدي أقل رجع نفس قبل قبل نحف بزيادة,anger,110
d6de4c2928a97ff5,كلام نابع عي سيادي مش انفعال,anger,28
2befba51be0f3e8e,لكبار سن رحلة دني وهب هو قرارة وازى هشاشة هو ضعفنا رغم هو رصانة وازى تخبط هو هٰذا صمود نتيجة هو دني حقيقة هو هو زمان ماض حال نائبة شيء بات استحث بعض هو انفعال صارخ,anger,163
b304df994a065b21,وقت تعجب عنى انفعال كتابة لأن ماحب الايموجي,anger,43
6a57c4180a007c19,ترة مجلس مرتضى منصور كنت أفرج الزمالك أنا مهموم شاسل هو انفعال قرار عفوي غبي هيطلع زمال حسين بيب كرهني شيء الفرجو مصحوب هو دي مبقتش عايز هو خالص واحد شافل حاجة أفاد أضاع هو عمر بجد مش عارف فريق حله انا تعب نفسي فعل,anger,214
f45f970a3a6a167a,عاد هيشتري هو انفعال يورتشيش عقب إلغاء هدف بيراميدز ثاني ضد تأمين أثيوبي دوري بطل إفريقيا,anger,89
dde75f7b9f6b48ec,دكتور قالي مش عاوزين انفعال عرض علية نتيجة تحليل قالي نتيجة قمت اتناقشت بصت عالي عروقي رسم لوحة فني شي,anger,102
431e098af1c866fb,فشل إشتراكية دفع اليوغسلاف روسي نحو انفعال شوفوني ديني آن نفور خوف أوروبا أمريكا مهاجر عبر حد هو صنع هو حرب دفع كثير أوربي غربي إلى غضب عنصري اختفى تحت عباءة دفاع مسيحي,anger,168
94cd727d770ca625,فيوزي سليم تمام هو هنا رد منطق ودىن انفعال الذي خلك ظان هو انقطع سؤال سابق ضح هو أجابة وضوح,anger,91
f055ae4c83bba988,اللي ملاحظة انفعال بوقت مثل ضغط عمل ماعن هو أي طر رد فعل موقف أيضا شبي هو أحظ فجر خصم شخص هو عموم ماصار مريخ ضعيف عبث,anger,117
028c0763eef44db5,نص كان ذكي كان مجرد انفعال,anger,26
23dfb9810e2fa38a,قعى طقم سنان كمل عادي التليفون دون انفعال ين ده,anger,47
940a17d0f8447a0d,انفعال وليد صلاح الدين عبد القادر حكم بعد تعادل أهلي,anger,52
c9aa4bd3c97db815,معقول انفعال كانتي إثر فهد سندي,anger,31
579694a74cec4acf,سبب انفعال جمهور حارس اتحاد الذي استفاز هو وجب أن قال حق لو على نفسك,anger,68
71dac8d5e115430b,شدة انفعال راح تقدم سن كثر موقف كثر خبطة دماغ سار عندك برود ورود فعل هادي أكثر قبل هو كان كذا,anger,93
16ee78db8a53c810,انفعال بسيط خصوص كريبتا دائم كلام موزون حب كبير تكلم كذا,anger,56
e925e8ccf4fac812,سبب انفعال رايكوفيتش أمس رمي جمهور النصر علب ماء علي,anger,52
23a27996e2e47660,لحظة شيء حبيب هو سند الداش كام ضبط انفعال شخص لو لاحظ أغلب الي حصل هو موقف أسلوب إخلاق واحترام,anger,94
0297ae59bf611589,انفعال عبدالإل العمري بعد خسارة النصر أمام اتحاد شعل جدل جمهور ملعب,anger,67
a6e7736b91fe08c9,أيضا ممكن خطأ واحد كلف سمعة حياة هو مثل حظة انفعال وجي واحد كرسي أضاع على سمعة جان عيالي بعد سنة شاف هو تاريخي,anger,110
b0b85527d6ded563,كيف تاثير كرستيانو حكم شاهد خوف حكم انفعال الشايب صحيح استحق كرت بس غير مقصود قبل ساديو ماني عثى أنديه هو بكل مباراة حكم بعد خمسة فاولات أكواع كسر مفاصل عطى كرت اصفر وحاء آن الاعب اتحادي طول شهر كرت الاحمر يال حكم مزروع هو,anger,222
cdc83ed0dcb74e12,لحظة إنفعال صار كتيير,anger,21
d7df102324627fec,لو انا مكان سمير عثمان واحد رفع صوة هٰذا شكل فسخ عقد ثاني يوم إلا إذا مسرحية متفق على هو لأن اسم برنامج اكشن انا استحى ليد كلم عثمان سمير شكل شوية احترام قدر استفسر دون صراخ سمير واضح على تغير ملامح وجه بعد انفعال ليد,anger,217
f083aa7c6d4496bf,عجب هو الطريس وثق انفعال كانتي رجع رميه تماس,anger,44
ee2f4133f5c8fcc0,أسلوب الي ظاهر مب أسلوب شخص مستحي فعل أحد اثنان فعل ردة فعل وانا هو والد مافي هو فعل رده فعل فعل عدم انفعال احترام سالفة الي راح رد على هو متمشكل هذي سوى هو صديقة ابوك مهما عصب على ماتخل كذا,anger,190
4fb5df1f208b8353,لحظة طرد حربوش وسط انفعال أعب شب,anger,32
b82413e6481827c6,أصل انفعال طبيعي كلمة إغادر فريق قصد الدكة طلب مساعد بقاء فريق الدكة ربع هو ماشال ترجمة هو ابو كلب,anger,98
1606f2d84fdf21a4,لأن دعوة قاعدة تتحقق تمنى كانى أقل انفعال جيك بعد هو الذي سبب هو انفعال عشان تعلم تعود وقت واجه شيء صعب حتتطوري أكثر,anger,116
44b04ff89c562029,أول شوفت قرار فضل ساكتة شويه اللى محدش عارف خير ين بعد شوة هو انهار سبب رد فعل وردة انفعال غضب زمايلى,anger,101
d26829688df39b4b,اجل نتيجة حظة إنفعال قتى إنسان وانت تأدب,anger,40
95f1cf8249aded1c,أنتى اتنان آن تسبب إساءة أم تعليق سيط انفعال شتيمة كلام جارح وصل حد قذف دون قصد هو تمالك هو شوية عنى موضوع دايو غلط أتى غلط شخص هو عرف عرف تفكير أسلوب قارن نفس بي هو حظر جلي انتبه,anger,179
62f00787cbf432f7,انفعال وانت فائز دليل هارك يا,anger,29
e2645404fcd4a6c1,إنفعال وقت ضحك على هو مشاء هو,anger,29
5321d37dd592cb37,رؤية عميق عبر ثابتة أردن مكانة راسخة دفاع حق دون انجرار أو انفعال موقف كتب بماء حكمة,anger,84
1798cbeee209aaae,راجع لي حب التويتر إلى متلاشي أحب مساحة الي أعطى إيا هو تعبير هنا أرتجل كلام دون أهتمام حكم أو رأي أو مبلغة كلامي الي قلت بغض نظر لو سبب را كلام موقف أو رأي أو هرمون أو لحظة انفعال اندفاع أو لو مجرد هبد أو كلام عابر هنا مساحتة تفريع,anger,232
213e702483f5386c,انفعال فيني أثر فريق وجب على تحويل طاقة حافز لعب روح جماعي تحكم عاطفة مفتاح نجاح أرض ملعب خصوص مباراة غير محسوم,anger,111
82f43822814b31c3,انفعال هو فائز,anger,14
4e43bbe87ce8ef91,اعتذر عماورد تغريدتي سابق أعقب مواجهة اتحاد هلال أحتت عبارة غير مقبول نتيجة حظة إنفعال قتي راجي جميع قبول إعتذاري إحترامي تقديري جميع نادي سعودي منسوب هو,anger,153
31fa870661ceaa78,جزاك الله خير حظة إنفعال اللٰه قهر اللٰه لي حول شهر نص ماسك سان لعن طبعي بس ازل,anger,79
2ae57f1fdb4e56cb,انفعال وانت فايز لو خسر تقول ككن مالك إلا وطي,anger,45
fcedf8f76dca9c81,إعاد انفعل انفعال وقت,anger,21
9e93fa4e9946320a,كان حظة انفعال قتي أبد لأن فريقك فايز مباراة أرجع أغلب تغريدات الريتويت صفحة اكتشف أن همز اللمز السخرية ديدن خط ارتضى نفس هو غفر اللٰه لٰك يا سعود هٰكذا ورد الإبل الدنيا فانية على هو على هو ياصديقي تحمل نفس أثم أجل عبة,anger,218
b20061bb02b0ddc6,اللٰه مايق هو إنسان كرامة أيقو انفعال غير مقبول,anger,47
92fb4b415e199023,انفعال كبير فينيسيوس بعد استبدال,anger,32
668f60211f9af974,تناقض كيف لحظة انفعال قتي فريق فايز مباراة هراء قبل اعتذار مفروض عاقب كلام قذر أمكن صدر كبير سن هدى الله أبعد مجال رياضي منطوق رياضي,anger,132
91495ad8a7b93ccd,شلون حظة انفعال فرحان فوز,anger,25
e1f28e778ace03c5,ألونسو علق انفعال فينيسيوس قرار الكلاسيكو,anger,41
8e84d369ece25492,تخلي اتخذ قرار مصير حياة هو حظة انفعال أو حظة روقان زياد انشبك بلاوي موت قلبك ترجك أسوأ إحوالك ضاع لٰك قرآن قلب يديك تأخر صلة لو أخر صلاة فصدقني تخلك أصلى هو دون أي خشوع هو استلاذ إية دبر هو,anger,190
ea14107967745365,أخطى واحد نشر قذارة إذا اندعس كنت حظة انفعال أخى كان منفعل ابتعد سائل تواصل هو تجيب عيد,anger,87
8dede196c11a832b,طيب عندي معلومة علشان جميع استفاد إذ حالة متوتر مهما كان علاج لن استفاد شيء إذ بغى تناول علاج كان حالة طبيعي عنى أعطى تهدئة جميع وظيفة جسم إنسان هذي نقطة مهمة بطب إذ حالة غير طبيعي انفعال قلق ماشب علاج أعطى فائدة,anger,212
49befb774b0c25f8,لحظة انفعال,anger,11
69fd18d968a392f8,هو معاك تبديل غلط بس اتدر شنو براس مو ضد انفعال فيني بس مو قدام كاميرة,anger,70
56e17278f61fde48,يا برود مطفيني يا انفعال خانقني,anger,31
4dfe2bbdcab34834,ليس نتيجة حظة انفعال بل خلق هو وتربيتك,anger,38
e6154cd4f4a643cc,فرحة هو انفعال عيبة هو نهاي مبار تبين لك حرمان الي صار موسم ماضي,anger,64
92527765b559a34a,اضطراب نفسي عارف أن تطلع حركة مو محسوب غضب انفعال الذي استمر وش تبي حين تعاطف,anger,77
8defa93ba8298b47,ماعد أطاق أو احتمل محاولة افتعال مشكلة لست قادر قبل انفعال أو احتواء بعد آن ضجي خد تحدث هامش موقف بات استنزف سلامي داخلي استفاز غضب داخلي أثار رجفة يد,anger,150
ad8888dc815fbaec,مشعر غضب وجد صمت كبير تجاهل هٰذا علاقة لأن حين صم أن إذا رد عليكي حظة انفعال أخاف ندم فيسكت مد مايتهور,anger,102
725314f9cbc54414,أي وربي مرر قبل هو أسبوع لاحظ نفسي انفعل شي سويت حركة غبي لأنى منفعل سوى هل انفعال,anger,82
1abdf5b2ecaf1ccf,لأن غيرة حقيقي عرف بروتوكول انفعال صدق حين اختبر أمان,anger,53
0133216a4af0234d,أشوف حاول تماسك امور كثير تمسك نفس هو بداية جديد طاقة هو انفعال أبسط شيء صار ضغط هو مبلغ مادي رقم جيكم أو تسعة إشارة شك أن شخص تكلم عنكم طريقة سلبي نافق رغبة عرف وش مكانة هو حياة شخص رغبة شراء شيء غالي,anger,201
d223b586ff57ee29,خلى هو رفع هو بس بدون تهور انفعال تخلي أحد راجع شكوى هو إذا قدر انتظر كان بلغة واضح جد هادي,anger,91
fbb2e67fa3c50730,قال حظة سكونة داخلي أبلغ أنطق عاصفة انفعال النور احتاج صرير كي اخترق عتمة عظمة قاس حدة صوت بل بصفاء حضور كم خطئ ظن رفق تراجع أو هدوء ضعف متخفف ثوب حلم اللين حين صدر هو عميق أقصى شكل قوة,anger,185
7a5d286333d827a7,تعبير آخر انفعال عصبي دل يأس سياسي تغيير موقف مملكة عربي سعودي رغم ضغط كبير تم ممارسة هو أميركي تطبيع دون تحقيق شرط سعودي مرة تملص هو سعودي موقف زاد هو هيبة وقوة إبهارا حنكة سياسي ظهر هو,anger,186
cfd24a2876afab07,يوم عالمي فنان فن ليس إطار جدار لحن عزف لونا سكب لوحة فن حظة انفعال صادق نبضة قلب ترجم الحس كلمة حين تفتح عيك جمال رأى عالم كما لو لوحة رسم هو الله عناية مطلق تأمل تفصيل شيء فتكتشف,anger,180
3cb9a2756297d08d,انفعال قتى هٰذا فريقك فايز اجل لو خسران مفروض إدارة نادي قانوني تنازل قبل اعتذارك,anger,81
350540b1ec1bba38,رجل تحسب كلمة قبل قال هو اللي هبد علشان كورة قال انفعال بل خلق متأصل اعتذار هنا خائف محاسبة ليس شيمة,anger,100
49a4e44a3e3c8893,بلاش دعوة مرض حد دي صعب أوي لو مجرد إنفعال كروي,anger,47
8796565188a07628,تقول نفس هو انفعال حظي في لحظة انفعالي احنا زي فل,anger,49
b26e86e881bbb11d,شعرفك انفعال كتابي هو,anger,21
ae710099893754eb,انفعال كونتي ماهو مبرر ابد اللي أوتارو وش اسم عيادة الذي سوى هو زراعة,anger,69
a456684f019bda29,منفعلة اشي بس متى حق صار انفعال انحشر هاد ردك مشكلة كان مش أهم هو عين حكى اتقى ربك حكى اشي مو متأكد كلمة حكية هو انا صح مليون مي روح شوف هو أنسى حسن بافل شوف قطر مبارح أنسى التيم هون شوف هو شو حك بعد هو احكي عيب زلمة نشر حكي غلط,anger,228
e76e4ece9216b6ba,لماذا ناقش احد هدوء دون انفعال لقد امرنا الله أن جادل هو احسن لقد فعل رسول اللٰه أكثر بكثير,anger,91
157029dfe8c9b805,مافي مشكلة انفعال بونو كحرسة مدافع بعد تصدي خطر شي طبيعي حماس,anger,61
a2dc7b8f7f1bdd19,إمظاهرة ضدو انفعال تنديد طرابلس مدري كيف حسبي اللٰه نعم وكيل,anger,60
1b134f61c2336130,أجود نقد صدر معرفة خبرة جهل أو انفعال,anger,37
7003c477942d5af4,مشهد تمثيلي ساخر حوار الذي سطحي جد انفعال صدق انتقائية وين رايحين بان كراسي مثل ناقص موسيقى يا ابونا إمنا يا سند بيت هو حب بر والد شأ اعمق كثير هٰذا سذاجة أقل شي أقدر أسوي هو هو مو تكلم هو ليش قال هو,anger,199
33ccb0da559e8ae1,هو بس مثل ممن بذل جهد مضاعف الذي حق هو تكلم مهنة طب كيف كتار عرف أن انفعال مريض سبب مايعاني قام انفعل على بدى ردة فعل ضعيف نفس مايدري شفي تعامل كذا ماراح مستشفى درى أن خلل بس جاي دار مساعدة,anger,189
23dccd705425a422,أستاذ جوزيف مسيحي صهيوني مصطلح شائع استخدم غرب أو أخف انفعال عصبي كون أحسن لصحتك,anger,80
068392b69481765e,لأن هو بساطة كلمة وجع هو أي شخص انفعل انفعال غير مفهوم أعرف موجوع,anger,65
31ae14040291b172,غير متزني لقط كفيل عرف وصل مستوى لي عصبي غير مبرر عدم ضبط انفعال لاق خبرة,anger,73
a2bd21f0527d8c53,غضب ليس مجرد انفعال بل ارتفاع مفاجئ في كورتيزول الأدرينالين انخفاض سيروتون قلق مزمن هيمنة مستمر النورأدرين الكورتيزول,anger,117
9362ebef68bddb67,شي طبيعي بس اتمن نقب انفعال مبالغ,anger,33
73198e7380738993,صدقتي اعذريني حظ انفعال مني,anger,27
f27092bd57ed21de,أمكن لو جرب العبسي يوم عرف فرقة غرى هو دايتو اتحاد تسببب هدف على هو أرجع اتذكر أول مباراة كأس ملك حصل أي حارس رايكو عام غلط مباراة وحدة أكثر مباراة رد الكورة نفس شكل انفعال وقت بعد مباراة مو هوا حل شي تحسن أن شاءل,anger,213
3f65694d8782da0f,حكمة تائه انفعال قلب جدال عقل هدأ استقر,anger,39
b0524c1c71f79fa6,استهدى اللٰه يا ايمان دي حظ انفعال امبارح وراحت حال هو,anger,54
12eb2b42adcb7d91,أراد أنسى أراد تذكر دون انفعال,anger,30
95d3018ddae70775,عرف شو درس الخايس الذي تعلم ولد أن مهما صار لي مابكلم ابويه خاص أن انفعال أب أدى إلى سجن طفل طوول ترجم هو أن سبب علشان كذا قال تجادل هو,anger,135
354b41fc1c15e24b,جمع مبارك أمر انفعال عجل الشيطان رايه لٰك أثبت وجود دفاع نفس سيل قذر هٰذا تعجب شخصية إسلوب هو اتذكر شاعة هو راي ثاني رحماني رباني أن رد غير مناسب أن لاق إيليق أكثر حين متسرع خفى غضب ندم تسامح وانت قادر انساني,anger,208
3b4760e49e64d9f9,بعض موقف تطلب تغير هيا فيتغير ارجعي ردي أول الذي استحق توقف تعاتب توقف كان هو ردة فعل إنفعال أما امور صمت هو أخلى راجع حساب المناقش زاد جرء تكرار تجاهل يردعه,anger,157
e09d4f692adff814,اسف قلت هو حظة انفعال,anger,21
8c9e0c42fd237043,بعض شخص كان مزاج هو سيئ ضبط نفس هو تحدث أدب دون انفعال قدم تصرف طائش نفسي مؤهل تأقلم سريع لدى هو فرصة أعلى كان ناجح قياس غير هو كما هو فرض جميع احترام هو تلقائي,anger,160
681ddfffdcee3b41,هذب هو غضب قل انفعل انفجر غاضب مدد يد أو شتم أو جرح أهن سجن مليء شخص قال لية هو ملكنا نفس هو ساعة غضب بيت مليء ضحية بري جرح ساعة انفعال توتر غضب,anger,144
10dcb79a6091f86e,قال انفعال علي الحارثي هٰذا وضع طول فقرة,anger,40
2a864521795b7c54,انفعال نقدة مفروض كان متسابق,anger,28
0af76ed504ceda0b,مت مت عادة انفعال متسابق,anger,24
35ef7465b52463a4,كاميرا خاص حارس أهلي رصد انفعال توروب ياسر إبراهيم ياسين مرعي تعليم خاص للشناوي,anger,79
b19268bd7729e47b,أي صدق ماعج توقيت حسك قلة هو انفعال تداخل مشعر فقط,anger,50
6a73e1cdbec648dd,نعم طالب ببر أم أول انفعال سبى عضو هو تناسلي,anger,44
dfbd59bcf2174da2,لحظة إنفعال يا خيي هو وضع عاد عم نقدر تحمل لولا هلشى صبر أللى ربنا ألم هو عرف شو صار فينا,anger,89
487a8ab359f35b0a,التويتة دي حلل تصريح علاء مبارك محاولة رمي بياض سياسي خاص لو حصل تغيير حكم بس اتهام ثروة قائد مقاومة محتاج دليل قوي مش كلام عام اعتمد مقارن شخصية سياسة مصري مليانة مؤامرة حقيقة تطلع خلال بيان موثوق مش انفعال,anger,207
3be0fe05835efe80,انفعال مبرر صرح الومك,anger,21
0e9e624f2af35113,صلاة عيد مسيحى إم مسلم دون انفعال هو دولة علماني أفضلية لاى مذهب ملحد,anger,69
abb99ee7b4f07e43,أغلظ حاج انفعال,anger,15
df667b8967ffbcce,شاهين عم أبكى المي,sadness,18
4073ddb804da1e40,أبكى وانا أبكي هيا حل هو حين,sadness,28
e7d1cd6a1c01b391,عراقي عم أبكى المي أبكي كرامة أول,sadness,33
e409bcfc1ae7ab17,بس بس اناجي شكك تبين نرحل ضف وجهك اتدل مر ثأني جايب صورة منتهي أبكى ضدنا حاط كريم بي ترحيل ذا وسخ,sadness,97
83ef279c7e31bc7b,قت هو جعل أعبك منتهي أبكى,sadness,25
0d74e6698e8b7170,فوين بدأ أبكى ياربي,sadness,19
4ecb9344fe999c46,محد جاي أبكى,sadness,12
235ab542bde9e48a,هو أبكى هو ضحك,sadness,14
f7277ce51d3823fe,متحول جنسي البرازيل مقطوع رجل اعتدى عنف ضرب رجل جعل أبكى إحدى شارع بعد شجار كلامي بينهم,sadness,87
1d47feda7428a8b5,سلف قال رجل أتق الله جلس أبكى خشية اللٰه عز وجل خوف ذٰلك سمت نفس هو أعلى خيرة أزى خيري دين دني آخر,sadness,98
ba5b5d455aef1090,بعيد فريم أصل أبكى انمي إلا واحد مريض نفسي هو,sadness,45
7a49fc85c3b54738,خروك كاس ملك خلف أعاق عقيلي رمز عدال حقكم ماجلس الهلال أبكى مجزرة تحكيم ارتكب هو بل عاد شموخ تسيد ألقار حقق وصافت عالم استسلم طموح منصة طموح هو تعزيز حكم ظلم زاد الهلال إلا عزيم إصرار بعد هو إنجاز مستحيل أي نادي تحقيق هو,sadness,220
d7ab21a942055035,لد اخوي أبكى قال صار دخل غرفتك,sadness,30
31953f8c87fa7f20,لما شاف أبكى حاب جلس,sadness,20
5f9d8f26af92aae1,توقع أبكى أبد,sadness,13
50a210db15682ab3,حياة كريم صنع هو محمد بن سلمان مواطن شخص مقعد مريض أبكى حاجة فقر توسل إنسان مساعدة,sadness,82
32e11f27d917eeb6,مدري هو صرى حساس بس قسم موضوع أبكى,sadness,34
0890e891968d3d2f,أضح انو بعد سقوط نظام ماعاد معلوف مضطر أبكى شوي سردية شكل,sadness,57
63679b0242f3f93e,شكل قال أصلع أبكى بكى صدق,sadness,25
b1a71da32b9b28cc,حمد اللٰه هو تعطل عشان نشوف أبكى هلال هو,sadness,40
68346ab5d8ca4892,خلى خلي أبكى معي,sadness,16
e040a8ec4671d918,صادق مر اندعى على موت فقلت الداعي امين أوصى داعي عزا أيوجد داعي أقام توفير مال ذبيح أحد أبكى سان حالي قولى الي أحب أحب فعل ترجم هو حية هو مو دموع تمسيح ممات المتوجه إذا هو الشنيع فعلي حياة ميت مخلد ذكريات فقد افضى موتى إلى ماقدمو,sadness,229
b782d6fe5e1f4c13,دموع تاي نقطة ضعفي شفة أبكى تلقائي بكى مابكى إلا انو مشتاق نايموت على هو وربي,sadness,77
ed0e25dfef5e2610,راحه الي جاتني شفة رجع جيمين مبسوط ضحك رقص استني شوفة أبكى,sadness,58
1303be870adb0d97,بدال عرف سبب حل شجع ذهاب مدرسة دراسة أحبين غصب أبكى أضح متعرض نوع انواع تنمر أو اعتداء,sadness,86
a7a54636ff4d635d,أبكى مر ثانيه,sadness,13
e13dab3547095da3,مسموح واحد أبكى بصوت عالي عيب مكتبه,sadness,35
87c0657112e4d5f6,عبر مشعر ارتمى حضن أبكى طيب مشاعري,sadness,34
33c5fd6eb8f6cdb6,أمنع ضحك هو بشر بضع كلمة على حائط علم الله أين كان أصبح طولة هو أصبح ضحك أكثر أبكى,sadness,82
0a0583337cc53e93,أول ضحك إنو حسبة خجل هيك نزل رأس عد استوعب قاعد أبكى قمت بكيت,sadness,61
33b47707c7a68ee7,ابغا اشوف مقطعة أبكى,sadness,20
7f52d03e36002df9,مهم كان برا وقت هو أبكى وش فيه,sadness,30
84a86ab46e6b7e6c,انزحى إذن اللٰه نزوح أبكى على هو عالم,sadness,37
a14fac3efff25aaa,تذكر هنا يوشي أبكى حال وراح مسح دموع وطول وقت متمسك أوف صغير كيوت,sadness,65
945dae5f48f38fba,كان أفرفر التايم قية مرجع أفتار غينتوكي أبكى,sadness,44
35270f21e90541a0,محور فيلادلفيا أبكى زاوية,sadness,25
729178068214ee8a,أبكى يبي سوى حركة فضة قلب هو أبيض,sadness,33
6984a6b3698898fe,عمر شفت واحد أبكى ريلز حصل حين,sadness,30
bb447db5edcaac9a,أبكى متحمل,sadness,10
e70ca34e36154c2d,يم سوكجين أبكى كفى اتحم,sadness,23
ca51e523aadd3e0a,أكبر ممثل متصنع أبكى أم بعد هو رجع شتم الكورة أرتى قرآن بعد أقل دقيق أرتى إغاني اضطراب نفسي نسأل الله سلامه,sadness,107
188b883d4d714fcc,تاي أبكى بكي,sadness,12
e0e900dc32b84170,تايهيونغ أبكى خلف كوليس أن اشتاق إليكم فعل استطاع مقاومة أمر أعد مسرح مجدد,sadness,74
1927cc9ef47025bf,مجهز نفسيتي شفت سوكجين أبكى,sadness,27
2408b369618263da,أبكى ينوح ربيعة مكلخ مغرب صحراءه,sadness,32
f014673e627c7f63,أبكى قبح صوته,sadness,13
4a961cb60897065b,ببكي جين جبت معاي تاهيونغ مر ثأني لأن قعد أبكى خلف كوليس عشان اشتاق هو قدر اجي هو لا تخلوه أصاح,sadness,95
f4635c7f91ab3e61,عدوي صار أبكى حالي,sadness,18
b48071ce41998ae2,سالفة يد مباراة طفل كرة قدم تحول فوض عشوائي مضحك أحد أبكى شونق سوى احتفالية علاء اتطاق معاه فواز سلك أبو عابد قال يا بكاية شيخ نايف سوى سي جمهور هرج مرج,sadness,152
531a228e36a7b34f,وخى اللٰه مدري بس عجب شكل أبكى مر جنن,sadness,37
97519ca55c492426,مو قادر وقت بدا تاي أبكى هو شوي أرجع أبكي حين غير مو قادر أوقف,sadness,62
5edfe8fa2bd023f4,مادل هو نحن تصويت لو صحراء اراضينا اقتحم هو حل مشكلة ظرف سويعات مثلما فعل هو حرب رمل تركنا المقبور حسن أبكى استجدى جامعة عربي,sadness,125
ebf784a5911cd142,بس ستان أمس تكلم صوت جك يوم أصلع بكاهة أبكى درى أكل زق رقع هو بكاء,sadness,66
4013d3b604bcc323,أبكى لو أظحك,sadness,12
3c9eea2a43006ad3,طيب وش تبي حين عنى فاتح موضوع ظهر ياشيخ سبحان اللٰه جاء انزاغي برنامج مال هو إلا حبيبي فاز منافس بطولة خل الي أبكى أبكى تحت الشور جيزوش,sadness,135
9b96288085db0b6d,اللٰه حظي أبكى صخر,sadness,18
f5b74cbdbd707bfe,اف خلاص قطع قلبي قف أنزل صورة أبكى,sadness,34
0380bc88dcf60fbb,متحف بريطاني أبكى في زاوية,sadness,26
3090d6da8211988c,أبكى,sadness,4
382b2db60cc3e380,شعيب أبكى الزاويا,sadness,17
fc43159bd19a4d81,كما رأينا منذوب جزائر البارحة أبكى أمام عضو مجلس أمن بلغة ابيه فرنسي,sadness,68
9f9ca976cfd10210,شي أبكى,sadness,7
1c8c6b6b995c2caf,صلع بغى غنى عشان أبكى مر ثاني,sadness,29
5787c693fe81962c,روحي تاي قاعد أبكى,sadness,18
11cf2993ab50d85e,جدداا شفناه قوة عظمة صار هذر مرة أبكى وفوق طولة أنتف ريش هو,sadness,59
3c045deaed976047,ذا جانب بس صدمة شفة قاعد أبكى راح فخامة عندي,sadness,44
bcb1f971e1b7ea96,ربي أبكى,sadness,8
c65908634ca8db7a,الله سامح اودينقز سبب جفاف الذي كان معيشيني صار عندي انفصام هوظات مااعرف انهار كي جايهي الذي أبكى انبسط حضن شيون,sadness,112
a6c41003e2dffcd4,حين أبكى مرء أن حزين بل لأن أدرك تمام استحق أبد,sadness,47
f01b1bc3a5afcde9,كيف قاعد تأمل الارميز هو غنا بلشت احس مو راضي أطلع الستيج عشان أبكى,sadness,67
7bb793e70aab86b7,لاا تيهيونق قاعد أبكى أن اشتاق أداء التانيز قدام الأرميز,sadness,56
3060208e7bc15c07,ريو البدايه ميت ضحك خيرالولد أبكى هو ضحك,sadness,40
169945a33655c768,ابغى اشوف مقطعة تاي أبكى كفى خلاص تعب,sadness,37
6b0142f53abfa10a,اشوف فيد أبكى ارجع أبكي,sadness,23
0d9ad01c933be500,أبكى لأن تخيل لحظة الي سبعة رجع أدى هو عالم سوا شاف هو منتظر هو,sadness,63
a87f8d49077ea439,لو ليش أبكى,sadness,11
75f5224b63425e98,شنو موسم هو أبكى هسه مسح الدموع شنو عنى,sadness,39
306b60bfe325805d,يوشي تورط حاول سحب ريكو علشان سكت هالبيبي الذي أبكى,sadness,51
23a182a21a4fe4ad,كيف جين ماسكن وده سحب مسرح بعد شاف أبكى كوليس,sadness,45
6370a04448d9dd95,طيب ذحين تاي خرج أبكى خلاص قطع قلبي,sadness,35
2add0f347adaba13,مبيه أبكى بس شخصي حساسه كذا تحكم لي قلب هو قول,sadness,46
20f6856653a29979,مره مليون هو تاي هرب اللٰه ذو أغنيه سكت الي أبكى الله أهدى ياجين,sadness,64
6bc6db7ea3e32dbf,جين قال تااي أبكى اكستيج عشان كذا سحب مسرح مر ثاني,sadness,50
ed9de5e0a8a679c9,بعد هٰذا راح أبكى الباك يجج قطعة قلبي معاه ياخي اللٰه الكمتشياتت استاهل أبد حسبي اللٰه على هو ياخي أكرأ شاف كيف حبك أنتى شو ورد مثل حظ الحلو إنسان غلط أكرهكم استحق هو,sadness,166
60f4d6e2a7f89ee3,تااي أبكى,sadness,9
59889a333b7f1b90,عادي واحد أصحى نوم أبكى سبب حلم عادي,sadness,36
49de2437afed3f68,تي أبكى يا عمري جعل احزانك همومك قندس أن هو,sadness,43
771be855f7ea9c6a,حد ورينا وجه جيمين شاق تاي أبكى,sadness,31
8e6e1e1115163efe,أبكى قلب ورب خير حياتي ليش,sadness,26
07bbfb5808f12538,اللٰه مو مزح قلبي طاح بطني صدم لي أبكى لييه,sadness,43
17950e378b3d9228,أول دخل حسيت أبكى هو كان أبكي بس لأن طلع وقم تخيل كله بعض اونقى هو سبعة هو هو موجود,sadness,83
5dbc6cdf97766a45,طيب هٰذا اللي أبكى إنقليزي مليار بعد,sadness,36
241d1249ac2567ec,قاعد أبكى دموعك غالية حسبي الله,sadness,31
d01fdb1ab296dc37,أبكى طيب,sadness,8
6a2606e8c1e58734,أبكى شوق هو اهخخ مانستاهل قسمم,sadness,30
a148eed31117d7b1,أمزح دموع عور تعور إيش أبكى قلبي تقطع على هو قلب مافي هو أنقى طيب عالم محد استحق قلب هو,sadness,87
5bef1b4b75c69c52,يااعمريي أبكى,sadness,13
3b876ebed50a804a,لما شفة أبكى انفجر نقطة ضعفي هو,sadness,31
493d9348db776deb,جالس أبكى ليش,sadness,13
a79e5c029f91dc9b,مشاعري قايمة قاعد اشوف تاي أبكى لأن مشتاق هو اسمع جين غنى ذا تروث انتولد اللٰه كان ستان بتس مشكله,sadness,97
36d7c65cf7e4a895,عادي واحد أبكى طيب قدام أهل,sadness,27
f60ab66f55cf3d44,الكرغولي حفيد جندي صليبي اختبئ وراء مصلحة دولة أكبر أراد ال ال إستفادة نزاع دولة إسلامي مغرب عراه ورقة أصبح حيد مهزوز أبكى شكى قدر مواجهة حرب كما رجل,sadness,149
af9056be0289c468,ياروحي أبكى لف جين ضحك,sadness,22
e8555eb6ce3ee4be,لاا تاي أبكى كفى,sadness,16
d37f0de69d7d577b,اتحم شي إلا هو اشوف واحد عضو أبكى,sadness,33
fe85c54195a8271e,أبكى تدلع ماعاد عرف,sadness,19
3723e983580ae4bf,بس موضوع جين اتحمل شاف تاي أبكى ترك أطلع مسرح قرر أخذ معاه,sadness,58
f9b683b64132d5eb,الله أخذ هو لي أبكى,sadness,19
c88af3615244b963,تاي صار أبكى اوهه,sadness,17
48c8b000d4270424,تاي أبكى لأن اشتاق الأرميز كتير شفت شايفين حب حب تايهيونغ,sadness,57
9584bdf3f3268bc4,تي أبكى اللٰه أحرقل كورياا,sadness,26
937b1d48bd6819de,وضع كله أبكى افف,sadness,16
5a08beed6195a645,تاي قاعد أبكى,sadness,13
b2d000434dd642c6,رح مووت أبكى وانا أبكي أشاهق الحقووني,sadness,37
37f8aab9e749d628,بصيح تايهيونق قعد أبكى قبل هو مشتاق الآرمي كفى إلا هو,sadness,53
c97c970e458960b6,ابععد روحي هو قطع قلبي أبكى ايستاه دموع ياحبي روحي هو,sadness,53
a2cbb904e7f227fa,قاعد أبكى لأن اشتاق هو أفف أحب هو أحب هو يا رب ددموعيي,sadness,54
328fcdd8e1896331,جين قال تاي أبكى خلف كوليس عشان كذا طلع معي,sadness,43
5480c06b5d1dd40f,يا عمري أبكى أن مشتاق هو لأن أول إبداء بعد سنة أفف حبوبي,sadness,56
5cd1347fe4676d27,تاي أبكى وانا أبكي,sadness,18
1fc24427778ff8f6,راح أبكى,sadness,8
603a61e20f7c852b,تايهيونق أبكى يا حبيبي هو صدق انتظر ذو لحظة زمان,sadness,48
5974f38b96cadb99,رجل غصبن هو قال أبكى,sadness,20
38deb18ade9caba0,أبكى,sadness,4
ee7b07723604fd0a,أبكى,sadness,4
e0e1a15a1dfa91ae,راح قام أبكى لأن اشتاق هو,sadness,25
3247eb6e05450289,أأ هو تي أبكى ياربي,sadness,19
1137bb7d9a9656e9,أبكى أررح أمك,sadness,13
262c1598f9a5b517,تايهيونق قال أبكى لأن اشتاق منظر الآرمي,sadness,39
18422fadcc09248f,تاي أبكى لأن اشتاق للارمي,sadness,25
ffc5598a6b43cdaf,كان جيمين أبكى,sadness,14
0e0fe4ee82261de0,شفى خصر قلت أبكى جوع شفى مقفى قلت مابي مجاعة,sadness,44
c04b6cfeb7e15c49,أعاني تايهيونقق جالس أبكى أن اشتاق هو مره,sadness,41
407ce725ae32f2df,نوو تاي أبكى,sadness,12
8b2c6235395149d1,قاعد أبكى بموت,sadness,14
a0ea32e8f6f670fb,بنجن تايهيونق ليش أبكى,sadness,22
9c978b1fffe23bb3,خلص الستيج حق دخل أبكى بنهارر,sadness,29
bad3ced7020e0136,تاي أبكى نونونونو قف حياة هو,sadness,28
f98c8cc266b4d780,شبه أبكى,sadness,8
9dee127b6cb531d7,كفى خلا أبكى,sadness,12
0691276aa949f7fa,صدق أبكى,sadness,8
6952af6771813980,ليش أبكى كلنا نبكي معاك وقف,sadness,27
926fb55b7d368d10,عم أبكى,sadness,7
2f7d3e360ce4dbe7,تاي أبكى,sadness,8
4306cab91d2ff97c,يراسيي ليه أبكى,sadness,15
06d7b767d05b8396,أقدر اللٰه قاعد أبكى,sadness,20
1f8142240ba161f3,قاعد أبكى,sadness,9
3eaee93480d9ea82,قاعد أبكى,sadness,9
cd43a4fec187a9cf,لي أبكى,sadness,7
aed64ecd665cc3c5,أبكى يبيكي انديه انديه,sadness,22
71aeb0e9ff97c810,أه سوكجين رد فعل مميز أي أحد أبكى جنب احبه واله,sadness,47
ca8fe293101884d4,تايهيونق أبكى,sadness,13
13eaa3cf757b3c85,نوو تيهيونق جلس أبكى,sadness,20
1ca82835b0aab334,هو ليش أبكى,sadness,11
22193ad75ba71a0a,عيوني اللٰه حياتي قاعد أبكى,sadness,27
4ec1a9c90d9848b3,بصيح ياعيوني قاعد أبكى كفى,sadness,26
abf13464c78fc3fa,تيهيونق أبكى,sadness,12
9f01f533128003ce,يا عيوني تاي أبكى,sadness,17
2f100a41b086c82e,تاي أبكى,sadness,8
9378abe00a7c3e66,لاا تايهيونق أبكى,sadness,17
1b94a4ab71e52724,ياحياتي تيهيونق أبكى,sadness,20
61bb0b67c0201a22,عمري أبكى,sadness,9
fafdbded3fe0e458,أبكى ياروح ياروحي هو حبيبي,sadness,26
ef8d124abbe46365,بصييحح خييرر وشش أبكى ببككيي,sadness,28
e003d49239940342,لاا تاي أبكى,sadness,12
b9a37e7808898c6a,سبب وحيد وراء رغبة أي كائن بكاء تخفيف أدرك تمام بكاء لن غير شيء مما حدث ككن أبكى كي اختنق كي غرق كي أمى,sadness,103
885c0e7cde4542b2,نو أبكى نوو,sadness,11
683d2e08a121de92,تاي أبكى,sadness,8
1c69b66ed7a5c01a,تاي أبكى نجنن,sadness,13
861c8f2d4bb69357,رأى قريب أبكى قبل محوه خارطة,sadness,28
2cb1e7aae721fed7,قال كوجيما جلس أبكى أسبوع بعد شاف مقطع ريان,sadness,43
69cc06ccfbfc49b1,طيب أعلن يهودي أوخذ جنسي وضل حائط أبكى تطلع صميل,sadness,48
39c5aeb0fc2fc84b,جواب كافي أبكى تغلب على أقل,sadness,27
3ab176c8a024dc8e,أبكى اني احبه,sadness,13
9be6992d005d4188,صبر اتست بايج يوم أبكى الحماراتي جريمة قذر أداة رخيص عرف حجم نفس هو بيدالصهاينه,sadness,79
ac5920468dc595be,حبيبي تأثر راح أبكى,sadness,19
4f78350ac3898cbb,ربط حدث أبكى زاوية هو,sadness,21
0cc44fed8a665fab,أبشر بيجي على هو يوم لن جدو أبكى أو شفق على هو سودان رجل شهم خلاص صار عرف عدو صليح,sadness,82
ac19756427150d84,ترامب أبكى الزاوية,sadness,18
bea22a9fde599671,ياخي اللٰه هو سبايك يالنصراويين محقق ملك دوري قال آخر هو بطولة منتهي الي معك طولة موسم أبكى ملعب تستانسون انتو اللٰه عاشق نصراوي,sadness,128
d356c3a8ab590f2d,عبد إل تم بصق على ضرب أبكى طفل أتى تحدث إسلام روح يا كلب,sadness,56
52b311f48f39021d,قبل شهر جلس اتحلطم طاطس باع هنا بس سعودية يوم اكلم ابوي حين قال هو يا إم بطاطس ابشري طيب اللٰه أبكى,sadness,99
b4b871af5e65f52e,ذكاء إصطناعي أبكى الزاويه قال أبو اللي جاب ابوكم,sadness,48
654fe07c44bf4b61,مغرب أخذ الصحراء بشر طاقة حجر الكرغولي أبكى نقض,sadness,47
5a587911142d62e7,حدث أبكى شيء عينيك,sadness,18
82b563ef1973b93b,طبيل معلوم شوي أبكى برنامج نشوف,sadness,31
5e9aaf43225b630f,لاشي أسوء استيقاظ نغم طفل أبكى تدلع,sadness,35
be85b1a2a33d219e,نسف محتواه هو مندوب جزائر كاد أبكى حقيقة أن قضية حسم استفتاء انتهى,sadness,66
2ebce412776f3401,اللٰه أبكى تنلامين,sadness,18
1825ebbbcf8744b1,بدا الاسترزاق أصبح مهنة مهنة سائق سيارة أجرة إلى معرض هارب إلى محلل إلى فتان إلى منفقة عارض المطبع عاش أرض شتم مغاربة ودد إلى هو أبكى غزة شرع احتلال صحراء عادى جزائر عرف هو فقط أن أراد أكل عيش أل هو شذاذ الافاق ذاب أشر,sadness,218
e96347c77f7acab6,جمال أبكى زاوية,sadness,15
94e0e219fe887e57,لاا رأس البلا قال سب اهل احمد صبع غير طالع أبكى سب كلام ابو سويحل,sadness,65
2d3a564d07da5078,وضع الفاشر أبكى قلب أين إعلام تسليط ضوء إنقاذ روح كلنا زم نتحرك نرفع صوت عالمي أجل أهلنا,sadness,88
ba8a831fb041ab90,هو كصيبة حية أحضر هو أهل بية فلما لدغ هو مات سم هو جلس أبكى على هو قتل أبكى على هو جئة هو دليل موجه يمني ضدك أفهم معنى هو مقصد هو كيف أفهم مصلحة بلد هو عاش قتل شك آمن سيد هو كأني راكم سيرة فرعون هامان طغا أرض,sadness,208
31bac5a0c1afe4c9,أجب أبكى اللي إككان الدمعة دم,sadness,29
da70b342280f5f67,اف أبكى ياخي مو قادر ذاكر مدري وش عله مين ضبط مدري افف تعب,sadness,58
efaff5f7e122e5ca,هاد بكاء صفة موجود بعض لد هو أو اكتسب هو محيط لي كبرو ديما أبكى سلبي جد فكر لقاه ملي فاق صباح انتاقد أي شيء تحرك تلقى هو زواج بلى خدمة شيء أكتب لي مقابلة كرة كتب ليك تفرج كرة إنسان موت جوع قطب شمالي,sadness,198
70555203da483a82,راز ولد عائلة المضروطي أبكى زواية,sadness,33
46dd682f80d055de,سبحان الله سنة انقلاب قتل تهجير مابكى توه أبكى,sadness,46
5e89c832d34df5a8,إمارة ضحك سودان أبكى,sadness,20
6b4f96ec577d7c7a,خلاص ملك مغرب أبكى حرقة آن بسببك,sadness,32
1ca68aafbbcd65a3,مازال أسكن حزن ككن عد أبكى,sadness,26
73dea0a648362ede,ايوه أول مر سمع عنالاس ٣٠٠ مليار كان طالع استثمار جارئ بحث هو هوه زي ماترامب قالك سعودي ليس هو ساا مال ياخد هو كلم حل تدفع الفلوس اللٰه عينم بطال استثمر هو بدل بطال ٦و اللٰه هو أبكى هو ضحك,sadness,188
f0638209e8fd6193,إذا هو نبيب على هو سلام أو صحابة رضوان اللٰه على هو قال نفس كلام سابق بن لادن طالبان نحن عصر اختلف ذٰلك عصر سيد هو عمر أبكى ليلة قال ليت إم عمر لد عمر هو ماشاء الله صحابة ولي دكم مفتاح دني علم هو آخر اتقى الله أنفسكم إنسان,sadness,222
8833a452fe2a2fcc,جعل أبكى دايم كور غير هو,sadness,24
a5602a7b4c3d32c8,برتغالي أبكى وحد نهائي مد ثلاثة موسم واخر جهه مقابل ابتسم نهائي طول إرضاء البكايه احضرو آخر أبكى لأن صعب أن أفرح طول جار عافية إلا ممكن أن أفرح بطل منسحب هو فريق هندي قال يا رب,sadness,176
7a1b713ca578f4d9,الخنزير الجزاءري أمة متحد أبكى,sadness,30
5bb02292bc7e51ea,كلنا ندري أن نواف اللي طلع تدريب بعد خسر دوري قدام فقر فارق نقطة خلاه أبكى تحت الشور رجل وقت هو شايل قلب,sadness,104
e6c7529f0118cc83,ماكو احد سرب صح غير بنت الي قال مشهد ألداز أنصاب سريحة أبكى بعدين نزل مشهد عدى كان حلم بس حساب هو خاص,sadness,101
ac283e104171a455,حسبي الله أبكى,sadness,14
71266a8f1e7fa7a4,مغرب شقيق شاهد احتلال جنوب عدوان همجي تكفير شعب هو جنوبي عام ١٩٩٤م أبكى رفيق جنوبي قتل هو عدو يمني,sadness,98
57a87b7aafd9bb31,أكثر أصاح التحكيم نادي رشى لجنة حكم أكثر أبكى رد أعب ريال نادي تعمد عباء ضرب كلاسيكو أكثر ألطم خرية أعبين ريال نادي جند عباء السخريه ريال مدريد محفل غريم منفصم,sadness,159
183420c4c38f73ac,تكلى دوري حماسي ممتع لي أبكى,sadness,28
2e1e1226f9e5c1dc,اللٰه صداع أبكى,sadness,15
95a4e5237af3d917,خله أبكى فرغ قهر الي داخل ترا أبكى شخص أبكى خيبة,sadness,48
b05e62af509ae167,عف رجل لاصي أبكى مهما حصل لأن بدوي دم حار لا أبكى إلى خشية اللٰه عز وجل هو,sadness,74
e393747826f7970a,تظاهر القوه قلب هو أبكى يوم,sadness,27
a3ef5400c80f4f18,شرع نام غير عش شعب سوري عم أبكى هو,sadness,34
5172ef600c764bff,حين أطلع كلبون أبكى قال إمارة سبب,sadness,33
47f99fdc38b86ad4,انلام صراحة يوم أبكى لأن فكر زوجة ابن مفكر هو ماتو وذا شي مرة قاسي قتل زوجة ابنك ذكرني بدوفلامينغو يوم تحكم ملك دريسروزا خلاه قتل شعب موفق جد مؤلم,sadness,146
144654eda92424b6,أي نشاط إرهابي تخريب لايي حزب حزب بائد بلد صنعاء اخواني عفاشي لقاء مشترك جني رح تم عقاب مافي أوضح كدا عشان محد رجع أبكى ياغارتاه,sadness,128
fe942aed1d0e0c64,أي شخص دموع أنزل سهول إنسان ضعيف عاطفي غبي لأن لو شخص قوي لي أبكى احد مايستاهل لي تاثر أي شي سهول,sadness,97
159d08776e790056,لاحول ولاقوة إبلالة الي ميت أبكى على وش علم,sadness,43
000849392a4952d1,هو ضحك هو أبكى,sadness,14
6c47882e1a4ee0d1,الجولانى أبكى في زاوي,sadness,21
5326ad5c92843979,علاش بن جامع قريب أبكى هو مجلس أمن,sadness,34
4f821614ad2f98af,أبكى جميع أم الحنونة,sadness,20
259aea670ca6c33f,يوم ذكر ابوه قعد شهق ماقدرت أوقف دموعي تمثيل أبكى,sadness,49
ea5f001100a762e0,ضحك هو الديوثي قذر ماذا بن جامع أبكى ناح بعد تصويت قرار استمر مهمة ردعة البوصبع مبرع بيع وهم للبوليخاريو,sadness,104
40fc2475f9c80aa0,مرة قلب أبكى مو عين,sadness,19
e19003ae507810ee,قسم اللٰه بارت الأغنيه أبكى,sadness,27
5b33556f77cc0ae1,عرف اني مب أم لسع هو أبكى,sadness,25
33f383b9033d4496,أحس الذي قدر تكلم ضوح أبكى موهوب,sadness,32
1dcb52f320bc1470,جمل أبكى كلنا اللٰه إحبيبي صار صار,sadness,34
fbdf067e293afa31,تشاب إنسان جارحني مادحني دام مافي هو اللي أبكى اهي يا كبر هو صار دمع يفرحني يا كثر حزني ليا قل اشباهي,sadness,101
f657506391c09cac,الله ياشرين صوتك أبكى,sadness,21
73e1e4260244857b,بكي كي كفى تعليق ممثل جزائر شوية أبكى,sadness,37
b77a11630873ab9b,ليش بعد نهائي أبكى هو,sadness,21
4d9298a2de54d98b,أبكى انا حساسه,sadness,14
012fa1a0ebe43036,أبكى الزواية,sadness,12
4b9c1e33e1e1a340,سامي أبكى ازويه,sadness,15
6086b2f5da78e07a,ااه زمان زواج ضلع فيني أبكى,sadness,27
a4319f273a2da496,ترند بن هو تيك توك أبكى هيج حنيني اللٰه توقع فقد شغف سنة طلع هو,sadness,63
c8da0b6ecf246a76,عثمان بن عفان وقف قبر أبكى بل لحية قال ذكر جنة نار تبكى تبكى رسول الله إلى قبر أول منزل أخرة نجا بعد أيسر نجج بعد أشد رسول الله رأى منظر قط قبر أفظع,sadness,148
6f0d3931844f6700,رونديلا تاعكم أبكى حد,sadness,21
686388c429390cef,عارف الي تقال على هو ضحك هو أبكى أسف,sadness,36
4cd6f6695853db26,أبكى بغى شات تويتر طاح هو,sadness,25
81fb784ce98ff7f3,أي روح شوف جلسة روتانا فنانك جنب جالس أبكى عشان قن درس مجاني مسكون جلس منفس طول جلسة ماته ذٰيك ليلة,sadness,99
2723f2293e133a13,رأى مالذي جعل شعر أبكى دون صت,sadness,29
8ccfbf554b2f1d4c,الاملاء أبكى الزاوية,sadness,20
ef1c9f82061091d0,آخ كيف شخصية هو عظمة أطلع شالشي أبكى ترج هو يقتلونه,sadness,51
