id,content,label
0,جرائم الدعم السريع في الفاشر، لا تنسوا اخوانكم في السودان,neutral
1,يتفق العرب على الاختلاف,neutral
2,انسانية وطيبة الرجل الابيض,neutral
3,دار ابتلاء وامتحان والله العظيم,neutral
4,نسبة السلالة العربية في الشرق الأوسط.,neutral
5,وين أقدر ألقى خدمات ترويج رخيصة للتعليقات والمشاهدات على إنستغرام؟,neutral
6,اكثر دولدولة عربية قريبة لقلبكم و السبب؟,neutral
7,بتمنى أنساك بصوت الجاز,neutral
8,هل نريد التخلص من اليهود؟,neutral
9,هل تتزوج من جنسية غير جنسيتك؟,neutral
10,اعلم ان العالم مكان غير عادل..لكن لعنة الدم ستطارد كل القتلة و داعميهم..ف لعنة الدماء لا تسقط بالتقادم,neutral
11,هل يتذكر أحدكم هذا المسلسل التلفزيوني؟,neutral
12,مصري جرب يشاهد وثائقي الحرب الأهلية اللبنانية,neutral
13,احد يشرح لي ليش الدعم السريع يسوي مجازر؟,neutral
14,للمهتمين بالفلسفة حوار حول فكر د.طه عبد الرحمن,neutral
15,تكلموا عن الفاشر,neutral
"16,""مرحبا, اريد كتاب يشرح ويسهل شعر المتنبي, شكرا مقدما."",neutral"
17,الناس الي كانو يغيبون كثير بالمدرسه، وينكم الحين؟,neutral
18,بكبسة زر واحدة، يمكن لصوتك أن يصل إلى مئات أعضاء البرلمانات حول العالم.,neutral
"19,"", , ! !شعب عربي واحد"",neutral"
20,صدقا حزين على حالنا,neutral
"21,""لكي لا ننسى ماذا فعل محور الممانعة من الأسد وإيران وحزب الله بالفلسطينيين في سوريا ,"",neutral"
22,فكر الوحدة العربية ماهي أسباب الفشل ؟,neutral
23,اسألني اي اشي بعدها عدل السؤال وخلي شكلي يطلع بيخزي,neutral
24,ما في شي أوسع من غرفة مظلمة,neutral
25,اطلاق سراح المجرم العراقي محمد العيساوي بواسطة المسؤول فالح الخزعلي الي قتل أبنته بحجة الشرف,neutral
26,ما هي الدول التي يعتبرها العرب أمومية؟,neutral
27,اتوقع اختبار من الله لكن فشلت فيه,neutral
28,اريد موقع لمشاهده الانمي مدبلج باللغه الانجليزيه والترجمه العربيه,neutral
29,هل مرّ أحدكم بتجربة شعر فيها أن الألم كان بوابة لفهم أعمق للحياة؟,neutral
30,وش احلا دولة سافرتوها؟,neutral
31,زوجي يفضل الاباحيات!,neutral
32,هدية لكل شباب العرف و فلسطين حرة,neutral
33,البيتكوين داخل منطقة حساسة والسوق يترقب,neutral
34,عايز كتاب الدماغ والوعى اسس البرمجة الذهنية فى العلاج النفسى للدكتور فوزى عبد الرحمن,neutral
35,كتاب ذكريات الطفولة,neutral
36,عايز اعمل مادة علمية عن برمجة العقل هل حد يقدر يساعدنى فى مصادر,neutral
37,فكرة نادي بحث في المواضيع المبهمة للعامة,neutral
38,هل سأمت من عدم علو المسلمين فى المجالات العلميه و التكنولوجيه اذ كنت كذالك فشارك,neutral
39,أشعر وكأن هناك حصى أو رمل في الجبس بعد اسبوع من وضعه هل هذا طبيعي؟,neutral
40,تذاكر حفل ترافس سكوت في ابو ضبي,neutral
41,سلام عليكم اني صانع محتوى ماعندي متابعين اهواي الي يحب يدعم هذا اسن قناتي باليوتيوب وسكلهة يصير شكل ولد كارتوني لابس جيشي اني العب واهواي العاب,neutral
42,كيف تتجاوز شخص اختفى من حياتك فجأة، بدون وداع، بدون أي تفسير؟,neutral
43,محتاج حل لان مشكلتي صارت فوق طاقتي,neutral
44,هل هنا من يعشق فن التسويق مثلي؟ لنتواصل ونتبادل الأفكار!,neutral
45,تعليم العربية الفصحى للاطفال,neutral
46,لا تقدم نفسك كبائع ، بل قدم نفسك كـ بوليصة تأمين ضد المشاكل والقلق.,anxiety
47,أبحث عن قصة فصلية من العراق على صفحات قصص الفيسبوك من مدينة السماوة. اسم الشخصيتين يوسف ونجمة,neutral
48,التعنصر ضد مستخدمين و غيره من الذكاء الاصطناعي كا محادثه طبيعيه,neutral
49,قناة جديدة تقدم محتوى ترفيهي وقصص ممتعة تعالوا نكبرها مع بعض! المحتوى يا جماعة، لسه بادئ قناة جديدة على اليوتيوب وأحاول أقدّم فيها محتوى ترفيهي ممتع مليان قصص قصيرة ومواقف حقيقية وغريبة القناة لسه في بدايتها، وكل اشتراك أو تعليق منكم بيساعدني أطورها وأستمر أكثر,neutral
50,اول موضوع لي في ريديت .... فلسطين ابداً,neutral
51,ما هى أهدافك كمسلم,neutral
52,وش احلا دولة سافرتوها؟,neutral
53,أحتاج مشاركتكم بهذا الاستبيان لغرض بحث تخرجي، أرجو المساعدة,neutral
54,كيف اتخلص من مراقبه جوالي؟,neutral
55,السلام عليم انا شخص عندو احلام غريبة اريد شخص لديه نفس احلام نتناقش,neutral
56,هل قام جوجل بترجمة هذا بشكل صحيح إلى اللغة العربية؟,neutral
57,ما هي أفضل تطبيقات الفضفضة المتوفرة في المملكة العربية السعودية؟ وأيّها يُعطي الأولوية للخصوصية قبل كل شيء؟,neutral
58,تتوقعون الذهب بيواصل صعوده ولا خلاص؟,neutral
59,هل فعلا تغيرت حياتنا بعد ٢٠١٩ بسبب الموبايل؟,neutral
60,انا مدمن إباحية وعادة سرية,neutral
61,التعافي من الماضي عماد رشاد عثمان,neutral
62,احتاج مساعدة في برنامج تلغرام,neutral
63,مقارنة بسيطة بين المتاجر الإلكترونية السورية.. بصراحة متجر دمشق الإلكتروني كان الأفضل من تجربتي,neutral
64,الحياة الزوجية مع فارق العُمر الكبير,neutral
65,انا عندي منتجات رقمية في زول مهتم,neutral
66,استبيان اللغة العربية في الألعاب الإلكترونية,neutral
67,الغرق ليس السقوط في الماء، لا أحد يصف السمكة بالغارقة، لكنها تغرق في الهواء الغرق أن تسقط في مكانٍ ليس لك.. لدي قناك على التلكرام اشارك فيها افكاري سيسعدني حقا ان اردتم ان تدعموني,neutral
68,أسباب الضغينة بين العرب,neutral
69,شاكه انو ابوي مسحور,neutral
70,كيف يقولون تمّ فعلُ شيءٍ ولو لا زالَ نقصُه والعيبُ والخللُ؟,neutral
71,بتآمنوا بالتخاطر؟,neutral
72,المسلمين يحطون رأسهم برأس الصين روسيا أمريكا,neutral
73,مين يعرف يفوت عالدارك ويب؟,neutral
74,ذهب ليرة بريطاني,neutral
75,معاناتي كامرأة مع الإباحية,neutral
76,صينية قديمة وجدتها في منزل شخص إسكندنافي في احدى الدول الاسكندنافية. هذا النقش الظاهر في الصورة مكتوب بالخط العربي المزخرف، اذا كان بإمكانكما قراءة العبارة المنقوشة؟,neutral
77,ممكن اعرف رايكم في الحجر ينجذب للمغناطيس,neutral
78,مشكلة التكبر عند الناس,neutral
79,لماذا المحتوى العربي ما تحت الزنار؟,neutral
80,رأيته على سريري مع أخرى وما زلت بحاول أتنفس,neutral
81,مين الشخص لي راهنتوا عليه وخذلكم؟,neutral
82,مرحباً، أحتاج إلى مساعدة,neutral
83,إذا أنا كنت في اختبار إسلاميات و جاوبت غلط بطريقة سيئة هل النتيجة الي طلعت في اختبار الإسلاميات درجات محسوبة زي الحسنات الي تبقت ؟,neutral
84,العودة بعد الطلاق، هل تنجح؟,neutral
85,تطبيق احتياجات ذوات الإعاقة البصرية والحركية في استخدام أدوات التجميل في المملكة العربية السعودية,neutral
86,رأيي في تأثير تحذير بنك إنجلترا على سوق الذهب,neutral
87,ألوانُ العربيةِ النادرةُ,neutral
88,شو اكثر كلام جارح اتقال لكم؟,neutral
89,ي جماعة كيف الحال انا ابغا صيغة ايميل احترافي للتقديم على وظية خايف اكون مرتبها بطريقة غلط فالي يقدر يفيدني يرسل بالله,neutral
90,من في نظركم يصنف ضمن الشخصيه القويه ؟,neutral
91,الموسم الثاني الحاجة حفيظة والمنشدة نورهان كليلة في ضيافة يا مداحين مع محمد الحسينى,neutral
92,الموسم الثاني الحاجة حفيظة والمنشدة نورهان كليلة في ضيافة يا مداحين مع محمد الحسينى,neutral
93,ابغا افتح طلبات الرسم واحتاج نصايح,neutral
94,عن تساؤلات أيوب حين قال قد كان طبعك حلا ليش غيرتوه بعد المودة خصام يا خل رقعتوه؟!,neutral
95,ليش... قد بنلاحظ بكثره الشباب العربي يأسين من الحياة ومتذمرين من الاوضاع المعيشية,sadness
96,انا في صراع مع نفسي,neutral
97,هل أنا شخصٌ جيّد؟,neutral
98,اي حدا حابب يحكي,neutral
99,اللهم صلي وسلم على نبينا محمد,neutral
100,السلام عليكم مستخدم جديد لهذا الموقع,neutral
101,يا نفسي، لا تُهلكيني,neutral
102,المجتمعات العربية المختصة فالسياسة و التاريخ و الحاضر,neutral
103,دليل المجتمعات السعودية,neutral
104,انهيت صداقة ٣ سنين بسبب المخدرات,neutral
105,قفزة من ١٧،٥٥٠ إلى ٢٣،٤٠٠,neutral
106,اماكن مميزه في الشرقية,neutral
107,السفر يبين معدن الأشخاص,neutral
108,انصحوني كيف اشيل افكار اني ارجع ادخن مرة ثانية,neutral
109,دعيت عليها من كل قلبي,neutral
110,الفلوس لا يساوي المكانة الاجتماعية,neutral
111,النقاب في دول الخليج,neutral
112,ابوي طردني من البيت و ابي انتحر,neutral
113,ليه محد يتكلم عن شعور,neutral
114,فيه مرض جديد زي كوفيد,neutral
115,مستقبل الوظائف جدة,neutral
116,هل ممكن اتوظف من غير معارف ؟,neutral
117,العين و شقد الخوف منها يقيِّد صاحبها,anxiety
118,تغدوا فيني قبل ما اتعشى فيهم,neutral
119,تتخيلو وقت الملكه ويقولك انا ابغا علاقه خفيفه ومو مستعد اتحمل بكج مشاعرك والدراما !!,neutral
120,حبيت واحد موكفو سحب علي,neutral
121,كيف اقنع امي ؟؟!,neutral
122,صحيت من ضيقة الصدر,neutral
123,سؤال عادي أم غريب؟,neutral
124,كيف ممكن أزيد معدل ذكائي,neutral
125,الاختصارات تستفزني !!!!!!,neutral
126,بوست لزكاة العلم,neutral
127,وش وجهة نظركم لذا الشيء ؟,neutral
128,ابغى موقع ملابس احصل فيه ملابس ماكس وسنتر بوينت و وزارا وبيرشكا كلهم مع بعض,neutral
129,اخوي فصلني من شركته,neutral
130,كيف تسحبون فلوس من,neutral
131,لما دريت ان الـ وقلة الثقه مرتبطين ببعض كل شيء بدأ يصير منطقي,neutral
132,مين زيي صار يفكر كذا,neutral
133,اذا السعودية تزوجت اجنبي وتخلت عن جنسيتها، بعد الانفصال تستطيع استرداد جنسيتها السعودية بشرط الاقامة في المملكة العربية السعودية,neutral
134,شركة لوسيد وإنفيديا تتعاونان لتطوير تكنولوجيا القيادة الذاتية المتقدمة,neutral
135,ليش ما اصحى عالمنبه؟,neutral
136,النت في السعودية وحش لية,neutral
137,هل انا يتم استغلالي,neutral
138,وش الشي اللي مارح تكرره مع عيالك؟,neutral
139,معلمتي الجميلة دميه جديدة فن الايمجرومي,neutral
140,ليش اذا زادت حرارة الشخص يتكلم وهو نايم ؟؟؟؟؟؟؟؟؟؟,neutral
141,احباط تهريب شحنة مخدرات,neutral
142,موضوع للنقاش مو الكل انا اقصد فئه,neutral
143,التقديم عن طريق موقع الشركات,neutral
144,دوام جزئي دوام للطلاب,neutral
145,اذا تعرف احد من الصم او ضعيفين السمع,neutral
146,نقلت للشرقية قريب، اخوياي وأهلي بيزورني اعطوني اقتراحات,neutral
147,هل التعلق بالأشخاص ابتلاء أم قلة إيمان؟,neutral
148,تذكرون يوم كانت تيجي على قناة سبيستون؟,neutral
149,سؤال في البرمجه مبتدئه ماتعرفت لازم تصير لونها ازرق ومو عارفه المشكله,neutral
150,والله ادري سؤالي غبي بس ساعدوني تكفى,neutral
151,شباب بنات ابي مساعده,neutral
152,فلير سياسة الجيران جديدة عشان بوستات أخبار برى,neutral
153,ارجل من ناس كتير,neutral
154,المتحف المصري الجديد انا مش مصري,neutral
155,ما وراء طب و احنا استفدنا ايه؟,neutral
156,اقفل الترند علي كده,neutral
157,فين الانجاز في كدا؟ استفدنا ايه,neutral
158,المصريين النهاردة وبكرة,neutral
159,الناس دي هتتسلسل كام يوم من الساعة بكرة,neutral
160,استغلال البراندات في مصر,neutral
161,بس الصراحه رايقه,neutral
162,معاد افتتاح المتحف والقنوات اللي هتنقل الافتتاح,neutral
163,فرحه أجدادي الفراعنة الدعوه عامة وهتبقى لمة يعني لو عندك معبد اقفله ولو بناء اهرامات أجله المتحف الكبير بيفرح,joy
164,سؤال للنقاش مين اكتر صانع محتوي أو اعلامي بتشوفه بيعرض للحكومة و للسيسي؟؟.. عايزين بعد عشرة ولا خمستاشر سنة لما عيالنا يفتحو الصب يشوفو قايمة بالمعرصين علي ايامنا,neutral
165,عن الطبقية و النيولبرالية في مصرإيجبت..مهرجان الجونة مدخلا,neutral
166,ميدان النيل بعد التطوير في مدينة المنيا,neutral
167,وهو مين قالك ان مصر ناقصها متحف؟,neutral
168,صياح العرب لأجل غزة كان عشان المسجد مش عشان الإنسانيه بدليل محدش مهتم بالسودان,neutral
169,والله لو كان حظي ١ اي مكان هايكون احسن من مصر.,neutral
170,رحلتي من الثورة مستمرة إلى مفيش فايدة,neutral
171,بخصوص الناس اللي بتصيح علي موضوع المتحف,neutral
172,المتحف المصري الكبير.. هل يعيد كتابة علاقة المصريين بتاريخهم؟ عربي,neutral
173,كم تكلف زياره اسبوع لمصر وايش افضل اماكن نزورها,neutral
174,الشركه ولا محل السجاير,neutral
175,حاجة جديدة اعملها في مصر الجديدةالتجمعمدينة نصر؟,neutral
176,المتحف المصري الكبير وتيك توك,neutral
177,ستور لبيع اللابات,neutral
178,هل مصر هيا نفس مصر اللي انا وانتا بنشوفها,neutral
179,الجبنة الرومي جبنة مصرية مش بتتصنع في أي مكان في العالم غير في مصر,neutral
180,والله العظيم هنعمل ايه طيب,neutral
181,هل يمكنك أن تنصحني بمزيد من الموسيقى زي مولاي إني ببابك قد بسطت يدي للشيخ النقشبندى؟,neutral
182,ايه رايك في العلم المصري واعذروني ع الاسئلة,neutral
183,لماذا لم تتحرك مصر في غزة والسودان لحماية أمنها القومي يجيب المتنبي,neutral
184,موقف محرج عمري ما هنساه,neutral
185,افكار محتوى صحه نفسيه,neutral
186,التفرقه الاوڤر الي وصلت حتا في الإبادات زي غزه و السودان,neutral
187,شباب مصري بيحتفلو بأفتتاح المتحف المصري الكبير,neutral
188,فى الدرك الاسفل أن شاء الله,neutral
189,دخلي اخر شهور كان جنية، و المفروض اني في سن جواز,neutral
190,امتى نقدر نروح المتحف الكبير؟,neutral
191,حبايبنا في السودان و فلسطين,neutral
192,مش أحسن ما نبقى زي مصر والعراق,neutral
193,ليه معظم العرب رافضين الاتحاد وإقامة قومية مبنية على اللغة,neutral
194,بوست مهم لكل اللي بيتعلم الماني!,neutral
195,عاوز اعرف اكتر شوز أو سليبر مريح,neutral
196,جميله يا مصر عشان بس الرولز,neutral
197,ربنا يكون في عون المواطن السويسري الي مش لاقي حاجة يفتخر بيها,neutral
198,المتحف المصري جامد فشخ يا جدعان والله,neutral
199,يومين علي أفتتاح متحفنا,neutral
200,تركي ميعرفش ان عدد زائرين السيد البدوي ده بيكون في يوم واحد,neutral
201,ايه رأيك على اللي قالوا احمد الشرع؟,neutral
202,هو ليه دلوقتي الشخص إلى بيفتخر بالحضارة بتاعته بيتبصله بنظرة مش كويسه,neutral
203,تضامنوا مع اخواتكم المستضعفين,neutral
204,السودان مش حتة مننا,neutral
205,ليه كل ما حد يفشل في علاقة يشتم كل الرجالة والعكس؟,neutral
206,هو مين الناس اللي لابسة فورمال على طريق المحور,neutral
207,شوية ضحك مع الغزاله رايقه,joy
208,عايز اعرف رأي الناس هنا في حوار اللاجئين لو حد عنده رأي منطقي يقوله,neutral
209,انا متأكد يا بلحة أن رمسيس التاني لو كان عايش كان تدخل فى السودان لوقف الحرب مكنش هيعمل افتتاح وكذلك فلسطين,neutral
210,الملكة نفرتيتي الثانية,neutral
211,هل احنا مش متعاطغين مع السودان عشان لون البشرة؟,neutral
212,لا حول ولا قوه الا بالله,neutral
213,طرق التصدى للتحرش فى الأماكن العامة,neutral
214,المتحف المصري الكبير,neutral
215,حد يعرف شركات ماركتنج كويسه؟,neutral
216,هما المسؤولين حمير,neutral
217,عريس مشكوك بأمره,neutral
218,ممكن تعتبرها رسالة اليوم,neutral
219,مين إنجليزيته واقعة وأله نفس طويل؟,neutral
220,تبا للسيركت حدا عارف حل الهبل هذا؟,neutral
221,بدي اماكن اقعد فيها في عمان لحالي بدون ما احس حالي مضطرب اجتماعيا,neutral
222,شو بتعملوا وقت فراغكم؟,neutral
223,شو أفضل نشاطات ومجالس للطلاب تفيد للقبول الجامعي,neutral
224,سؤال عن لاصقة النيكوتين حدا جربها فعليًا بالأردن؟,neutral
225,قررت اترك بعد ست سنين,neutral
226,شو نظرتكم للشخص يلي بروح او راح عند اخصائي نفسي ؟,neutral
227,مكان لتبادل الكتب,neutral
228,الي صارو بعمر التلاتين ولسا بدرسو، كيف بتستمرو؟,neutral
229,نصيحه لصانع محتوى العاب اردني بتقدر تقدمها,neutral
230,قصص الكوادر الطبية شاركونا مواقفكم الي ما تتنسى!,neutral
231,في عندي جيتار إذا حدا بفهم فيهم حابه أبيعه لاني ما بستخدمه ف إذا حدا عنده فكرة بكم ممكن أبيعه و وين,neutral
232,موسيقى وسط البلد,neutral
233,تحذير من المعالجيين النفسيين و الطب النفسي الاونلاين للمرة الثانية و لكن بعرف انه عالفاضي,neutral
234,من عجائب اللغة العربية,neutral
235,كيف ممكن اجيب ارشيف صوت الجزيرة ل محمد عبده,neutral
236,هو كل الموجودين برديت ملحدين و مشتقاته؟,neutral
237,ليش قلة الدين منتشرة والتبرير,neutral
238,تكلفه تغيير شاشه تلفون هواوي,neutral
239,جوانبك المخفية عن الجميع,neutral
240,جربت اطبخ لاول مرة بحياتي,neutral
241,الفيديو الوحيد المُسجَّل الذي تنبأ بدقة بهجوم حماس في أكتوبرتشرين الأول مُسبقًا من ينايركانون الثاني,neutral
242,صوتي ناعم وانثوي,neutral
243,ليش سهرانين الحلوين ؟,neutral
244,توضيح وبيان رسمي من العشيرة؟,neutral
245,شو بتعملوا وقت الاكتئاب و المزاج السيئ؟,sadness
246,مستشفى الجامعه الاردنيه,neutral
247,وين بقدر الاقي الكتاب هاد اونلاين,neutral
248,شو سبب كل هاي الأزمات؟!,neutral
249,التخصص او الجامعه,neutral
250,ايش مخططاتكم للويكند؟,neutral
251,كل ما اشتاق لعمّان بدخل على آر جوردان وبروح الاشتياق،,neutral
252,بيني وبين التخصص الي بدي اياه علامات,neutral
253,بكره دوام الخميس,neutral
254,مش قادرة ادرس مخي رح ينفجر,neutral
255,محاولة لفهم تفكير الجنس الآخر,neutral
256,في حب البنت الكيرفي ، ايه اكتر حاجة بتحبها في البنت الكيرفي ؟ والبنت الكيرفي ايه اكتر حاجة بتحبيها فيكي ؟,neutral
257,الزواج عن حب ودي اتزوج عن حب بس ماني عارفه كيف اتعرف على شخص يتوافق معي ونيته نظيفه وصادقه. احس صعب بمجتمعنا مره,neutral
258,انا رجال واحب الأطفال، وش اسوي؟ لي فترة طويلة و انا ودي اجيب أطفال لأني احبهم مرة طبعا حب عادي مب بيدو، ولكن هاذي الأيام احس الرغبة تضافعت ولا عندي المقدرة حاليا ان اتزوج اي حلول واقتراحات؟,neutral
259,لسه عندكوا مشاعر لأول حب في حياتكم؟ اعذروني علي تقليب المواجع بس مش لاقيه محتوي,neutral
260,حب القادة بعيدا عن كون اغلب هذه التعليقات ذبابا الكترونيا او اشخاصا يدورون على الفتنة هل صار حبنا لقادتنا عيب او ذلة بعد ما وفروا لنا الحياة المثالية والامن والامان والتعليم والصحة وكل ما يمكن ان يحتاجه الانسان ياشيخ اذا كان كذا تعريفهم للذلة الوطن يدعس علي وتراب الوطن بفمي,neutral
261,بيقولك مرة واحد مسيحي حب يدعي بص للسما وقال يا جماعة تمويه تكتيكي عشان محدش يعرف ان الكنيسة بتمولنا,neutral
262,ايش سبب حب الامهات لعيالهم؟ انا مو قاعده اتكلم عن حب الامهات الطبيعي لجميع اطفالهم اقصد حبهم خصيصاً للاولاد وخصوصاً العاق، دايم يحبون ولد معين من اولادهم ويبررون له كل شي عادي يطق اخوانه بس اخوانه مايطقونهوعادي اذا اعجبه شي حق اخوانه تاخذه منهم وتعطيه اياه ،,neutral
263,كل سنه وكلنا طيبين ودايما متجمعين علي حب مصر,neutral
264,فى حب الراجل ده بجد والمحاضرات الجميله الا عملها,neutral
"265,""بوست عن حب العاب العصور الوسطى هو ليش هالتايب من الالعاب يشك وحلو, قائمة الالعاب الي لعبتهم من هالنوع , , , وبعد ذني بعدني مالاعبتهم , , , اذا تعرفون بعد العاب من هالنوع ونسيت اذكرهم ارجوا المشاركة ،تحياتي"",neutral"
266,بدون ولا علاقه حب ! اعرف اننا بمجتمع محافظ ولا في اي اختلاط بالطرف الاخر لكن مستحيل في كثير حولي قصص حب ناجحه و يكفي انهم عارفين بعض مزايا و عيوب و تاريخهم الشخصي و العائلي و خلاص في توافق و اتزان بالعلاقه و صار الارتباط لذالك جاني تساؤل ليش ولا مره صار لي كذا لمن فكرت يعني انا مب شخصيه متطلبه ولا حاجه بس يمكن حاطه حدود اكثر وماحب هالسوالف بس شكلها هي الطريق الصحيح لو كانت بحدود واضحه لان بنجن مايي اتزوج تقليدي لو وشو من شخص مجهول لمجرد راتبه ولا كم كلمه من جارهم انه اجودي وهو مايعرفه هههه ! وش الجل انقذوني وين نلاقي الرجال لان مستحيل اعطي وجه احد بدوامي يمكن اسجل بـ اشياء تطوعيه مشتركه بس احس مافي وقت متى نفهم بعض ونشوف التوافق والاهداف المشتركه,neutral
267,في حد غيري ما بقدر ياخد دوا حب؟ لازم تكون حبته صغيرة غير هيك ما بقدر، أتوقع السبب نفسي؟ عندي نقص زنك بس مو لاقية زنك حبته صغيرة اسمعو من مرة اعطوني حديد حبته صغيرة كمان,neutral
268,لو ناوي تتجوز عن حب، ده ليك مبدأيا ده اكونت مش حقيقي لان الموضوع صعب اشرحه من الاكونت بتاعي، انا فشلت في الجواز بعد سنين من المعافرة اتجوزت واحده مطلقة ومعاها طفلين وكنت مبسوط بيهم جدا، وده كان جواز عن حب وحاربت اهلي عشانها، هي صغيرة واتظلمت او ده اللي كان ظاهر وقتها وعشان اكون ادق، طلقيها كان دكتورها ف الجامعة وكان اكبر منها ب سنة حبينا بعض واتجوزنا وامي مش راضية عني شاب شكله كويس سنه صغير مهندس برمجة ابن ناس وكمان محبوب ليه يسحل نفسه السحله دي؟ نشفت دماغي لاول مره وقولت لامي اخرجي منها وياريتني ماقولت كده. صدمتي في مراتي كانت انها مش مسيطرة علي كلامها ومعظم الوقت مش عارفه بتقول ايه ومقدرتش اي حاجه من اللي عملتها عشانها ومقدرتش اني راعيت ربنا في عيالها وفضلت اعاملهم بما يرضي حتى بعد ما خلفت منها مبفرقش بينهم والتلاته عندي ليهم نفس الحقوق، بتغلط ف اهلي كتير قدامي لمجرد انهم كانوا رافيضنها. صحيح المبدأ بتاع اهلي كان رجعي شوية. لكن هما كان ليهم وجهة نظر مختلفة ومكانوش عاوزين يقولوها صريحة فا اتحججوا بان هي مطلقة ومتنفعش وده اللي خلاني اتمسك برأيي، وكنت مبسوط جدا اني اخدت الخطوة دي وانقذت طفلين كانوا علي ما يكبروا شوية هيلاقوا ابوهم مات لانه كبير ده غير انه مش موجود اصلا ولا بيسأل فيهم ولا بيصرف عليهم لا بعد جوازي ولا قبله. ولادها ملايكة وبيحبوني جدا وميعرفوش اب غيري وده اللي مصعب الموضوع عليا. لكن مراتي مؤخراً بتتعامل كانه امر واقع علي اهلي انهم يجوا يزوروهم ويدوهم عيديات ويجيبوا هدايا، في حين ان ابوهم شخصيا واهله مبيسألوش عنهم، بتعيب ف اهلي عشان مبيسالوش عن ولادها. انا ابويا كتر خيره كان عامل ليا انا وكل واحد في اخواتي شقتين ف بيته الجديد، لكن بسبب اختياري مكنش ينفع اخدها تعيش ف نفس البيت وبدأنا حياتنا ف ايجار لمدة سنة ونص وكانوا اسوء سنه ونص ف حياتي. طول الليل والنهار ماسكاني، هما مراتات اخواتك احسن مني ف ايه عشان يقعدوا ف ملك وانا ايجار؟ هو انا ناقصه ايه؟ وانا والله ما بحب اجرحها، ده غير اني مكنتش مستعجل علي الجواز اصلا وهي واهلها اللي شجعوني وقالولي مش مشكلة تقعد ف ايجار طالما بتبني نفسك! المهم زنقت نفسي عشان بحبها وبيعت عربيتي وحطيت كل اللي حيلتي ف شقه ملك عشان متبقاش اقل من حد، طلعتلي فيها عيوب الدنيا والدين وكأني مقعدها ف خرابة. بسبب موضوع الشقة زنقت نفسي ودخلت ف ديون لسه مش عارف اخلص منها وبتهدد بسببها، بدأت الكوارث تظهر، معايره صريحة وندم منها انها سابت دكتور واتجوزت حيالله مهندس بيشتغل عالنت وقرف مستمر من ٣ شهور، مؤخرا بقت تقولي اهلك بيجوا يرموا اعمال قدام شقتي عشان يصيبنا الفقر. طيب انا ليه بتكلم هنا؟ في بوست شوفته من شوية بيسأل مين اعز عندك اختك ولا مراتك انا كتبت الكلام ده عشان محدش ينسى ان مفيش احن من الدم لما اختى بتفكر تيجي تزورني وتمشي، مراتي تعملي مليون حوار. دي بصتلي بصة وحشة دي قالت مش عارف ايه دي جايه ايديها فاضيه ليه في حين ان اختى هي اللي دايما بتسألني عنها، في حين اني لما جيت اتجوز نفضت لكل اهلى واولهم اختى اللي كانت اقربهم ليا عشان فرق السن الصغير، مش عاوز اطول عليكم بس من شوية افتكر حاجه وجعتني واحنا صغيرين لما كان ابويا بيقرص عليا عشان انشف وابقى راجل، كنت بدخل اوضتي اقعد اعيط كنت بلاقي اختى جايه من اللاماكان بتطبطب عليا في حين ان مراتي واللي المفروض تكون شرعا اقرب ليا من اختي، بتشوفني متضايق ومخنوق تيجي تكمل عليا!!! المهم، انا واخد قرار الطلاق، بس صعبان عليا ولادها وابني اللي ربنا رزقني بيه منها. لكن باذن الله هوصل لحل بعتذر عن الاطالة والبوست ده مش عشان اخوف بيه اي حد بيفكر يتجوز، اطلاقا. الجواز ليه مميزات كتير بس مع الشريك الصح فا لو هتتجوز واحده في الظروف دي، انصحك تفكر كتير وتسأل عنها اكتر، لان حتى اي اتفاق هيحصل بينكوا ممكن جدا يتنسي لو حست انك شبه طليقها ف اي حاجه وطبيعي احنا بشر مشتركين ف طباع كتير بالتوفيق ليكم جميعا,anxiety
269,في حب فخامة الرئيس البلبيسي للي مش عارف السيسي قدم اعتراض لمجلس النواب على قانون الإجراءات الجنائية عشان يسمح بالتحقيق مع المتهم منغير المحامي بتاعه ده اللي السيسي بيعمله بجانب سجناء الرأي و الاختفاء القسري و التعذيب في السجون و السجن الاحتياطي لمدة ٦ شهور او اكتر في الوقت اللي الشعب فيه بيهلل للسيسي طبعاً ده بعد سنتين كاملين من السكوت عن انتهاكات اسرائيل و خرقها لمعاهدة السلام و التطبيع معاها بالشفاء,neutral
270,لا يوجد فرق بين الزواج التقليدي او عن حب السلام عليكم، في بداية الموضوع انا غير متزوج عمري ٣٣ سنة،حبيت اعطي خلفية عن نفسي عشان ما تاخذني بجدية مره بس، وجهة نظر. اعتقد من وجهة نظري انه ما في فرق ابدا بين الزواج ع ن حب او تقليدي، الحقيقة قبل ما تعيشون تحت سقف واحد مافي شي حقيقي، قبل ما تبدا مسؤوليات تتوزع بينكم حسب اختصاص كل احد كله كلام فاضي، ونشوف الغير مسلمين في الغرب تحديدا يدخلون في علاقه ويسوون كل شي يسويه المتزوج وبعضهم يوصل ان يكون بينهم اطفال وفي اللحظه اللي يتزوجون تبدا المشاكل وتوصل للطلاق، لان الزواج عقد مغلظ جدي مو لعب، طبعا اقول هذا الكلام لاي شخص يعتقد ان الحل في زواج عن حب او غيره، والان حنا في زمن ما اقدر اقول الاغلب ولكن على الاقل في محيطي الكثير ياخذون وقتهم وقت الخطوبه ويتعرفون على بعض، المهم ان الاطراف تعرف وش تتناقش عنه وتخلي عنها كلام الحب والعاطفه هاذي بتجي مع الوقت لما يكون موده وفي الاساس بينكم قبول مع الوقت بتصلون له، وشكرا,neutral
271,بوست في حب الحليب بالشوكولاته,neutral
272,هل الزواج عن حب يخلي البنت تراعي ظروف الزوج، لكن التقليدي يخليها تقصه قص؟ سؤال اليوم,neutral
273,بوست في حب الشيخ سمير مصطفى فك الله أسره يا أخي والله ما عارف السبب وراء حبي وحب الكثير من الشباب للشيخ دا، كلامه له أثر كبير جداً على قلبي وأسلوبه مريح نفسياً. بحزن جداً والله لما بشوف أمثال الشيخ سمير في السجون وبشعر بالإستياء ولكن لعل وعسى دا اختبار، عمري ما شوفتله حتى فيديو أو حاجة تدينه أو تخليه يتسجن، كلامه كله مؤثر في الشباب، ووالله أعرف الكثير وانا من ضمنهم كانت دروسه سبب في رقة قلبي بتوفيق الله. أسأل الله أن يفك أسره في الجلسة القادمة وأن يحشرنا معه في الجنة.,sadness
274,في حب المسامط يومًا ستشهد مسامط السيدة زينب علينا يا ابو العيال بتحبوا ايه في اكسسورات العجل؟,neutral
275,قصص زواج عن حب بس بطريقة حلال الله يعافيكم أنا رومانسية ميؤوس منها حرفيًا أحلم وأدعي بزواج يكون عن حب بس بطريقة حلال، بس والله ما أدري من وين يبدأ الشي ذا. أنا ما أتكلم مع الرجال إلا للضرورة، وحتى لو قالوا نكتة تضحك ما أضحك فصرت أتساءل إذا الموضوع ذا حتى ممكن يصير ولا لا. اكتبوا لي قصصكم الحلال، كيف تعرفتوا، كيف صار بينكم الموضوع، وكيف حافظتوا إنه يكون حلال. محتاجة أمل وبالمناسبة، مو أطلب تعارف أو خطبة ترى لسه صغيرة على ذا الشي، فـ لا أحد ينزلق بالخاص الله يرضى عليكم,joy
276,اول حب السلام عليكم ورحمة الله وبركاته انا عندي شي جديد صار في حياتي، و ما توقعت يصير معي شي مشابه في حياتي الا وهو الحب وكنت اشوفه كلام فاضي، لكن انا تخرجت قبل سنه و موظف في إحدى الجهات في برنامج خريجين، ومعنا وحده من البنات في البرنامج ما بينا اي شي وماكانت تجذبني ابدا، وهي صارت معي بنفس الإدارة لكن في فريق اخر، لكن بعد،اول ثلاث اشهر ما بينا اي شي لكن مع الوقت البنت كل مالها تصير أجمل بعيني وتبدأ تعجبني اكثر من ناحية الجمال و من ناحية الشخصية و الذكاء و ضحكتها و ابتسامتها و فيه يوم صرت معها بنفس الكورس في نفس الطاولة و من بعدها انا بديت اتعدى مرحلة الإعجاب، وبعد فترة اذكر حلمت فيها وقمت من النوم سعيد، لكن الى الان ما اشوفه حب، وبعدة فترة جتني في الدوام تحتاج شغله في العمل و حاولت اساعدها لكن ما يمدي لان الموضوع عند شخص اخر، وقالت خلاص شكرا لان ما قدرنا ولا فيه بديل، لكن ما وقفت هنا ورحت حاولت أدبر الموضوع و الحمدلله قدرت اساعدها، و ارسلت لها ايميل و خلص الدوام و مشيت ولا ردت علي ولا قالت شكرا، لكن بعد ساعة ارسلت لي بالواتس انه كنت ادورك و ابي اشكرك و ما قصرت وانا بعدها قاعد ساعات مبسووووط جدا، و ايضا الى الان منب مستعوب انه حب، الا و بعد فترة احلم فيها ثانيه وحسيت انه فيه شي غلط عندي لان الوضع عندي صار كل ما مرت وشفتها انبسط و يتحسن مزاجي وبعد فترة من التفكير اكتشفت اني خلاص غرقت في حبها، و ايضا ذاك اليوم رحت ادور لي اي شي بالشغل عشان اروح اسئلها عنه وقعت يوم كامل افكر ومنفس لكن بعدين سويت الخطه و رحت سألتها و ساعدتني و الصدق اني كنت مبسوووط اني سولفت معها و كملت يومي ذاك اليوم سعيد جدا. حكم اني تأكدت اني حبيتها ف طبيعي بعد الحب وش الخطوة القادمة انه اتعرف عليها اكثر و بعدها الزواج ولاهو توجهي تشبيك بنات وقلة حيا الى الان الحياة ورديه، ونجي للمشاكل اول مشكله الا وهي ان البنت متفتحه و انا جاي من بيئة محافظة يعني مثلا انا طول عمري ابي ان زوجتي تكون منقبة لكن البنت محجبه مب هنا المشكله بعد بحث و تحري حصلت حسابات البنت في السوشال ميديا و لقيت ان البنت ما تتغطى نهائي خارج المملكه اللي جلطني احس انه عادي اتقبل الشي هذا مع اني اشوفه غلط و بديت،الفترة الاخيره احس عادي ومهب شي كبير اهم شي محترمه و تصلي و مسمله المشكله الثانيه الا وهي ان البنت من عائلة ما تناسبنا من ناحية النسب و تعرفون عندنا بالسعودية الشي مهم جدا المشكله الثالثه ما ادري اذا البنت اصلن مهتمه فيني او ما طقت لي خبر نهائيا ايضا انا معي احد اجنبي بالدوام مسلم سألته عن رأيه بالموضوع وكان يشجع و يقول هذا طبيعي و رح كلمها و قلها و من ذا الكلام و قلت له المشاكل قالي الموضوع بسيط والى آخره لكن طبيعي بالنسبه له بحكم انه طول حياتي في بلاد اجنبيه عموما وش اسوي الحين، انا الصدق مستعد أوقف قدام اهلي اكلهم و اصمل عليهم اني ابيها، وطبعا انا ما ابي الا الحلال لكن مادري هل هي تستاهل هل هي بتوافق اصلاً الصدق اني ادعي بصلاة الفجر ان الله يرزقني الزوجه الصالحه انها هي تكون الزوجه الصالح، عموما اخر اسبوعين انا في شبه توهان مع نص اكتئاب ما غير افكر فيها,sadness
277,خلاص لقيت حب حياتي رسمي,neutral
278,هل فعلا يمكن للرجل يعمل علاقة بلا حب؟ وهل زوجته ملزمة دايما تلبي طلباته حتى بدون وجود حب؟,neutral
279,سابتني عشان واحد بيقبض اكتر مني بعد حب اربع سنين انا عندي سنه وبقبض حاليا الف كنت بحب بنت بقالي اربع سنين وخلاص كنت هتقدم جت قالتلي ان مرتبي مش كافي والدنيا صعبه واننا مش هنقدر علي المعيشه مع ان اهلها واهلي ناس عاديه يعني مش ساكنين في كومباوند ولا حاجه راحت واتخطبت واتجوزت في اقل من اربع شهور لواحد شغال قبطان بحري وتقولي معلش بقي هي الدنيا كده فرص وبيعمل قدك مرات في الشهر ما علينا انا مش زعلان عليها بس هي البنات فعلا بتشوف الراجل مجرد رقم و اصل لو كده بقي يبقي احنا نشوف الست كاداه لتفريع الشهوه وخلاص انا مش فاهم يعني ايه في اربع شهور خطوبه وجواز هي جعانه اوي كده؟؟؟ وعلي كلامها مرتبي خايب دولار وتقولي اصلك بيترمالك فتافيت من الشركات الي بره,neutral
280,مين حب قبل كدا؟ ممكن توصفلي شعورك؟,neutral
281,بوست في حب البنات المتدينة بقي عندي انجذاب كبير ناحية البنات المتدينة اللي بتتقي ربنا الواحد بقي يحس ان البنات دي كنز في الدنيا و في الآخرة وان اجمل حاجة ان الواحد يلاقي الواحدة اللي تقربه اكتر من ربنا والعكس بردو وتبعده عن الحرام ايا كان يعني والحياء حاجة حلوة جدا بحس ان البنت كيوت خالص وبريئة ولو لابسة خمار يا سلام بقى سبحان الله الواحد من اللي بيشوفه يوم ورا يوم البنات دي بتكبر في نظري اكتر و لو ربنا راضي عني هيرزقني بواحدة كده,neutral
282,تتجوز صالونات ولا عن حب قبل ما حد يجاوب شويه حاجات تخليها ف بالك ١ لو الجواز صالونات هتقدر تتشرط او تتتنك ف موضوع المواصفات العاوزها او عاوزاها ف شريكك يعنى مثلا لازم عربيه الخ عكس الجواز عن حب البيخلى الواحد يضحى بحاجات كان عاوزها ف مقابل ان ده شخص انا بحبه ٢ مع الوقت الحب بيقل ف لو انتو بتحبو بعض بقالكو سنين و اتجوزتو ف سنوات البرايم بتاعت حبكم و انتو متجوزين هتكون اقل ٣ جواز الصالونات تقدر تقع مع شريك قذر و يكون بيضحك عليك او عليكى ٤ جواز الصالونات تحسه اكنه نتيجه انتا بتروح تعرض نفسك اكنك سلعه للشخص التانى و الشخص التانى بيكون سلعه ليك برضو ٥ ماقيش حلال و حرام مجرد قواعد الفيفا بس ف مهتم اعرف رائ الناس عشان زهقان,joy
283,حب النبي صلى الله عليه وعلى آله وسلم,neutral
284,الشاب السعودي بعد ما يقبّل ١٠ رجال على شومهم و يلبس فستان يوميًا و يكتب قصايد حب عن صديقه و يحقد على النساء بعدين يجيك يهبد عن دور الرجل و المرجلة نصيحة كل ما احد جاب لي طاري المرجلة و جا يتكلم عن الرجل و ليش هذا الشي يصلح ولا لا على الرجل ولا ما يليق الا بالمرأة و يجلس يخترع فرع فلسفة من عنده، تذكروا انه لابس فستان و هو يقول هالكلام. بتموتون ضحك و الغضب بيخف سبحان التنين... فعلًا اكبر دليل على ضعف حجة الادوار الجنسية و اي جدال عن الميول او التعبير عن النفس هو المجتمعات المتحجرة بالموضوع هذا. زي ما انت تشوف الرجل الصيني بالشرق ما يرفع صوته لأن المجتمع مبني على كذا، تروح تقول عنه مو رجل حقيقي بعدين ترجع البيت و تتذكر انك ما كلمت ولا مرأة من ٣٠ سنة و مافي اي دليل انك رجال قوي يحب النساء و راعي بيت و ينجب عيال و واو و شنب و قهوة و صراخ و خرا بوجهك غير انك يمكن تقذف بنات كل مره تطلع و انك تلحس قدم اي رجل مكانته اعلى منك بدوامك,anger
285,حد هنا اتجوز اللي بيحبه خصوصا حب الطفولة ؟ انا معجب بيها من اولى ابتدائي تقريبا ودلوقتي احنا في رابعة انا بشري وهي اسنان مكلمتهاش عشان حرام وكنت ولازلت عاوز اتقدم رسمي في بيتهم. بس بزن على اهلى عشان اخطبها من زمان اوي حاولت افتح مشروع قبل كده وخسرت فلوس واشتغلت في كذا مجال في اخر ٥ سنين ومنفعش وحاليا بشوف مجال جديد فهل حد نجح انه يتجوز اللي بيحبها ولا انا ببهدل نفسي على الفاضي؟ لان الياس بدا يتسللي بعد الفشل الكتير ده الواحد تعب بصراحة بس ربنا يوفقني اللي شغال فيه ينجح واتقدملها ان شاءالله,neutral
286,هل فية حاجة اسمها حب ؟ علشان فقدت الشغف فشخ فى الموضوع دا,neutral
287,ابغى اتزوج عن حب بصيح من فكرة اني بتزوج تقليدي رغم انه افضل من الحب ميزه الحب بتزوج واحد اعرفه لكن التقليدي بسمع عنه وكيف انه كويس او لا مارح اعرفه صح الا بعد ما اتزوجه,neutral
288,أنا وليلى حب من أول قعده ليلى بتيجي تقعد معانا دايما اول لما نروح القهوه حتى لو مش جايبين اكل أصيله برضو، بس بحسها قطه بيت وهربت او صحابها سرحوها، عموما حبيت انشر قصه حبنا,neutral
289,الخضوع حب ولا فى وراى شى تانى ؟ كنت بكلم وحدة من فترة وكانت بتحكيلي مشاكلها وبتاع وانت بسمعها وبصنعة لطافة كنت بريحها ف الكلام يعنى واسمعها وكدا ف المهم لما بكون مشغول أو وراى حاجة ومش بعمل كدا بتقولى انت بتكرهنى لية وبتقولى انا هعملك إلى انت عايزة بس متبعدش عنى مع انى مبطونش بعيد عنها ولكن مشغول شوية اقصد هى انسانة طبيعية ولكن بتكرر كلمة كل شوية هعملك إلى انت عايزة انت قول وانا هنفذ حاسس ب نبرة خنوع ونا مجاش ف بالى اعمل معاها حاجة غلط يعنى بس خايف تكون عملت كدا مع حد قبلى قبل كدا,neutral
290,اعادة احياء حب المراهقه انا ريال ناوي اعرس وكنت اعرف وحده من زمان وتركنا بعض لاسباب شخصية ودينيه وتبنا توبه ان شاء الله انها نصوحه اعرف اخطائها وتعرف اخطائي تعرف طبيعتي واعرف طبيعتها اعرف بيئتها وبيتها وتعرف بيتنا وبيئتنا وبنت عرب وقبايل ويوجد تفاهم ومودة ولكن نحتاج تحسين في بعض الجوانب هل برايكم اتوكل على الله وشو الاعتبارات الي لازم اخذبها,neutral
291,حب البنات للشباب الاكبر ايه السبب اللي بيخلي البنات دايما ميحبوش غير الاكبر منهم؟ مش قصدي ك فيتش البنت مبترضاش بأي حد اصغر منها حتى لو شهر و ممكن ترضى بحد اكبر حتى لو شهر برده ف ايه الفكرة بقا؟ اصل لو هي نقطة انه شخص ناضج و يعتمد عليه ف ممكن يكون الاصغر ده انضج و انجح و يعتمد عليه اكتر,neutral
292,رساله للناس الي مش عارفه تتعرف علي بنات او شايفين ان الصالونات وحش ومفهوش حب جاي اوضحلك يا غالي المعني الحقيقي لكل دا دلوقتي انت ازاي عايز تتعرف علي بنات وانت مش بتبذل مجهود؟ من انواع بذل المجهود وهو انك تهتم بشكلك وتهتم بمهارتك الاجتماعيه وعلاقتك الاجتماعيه في حياتك مبدئيا عشان تتعرف علي بنات في اطار حلال هو انك تروح تخطب بنت هي عجباك وبمعني انك بتشوف دايرتك سواء شغل او او وتشوف شكل البنت تاني حاجه تشوف سمعه البنت واخلاقها وتربيتها وقتها بتروح تخطب البنت وتقعد سنه اتنين تلاته تتعرف عليها زي ما انت عايز البنت عجبتك اتجوزها معجبتكش متتجوزهاش وشوف واحده غيرها الموضوع بسيط الموضوع قسمه ونصيب مش محتاج تخرج مع بنت من ورا اهلها اي حد يقول جواز الصالونات وحش دا راجل اهبل ومجربش معني الحب الحقيقي في اطار اسلامي بنسبه للقايمه والرعب منها وان الزوجه تخونك والشغل دا انت تجيب حاجتك بنفسك والبنت ليها عندك مهرها وبس الموضوع مش صعب لو الاهل رفضوه وانت لازم تمضي قايمه عشان تضمن حق البنت قولهم انك مش هاتمضي ودا الي عندك حابب بس افكرك يا عزيزي القارئ ان في بنات كتير اوي اوي في مصر الحياه مش هاتقف علي واحده انت مش هاتموت لو متجوزتهاش اهتم بنفسك قبل ما تهتم باشخاص اخرون خليك علي وضعك وافتكر ان العبد الي بيطلب العفه ربنا بيوفقه دايما,anxiety
293,كفاية حب وعلاقات فاشلة ع النت يخواتي,neutral
294,معرفش ليه بس الرسمه دي فيها حب لا يوصف لقيتها علي الفيس و مش لاقي الراسم الاصلي,neutral
295,حب التخصص اللي دخلوا التخصص اللي بيحبوه كيف كان مشواركم هل كملتوه للآخر ولا غيرتوا وهل كانت علاقة توكسيك؟,neutral
296,حب من طر فواحد انا معجب بواحده فى درس العربيى بقالى فتره هى معيا فى الدرس بقالها سنتين معرفش لى انا ببصلها وى بطول النظر وى هى ولا فى دمغها اى حاجه بعملها ولا هنا سعات بطيل النظر اول ما تبصلى بصه واحده تروح مره واحده كارفه هى لى بتتجاهلنى انا بحاول بس مش عارف هى متجاهله تماما هى شكلها عرفت بس ولا كانها هنا يعنى مره كان فى امتحان وى العيال كانوا بيسلموا الورق لقيتها عنيها جت فى عينى قعدت حوالى ثوانى بتامل فغيها وى هى قطعت النظر انا مكسوف مش عراف اعمل اى فى واحد صاحبى اخد باله وى عمال يقول لى اعترفلها وى انا بقول له انت عبيط مش عارف انا بحس انى لما ببصلها بشعر بالسعاده انا بقيت بحاول اقرب منها وى بقعد فى اقرب بنش ليها هو اصلا المجموعه صغيره حوالى واحد فا المسافه بنى وى بنيها حوالى متر نص متر يا جماعوا قولوا ليا عمل اى ؟,neutral
297,واقع في حب الالبوم ده,neutral
298,هل الزواج عن حب كذبه ؟ بديت اصدق كلام امي انه الحب بعد الزواج الله المستعان.,neutral
299,وش سر حب كبار السن للفول والتميس تحس هذا الشي اللي يحفزهم بالحياة تحصل رجل ستيني متقاعد مكتئب عليه ديون لكن مجرد مايجي طاري الفول والتميس تتغير نفسيته,neutral
300,اول بوست ليا في حب الشاي,neutral
301,اي سبب حب بعض الاشخاص للمطلقات والكبار في السن,neutral
302,ف حب الصب شات جبت صاحب فكرة الفرعون,neutral
303,لا يوجد صداقة او زمالة للرجل مع النساء الا يجب ان يوجد حب,neutral
304,بوست في حب الفنانة سيرين من اكتر الناس الكرييتف ودمها خفيف وبتديني طاقة ايجابية، بوستات نشرة الاخبار ومحاكمة الكولونيل والحاجات التانية العشوائية وطريقة الرواية باللغة العربية، اسطورية والله كيب جوينج,neutral
305,بوست في حب الي بنحب اكتبولنا اشي انتوا ممتنين على وجوده بحياتكم، انا عن نفسي ممتن بوجود اهلي وصحابي وبحب انه شخصياتهم استثنائية من ناحية ادراك للدنيا ومن ناحية تعامل وممتن لكثير اشياء ثانية بس هم بكونوا أول شي بخطر عبالي اعطونا جرعات تفائل لبداية اسبوع حلوة,neutral
306,هل عندكم حب غير مبرر لمدينة معينة؟ احب الشرقية لدرجة نفسي اذا ارتبطت استقر فيها باقي حياتي ، ما اعرف ليش بس احسها منطقة هادية واهلها هاديين,neutral
307,شو أسباب حب فئة في الأردن لهتلر؟ كثير منسمع عبارة يا ريته هتلر كمل عاليهود بتنزل عوسط البلد بتلاقي كتاب هتلر كفاحي معبي البسطات قد ما عليه طلب هل تعلم عزيزي العربي انه هتلر والنازية الألمانية كانوا مؤمنين بتفوق عرقهم الآري. لما قرروا يبدأوا بحملة الابادة المسماة بالهولوكوست هم استهدفوا اليهود بشكل رئيسي واستهدفوا معهم مجموعات ثانية مثل البولنديين والسلافيين وذوي الاعاقة حتى!! ولو كان في جالية عربية أو مسلمة كبيرة بألمانيا كان أبادها معهم لقدام بعد ما خلص منهم. حط أبرياء منهم رجال اطفال نساء في معسكرات شغلهم شغل اجباري وغيرهم قتلهم بغاز سام أصلا لولا هتلر والنازية الألمانية والهولوكوست كان ما قامت اسرائيل!! يهود أوروبا شافوا الضغوطات اللي صاروا يتعرضوا الها ومنهم هرب من النازية على فلسطين اللي شهدت اعلى نسب هجرة يهودية بموافقة البريطانيين طبعا هي في الثلاثينات بعد استلام النازية الحكم في المانيا سنة فكيف ممكن لفئة منا تدعم ابادة مجموعة دينية كاملة؟ وخصوصا انه المجموعة الدينية هاي هي يفترض من أهل الكتاب؟ والابادة هي سبب رئيسي في احتلال فلسطين سنة ؟ شو الأسباب؟ الزبدة كراهية الكيان الصهيوني مش لازم تعمينا عن بوصلتنا الاخلاقية من خلال لوم اتباع دين كامل اليهودية على حركة سياسية من ضمنهم اسمها الصهيونية. ملان يهود ضد الصهيونية وملان عرب مع الصهيونية. خلينا نكون اوعى من هيك,neutral
308,نهاية حب الطفولة المأساوية لما كنت بثالث او رابع ابتدائي السواق الي اروح معه للمدرسة كان ياخذ بنات واولاد الحي. المهم ولعل كان في ولد اكبر مني بسنتين ومعي بنفس المدرسة كان هه هو الكراااش الله يسامحني والمشكلة الولد كان واضح داشر وما اعرف عنه غير اسمه. المهم ماقد تجرأت وصارحته الحمدلله بزر حمار لكن خطوة اهني نفسها عليها. بيوم كنا جالسين انا وامي نتابع فيلم هندي الظاهر الفيلم هو الي حرك مشاعري وقررت اصارح امي وليتني ما صارحتها شكلي كنت احسب اننا اوبن مايندد وكذا المهم انجلدت والباقي أسرار بيوت . خخخخخ حتى بعد ما مرت على السالفة سنوات كنت كل ماشفت الولد تذكرت التروما الي مريت فيها بسببه,neutral
309,ايه العيب انك تظهر حب في مكان مفتوح انا عايش برا مصر والعلاقات بين الجنسين في الشارع عمري ماشفت اتنين سخنين هيجانين علي بعض في الشارع كل اللي بيحصل احضان وبوس اشتياق او سلامات او وداع وعادي مغهاش سفاله ولا هيجنه لكن الهلع اللي بنشوفه في مصر عن اي حد يلمس واحده فمكان عام بيبقي بضان بجد فكره اننا فمصر نبضن علي اي حد بيتعامل بحب مثلا يمسك ايد او يبوس او يحضن خطيبته حبيبته مراته صاحبته ليه نبضن عليهم ليه نتكلم معاهم اساسا ؟؟؟؟ مثلا يعني هل احنا حيوانات محتاجين توجيه دايما والا هنعد كلنا ننيك فبعض ليل ونهار؟؟ بجد مفيش جهل اكتر من كدا نفسي الافكار دي تتغير,neutral
310,بوست في حب الايس كريم في دخله الشتا,neutral
311,لا تقليدي ولا عن حب ما أبي اتزوج تقليدي وبرضو ما أبي عن حب ما أصدق حقين السوشل ميديا وعندي والواقع التواصل محدود بالجنس الآخر ولا أبيه والعلاقات حرام ما أبغى أقرب لها أبي اتزوج عن معرفة مسبقة فقط أعرف وحدة سوتها وزواجها كان ناجح ودخلت هذي الطريقة بمخي بس صعب تطبيقها,neutral
312,في حب السودان و أهل السودان من آكتر الحاجات إللي بستغربها حقيقي العنصرية ضد أهلنا في السودان و اننا بنتعامل معاهم علي أساس إن مصر مش بلدهم، يعني إنت عندك أول رئيس مصري كان سوداني و أم السادات كانت سودانية و دايما تاريخ مصر و السودان واحد، شعب واحد إللي فرقة الحدود، يعني أنا شايف إن أهلنا في السودان إللي هنا هي هي نفس فكرة إن لو حصلت مشكلة في القاهرة فاهلها راحوا إسكندرية أو العكس البلد واحدة. حاجة كمان كل الحب لجمال اهل السودان و لهجة أهل السودان، أنا مجرد ما بسمع واحدة بتكلم باللهجة السودانية حقيقي ولا لهجة لبنانية ولا غيره. الغرض من الكلام مش إني اجرح في فكرة الدولة المصرية و الوطنية و أن إحنا شعبين مختلفين علي الرغم إن بينا تاريخ مشترك و جغرافيا متداخله، النقطة كلها إن لو أهل السودان غريب عننا أو مش مننا عشان عندنا اختلاف ثقافي معاه، فهل نقدر نطبق ده علي النوبة أو عرب سينا و مطروح أكيد لا، فحتة الحدود السياسية مش هي إللي هتقسم الشعب نفسه، و فكر إن كانت حدود مصر الانجليز شالوا منها النوبة، مش كنا هنقول عليها نفس الكلام؟ عموما أي مواطن سوداني أو سوري أو فلسطيني أو عربي مسلم ماينفعش اصلا يتقال عليه لاجئ بل مهاجر، اللاجئ دي تقولها علي الاوكراني مثلا إللي جه بسبب الحرب,neutral
313,الصب صار كله سوالف حب وعلاقات طفشونا وكلهم بزوره المشكله على ايامي لما كنت بعمرهم كنت احب نفسي و الانمي والاغاني الكوريه والافلام والمسلسلات فقط للحين نفس وضعي الحمدلله,neutral
314,اعتقد انه كل جيمرز العرب يتفقون في حب,neutral
315,في حب ما اظنش اني شوفت حاجه الشخصيات فيها واقعيه زي المسلسل ده,neutral
316,اول حب بحياتكم بعده موجود لو لا ؟ وشصفى بي الدهر ؟,neutral
317,حب حقيقي حاسس اني عاوز اتكلم لأني هنفجر من كتر الكتمان وعدم مصارحه نفسي بالكلام دا ف قولت ممكن لما حد يشوف كلامي ينصحني اتخطي ازاي أو ايه اللي انا فيه دا اساسا اولا هتكلم عن نفسي وملخص لشريط حياتي سريع ف انا بتأسف لو البوست طول مني خلينا نبدأ من ابتدائي انا كنت شاطر جدا في ابتدائي وكان عندي بعض الغرور ب شطارتي بس طبعا مش بعمل اي حاجه ل اي حد نهائي كنت بفرح اوي ب اعتزاز المدرسين بتوعي بيا وهكذا وكنت بشارك في حاجات كتيره اوي ف كنت معروف يعني بس ولا كنت وسيم ولا نيله ف وقتها كنت اول مره احب في حياتي بنت معايا في الفصل يعني لعب العيال دا انا فاكر اني في ابتدائي صاحبت بنات بس كلهم كانو عاوزين بس حته انها مصاحبه الفلان دا الشاطر اوي والكلام دا بس واحده منهم كلمت واحد عليا من فصلها والتانيه انا سبتها بعد ابتدائي والتالته مكنتش بتحبني اسااسا ف انا قولت كل الكلام دا وهوا مش مهم نهائي بس عشان اسرد القصه كامله اول مره احب في حياتي كانت بنت معايا في دروس اولي اعدادي اتوقع دا كان اول مره احب فيه بجد وحب صادق فشخ وكان معروف عني اني محترم جدا ومؤدب وكويس وكل الصفات الحلوه في اي حد دي بس مازلت مش وسيم وفضلت افليرت علي البنت دي سنه واتنين وتلاته دون اي اعتراف ليها ب اي حاجه وانا بجد كنت بحبها من كل قلبي وكنت بستني نطلع من الدرس واجري علي بيتي عشان اقف في البلكونه واشوفها وهيا معديه في الشارع وانا مش باين من البلكونه جيت في تالته اعدادي صارحتها ووقتها قالتلي انت كويس جدا ومحترم بس انا مش بفكر في الموضوع دا نهائي عشان امي بتزعقلي و هيا مش عاوزة مشاكل والكلام دا انا احترمت وجهه نظرها جدا وبالعكس بدل ما اتدايق منها علت في نظري اكتر اول مره اتحط في الموقف دا مكنتش اعرف اني بترفض اتفاجئت بعدها ب اسبوع انها ارتبطت ب صحبي اللي معانا في كل الدروس بعد ما ساب صحبتو القديمه وهيا وافقت وبقو الاتنين يقعدوا قدامي في الدروس يحبو في بعض وانا قاعد شايف كل دا ومش عارف اعمل اي حاجه اعتقد من اللحظه دي بطلت احب حد تاني بس لسا الكلام كتير اوي بعدها ب فتره واحنا لسا في تالته اعدادي كنت عرفت بنت تانيه معانا في المدرسة بس ولا عمري اتكلمت معاها ولا اي حاجه بس جبت رقمها ووصلت ليها اني عاوز اكلمها كنت بدأت احب تاني بعد الصدمه دي في الاول البنت دي رفضت تكلمني بس انا صممت اني اكلمها ف كلمتها وهيا صاحبتني مكنتش اعرف برضو انها بتسلي نفسها وكدا جينا في الاخر بعد امتحانات تالته اعدادي وصل ليا كلام من ناس غريبه اوي معرفش اسماؤهم حتي ان البنت دي مرتبطه وبتحب سواق توكتوك طب يعني ايه ازاي متقولش ليا حاجه زي كدا قالتلي ان انا شايفه ان دا مش موضوع مهم نتكلم فيه يعني قولتلها ماشي وبطلت اكلمها ف ادركت وقتها انها كانت بتتسلي بيا واني كنت لعبه وخلاص بدأت جزء جديد في ثانوي والجلو اب بقي والشغل العالي واهتميت ب نفسي نيك وبقيت خلاص كاره كل الناس دي وكرهت حرفيا التعامل مع البنات اساسا من بعد اللي حصل معايا دا ليه يحصل معايا كل دا يعني مش شايف اني استحق اترفض او اتعامل بالطريقه دي وتقريبا من وقتها محبتش بجد، بعد الجلو اب انا وصل بيا الوضع ان البنات بقت اللي تدخل تكلمني وبالمناسبه البنت بتاعه سواق التوكتوك دي دخلت كلمتني تاني هموووت بس انا طبعا اديتها بالشبشب ومن وقتها بقي في ماسوره بنات ضربت في وشي بس انا ولا عارف احب ولا عارف اثق في حب ولا عارف اتنيل علي عيني واضحي عشان حد ولا ابيع عمري عشان خاطر حد بحبو بجد يعني في فتره ثانوي دي مش اقل من بنات اعرفهم من المنطقه بتاعتي كلموني وفتحو معايا كلام ويحبو فيا والكلام دا بس انا طبعا مش قادر احب حد ولا ادي مشاعر لحد ف كنت بصاحبهم بس جيت في تالته ثانوي عرفت واحده من علي الفيس طلعت معايا في دروس مشتركه كتير ف اتكلمنا كتير اوي وحبيتها وكنت مسيطر عليها يعني ف ارتبطنا حوالي سنه ونص بس دي ولا تعرف عني حاجه ولا عرفاني من صغري ولا الكلام دا يدوبك كلمتني عشان عرفت اني عندها علي الفيس وشافتني في الدروس والكلام دا واكتشفت أنها كانت بتعمل كام حاجه كدا عشان تكلمني في الاول وانا عارف انها كانت بتحبني اوي وكل الكلام دا بس انا برضو مهما اديت ليها مشاعر انا بعمل كدا عشان مجبر وأنها مرتبطه بيا والكلام دا بس لو جه أضحي ب حاجه او اي شئ عشانها بقولها كسمك ومش هعمل حاجه وكدا والدنيا كانت بتمشي عشان هيا بتحبني و اول غطله عملتها معايا روحت سايبها وفضلت داخل في سنه لحد دلوقتي بالمناسبه لسا بتحاول تكلمني تاني او تبين انها عاوزة تكلمني بس انا رافض تماما ودلوقتي انا في الجامعه اول ما دخلت الجامعه برضو واحده كلمتني بس دي مشكله بقي يا جدعان جامعه يعني نزول كل يوم الكليه يعني بشوفها يعني بنتقابل يعني ويعني ويعني والبت فشخاني مشاعر حرفيا وبتعمل ليا حاجات كتيره نيك انا مش بطلبها منها كأني متجوزها مثلا ودلوقتي احنا اساسا في مرحله وصلنا بقينا بنسكس شات مع بعض يعني داخلين علي مرحله سودا بس انا مازلت مش حاسس اني بحب ولا عاوز اضحي ولا عاوز اساسا احب يعني معنديش مشكله انها تبقي صحبتي وبالفعل دا اللي بيحصل بس قصدي ليه انا مش عارف احب واعيش زي الناس مع اني خلاص مشكلتي بتاعت زمان اتحلت وبقيت وسيم لما اهتميت بنفسي والبنات هتموت عليا والكلام دا البنات هتموت عليا دي كنايه عن الاهتمام مش بتنطط ، اتوقع انا كدا خلصت اعمل ايه يا جماعه ارجع بيها طاقتي نسيت اقول حاجه اني طول الوقت حاسس ان المشاعر دي مزيفه او الي ذلك يعني كل حاجه بتحصل لحظيه لأني عارف انها هتخلص في وقت ما ومش دي اللي هكمل معاها حياتي والكلام دا ف هل حد عندو حلووووووووول وشكرا,joy
318,حب التملك ؟ مدري اذا هذا يعتبر حب تملك بس انا اذا حبيت شخص و كان قريب لي جدا مرات ازعل اذا كان مع غيري مثلا انا صديقتي المقربة الوحيدة علاقتنا انا وياها اكثر من صحبات اكثر من سنوات وهذي السنة اول مرة ادرس معها بنفس الفصل كنا ندرس بنفس المدرسة بس باقسام مختلفة ولاحظت اني ابغا اكون دايما معها و دايما ابحث عنها لدرجة ما ابغى افترق عنها يعني خرجت اخرج معها جلست في مكان معين اروح اجلس جنبها المهم و لاحظت انها عكسي يعني هي صح دايما تبحث عني و تكون معي بس مرات تكون تضحك مع صحبات ثانيات ، مثلا تروح عند مجموعة ثانية و تلعب معهن او شي زي كذا بس انا طول ذيك الحصة اتبعها ولا تقولو ما تحبك او شي العكس ادري انها تعزني ولما تشوفني جالسة لوحدي تجي عندي و ماتخليني وحيدة بس والله مدري ايش هاالشي و كمان لما نكون سوا بالبيت هي عادي عنظها تجلس بغرفة وانا بغرفة ثانية احنا تقريبا عايشين نع بعش ودايما مع بعض بس انا لا لازم نكون بنفس الغرفة يعني ليش احنا مجتمعين في بيت واحد يعني عشان نكون مع بعض . و شي ثاني ، مثلا اذا شخص ثاني كان قريب لي و اعزه و مكانته خاصة بقلبي ابغاه يكون هو نفس الشي يعزني و الاشياء الي يسويها معي ما يسويها مع غيري بس هذا مو دايما، ادري انه غلط و احاول ما اشيل بقلبي مرة ثانية في صديقة اعرفها من زمان مرررة تحبني كانت تمدحني مدح مو طبيعي بيني و بينها في الخاص يعني حسيت خلاص البنت مرة لطيفة بس بعد شوي بنفس الوقت مدحت وحدة ثانية كانت معنا في القروب و قالت تقريبا نفس الكلام و قلت خلاص المدح الي مدحتني مو صادق و زعلت . بس طبعا كل هالشي ما ابينه لاحد او اقوله لاحد حتى صديقتي المقربة يعني اخليه بيني و بين نفسي و بس,joy
319,تبغون تتزوجون عن حب ولا تقليدي؟ وايش تتوقعون الي حيصير,neutral
"320,""تقليدي أم عن حب؟ ملاحظ أن الوضع تحول إلى أحزاب, حزب التقليدي ينقد على الحب وحزب الحب ينقد على التقليدي, وكل واحد يقول طريقة الثاني فخ. كون أن عندك حالة حالتين سلبيات لا يعني أن السلب راح ينطبق على باقي الحالات اللي من نفس النوع. كل حالة فريدة من نوعها, خصوصا فيما يتعلق بالزواج لأن المتغيرات والمؤثرات لا تحصى فمب من الإنصاف أننا نربط نجاحه أو فشله بكيفية حدوثه. ما تبغي عن حب لا تحب, بس ما يمنع ترتبط بعد معرفة وتواصل. ما تبغي تقليدي لا تقلد, بس الحب مب بالضرورة يسبق الزواج عشان ينجح, والمشاعر أحيانا تطغى على العقل. الوسطية زينة خصوصا في أمر مصيري مثل الزواج. . في نفس السياق عندي تعقيب. قريت لبعض المشاركين أنهم يرون أن أمور مثل سمعة البيت والالتزام الظاهري هي المعيار الأول والوحيد وجهة نظر شائعة. الأول ما نختلف عليه, لكن كونه الوحيد أحيانا لا يكفي والتثبت مطلوب. أعرف بيت, الأب والأم يضرب بهم المثل في الالتزام والأخلاق, الابناء معروفين بالالتزام وحسن الخلق, محترمين وسمعتهم طيبة جدا. هذا ظاهريًا. في الحقيقة أحد الأبناء ملحد التزامه تمثيل عسب يتجنب المشاكل, طبعا الأب والأم ما يدرون. نعم يوجد حديث فاظفر بذات الدين وحديث من ترضون دينه وخلقه, الحث على الاهتمام بالدين لا يعني أن أقاويل الناس هي الطريقة الوحيدة للتثبت من دين الشخص وأيضا لا يعني اهمال باقي الجوانب, كون الدين معيار أولي لا يعني أنه الوحيد. الزواج أكثر أنواع العلاقات الاحتماعية تعقيدا وقد يكون الطرفين صالحين دينا وخلقا و يحصل انفصال بسبب عدم وفاق في الطبائع أو أسلوب الحياة أو القيم أو التوجه أو حتى عدم القبول."",neutral"
321,حب النودز عندي حاجة غريبة بس بحبها جدآ بحب اصور نفسي ملط كتيييير يعني في كذا بوز و كده ممكن مره لسه صاحي مره راجع من بره اي حاجة و مره في لوكر رووم لوحدي مش عارف ليه و في الاغلب لما برجع اتفرج علي الفيديو او الصور بهيج و بحس اوف جامد اوي حد فاهم ؟,neutral
322,اشفق على اللي عنده حب تنافسيه عالي والله يا اني اشفق عليه وأرحمه فعلا مسكين الله لا يبلانا ترا اللي كذا تلقونه اكثر شخص مهزووووز من داخل حتى لو بانت شخصيته قوية تراه هش بشكل لا يوصف وتقدر تكسر كيانه وتزعزع امانه بكم كلمة توصف جروحه الله لا يبتلينا,neutral
323,حبمجرد طفولة هل تؤمن بحب الطفولة؟ لو تقدم لك حب الطفولة بتقبلين ؟ وانت يارجل هل ستتقدم لحب الطفولة ؟,neutral
""
325,هتصدقو لو قولت ان تايلر آخر مره حب واحده كان من تلت سنين ؟,neutral
326,حب أعمى انا جاي ونزلت قبل كدا اني بفكر أبعد ..... انا مرتبط من مده بواحد وهو شخصيه محترمه جدا جدا وبيصلى وبيساعدني على الصلاه ف وقتها ولو عددت ف محاسنه مش هخلص المهم انه بدأ يقولي انا مدايق انا بقيت بفكر ف النهاية ... انا ضميري الديني بيكلمني وفي جوايا حرب ومش عارف أعمل اي انا كلمته وقتها ورديت بكلام يشجعه ويشجعني على اننا نبدأ خطوات ف البعد عن الحرام وكدا لكن انا حالا منهار ومرعوب من كلامي وكلامه بجد مش عارف هقدر اخد الخطوه دي ازاي,neutral
327,حب خواتنا المسيحيين لينا من فترة كنت نزلت بوست اللي هو اول بوست ليا خالص لو حد حابب يقراه عشان يفهمني كنت بقول ان المسيحيين واخدين حقهم بزيادة ف البلد و فوق كل ده حاسين بالاضطهاد و مبيحبوناش و بيرسموا علينا الحب المزيف و اتهاجمت من ناس مغيبة و مفكرين الحياة بمبى بس مع المواقف النوايا بتبان و هوريكم دليل ع كلامي بخصوص حادثة اغتصاب الطفل يس من عجوز مسيحي ٨٠ سنه و اتسترت عليه مديىة المدرسة الابلة المسيحية و هوريكم التعليقات ب لينك البوست ف كومنت لوحده و شوفوا خواتنا بيفكروا فيكم ازاي او لا مش فيكم دول بيفكروا ف طفل صغير ازاي و حاولوا تتخيلوا ان الحادثة دي ف مدرسة ازهرية ده غير ان المساوحة ب مطلعين اننا سبب الاغتصاب و التحرش و الكلام ده,neutral
328,عايز اقول كتير بجد في حب الديسكورد ...,neutral
329,حب الرجالة عندي اسأله كتير عشان شاكه ان حد معجب بيا بس معنديش دلائل كافيه و كل حاجة بمسكها ك دليل بحس ان هو بيحاول يبقى نايس و خلاص و اتوقع اني كلشوية هاجي اسألكم اللي حصل ده نابع من اعجاب ولا عادي ؟ هي الرجاله بتاخد قد ايه لغاية ما تحب و تبدأ تبين ده؟ كم المدة للإتنين؟ هو الراجل لما يعجب بوحدة بيعمل ازاي؟ بيتجنبها ولا بالعكس و لا طبيعي؟ و شكرا,neutral
330,اكولها بكل حزن، هذا الصب عبارة عن مقلب بال ٣ ايام الفاتت الصب ضربه اعصار وعرى هواية من عدنا. ب ٣ بوستات بس، طلعت فد تناقضات مو بس بشعة، لا مخيفة. تناقضات تخليك تفكر شنو حجم الضغط والقرف الي دنعيشه والي تخلينا نصير شخصيتين متناقضتين وحدة للعرض واللخ للغرض؟ بصراحة البوست مال بارحة جان جداً صادم ماكو اي مبرر الواحد ينشر جات خاص. بس الصادم اكثر لمن تشوف شنو مكتوب بالجات وشلون الشخص الي عنده مبدأ معين ويدافع عنه بكل قوته، يتخلى عن مبادئه بأول فرصة ممكن يستفيد منها. البارحة شفت اقسى حقيقة للطبيعة البشرية كدام عيوني. الي صار مو معناه اي طرف صح ١٠٠٪؜ ولا غلط ١٠٠٪؜، احنا عايشين بعالم نسبي ومليان وجهات نظر. الشي المؤسف لمن الشخص يتحول الى نسخة ثانية من نفسه هو نفسه ميعرفها. ما استبعد نهائيا تكون القصة والموعد والطلعة وصديقتها وصاحبها مجرد تأليف من خيال شخص ضايج ما عنده شي يسويه، وحتى جتي لحظة من اللحظات تخيلت ان الي ديتعاركون همة نفس الشخص، بس بعدين حسيت الموضوع مستبعد. الشي الي حسيته واصل للحضيض هو الفشار والغلط بالتعليقات. اعرف احنا بشر مو ملائكة بس لمن الشي الطبيعي تغلط وتسب الشخص الي معاجبك رأيه وطرحه، هنا لازم نوكف شوية. المقلب هو معظم الناس الي موجودين هنا ديحاولون يتحررون بس باقين محتفظين بقاضي صغيروني يطلعوه من جيبهم يحكم حسب مزاجهم وبدون معيار واضح. خلي نصارح نفسنا شلون نكدر نخلص من هذا القاضي الصغيروني الي ديحكم حسب قياساتنا الي ممكن متناسب الاخرين؟ لو كل واحد من عدنا عاجبه يعيش دور الاله؟,sadness
331,حزن ليه بس التكنو الي الها صب حزن وذيقه وغيره وحسد,sadness
332,حقيقي بجد لسة مخلص مانجا بتاعت بيرسيرك و حابب اقول كلمة واحدة ك جريفيث أنا عايش حالة حزن فشخاني,sadness
333,يتم حزن لماذا انت حزين ؟,sadness
334,حسيت قبل كده بضيق ف صدرك و دوخة وضعف ضربات القلب بسبب حزن او حاجه زي كده؟,sadness
335,عايز اغاني سعيدة، كل اللي عندي حزن و ده فشخ نفسيتي,sadness
336,ناقصك حزن؟ قبل ما أبدأ كلامي فأنا ضد متابعة الأفلام والمسلسلات جملة وتفصيلا وأي محتوى تتفيهي لما تحتويه من محرمات ومن مفسدات للضروريات الخمس أنا مستغرب فعلا من الناس الي تتابع فلم أو مسلسل او انمي يعتبر حزين وطابع الانمي كامل كئيب وينكد على الشخص؟ ليه؟ مو اصلا الهدف من متابعة هذي الأشياء هي الترويح على النفس والاستمتاع، سمي هذا المجال بالترفيه لسبب يعني فليش يتابعون هذا الشي؟ طبعا انا ما اتكلم مثلا عن عمل فيه شيء من الحزن او لحظات الضعف للبطل او للشخصيات ككل بالعكس هذا يخلق واقعية نقدر ننتسب لها ونلتمسها، انا اتكلم عن عمل اصلا سووه عشان الكآبة والحزن والسوداوية المحض وزعل نقي من أ شائبة للسعادة؟ ناقصك حزن لعمرك؟ تبغا هم فوق همك يعني؟,sadness
337,يتم حزن علي حسابي القديم عشان التوب ميمبرز,sadness
338,كيف تتجاوز حزن فقد احد ؟ في حال كانت صداقه انتهت أو وفاه شخص عزيز أو فقدان حبيب كيف تجاوزتها,sadness
339,هخخ حزن النت كان فاصل ولما اشتغل فرحت وبعدين افتكرت اني محدش بيكلمني,sadness
340,حزن حزين اوي ومش عارف أعمل اي,sadness
341,حزن شديد فقدت بسبوسي مبارح و حاسة جزء من روحي مات معه، لو سمحتو ازا حدا مر بالموضوع من قبل احكولي كيف اتعامل لأني والله مو مستحملة فراقه ٩ سنين كان عندي !! عاش اغلب حياتي معي و والله اني مو قادرة احس غير بوجع و صدمة انه بسبوسي حبيبي و روحي مات فجأة بعرف انهم مرحومين من الله بس يا رب اكون انا ما قصرت معه يا رب اكون رحمت فيه و عيشته حياة حلوة قد ما اقدر,sadness
342,يتم حزن شعور ان البيت بقي فاضي و كله شاف حياته و معنتش فاضل غيرك ده شعور بضين,sadness
343,يتم حزن علشان انا مش مود,sadness
"344,قبل أن تبرد القهوة؛ يتم حزن ...,sadness"
345,هواجيس مع شوي حزن و اكتئاب قد يوم من الأيام حسيتوا انكمتبغو تخلصوا من الحياة بسرعة؟ كذا والله تعبت من الحياة بس ما أبغى أموت، عندي ف أحس اني أبغى أشوف أو أعرف أو أعيش حياتي كلها في ثانية ولا دقيقة ولا يوم واحد و خلاص أروح منها دائما إحساس اللي مافي شي قاعد يظبط ولا في شي قاعد يتصلّح و لسا باقي وقت طويل لين أوصل للجزء الممتع من الحياة بس بعدين ارجع أفكّر..يمكن مافي جزء ممتع في الحياة هي كذا بس كلها تطلع و تنزل و مرات تطول و هي نازلة بس ليش ما تطول و هي فوق؟ مدري لو فهمتو ايش قصدي ب فوق و تحت بس تحت هي الأيام الحزينة أو عادية في أفضل تقدير بينما فوق هي الأيام اللي فيها هدف و شغف و رغبة بالحياة المشكلة الأكبر لما يكون عندك مشاكل و تعرف حلها بس ما تقدر تحلهاأو الحل المعروف اللي ينفع مع أغلب الناس مو قاعد يظبط معاك، ف هنا ايش الحل طيب؟ ما أعتقد في أحد يقدر يساعدني غير رب العالمين لأنه حتى أدوية و معالجين جربت ولا فيها الفائدة اللي توقعتها و مشكلة ثانية لما أشوف اني أنا سبب انه مو قاعدين يفيدونيالزبدة ادعولي لوسمحتوا,sadness
346,حيرة و حزن و شتات تكاثرت الظباء على خراشٍ فما يدري خراش ما يصيدُ,sadness
347,إلى أين ياخذ بي حزن الفقد مالكم بالطويلة أبوي عساه جنات النعيم توفى من سبع سنوات ومن فترة طويلة قررت أكمل حياتي لأن وضعي بعده متاكدة بيزعله توقفت عن البكاء لأن تعبت وهو بيزعله ولكن الحزن من جوا ياكلني اكل عليه جرح وفاته عجز يبرى كانه اليوم رايح أسال اي احد توفى له فرد عائلة درجة أولى من فترة طويلة هل رح يستمر جرح الفقد يستنزفني ؟,sadness
348,حزن محزن بكيت اليوم وانا راجعه مع اوبر للمعلوميه اخر مره بكيت قدام احد وانا عمري سنواتوهو شايب يسووووولف ما يسكت وقلت له ممكن تسكت ووقت نزلني ارسل لي الله يطمن قلبك يابنتي ودعواتالله يسامحني بس ندمت على التسكيت,sadness
349,هواجيس مع شوي حزن و اكتئاب,sadness
350,كفى حزن يا ولدي نفترض ان چيسي مسح اكونته مع ان دي حاجة مستحيلة في الوقت ده بس نفترض يعني اعتقد انه لو رجع تاني ولقى الصب اتحسن هيبقى مبسوط، والعكس انه لو رجع ولقى الصب بقا وحش هيزعل جداً ف انا فكرت شويتين كده وقررت اننا هنرجع ننزل زي الاول واحسن من الاول كمان كله لاجل چيسي والناس المحترمة اللي هنا اللي تستاهل محتوى حلو وصب جميل هنرجع الفعاليات تاني وهنحتفل بالالف ميمبر وفي نفس الوقت هنحاول نجيب اي سوشيال لچيسي عشان يفرح معانا عشان ده معانا من اول الصب مع تحياتي، تود,sadness
351,حزن اهلي انفصلو لما كان عمري ٤ او ٥ مش متذكر ضليت عايش عند امي لحد ما صار عمري ١٤ ما بعرف شو خطرلي تا قررت اعيش عند ابوي هسا عمري ١٨ بشتغل مع ابوي بسوبر ماركت النا قبل شوي كان يبهدلني مشان شغله ما سويتهامش متذكر انه قلي اصلا وهو ببهدل صار يقلي يعني ما بدك تشتغل؟ قلتله بكل عفويه لا وبلش يتندم انه رباني وصار يحكي انه ترباية النسوان ما بتربي زلم والخخخخخ من الحكي هاذ هو بس بده يشغلني عنده علما اني ما بعطيني راتب بحجه انه هاي رزقتي وممنوع اشتغل عند حدا هسا بخطط انه ارجع عند امي هو انا من زمان مخطط بس اباشي اللي بمنعني هو انه ما عندي مصدر دخل ثابت وبديش اخرب علاقتي بأبي قلي اذا رجعت عند امك رح أتبرئ منك ومحتار وقرفات ولسا مش مبلش دراسه لانه بدي اعيد عالتكميلي مشان افوت الجامعه واشي بقرف وهو مفكر انه الاب المثالي ما بعرف كيف وبكذب علي بس بفكر اني ما بعرف مفكرني مفكره الصادق الأمين وبحكي مع وحده غريبه ومفكرني ما بعرف نداري بدي اعرف شو اسوي وبدي مواساه او اي اشي يحفزني اني اكمل وشكرا عوقتكم,sadness
352,حزن عارفين لما كل لحظة سعيدة في حياتكم شخص معين لازم يعكننها عليكم,sadness
353,يتم حزن علي ما مضي و مشاعر سلبية,sadness
354,حصل موقف من كام ساعة اتعاركت مع اهلي وقولت اني ماشي وسيابهم المهم الجو قلب حزن وانا نازل ستس كانت موجود عندنا مسكتني وفضلت تعيط وانا بصراحه اتأثرت وعيطت بس امي فضلت تشتمني وتلعني وتقولي ان خلفتك زبالة مش هي جاحدة ولا في حاجه غلط مش هينفع اقول سبب الموقف الصدامي دا بس هو بسبب حد تاني من قرايبنا,sadness
355,حزن لا أعلم لماذا حزين، انا حزين حقا وبشده. هل ذلك من متاعب الحياه. ام ذلك من الأشخاص الذين في حياتي. لم أعد كما كنت، انا الذي كان لا يهتز قلبه من شعور، الآن أصبحت حزين وبشده لم اعهده من قبل. إذا هناك شخص يقدر عاي مساعدتي فأهلا بك كلي آذان صاغيه,sadness
356,وش بيت الشعر اللي اذا مر عليك تحس بإحساس قائله؟ حزنفرحإلخ,sadness
357,فيني حزن فظيع ماعرف ايش اسوي للامانة اتمنى اني انام ولا اقوم ادعو ليا,sadness
358,حزن توفت وحده ماقابلتها يمكن اكثر من ١٥ سنة هي كبيرة في سنها لكن والله حزنت حزن عميق لما سمعت انها توفت أول يوم برمضان الله يرحمها ويجعلها في جنات النعيم تقطع قلبي عليها.. وضعها كان يحزن ياناس كانت ماتسمع ولاتتكلم، وبسن الخمسينات يمكن فقدت بصرها تزوجت سنة وتوفى زوجها وما انجبت ماكان عندها بيت ياوجدي عنها كانت تتنقل بين بيوت اخوانها وكانت تلقى مضايقات من الحريم وسوالفهم لين اختها اخذتها عندها اللي قطع قلبي ان ما حضر دفنها وعزاها احد كثير وماعندها لا ابناء ولا اقراب يدعون لها ويترحمون عليها أرجوكم اذكروها بدعوة وكل ميت ماعنده احد يدعي له ويترحم عليه,sadness
359,حزن مش عارفه ليه بالرغم من ان كان زمان فيه مشاكل بيننا وبين بابا مدتها ييجي سنه اختي الي هي بنته بقيت ف كليه وبنحاول نخليها تتعامل مع الناس فا عاوزينه هو يشوفلها شغلهو بيتعامل مع ناس كتير وكمان عشان تكون تحت رعايته كان بيكلمها امبارح ومش عارفه قالها اي بس قالت قالها كلمه مش كويسه المهم انه زعلها اوي مش فاهمه ليه يعني لما عيالك يحتاجوك ف اقل حاجه تعمل كده يعني انت اصلا متخلي عنهم من زمان هو متجوز واحده تاني بقاله سنه ممكن كلامي مش مفوهم او متلغبط او فيه معلومات ناقصه بس مش مشكله بتكلم وخلاص,sadness
360,الشباب اللي رشحولي المرة اللي فاتت جي أقولكم انهارده كان الجزء النظري من المادة وكان من الأسوأ في حياتي برده اقترحوا حاجة فيها نجاح وتحقيق الهدف بعد الفشل كده كفاية حزن في الواقع مش هتبقى في المواقع كمان,sadness
361,حزن غير مبرر حد قبل كده جه عليه وقت انو حاسس انو حزين من غير سبب يعني انا حاسس اني مخنوق فشخ مع اني بصلي و بقرا ورد القران بتاعي و بنزل الجيم مش عارف حاسس اني حزين و مخنوق اوي لو حد مر بالموضوع يفيدني,sadness
362,الواحد لمن ينصح ناس ما يعرفهم ويُردوه يحزن، فكيف كان حزن الانبياء الذين دعوا اهلهم وابناءهم وآباءهم يا بني اركب معنا ولا تكن مع الكافرين ،قال سآوي الى جبل يعصمني من الماء قال لا عاصم اليوم من امر الله الا من رحم يا أبت اني قد جاءني من العلم مالم يأتك فاتبعني اهدك صراطًا سويا، يا أبت لا تعبد الشيطان ان الشيطان كان للرحمن عصيّا، يا ابت اني اخاف أن يمسك عذاب من الرحمن فتكون للشيطان وليّا قال سلام عليكم سأستغفر لك ربي إنه كان بي حفيّا قيل ادخل الجنة قال يا ليت قومي يعلمون، بما غفر لي ربي وجعلني من المُكرمين يا حسرة على العباد,sadness
363,حزن بيجلكو فتره كدا بعد م ب تسيبو حد في مرحله الموف اون مش عاوزين حتي ت ماستربيت علشان غالبا الفعل دا بقا مرتبط بيه بشكل ما يعني انا حتي مكنتش بكلمه وانا بعمل كدا ولا اي حاجه بس ساعات كنت بفكر فيه يعني دلوقتي الموضوع بيكأبني بطريقه مش طبيعيه مره عيطت,sadness
364,حاسس بفراغ مبقتش احس بمشاعر حزن ولا زعل ولا فرحة ملحوظة أنا عندي صدمة نفسية مريت بموقف صعب قبل كده مسببلي صدمة نفسية من ساعتها مش عارف افرح ولا أعزل ولا عارف احب حاسس بفراغ مفيش حاجة معنديش هدف عايش له لو حد طلع من حياتي مش بزعل,sadness
365,حزن وقلق ومهتمه بمعرفة تجاربكم انا بنت وعندي اربع اخوات قبلي وما عندي اخوان، تربيتنا بالبيت كانت مسؤولية تامه على امي على الرغم من وجود ابوي الله يحفظه، بس ابوي مو متحمل المسؤولية وكل ما يمر الزمن يخلي المسؤولية اكثر، ابوي انسان جدا عصبي ويرمي كلام وسب وبس ولما نحتاجه ما يوقف معانا اغلب الاوقات وانا ما اكرهه لهالموضوع ابد على الرغم من كرهي لافعاله بس هو مو حاس بالنعمة اللي هي فيها ان عنده بنات وزوجة جدًا طيبه وتخاف الله وتحبه بما ان ابوي جاف وقاسي فأمي كانت دايما تحاول تلبي احتياجات اخواتي بشتى الطرق سواء المادية او العاطفية من وإلى، ما اعرف خواتي وش عاشوا لاني اصغر وحده بس كانو دايما يقولوا ان قاسوا بالحياة بسبب طبايع ابوي وانا من وعيت على الدنيا دايما مشاكل وصراخ وشتيمه وقلق بالبيت، وانا متعلقه جدا بأمي ومن هنا تبدا القصة من شدة تعلقي بأمي من وانا بالابتدائي عمري ممكن سبعه سنوات كنت اذا ابوي يهاوش امي انا اقوم افزع واعصب واتصل بخالي من تلفون البيت واقول له تعالي ابوي مزعل امي كنت دايما احاول اصلح الوضع بينهم واتحمل مسؤولية اشياء اكبر من عمري عشان امي ما تتضايق على الرغم من ان امي ما طلبتني هالشي! كبرت وكبر هالطبع فيني وصرت اسويه مع كل الناس وخاصة خواتي، خواتي تزوجوا بعمر جدا صغير ما اعرف هل هربا من الحياة بالبيت بس للاسف ولا وحده توفقت بزواجها حياتهم كلها مشاكل وكأنهم يعيدون سناريو امي وابوي، يعني الوضع بالبيت جدا تعيس ونكد لان حتى بالجمعات الكل بس بتحلطم عن حياته. انا هالفتره صارت مشكلة جدا كبيره لوحده من خواتي مع زوجها وبنتهم والمشكلة جدا جدا كبيره وصدمه كانت علي، ومنها بديت افقد السيطرة على نفسي وصرت من اسمع مشاكل احد اغرق فيها وادخل بنوبات هلع وتفكير بشكل مخيف لدرجة ما اقدر اكل ولا انام، عرفت ان انا انهرت بسبب انّي دايما اغرق نفسي بمشاكل غيري بس مو عارفه كيف ما اربط حياتي بسعادة اهلي! حاولت احل مشاكلهم ما انحلت، حاولت احقرهم واطنش برضو مخي يظل عالق معاهم واحس اذا هم مو سعيدين كيف انا اصير سعيده، حتى لو ان الفرص مفتوحه قدامي يظل شعور الذنب عندي والتحسر عليهم! حاولت اهرب من الوضع بالبيت بشتى الطرق بس خلاص هذي حياتي مكتوبه علي لين استلسمت وقلت بتقبل الوضع اللي انا فيه، كنت ماخده دور المحامي والام والاب والصديق لكل افراد العيله لين خلصت طاقتي. لما جلست مع نفسي وقعدت احاول واتخيل اسوأ السناريوهات لو صارت، اكتشفت ان انا مو خايفه من السناريوهات نفسها تصير كثر ما انّي خايفه على تأثير السناريوهات هذي لو صارت على امي، يعني انا كنت اتحمل واحل المشاكل حق خواتي بيني وبينهم بس عشان لا توصل لأمي وتتضايق، كنت حتى اقولهم لا تقولوا لامي مشاكلكم قولوا لي انا، وشاعات احس بتأنيب الضمير لان هم مالهم غير امهم يفزع لهم ويسمعهم بس انا بالمقابل احاول احميها. يعني مهما حاولت اقوي نفسي واقول مالي دخل بمشاكل خواتي وانا احلهم لاني احبهم ارجع لنفس نقطة ان اوكي هذي حياة خواتي مالي دخل فيها بس لو صار كذا وش بيصير لأمي خلاص التفكير فارط عندي والقلق مو طبيعي يعني اي خطوه اخطيها او اي شي اسويه تلاحقني هذي الافكار، ولا مشكلة انا احاتيها هي مشكلتي او تخصني بس انا غرقت نفسي وبنفسي ومو عارفه اطلع ومو عارفه كيف اقتنع بدون احساس الذنب ان اعيش حياتي طبيعي لان حياتي اعتفست ناهيك عن ان انا اساسا عندي اكتئاب وقلق ونوبات هلع، يعني طاقتي احتاجها حتى لو كانت بالحد الادنى خوفي على امي من احداث الدنيا مو طبيعي واقعد افسر كل نفس لها وكل تنهيده على انها انهيار وهو بالاساس انا منهاره فأشوفها كذا واشوف كل الناس حسب احساسي انا، وكل شوي اسالها ماما انتي متضايقه انت فيك شي خلاص تعبت حتى بديت اكره البيت واكره قعدات خواتي لان بس مشاكل وابتلاءات ما تنحل وامي تتضايق وبش تحاتي ادري ما اقدر احمي امي من كل شي بش تعبتتتتتتتتتت من انّي اسوي الشي غصب عني ولا ما ارتاح وكأن بس هذا الشي اللي اعرف اسويه,sadness
366,حزن بجد لو حد حابب يتكلم عشان الواحد عايز يتكلم مع حد بجد و متعكنن,sadness
367,حزن يا اخي حلو ؟لو حد شاف خطأ املائي أو طريقه احسن بيها يقولي,sadness
368,اعتذر لاخواتي الكوينز كانت لحظة غضب و حزن و فرحة و زعل,anger
369,في حاجة جواك مش عارف توصفها؟ مش عارف هي حزن؟ ندم؟ ملل؟ توتر؟ في حاجة جواك مش عارف توصفها؟ مش عارف هي حزن؟ ندم؟ ملل؟ توتر؟ جرّب تحطها في كلام حتى لو مش مترتبة حتى لو مفككة حتى لو بتحس إنك بتخرف بس اكتب. هنا مفيش حد هيقولك مالك؟ ويعدّي.,sadness
370,قصه قصيره حزينه اخر حزن مش هطول عليك بس انا بستخدم وكنت شغال عادي كدا من ساعتين والكهرباء قطعت والجهاز كان شغال المهم جاي افتح الجهاز اختار الكيرنال مش راضي يقلع نهائيا بقالي ساعتين بحاول اصلح الموضوع دا مفيش فايده انا زعلان ان الكهرباء بتقطع بشكل مفاجئ وفوق كل دا بقالي ٣ اسابيع بعمله كل دا راح في ثانيه بجد انا حزين جدا,sadness
371,حزن عاوز اتعرف على ناس جديدة ولا عندى صحاب ولا اى حاجة ساعات بحس انى لوحدى واتبضن حرفيا,sadness
372,وتخش تقولها شايف في عنيكي حزن,sadness
373,شيرين حزن شيرين بتقلب علينا المواجع,sadness
374,تحميل رواية حزن الملائكة,sadness
375,حزن صاحبي بالشغل، الي هو صاحبي من الشغل الماضي، الي هو بروح معي كل يوم، الي هو معي بالتيم، الي هو بطلع معنا كل اسبوع مع الشباب، الي انا وهو مسجلين جيم سوا، رح يستقيل من الشركة هذا الشهر ورح يصير دوامه عكس دوامي الدوام حيصير ممل,sadness
376,اكتشفت متأخر إن مساعدتنا لأبويكانت تجرحه ما تفرحه احنا ٤ خوات موظفات وامي كانت تجي تقول لنا لاتشترو اغراض البيت ترى ابوكم يزعل وتقول خبو الاكياس اقلها لا تخلوه يشوف في داخلي كنت احسها تبالغ يعني، وانه المفروض بالعكس يفرح لاننا خلاص صرنا نساعده واللي تجيب اثاث واللي تعبي بانزين السيارة واللي تجيب اغراض السوبر ماركت تعتبر اشياء بسيطة الى ان مرض ابوي الله يشفيه ويطول بعمره واعطى امي بطاقة الصراف حقته طبعا كل وحدة عندها راتب وحتى امي معلمة متقاعدة فما استخدمناها ابداً المهم طلع بعد شهرين بعد جلسة كيماوي مرهقة اول شي قال لنا ليش ما استخدمتو بطاقتي بنبرة كلها حزن وطلب من اخوي يوديه السوبر ماركت وجاب كممية اغراض استوعبت وقتها انه اللي احنا نحسب انه مساعدة وتخفيف كان يعطيه شعور انه احنا مو محتاجينك صرت الان اذا بروح اجيب شي للبيت اخلي الكاشير يقسم الفاتورة احاسب جزء ببطاقة الوالد والباقي من عندي عشان نوازن بين فكرة المساعدة وبنفس الوقت قدامه كانه هو اللي جابها الزبدة انا على قد ما انه امي كانت تحذرنا وتقول ترى هذي متعة بالنسبة له انه يجيب احتاج البيت بس ما توقعتها شي بهذا العمق اصلا لما كان في المستشفى كان يفكر في مين بيجيب لنا العشا مو كل مساعدة تُعتبر لطف أحياناً تسحب من الشخص شعوره بقيمته,sadness
377,هم؟ حزن؟ غم؟ حيرة وضياع؟ خوف وتوتر؟ ماتدري وين تروح وش تسوي؟ جفاف روحي؟ تعال السلام عليكم ورحمة الله وبركاته لن أكثر الكلام، أنصحكم بهذه المقاطع فوالله أن فيها خير عظيم وأنصح بعدم تأجيلها، وأيضا أنصح بتطبيق مايقوله الدكتور قدر المستطاع فالعلم بلا عمل لا ينفع المقاطع من سلسلة تربويات للدكتور أحمد عبد المنعم فادخلوا قائمة التشغيل باليوتيوب واختاروا حسب العنوان الي يجذبكم وهذه بعض الاقتراحات .أجوف .ترميم النفس .القلب السليم .متتالية الفراغ .النظر إلى السماء .وألجات ظهري إليك وغيرها الرابط .. بارك الله فيكم وشرح صدوركم ويسر أموركم,sadness
378,وفاة الفنان حسن يوسف و مصطفى فهمي. مصر تودع احدي نجومها في حزن كبير . . . .,sadness
379,وفاة الفنان حسن يوسف و مصطفى فهمي. مصر تودع احدي نجومها في حزن كبير . . . .,sadness
380,حزن يبدو اني تعرضت للتجاهل,sadness
381,هم؟ حزن؟ غم؟ حيرة وضياع؟ خوف وتوتر؟ ماتدري وين تروح وش تسوي؟ جفاف روحي؟ تعال السلام عليكم ورحمة الله وبركاته لن أكثر الكلام، أنصحكم بهذه المقاطع فوالله أن فيها خير عظيم وأنصح بعدم تأجيلها، وأيضا أنصح بتطبيق مايقوله الدكتور قدر المستطاع فالعلم بلا عمل لا ينفع المقاطع من سلسلة تربويات للدكتور أحمد عبد المنعم فادخلوا قائمة التشغيل باليوتيوب واختاروا حسب العنوان الي يجذبكم وهذه بعض الاقتراحات .أجوف .ترميم النفس .القلب السليم .متتالية الفراغ .النظر إلى السماء .وألجات ظهري إليك وغيرها الرابط ..,sadness
382,فيني حزن احتاج اخصائيه نفسي,sadness
383,خالص التعازي لاهلنا في المغرب. المصريين في حزن عميق لاجلكم. ربنا يرحك من مات ويصبر اهبهم ويعجل بشفاء المصابين جميعا.,sadness
384,وهل العالم في حفلة حزن كبيرة,sadness
385,عبد الباسط حمودة جوايا حزن,sadness
386,عبد الباسط حمودة جوايا حزن,sadness
387,يعني جد لمتى هيك انا انفصمت و حزنت .... بنتعرف على ناس هون بكونوا جد لطيفين و صحبتهم حلوة كتير و بديش أطول بالكلام بعد فترة بلاقي حساباتهم انحذفت !!!!!! طب ليشششش بدون سابق إنذار عنجدددد والله يتم حزن ...... عندي كلام اكتر بس خير الكلام ما قل ودل,sadness
388,عبد الباسط حمودة جوايا حزن,sadness
389,اخوكم من الكويت، الكلمات لا تستطيع ان تعبر حزني و حزن الكويتين لخسارة مصر في كأس افريقيا انشاءالله الله يعوضكم.,sadness
390,انا قررت معملش فرح انا قررت معملش فرح لأسباب كتير مش عايز اخوض فيها وهي كمان مقتنعه وقررت بالفلوس دي نطلع شهر عسل في دولة من دول شرق اسيا. المشكلة اني قلقان انها بعدين تندم على حاجه زي كده هل فيه حد مره بالتجربة دي قبل كده وهل ظهر ليها تبعيات بعدين ؟؟ وعايز اعرف منكم لو حد عنده افكار ممكن تتعمل قبل السفر كبديل للفرح,anxiety
391,فرح صاحبي كان امبارح بعثت له على الوتساب قلت له الكلام ده عشان هو عنده اصدقاء سوء وممكن انهم يجرجروا لحاجه زي كده على ان صاحبي ده ما بيننا وما بين بعض احترام كبير جدا عمري ما قلت لفظه قدامه ولا عمرنا اتكلمنا في حاجه سيكشوال فبجد قلقان قوي من اللي انا كتبته ده عايز اعرف انا صح ولا غلط,anxiety
392,وش هي نسخة فرح المفضله عندك ؟,joy
393,اول مرة اروح فرح ملبستش بدل قبل كدا و مفهمش فيها بس حطيت الحاجات دي علي بعض لقيتها كويسة فياريت اصحاب الخبرة في اللبس يقولوا ايه رأيهم ايه الغلطات و كدا بالمناسبة انا حرفياً مكنتش محضر و مكنتش جاهز اول مرة اروح فرح اصلا هل استايل الشعر غريب ؟ اول مرة اعمله,joy
394,مع أم ضد أنك تعمل فرح ؟ بتكلم عن الأفراح المصرية بشكل خاص اللي فيها بنحجز قاعة و نرقص فيها زي قبيلة بدائية بتعبد النار في أدغال الامازون هل فيه أي ميزة انك تعمل فرح ؟؟,joy
395,يا حبوب يا ولاد الكلب عندي فرح,joy
396,هو انا لو مش عايزة اعمل فرح ايه البديل عشان افرح العيله و صحابي و كده,joy
397,في حد هنا مش حابب يعمل فرح ؟؟ حاسس اني ممكن اعمل حجات كتير او و ممتعه اكتر بكتير بدل فرح بضان ودوشه وملوش لزمه,joy
398,مش عايز اعمل فرح من الحاجات اللي اخرتني سنين اني اخد خطوة الخطوبة والجواز رغم الجاهزية من كل النواحي هو موضوع الفرح ده بالشكل التقليدي المقرف في مصر وغالباً في الأرياف من قاعات ورقص واغاني هابطة و فكرة العدد الكبير ده واقعد قدامهم عشان يتم تقييمي انا ومراتي وغير التكلفة الكبيرة اللي ممكن يتم استغلالها في حاجات أهم ، انا خاطب والبنت عندها قبول مبدئي أننا منعملش فرح بس بتقولي لازم عشان أهلي يوافقوا تقدم بديل مقنع لأنهم هيرفضوا فكرة أنه ميتعملش فرح نهائياً... ف ايه اللي ممكن يكون شكل بديل للفرح يكون مقبول ومش حرام لو في حد شاف تجارب مختلفة ؟,joy
399,جواز من غير فرح بالنسبة لحد بيكره الافراح والتجمعات بكل أشكالها والناس هل لى فرصة اتجوز من غير ما اعمل فرح؟ هل سهل الاقى حد نفس التفكير؟ حد ليه تجربة أو يعرف حد عمل كدا,joy
400,فستان فرح في ليالي احزاني,joy
401,شقة مليون جنية عفش الف شبكة الف فرح الف مصاريف خطوبه الف مأذون الاف الحلاق ج,joy
402,رحلة لحضور فرح اتحولت لحبس يومين بوست صياح بس وطز في مصر اولا نازل إجازة شهر بعد غياب سنتين روحت محافظة تاني احضر فرح قرايبي وابيع حتة ارض من ورث جدي. تاني يوم عرفت أن حد متبرع برحلة عمرة لقريب لينا من بعيد عنده اعاقه واحتاج حد يوصله يعمل جواز سفر روحت وصلته بعربيتي ودخل هو ووالدته واستنيت برة ولما اتأخر دخلت اشوفه وسبت محفظتي في العربية لتتسرق في الزحمة مجرد ما دخلت مسكني أمين شرطة معفن رايح فين قولتله على الحقيقة قالي طيب بطاقتك قولتله في العربية طيب هات تليفونك وتستني هنا. دقيقة ولقيته بيقولي كلم الظابط شغال فين قولتله في الخارج طيب خدت كام من اللي وصلته قولتله مخدتش حاجة طيب فين بطاقتك في العربية طيب روح مع الامين خدني جوة وانا ظني دقائق والموضوع يخلص شوية وخدوني القسم اعمل فيش ليه مش عارف روحت القسم لقيت الظابط العرص عاملي محضر تسهيلات بدون تصريح كل ده والتليفون معاهم ومش عارف اوصل لحد دخلت الحجز والظابط النابطشي قالي هتطلع بكره من النيابة بيتوني في الحجز وتأتي يوم رجعوني القسم دخلت الحجز تاني. وبتكلم مع الناس جوة لقيت كل ظابط عامل لنفسه مستهدف محاضر عشان آخر السنة ولازم يبينوا أنهم شغالين وطز في الناس ومن ضمن المحبوسين واحد راحوله البيت ملقيهوش خدوا مراته لغاية ما يسلم نفسه طيب عملت قالي قريبه معموله قضية حيازة سلاح وبدل القضية الواحدة عملوا قضيتين . فأنا الحمد لله رجعت البلد الغريبة ومن النهاردة هي بلدي ومصر دي طز فيها كدة كدة مش مليش حد فيها اما دعائي للي في الداخلية لغاية ما أموت فيا رب يدخلوا جهنم ما يطلعوا منها,joy
403,اوتفيت فرح واحدة معرفهاش,joy
404,هتلبسو ايه في فرح كريستيانو لسه معرفش الصراحه,joy
405,لكل مدعين التوحد و الوحدة و العمق، انا لسه جاي من فرح و رقصت و اتكلمت مع ناس كتير بعد حبسة في الاوضة لمدة سنتين ولما كنت بنزل ما كنتش بشيل السماعة من ودني، الناس و التعامل و الكرينج هي احسن حاجة في الحياة، الحمدلله خلقت لاكون اجتماعي، بحب الناس و بحب اللمة و احب ان الناس تحبني، مفيش حاجة من دي هتحصل لو فضلت احكم ان الناس شايفاني كرينج و مهتم باراء حد,joy
"406,""حاجه تحزن, الواحد ما فرح بي شعرو"",sadness"
407,مزنوق في فرح عاوز حجج خلعان بشياكة عشان محضرش فرح بس تكون بعيدة عن الدراسة والشغل عشان أنا عواطلي اليومين دول.,joy
408,هحضر بيه فرح مناسب لفرح ولا لا,joy
409,فرح مع الجن حلمت ان في واحدة صحبتي قالتلي تعالي هوديكي مكان حلو ولما رحنا المكان كان في فرح و الناس كان لبسهم و شكلهم من الخليج بس لهجتهم غريبة و كانو بيحطولي اكل شكله غريب اوي رحت سالت واحدة منهم هو انتو منين؟ بصت عليا و سكتت و بعدين عرفت انهم جن,joy
410,يتم فرح ناو لقيت حد فاتح بيبيع ايس كريم احب اشكره أنه فاتح,joy
411,انا كنت. في فرح من كام يوم سمعت واحده بتقل ميكب العروسه بألف تقريبا انا كنت هشخر ده. انا ممكن اجيب بيهم نقاش و الصبي بتاعه يدهنو عماره و دي الف عشان وشها و هتمسحه بليل خخخخخخخخخخخخخخخ,joy
412,الاكسل هو الشيء الوحيد اللي اذا شفته قلبي يطير فرح الله لا يضر علاقتنا احبك,joy
413,معنديش صحاب وعايز اعمل فرح بالرغم انها ممكن تبدو شئ تافه لكتير بس انا مرعوب منها .. انا في فترة حياتي مقدرتش اكون أصحاب الأسباب كتير بس حاليا كل الي عندي معارف وزمايل مش صحاب .. وبفكر يوم ما هعمل فرح هيبقي شكلي عامل ازاي وانا لوحدي مفيش صاحب ليا بيفرحلي او بيرقص معايا .. دي رعب بالنسبالي .. انا عامة مش شخص وحش بس مش بعرف اثق في الناس واكون صداقات قويه .. لو حد مر بالتجربه دي يريت يقولي ايه حلها,anxiety
414,فرح واحد صاحبنا عارف اني محتاج اخس شويه بس,joy
415,كنت في فرح و مبسوط لحد ما كنت مبسوط لحد م شفت اثنين منقبات منظرهم جابلي اشمئزاز كنت مبسوط و مبتسم لحد م شغت المنظر ابمقرف ده الفرح مفهوش ولا واحده بشعرها غير البنات الصغيره و الفرح مفيهوش هز بقى و رقص ولا كلام من ده كان. فرح محترم عشان الي هيقول مش عارف ايه الفرح كان بيرفكت ولا فيه هز و كان جميل بامانه لحد م شفت الاثنين المنقبات دول الي لابسين البتاع ده و و راحو يتصورو جمب العروسه هي لابسه الفستان و كان شكلها حلو و هم لابسين البتاع النتن الي شكله شبه كيس الزباله منظر مؤذي للعين كنت مبتسم لحد م شوفتهم و انا صغير امي كانت بتخلي. خالتي تجيب عبايه سودا و طرحه سودا و تعمله نفس النقاب بالظبط و انا كنت بترعب منهف تقريبا شعور الاشمئزاز كان بسبب ان عقلي بيفتكر النقاب ده و انا صغيؤ و هو شكله يقرف اصلا,anxiety
416,يعنى المفروض انا هكون بقبض فى حدود ١٠ الاف ج ومحتاج اجيب شقه وعفش واجيبلها مهر واعملك فرح فى المكان على مزاجك اه وايه كمان واجيبلكو ديك رومي فى البوفيه كل دا وانا بقبض ١٠ الاف ج لا احا مش هينفع كدا والله هو احنا هنتجوز ازاى يعنى هو انا مش من حقى اتجوز فى المستقبل ولا ايه,joy
417,البس ايه ل حضور فرح فرح اخت اعز اصدقائي جاي وانا مش بحضر مناسبات ابدا ولا بخرج عندي بدلتين واحده بقت صغيره وواحده في محافظه بعيده .. انا معزوم ف مش عارف اصلا البس بدله ولا حاجه عاديه ولو اشتريت بدله مخصوص مش هستخدمها تاني ايه اقتراحاتكم ؟ هو فرح عالضيق فالكام حد المعزومين متشافين مش هختفي وسط الحضور ف البس اي حاجة تمشي الحال .. وشكراً.,joy
418,موضوع محرج فشخ حصلي في فرح امبارح كنت رايح فرح ابن عمي و شوفت هناك اخوه الي كنت مصاحبه وانا صعير و مفتوش من زمان كان عامل يرقص وانا عمري ما رقصت فحياتي ولا اعرف ازاي و بتكسف فا المهم قولت اجرب رحت عملتله الحركة بتاعت هز الجاكت لقيته بيمد ايده و بيسلم عليا و من ساعتها و انا مكسوف فشخ,joy
419,معنديش صحاب وعايز اعمل فرح بالرغم انها ممكن تبدو شئ تافه لكتير بس انا مرعوب منها .. انا في فترة حياتي مقدرتش اكون أصحاب لأسباب كتير بس حاليا كل الي عندي معارف وزمايل مش صحاب .. وبفكر يوم ما هعمل فرح هيبقي شكلي عامل ازاي وانا لوحدي مفيش صاحب ليا بيفرحلي او بيرقص معايا.. دي رعب بالنسبالي .. انا عامة مش شخص وحش بس مش بعرف اثق في الناس واكون صداقات قويه .. لو حد مر بالتجربه دي يريت يقولي ايه حلها,anxiety
420,لا مفيش ده في فرح قريب مننا ومشغلين اغاني بصوت عالي,joy
421,هتعملي فرح ولا لأ ؟ وليه ؟,joy
"422,""حاجه تحزن, الواحد ما فرح بي شعرو"",sadness"
423,حظك اليوم الجمعة أكتوبر مع ماغي فرح,joy
424,عندي فرح في شهر واحد وعاوز اجيب بالطو اجيب منين بالطو احضر بيه فرح او هل اجببه جاهز ولا افصله ولا اعمل ايه عاوز يبقي شكلي رايق كده وعلي بنطلون اسود وقميص ابيض وتحت بوت,joy
425,حظك اليوم الخميس أكتوبر مع ماغي فرح,joy
426,حظك اليوم الأربعاء أكتوبر مع ماغي فرح,joy
427,حظك اليوم الثلاثاء أكتوبر مع ماغي فرح,joy
428,فستان فرح في ليالي أحزاني علي الدوغري صورتك مش سيباني أنا من دموعي قلبت ياباني,joy
429,توقعات الأبراج ماغي فرح,joy
430,ليه الناس واخدة الزواج ع انه حاجة حتمية الحدوث. كنت في فرح رايحه بالعافية ومش طايق نفسي والقي الناس تقلي عقبالك. انا فعليا مكنتش ارد عليهم او اقولهم لا مش هيحصل واضحك كدة عشان متبانش اوي. حاجة تقرف. وازاي اتهرب من افراح الاصدقاء او قرايبهم؟,joy
431,حظك اليوم الأحد أكتوبر مع ماغي فرح,joy
432,طب عند ف الاخ تلومان ليه ممكن تعمل فرح انا دائما شايف أنه حاجه فاضية مش مفيدة,joy
433,حظك اليوم السبت أكتوبر مع ماغي فرح,joy
434,فرح صاحب عمري فرح صاحب مقرب ليا ولازم اكون جامد البس بدلة لونها ايه عشان محتار ولو فيه صور ياريت,joy
435,ليه الناس بتعمل فرح؟ ليه ما يتجوزوش من سكات؟ ليه العريس يكلف بعمل فرح بالألاف و يكون مديون لطوب الارض و تعزم ناس ماتشوفهومش غير مره كل سنين عشان في الاخر يتفرجوا عليك وانت بترقص مع عروستك زي القرود في الجبلايه وياكلوا العزومه و يملوا بطونهم و خلاص على كده بتكاليف الفرح دي كان يقدر يسافر هو وعروسته بره اجازه يتفسحوا مثلا,joy
436,فرح سعاد منفرحش بيه ولا ايه,joy
437,طب عند ف الاخ تلومان ليه ممكن تعمل فرح انا دائما شايف أنه حاجه فاضية مش مفيدة,joy
438,رحلة لحضور فرح اتحولت لحبس يومين,joy
439,هو انا ليه حاسس ان المصالحة دى مش حتدوم و و المعازيم كانهم جايين فرح الست اللى مش بيحبوها فى العيلة و ابو حنان عمال بينقط عشان يقول انا معايا فلوس و مصر بتاخد كله على قد عقله و انت و انا و نيازى و ام نيازى عارفين اللي فيها و انت إسرائيل كيان توسعي مش حيقبل بالسلام. يبقي ليه لازمة الفرح و التورتة نفس الكلام,joy
440,كنت رايح فرح تبع حد صاحبي بس اتلغي وفيه فرح شغال لناس غريبة اي رأيكو اعمل نفسي تبعهم وارقص معاهم؟ اصلي انا الصراحة مبضون ومصدقت يكون فيه فرح,joy
441,بدلة فرح حد يقترح عليا اماكن فيها بدل كويسه او ستايلات حلوه تعرفوها اكون شاكر,joy
442,أنا فرح وحشاني نفسي فرح ترجع قد ايه أنا ضعيف حاليا,joy
443,انا سيبت خطيبتي علشان الفرح اول الخطوبه البنت كانت بتقولي انا مبحبش الدوشه وممكن تعمل حاجات تانيه بفلوس الفرح زي عمره مثلا لانها عارفه اني بترعب من الذنوب الجاريه واني مش هتحمل اعمل فرح اشيل ذنب كل اللي فيه جوا وقولتلها هجبلك فستان وميكب ارتست وزفه وكل حاجه حتى قاعه بس انا مش عاوز اغاني يعني نكتب الكتاب ف القاعه والاكل ينزل والمشروبات وخلاص ساعتين ونروح المهم لما جيت اكلم ابوها قال لا لازم الاغاني وطلعوني متشدد وغيره فا يعني وصلنا لخلاف ولقيت البنت ف صف اهلها وعاوزه الاغاني بعد ما كانت موافقه عاللي بقوله واي حد بقوله مش عاوز اغاني يتصدم انا اه ممكن اسمع اغنيه لحالي ومش متشدد يس فمره ان هاخد ذنب ٥٠٠ شخص مثلا والموضوع هيستمر طول حياتهم لما كل واحد يسمع اغنيه من اللي اشتغلو فالفرح وفقدت الامل الاقي ناس مش عاوزه اغاني وخايف اضعف واستسلم لرغبات المجتمع,anxiety
444,لو مش هتعمل فرح ، هتحط فلوسه في ايه؟ بأفتراض انكم اتفقتوا علي كده، هتعملوا ايه بالفلوس؟ انا عن نفسي لو البيت مش متشطب احسن حاجة هظبطه ولو تمام يبقي في . وانتم؟,joy
445,جيل التسعينات..ساعدوني عايزين نعمل فرح من غير مهرجانات عايزين نعمل فرح نشغل فيه اغاني قديم ة من ٢٠١٠ فما قبل ...الاغاني اللي كانت بتشتغل في الافراح و احنا صغيرين دي قبل قرف المهرجانات...شاركوني اللي فاكرينه,joy
446,حظك اليوم الثلاثاء سبتمبر مع ماغي فرح,joy
447,فرح اخت الاكس قرب، ابعتلها؟,joy
448,جدعان فيه واحد هنا فرح بنت عمته النهارده ومش عايز يروح ممكن تهددوه انكم هتقولوا لعمته عشان يروح,joy
449,وش بيت الشعر اللي اذا مر عليك تحس بإحساس قائله؟ حزنفرحإلخ,sadness
450,روابي فرح اليوم رحت على روابي فرح ... مشروع لطيف ممكن يكبر اكتر وأكتر فينا ، قضيت وقت لطيف الحمدلله جبت من للخبز الي نصحتوني فيه وكان رااائع اكلنا منقوشة بيض جبناها من تحت الجاجة ...و المالك ليث دويكات بني آدم عندو فكر وهدف وخطط ممكن تحررنا على المدى البعيد اعرفوا اكتر عنو نصيحة ، وأخيرا ... دابوق طلعت,joy
451,كل عام وانتو بألف خير، عيد فطر مبارك عليكم، وينعاد عليكم بالصحة والسعادة. يا رب يجعل أيامكم كلها فرح وهناء، ويديم عليكم نعمة الصحة والطمأنينة. إن شاء الله تكونون من العايدين والفايزين، اما بعد عمي شوڪت العيد ؟ الوقف السني والشيعي انطوها الاثنين؟,joy
452,مش متخيل ازاي الناس بتقبل انها تبقي عريس وعروسة في فرح وفيه الف عين بتتفرج عليهم وكله بيرقص والعك ده كله. مفيش خجل خالص. وايه الفكرة من الفضايح دي كلها اصلا,joy
453,فرح الاكس انا و الاكس ارتبطنا ٣ سنين بعدها فشكلنا الارتباط و بقينا صحاب، و فضلنا كدا ٤ سنين بعدها، دلوقتي هي ارتبطت و عازماني علي خطوبتها و عايزاني اروح و مش قايلة لخطيبها اننا كنا مرتبطين زمان، انا بحبها ك صديقة عادي بس حاسس ان مرواحي لخطوبتها ويرد فشخ و مش حبقا مرتاح فالموقف عموما اروح وللا لأ,joy
454,افكار فرح اسلامي هادي مبدئيا الموضوع مفيهوش مزايدة ولا تعلية ولا اي حاجة، ربنا يهدينا جميعا. انا بحاول بس ابقى انسان احسن و ابدا خطوة زي دي ب رضا ربنا. و في ناس افاضل كتير و عملو فرح مختلط و هما احسن مني الف مرة. فبلاش مزايدات في الكومنتات بس. هتجوز كتب كتاب مع اشهار و هعزم الناس و كل حاجة ان شاءالله في الشتا في اواخر شهر ١٢ اللي جاي في القاهرة. ناوي أعمل الفرح بشكل اسلامي و محتاج مساعدة و استشارة في كام نقطة. طبعا كلمة اسلامي اقصد بيها بشكل اساسي انفصال بين الرجالة و الستات. اولا عاوز اقتراحات و افكار ل نظام الفرح و شكله و الفقرات اللي فيه عشان الناس متزهقش . ثانيا عاوز ارقام ناس او بيدجات او اقتراحات للآتي المكان بفضل يكون قاعة للستات و برة اوبن اير او جنينة للرجالة و يكون في القاهرة و حبذا لو حد عنده فكرة عن متوسط الاسعار ميكاب ارتيستس للعروسة و شكرا ليكم و دعواتكم و يا رب الفرحة تدخل بيوتكم جميعا قريبا,joy
455,شقة مليون جنية عفش الف شبكة الف فرح الف مصاريف خطوبه الف مأذون الاف الحلاق ج,joy
456,فرح اختي قبل اول امتحان ثانوية عامة بيوم ظروف اختي وجوزها خلتهم يعملوا الفرح قبل امتحان العربي بيوم وانا لسا مخلصتش اجزاء معينة فالعربي بتمنى تدعولي من كل قلبكم ان ربنا يعدي الامتحان على خير لأني بجد قلقانة وحزينة جدًا وحتى مش عارفه افرح لأختي من غير ما احس بالذنب,anxiety
457,كلمات اغنية ليل سارة فرح كلمات اغنية ليل سارة فرح يا طول علي ببعادك ما اصعبه سوادك بغيابك. حس قلبي حس بقربك انت انت بس حبك انت بالاخص ماعاد بده ياني. دق بابي دق حبك. المصدر كلمات اغنية ليل سارة فرح..,joy
458,اوتفيت فرح هل كان يليق عليه جرافتة احسن ولا كان شكله كدا كويس؟,joy
459,فشتان فرح ف ليالي احزاني، عدغري صورتك مش سيباني ،انا من دموعي قلبت ياباني، اؤمر الاردر مفتوح,joy
460,اى فايدة الحياة دى ..بجد ملهاش اى هدف غير انك تقضى وقت ..لو حظك حلو وكنت مقبول ومحبوب هتعيش مبسوط ومش هتحس بالوقت ولا باى معاناة ...ويلك لو شكلك وحش او مشوه او معوق او مش مقبول باى سبب ......هتكون وحيد حزين وقتك صعب مش بيعدى منتظر بدون فايدة ..هيبقى خوف الناس وحزنهم ليك فرح,sadness
461,شهبانو فرح پهلوی لیلا در نوجوانی بارها با بغضی در گلو و اشک میگفت بابا نباید میمرد، هنوز خیلی چیزها بود که او باید به من یاد میداد,joy
462,البس اي في فرح اخويا مش عارف مش لاقي بدله تعجبني ومضايق جدا لأني من النوع الي متردد جدا,joy
463,فرح مصري تقدر تشوف التفرقة الطبقية بين الستات و الرجالة لول، بس غير كدة حلو,joy
464,حفلة فرح في مكان مفتوح مش حابب البس بدله ، حد عنده اقتراحات لتنسيق كلاسيك هنزل اشتري بس مش عارف لسه اجيب ايه,joy
465,امي غضبانه علي غضب شديد و مو راضية تسامحني ما ادري شقول يا ناس والله تعبت. بنت و عمري ١٧ سنة و من قبل لا تبلش القصة بقلكم عندي مشكلة نفسية اكتشفتها امس. انا انسانة فيني غضب غضب غضب مو طبيعي و مكتووووم يجي يوم انفجر فيه، بس امس كان مرة اوفر الموضوع. انا امي احسها تحب اخوي اكثر مني مع اني دايما احاول ارضيها و اصبر عليها و مدري ايش و بالآخر الاقيها تفضل اخوي مع انها دايما تقول انها ما بينا بينا عاد ربي اعلم فيها. تمشكلنا انا و هو على شي مرة تافه و ما كان الموضوع كبير لين تدخلت و قالتلي والله اكرهك من كل قلبي و انا سمعت هذه الكلمة وانهرتتتت. لأنها صايرة ترددها مرة كثير و انا احسب نفسي كويسة و أحاول ارضيها و مدري ايش و بعدين أصغر غلط تقلي هالكلمة و كل مرة قبل جرحتني بس كنت اقول خلاص الشكوى لله بس انا امس كنت فعلا مضغوطة و جت هالكلمة كنها كف صقعني فوجهي و ما تحملت صرااااخ صراااخ ما ادري شصار لي. و هي طبعا ما خلت دعوة ولا ضربة، والله كدمااااات كل جسمي. المهم انا معترفة اني كنت غلطانة واليوم جيت بكلمها و اعتذر منها و الوالدة ربي يسامحها ابدأ مو قابلة و تدعي علي. طيب انا عارفة اني غلطانة و اعترفت بغلطب، وانا والله اول مرة اسويها و وعدتها بشوف الموضوع مع نفسي و ما بكررهها، و هي جالسة تدعي و تتحلفلي. والله ثم والله ما كنت قاصدة الصدق الصدق مدري شصار فيني ذيك اللحظة مو كني نفسي والله مدري ليش انفجرت بالطريقة هذه بس صارت و والله ما ودي غير تسامحني تكفون شسوي انا؟ أمانة تدعولي و تنصحوني ايس التصرف الصحيح بهذه الحالة.,anger
466,غضب الرب على عباده الأتقياء,anger
467,ليه الناس ماسكه في رقاب بعض وبقى في غضب غير مبرر,anger
468,غضب عارم انت كرجل، تقعد انت وخويك في طاولة بارتشن والطاولات الثانية فاضية ليه ؟؟؟؟؟؟؟؟؟؟؟؟,anger
469,وش سبب التراجع للوراء، هل لامتصاص غضب الارهابيين الي عايشين بالبلد؟ مو منطقي يطلعون كلام انهم اعطوا تصريح بيع خمور لـ٦٠٠ محل وبنفس الوقت ينزلون هذا القرار. الا عشان يمتصون غضب الشعب. التقرّب للشعب عن طريق الدين تحصل في كافة الحكومات الي تواجه غضب شعبي مثل مصر حاليا، ودول كثيره تاريخيا. لكن كيف تستضيف اكسبو و كاس العالم بعد كم سنه وقوانينك متشدده كذا. شخصيا، اشوف القوانين الي طلعت كلها سامجه ما عدى تصوير العماله المنزليه والاطفال لانه اذا بيكونون مرتاحين في البيت وين يرتاحون، لكن باقي القوانين هبل,anger
470,انا الدكتور ومسح الاكونت ده اغبي قرار اخدته اخدته في لحظه غضب علشان مضايق اني مش عارف اذاكر و قعدت ساعتين خلصت الي ورايا سبحانه,anger
471,ايش الحل مع تعليقات الريجبيت كتابه كلام يتعمد اثاره غضب الناس كثير اشوفهم خاصه ب التيك وتويتر يكتب كلام ويعرف ان الناس بتهاجمه عشان يهاجم غالبا يكون كلام مسيء لدولهالسعوديه اكثر شي او طائفة انا اشوف افضل حل هو عدم مناقشتهم اصلا او محاوله اقناعهم لانه نقاش عقيم مع شخص ما راح يقنتع لا ف الاول والا الاخير انا اشك ان غالبا مدفوع لهم لكن ايش تسوي اغلب الشعب يدافع ويناقش على حساب مدفوع له التهجم وكتابه افكار غالبا حتى هو ماهو مقتنع بها عشان لقمه عيشه وحاليا اشوفهم بكثره بعد حادثه الجبل الأخضر ما افهمهم والله يتوقعون السعوديه دوله معصومه من الأخطاء وينتظرون اي خطأ عشان يكتب شوفو كيف السعوديه خطيره بلمنطق هل تتوقع اي دوله معصومه بلا أخطاء؟ ؟ ايش تشوفون الحل معهم,anger
472,اعوذ بالله من غضب الله ليه كده بس يبني؟ انا اللي بيضحكني اكتر اللي بيحسبها بطريقه انتي مش عايزه تشيلي مسؤوليه عايزه تنبسطي! المسؤوليه مش مقتصره على الخلفه و التربيه ممكن اكون قادره اعمل كده و اشيل النوع دا من المسؤوليه لكن هل انا شخص ينفع يكون ام اصلا و هل انا لازم يكون مطالب مني اخلف و اربي بدون رغبتي او قدرتي ؟ المسؤوليه مش مقتصره على الخلفه و دور الام لا يستهان به طبعا بس ياريت منحسبهاش كده,anger
473,هو ليه لما واحد شتم يحصل كل دا ما هو مش ملاك وبعدين كانت عن نبرة غضب ياريت نقفل ع الموضوع,anger
474,غضب غير مبرر اذا احد من اهلي سألني عن دراستي اصير دفاعيه بزيادة واتضايق رغم مرات ما اعطي ردة فعل قدامهم لكن الشعور الخايس احس فيه لفتره ما تقل عن نص ساعة,anger
475,خايفه من غضب ربي الحين أنا متهاوشة مع أمي أو بالأصح هي ما تبغى تكلمني والله ما أمزح كل نقاش معها يتحول لعصبية وتنتهي السالفة فيني وأنا أبكي من القهر وهي ما تعطيني وجه تمسك جوالها وتتجاهلني أحاول أراضيها بس تقفل على نفسها الباب وأنا أخاف من غضب ربي ليش كذا تقول لي أنا أبغى أحط حدود معك ومن حقي ما أكلمك ولا أرد عليك أقول لها انتي أمي ترد مالي دخل فيك والله العضيم احس انه باقي بيجيني منها جلطه وتكمل تقول انتي مو بنتي ولا أبغاك ومن حق الواحد يهجر اللي يضايقه ويزعله هي زعلانة مني على موضوع ما يستاهل معد اعرف وش اسوي ولا ابغا يكمل الزعل ولا ابغا ربي يغضب مني .,anger
476,محدش يفكر يمشي تاني عشان مطلعش غضب الرينچر عليكوا بحبكم كلكوا في الله,anger
477,ليه الناس ماسكه في رقاب بعض وبقى في غضب غير مبرر,anger
478,لحظة غضب يخوان و انا سايق راجع من الدوام كان يوم سيئ و كله مشاكل ف في بينجو وراي بضل يزمر و يضوي المهم انا طلعني عن حياتي صار يجي قدامي و يدعس بريكات ،، المهم انا لما وصلت جنبه اتطلعت عليه و القزاز مسكر و عملت حالي اني بزقت عليه لانه جدا مستفز ف لقيته وراي مصور النمرة بهاي الحالة شو بقدر يعمل؟,anger
479,غضب الله اذا شفتو احد بيه هاي العلامات عرفوا انو الله عاقبه و لازم انت همه تعاقبه,anger
480,غضب إلهي صح؟هيك بدكم نحكي ياصلاعمة؟,anger
481,قولت كلام وسخ في لحظة غضب ومكانش ينفع يتقال مش عارف أعمل ايه او اصالحهم ازاي الموضوع كله بدا كان نقاش مع ابويا ف السياسة ٩٩٪ من مشاكل البيت بسبب خناقات السياسة المهم هو مقتنع برأي وانا مقتنع برأي تاني واحنا الاتنين فينا حتة العصبية بس هو عصبي لكن انا ببقا بارد ومستفز ومن جوايا بغلي ، المهم ابويا اتعصب جامد وقعد يقوللي كلام من نوعية انت عيل بشخة ابن وسخة وكافر ومبتصليش ومعرفش ايه المهم بعد ما مشى طلع برا أمي قالتلك عاجبك كدا لما تخلي ابوك يفضحنا كدا ، قولتلها الآتي انا زهقت منهم وعايز اعيش لوحدي واشتغل ، انا هخلص السنة دي ومش هتعرفولي طريق تاني ٣ث ، انا خلاص مبقاش ليا نفس أعيط ولا ازعق ولا اثبت نفسي لحد ، انا كل اللي عايزه اني اعيش مرتاح بعيد عنكم هي قالتلي يعني انت عايز تكسر قلبي وخلاص ، امال انت ابننا ازاي قولتلها انا فعلا مش مهتم ودي مش مشكلتي محدش ضربك على ايدك وقالك اعملي عملية واتعبي ومعرفش ايه ، انا من هنا ورايح هبقا اناني واعيشها لنفسي ، لنفسي وبس قالتلي انت كدا بتكرهنا يبني طب افرض حصل لحد فينا حاجة هو انا ليا مين غيرك ؟. قولتلها ليكي اختي. ،وبعدين هو لو حصله حاجة التامينات والمعاشات موجودين وانتي لو حصلك حاجة هنجيب ديلفري كلام وسخ وقاسي بس كنت مبضون ساعتها والله مكانش قصدي اجرحها كدا ، وبعدين هو انتي حد قالك تخلفيني ؟ قالتلي الدنيا سلف ودين وبكره عيالك يعملوا فيك كدا واكتر من كدا كمان ، انت لازم تكشف مينفعش تسيب نفسك كدا انت في سنة صعبة قولتلها مش عايز اخلف ولا عايز اتجوز ، انا عاجبني نفسي كدا ، ولو ع السنة مش عايز اجيب مجموع ولا حاجة الجزء اللي جاي مش هعرف انقله بالتفصيل بس مختصره إني جبتلها سيرة عماتي واني بكرههم ، لكن مش بكرهها لا هي ولا ابويا كل اللي عايزه اني أبعد عنهم وارتاح وخلاص بعدها كلمتني ف موضوع الصلاة والقدر والنصيب وان المال والبنون زينة الحياة الدنيا .. وكدا قولتلها مش عايز الجنة ولا عايز النار ، مش عايز حاجة من الدنيا دي غير الراحة .... ... عارف إني بوظت الدنيا خالص بس والله انا عايز اصلح الدنيا وف نفس الوقت مازلت عايز ارتاح واعيش لوحدي بعيد عنهم ، وف نفس الوقت مش عايز ابقا عاق وجاحد للدرجادي انا مسلم مش ملحد ولا كافر ولا غيره بس هما اللي كرهوني ف نفسي,anger
482,يعني تخيل انت بعد ما تدرس جيولوجيا و تدرس علم الزلازل يجيلك عيل عىىرص من صب القاهرة يقولك الزلازل سببها غضب ربنا طب ما ربنا بعت رياح شالت خيم بتوع عْزة يا مدلىىىين يولاد العىرص,anger
483,ليه الناس ماسكه في رقاب بعض وبقى في غضب غير مبرر,anger
484,غضب في قابس والأهالي يقتحمون المجمع الكيميائي بعد اختناق أبنائهم وفشل الدولة في إيجاد حلول للتلوث,anger
485,غضب كلمه او حركه وحده قادره على انها تستفزني وتخليني اغضب بشكل غير مبرر سواء بالشارع بالبيت وبأي مكان لسبب او اخر اقدر اتمالك نفسي لحظتها الحمدلله ، ولكن احتاج طريقه اقدر اطلع فيها هالغضب الغير مبرر باستثناء الشتم والضرب لانها خيارات غير عمليه وعواقبها وخيمه من واقع تجربه,anger
486,اختفاء تبرعات موقع كشف منتقدي كيرك يثير غضب المتبرعين,anger
487,اختفاء تبرعات اكشف قتلة تشارلي كيرك غضب المتبرعين ونصب محتمل,anger
488,غضب المتبرعين واختفاء الأموال قصة قاعدة بيانات اكشف قتلة تشارلي كيرك,anger
489,الخميس يوم غضب في قابس دعا الإتحاد الجهوي للشغل بقابس وفرع قابس للرابطة التونسية لحقوق الإنسان في بيان مشترك مساء اليوم الثلاثاء اكتوبر ، القوى الحية و المنظمات و نشطاء المجتمع المدني و كافة أهالي قابس إلى يوم غضب جهوي يوم الخميس أكتوبر الجاري. وبحسب ما جاء في البيان، فإن هذا التحرك يأتي أمام الوضع الكارثي الذي يعيشه متساكنو الجهة و خاصة مناطق الطوق للمجمع الكيميائي التونسي و تكرار حالات الاختناق الجماعي اليومي في ظل ما وصفه الاتحاد الجهوي للشغل وفرع قابس لرابطة حقوق الانسان، من عجز للسلطة الجهوية والمركزية ومواصلتها لسياسة المماطلة و الإستهتار بمطالب الجهة وفق ما جاء في البيان. وبحسب البيان، ستكون نقطة التجمع أمام الباب الرئيسي للمجمع الكيميائي التونسي بقابس وذلك بداية من الساعة التاسعة صباحا التاسعة صباحا. وطالب الاتحاد الجهوي للشغل بقابس وفرع الرابطة التونسية للدفاع عن حقوق الانسان، إدارة المجمع الكيميائي التونسي والسلطة الجهوية و المركزية بالإيقاف الفوري للوحدات الملوثة و هو الذي كان واجب عليهم فعله منذ حادثة سبتمبر .,anger
490,غضب على مواقع التواصل بعد حادثة صفع مسن في السويس حادثة صفع مسن في السويس... أثار الفيديو الذي ظهر فيه أحد الأشخاص يصفع رجلًا مسنًا مرتين على وجهه في مدينة السويس، موجة واسعة من الغضب بين رواد مواقع التواصل الاجتماعي. وعبّر العديد من المستخدمين عن استيائهم الشديد وطالبوا بتوقيف المعتدي ومعاقبته قانونيًا نظرًا لإهانته رجل مسن يعامل كوالده. المصدر..,anger
491,اختفاء موقع كشف منتقدي كيرك بعد جمع آلاف الدولارات يثير غضب المانحين وتساؤلات حول مصير الأموال,anger
492,لحظة غضب مش نهاية الدنيا ليش بعض الأهل يردوا بالدعاء بالبلاء بدل الرحمة؟ لاحظت ظاهرة غريبة لا تستقيم مع المنطق حين يعلو صوت الابن أو الابنة على والديهما، يسارع بعض الآباء والأمهات إلى رفع كرت الدعاء عليهم بالموت أو البلاء، مع أن الكلمة الطيبة والحوار الهادئ كفيلان بأن يصلحا الموقف دون تلك الأدعية القاسية. أيعقل أن يقابل غضب عابر أو تصرف لحظة انفعال بدعاء بالغضب والموت؟! بينما يستطيع الوالد أو الوالدة في ذات اللحظة أن يرفع يديه بالهداية والرزق والصلاح لابنه! أليس ذلك أحق وأجمل عند الله؟ ملاحظة رضا الوالدين من رضا الله، وبرّهما طريق البركة في الدنيا والآخرة. فأحسنوا إليهم، وساندوهم بما تستطيعون. هدفي هنا ليس إنقاص قدر الوالدين، بل نقد عادة الدعاء القاسي في مواقف يمكن علاجها بالحكمة والرحمة. ما رأيكم ؟,anger
493,غضب السواقة امس كنت جالس اسوق طبيعي في طريق داخل الحي، وشخص من طريق فرعي كان داخل من اليمين بسرعة بس ضغطت البوري عشان ينتبه .. ضغط بريك بقوة ونزل من السيارة وصار يصبع لي ويصرخ بنص الشارع.. ما امزح ضغطت بوري مرة وحدة بس .. والواحد مضطر يتغاضى حفاظا على سلامته وسلامة السيارة من هالناس .. معقولة فيه ناس كذا؟ كيف هالتصرفات مقبولة؟ لمتى هالناس تتمادى في تصرفاتها؟ قبل اسبوعين كنت في الهند، تحديدا مومباي وتعرفون كيف السواقة في اسيا نوعا ما صعبة وفيها تحديات، وعلى كثر ما صوت البواري ما يوقف، ما حصلت مرة وان شفت شخص يصرخ ويسب احد بسبب تصرف بسيط مثل هذا وعلى انه سواقتهم اصعب، حتى السواقين ما يتعبون انفسهم ويحاولون يختلقون مشاكل.. ليش هالتمادي عندنا وكيف وصلنا لهالمرحلة .. الداش كام صار نوعا ما ضرورة..,anger
"494,أحياناً تنشأ الكراهية غير المبررة تجاه الآخرين من غضب داخلي مكتوم تجاه أقدار يظن الإنسان أنها كانت من حقه، لكنها ذهبت إلى غيره؛ فتتحول مشاعره من صراع داخلي مع إيمانه إلى عداء ظاهر تجاه الآخرين,anger"
495,أسطول الصمود وغزة هل يشعل هذا الحدث غضب العالم ضد إسرائيل؟,anger
"496,أحياناً تنشأ الكراهية غير المبررة تجاه الآخرين من غضب داخلي مكتوم تجاه أقدار يظن الإنسان أنها كانت من حقه، لكنها ذهبت إلى غيره؛ فتتحول مشاعره من صراع داخلي مع إيمانه إلى عداء ظاهر تجاه الآخرين,anger"
497,ترجمة لتعليقات الأجانب و الرأى العام الأجنبي حول قافلة الصمود و موقف مصر عرفت إن الناس دى مفيش في قلوبها أي حقد أو غضب أو كره إتجاه مصر ترجمة لتعليقات الأجانب و الرأى العام الأجنبي حول قافلة الصمود و موقف مصر عرفت إن الناس دى مفيش في قلوبها أي حقد أو غضب أو كره إتجاه مصر,anger
498,غضب أنا شاب عمري ٢٥ سنة من السعودية، ما عندي شهادة جامعة ولا وظيفة. معدلي التراكمي ٢.٣ وجبت ٦٦٪ في اختبار القدرات. رحت للجامعة السعودية الإلكترونية وقالوا لي التسجيل أونلاين ولازم أستنى لين يفتح التسجيل. بس كل مرة أحاول ألقى طلب التقديم ما أقدر. اللي يطلع لي إني أختار التخصص اللي أبيه، بس ما فيه استمارة تقديم. اللي موجود بس استمارة تسجيل ويطلبون رقم جامعي، وأنا طبعاً ما عندي. أنا صرت يائس، أي جامعة ثانية ممكن تقبلني؟ تبغاني أترجمها كأنك تكتب رسالة رسمية للجامعة، أو تبغاها بلهجة عامية عشان تحكي مع شخص عادي. حتى الآن حاولت أسجل في الجامعة العربية المفتوحة لأن تسجيلها مفتوح بس كل ما أقرب عند النهاية في التسجيل يعيد لي صفحة,anger
499,لاتضرب الطاولة لما تجيك نوبة غضب وانت تلعب بالبي سي السلام عليكم لكل اللاعبين خصوصا الي عندهم نصيحتي لكم اذا كنتم تعصبون كثير وتضربون الطاولة زي صاحبكم انكم تشيلون ال عن الطاولة على الاقل انا عندي وانا شخص عندي مشاكل متعلقة بالغضب وقت اللعب واي شي يصير اضرب الطاولة بكل مااوتيت من قوة وهذا الشي أدا الى ان ال يبدا يسوي اعادة تشغيل كل ماضربت الطاولة حتى لو ضربة خفيفة وبعض الاحيان يسويها حتى لو ماضربتها بحثت عن المشكلة وطلع فعلا هي منتشرة بين الاشخاص الي عندهم لما يجون يلعبون بالنسبة للحل مالقيت حل واضح غير انهم ينصحونك انك تشيل الجهاز من الطاولة او انك توقف تضرب الطاولة الي عنده حل للمشكلة يفيدنا,anger
500,غضب احد عنده طريقة مثلى للتعامل مع الغضب والاجترار وتكون عن تجربة مو بس كلام؟ انا مرة الغضب استهلك طاقتي وقاعد يدفعني ل اني اتصرف بغير تفكير وب اندفاع وللأسف اني ما اقدر اتفاده لأن الي يثيره هو عائلتي,anger
501,غضب شعبي واسع يجتاح فرنسا الاربعاء سبتمبر بقلم .. انطلاق حملة لنغلق كل شيء تشهد فرنسا منذ صباح اليوم الأربعاء احتجاجات ومظاهرات واسعة في مختلف أنحاء البلاد، وذلك ضمن حملة شعبية أطلق عليها اسم لنغلق كل شيء عبر منصات التواصل الاجتماعي. وتهدف الحملة إلى التعبير عن رفض الشارع الفرنسي لخطة ميزانية الدولة المقترحة من قبل رئيس الوزراء السابق فرانسوا بايرو. مشاركة واسعة وإضرابات شاملة تتوقع السلطات مشاركة ما يقارب ألف شخص في هذه الاحتجاجات، التي تشمل تنظيم إضرابات، تعطيل الدراسة، قطع الطرق، وتنظيم مسيرات احتجاجية. مظاهرات منذ الصباح الباكر منذ الساعات الأولى من صباح اليوم، خرج متظاهرون في عدة مدن فرنسية، وتم تعليق الدراسة في العديد من المدارس، إضافة إلى إغلاق بعض الطرق السريعة على أطراف العاصمة باريس.,anger
502,ناصر ماهر والزمالك منشور أثار غضب النادي.. وماذا عن الانضباط في عصر السوشيال ميديا؟,anger
"503,""بخصوص فيديو ضرب الظابط لعامل نادي القضاه, ايه اللي يمنع الظابط في لحظة غضب من مواطن انه يطلع المسدس ويضربه؟ اصلها سايبه وبقت غابه والسيسي قالها مفيش ظابط هيتحاكم وحصلت كتير قبل كده اكتر من مره الظابط خرج المسدس الميري وضرب بالنار علي مواطن عشان خبط العربيه خبطه بسيطه برغم انه اعتذرله لو لقوا في مقاومه و دفاع عن النفس مش هيقدروا يعملوا حاجه انما اللي مشجعهم علينا هو جبن الناس بسبب سياسة المشي جنب الحيط اللي تعودنا عليها من جيل النكسه لحد دلوقتي"",anger"
504,عندي نوبات غضب عندي نوبات غضب احاول أتحكم فيها بس ما أقدر إلا ما يطلع مني شيء، سواءً على الانترنز ولا الزملاء ، صح تحكمت فيه بس ستل احس داخلي بركان يغلي إذا احد سوا شيء ما أعجبني,anger
505,بخصوص زلزال النهارده و من كام يوم و رياح اسكندريه هل ده يعتبر غضب ربنا ولا مجرد حدث طبيعي مكتوب انه يحصل هل زلزال بقوة ٦ ريختر بعيد عننا ب ٦٠٠ كيلو ، يتصنف انه غضب ربنا ولا ، زلزال عادي زي اي زلزال في كوكب الارض ، و هل لو غضب ربنا فهيكون في صورة زلزال ٦ ريختر لكام ثانيه.,anger
506,ترقبوا غضب الله ربنا و جيوشه مابيتحركوش غير ع الحاجات التافهة، لكن لما مدينة بالكامل من أطفال و نساء و شيوخ و رجال تبقى تحت القصف بقالها ٧ شهور بيشغل وضع اللا مبالاة,anger
507,يثير غضب المستخدمين.. أوبن إيه آي تستجيب وتُعيد !,anger
508,اللي بيقدر يساعد ميقصرش يروج عند المعبر و يدخل أي حاجة لأنه غضب ربنا من ظلمنا ليهم هيكون أكبر بكتير من غضب الكلب القزم الاسرائيلي اللي بيحكمنا لو ما تصرفناش,anger
509,غضب عارم ابي احد حكيم استشيره بموضوع عائلي حصل ومن الويكند وانا فيني غضب الله اعلم فيه,anger
510,حاسس بطاقه غضب رهيبه جوايا عندي شعور بالغضب ناحيه كل حاجة حواليا مش طايق حاجة حواليا يعني ودا بسبب التفكير ف حياتي ادعولي ربنا يهونها,anger
511,الحرمان من مشاريع الجهة يجر على مجلس معزوز غضب فعاليات بجماعات إقليم مديونة,anger
512,ياجدعان دلوقتي لو عندي مشاعر غضب ناحيه شخص اخليها تروح ازاي خصوصا لو الشخص دا عايش معايا في نفس البيت,anger
513,فضيحة جروك شات بوت إيلون ماسك يثير غضب الحكومات بتصريحات مسيئة,anger
514,اعتذر لاخواتي الكوينز كانت لحظة غضب و حزن و فرحة و زعل,anger
515,غضب كبتن فلسطين من ايروندوم فناك زوجته إسرائيل وبينما كبتن فلسطين ينيك في إسرائيل ايروندوم فظحه فغضب كبتن فلسطين وهرب مع اصحابه العرب والصهاينه لحقوه بس للأسف كابتن فلسطين جاب كل اصحابه ومعاهم اسلحه وقتل الصهاينه وايروندوم وتشارك في نيك إسرائيل مع باقي اصحابه,anger
516,التنفيس عن غضب هذي السالفة تنقال بس راح اقولها هنا مو مشكلة... سقطت اول ثمار مشكلتي عندما لاحظت انه قطتي العزيزة الغالية بدأت مهارتها بالقفز تضعف أولا ضحكت وقلت لأمي شوفي! كنت غبية ماني فاهمة بعدين استوعبت قطتي عندها خلل ومشكلة واضحة وبعدها هممت بالذهاب الى البيطري .. إلا أن الورطة لم تبدأ هنا وحسب! الورطة انه سيارتنا خربانة ومحد موجود في البيت وكان نصف أفراد الأسرة خارج المدينة لكن ذلك لم يوقفني ولأن قطتي قطة حرة ١٠٠٪؜ هي التي تمتلكي لا العكس أبدا لذلك هي لا تملك صندوق احملها داخله وفي عادة الأمر عندما نسافر تجلس في السيارة كأي كائن حي غير مكبلة ومصفدة المهم المهم اخذتها وقلت خلاص بنروح مشي وبحطها بشنطة مناسبة والمشوار كله لا يتجاوز ال٤٥ دقيقة، وصلنا إلى البيطرية بسلام وبعد معاناة طبعا هي خافت وطبعا الانظار لا تكاد ان تتوقف لانها متمسكة بذراعي وكأنها غريق يتعلق بقشة ولأنها حرة وغير مكبلة وليست من دماء نبيلة وشيرازية الأصل ١٠٠٪؜ بل اننا لا نعرف من اباها على الاغلب شارعي يساري المهم دفعنا مبلغ الكشف وانتظرنا لبضع دقائق ويشهد الله انها كانت دقائق صعبة لأنني ظللت امسكها بشدة كي لا تفلت مني .. جاءت الدكتورة اخيرًا! الدكتورة المنتظرة كشفت عليها وقطتي لأول مرة اراها تعادي بشري كتلك المرة! هي ليست بالقطة اللطيفة ولكن حتما ليست بتلك اللئامة ولكنني افهمها الان نعم يا قطتي انتي على حق لطالما كانت على حق.. أخبرتني البيطرية ان قطتي العزيزة بصحة جيدة! بل ممتازة ! حرارتها ليست مرتفعة وأذنها نظيفة وصحة فمها رائعة !بالتأكيد ذلك بفضل الله ثم جهودنا لانني داومت على اطعامها كل الاطعمة الصحية من قلوب الدجاج والكبدة وكل ماهو طبيعي وبالطبع ابعادها عن كل المؤسسات الرأسمالية التي تسمى بالبيطرية!!استمررت باخبارها بأن هنالك خطبا ما داخل جمجمتها وليس خارجيا لكن تسببت بإحباطي عند قولها لا يوجد لدينا اشعة رنين مغناطيسي ولكن ولكن! استطيع اعطائها حقنة فيتامين جاء رجلا ما يبدو ان وظيفته امساك الحيوانات! مع ذلك بدأت عليه آثار التردد قبيل امساك قطتي اخذ يشد قفازاته الطويلة التي لن تحميه من مخالب قطتي ليس بسبب قوتها ولكن بسبب القماش المصنوعة منه عموما ما أن حقنت الابرة الا وقطتي تصدر ذاك الفحيح وتقفز ! مسكتها عندما قفزت على الكرسي اقسم بالله العظيم ثابرت بامساكها لقد كنت الوحيدة التي امسكتها واصحاب الادوار الثانوية واقفان كأنهم اصنام ولو انها اصنام لهممت بمساعدتي !!! فلتت قطتي من يدي مسرعة هاربة خائفة مشتتة نعم فلتت من يدي وهربت خارج البيطرية واختفت ولكن شيئا ما لم يختفي وهو حنقي من فشلهم الذريع من عدم اقفال الباب باحكام من تهمشيهم لي بعد هروب قطتي بل حانقة من وجودهم اصلا.. قطتي خلّفت ثلاث هرر، بقيت عالقة مع اطفالها ومع غضبي,anger
517,عندى طاقة غضب بنت وسخه لدرجة انى شبه حاسس وجع فى قلبى مش عارف اتنفس من الخرا، و مش حاجه على ريديت دى حاجات برا فى حياتى انا عشان الحلوين الى هيخشوا يجمعوا معلومات عن ميتينى و يكفرونى و يدعشونى و يسكسونى,anger
518,اتقى شر الحليم إذا غضب,anger
519,الاعلامي سري القدوة يكتب غضب دولي من الفيتو الأمريكي في مجلس الأمن,anger
520,الاعلامي سري القدوة يكتب غضب دولي من الفيتو الأمريكي في مجلس الأمن,anger
521,الاعلامي سري القدوة يكتب غضب دولي من الفيتو الأمريكي في مجلس الأمن,anger
522,الاعلامي سري القدوة يكتب غضب دولي من الفيتو الأمريكي في مجلس الأمن,anger
523,الاعلامي سري القدوة يكتب غضب دولي من الفيتو الأمريكي في مجلس الأمن,anger
524,الاعلامي سري القدوة يكتب غضب دولي من الفيتو الأمريكي في مجلس الأمن,anger
525,الاعلامي سري القدوة يكتب غضب دولي من الفيتو الأمريكي في مجلس الأمن,anger
526,الاعلامي سري القدوة يكتب غضب دولي من الفيتو الأمريكي في مجلس الأمن,anger
527,غضب زعيم كوريا الشمالية كيم جونغ أون بسبب خطأ كارثي بمراسم إطلاق مدمرة.. إليكم ما حصل للمزيد من التفاصيل، يمكنك قراءة المقال الكامل على .... لمتابعة المزيد من المواضيع الحصرية والمقالات المتنوعة، يمكنك زيارة موقع ... للحصول على آخر الأخبار والمحتوى الحصري، تابعنا في مجموعة على ...,anger
528,غضب دفين في مثل هالأيام صرت أقعد كثير مع نفسي و أحاكيها و أغوص في ذكريات كنت أحاول أتجنبها اكتشفت إني أحمل كثير من الإمتعاض و الغضب المكبوت في داخلي و الموجه غالبا على العائلة الممتدة الأجداد، الخوال الاعمام الخ طلع عندي كلام لو قلته لهم بتنقطع علاقتي معهم و بتأثر على علاقتي مع أهلي و الحل الوحيد اللي توصلت له عشان أحمي نفسي من هذا الغضب اللي أتعبني نفسيا و جسديا هو الإبتعاد بقدر المستطاع عنهم لأني ما ابغى أخسر علاقتي مع أهلي بسبب كرهي لأعمامي و خوالي و أجدادي.,anger
529,غضب في إسرائيل بشأن تصريحات نتنياهو عن أهداف حرب غزة للمزيد من التفاصيل، يمكنك قراءة المقال الكامل على .... لمتابعة المزيد من المواضيع الحصرية والمقالات المتنوعة، يمكنك زيارة موقع ... للحصول على آخر الأخبار والمحتوى الحصري، تابعنا في مجموعة على ...,anger
530,العراق.. فيديو غضب مقتدى الصدر وما فعله على منصة خلال كلمة مباشرة يشعل تفاعلا للمزيد من التفاصيل، يمكنك قراءة المقال الكامل على .... لمتابعة المزيد من المواضيع الحصرية والمقالات المتنوعة، يمكنك زيارة موقع ... للحصول على آخر الأخبار والمحتوى الحصري، تابعنا في مجموعة على ...,anger
531,بوست غضب من حوالي ٧ او ٨ سنين كدا شفت منظر مش قادر اتخطاه خالص. شفت عربية لانوس داخله وش في وش في عربية مرسيدس على البحر، ولا محدش كان ماشي عكس على البحر، القصة ان اللانوس نطت على الجزيرة ودخلت في المرسيدس. المرسيدس كان سايقها راجل شكله ٦٥ سنة ممكن، راجل كبير عادي سايق عربيته واللي حصله ان حزء من القايم بتاع عربيته اتغرس في فخدته والعربية مليانة دم، واللانوس كان سايقها شباب، واحد كان بيترعش جامد وشكله بيودع خلاص وواحد مبيتحركش معرفش مغمى عليه ولا ايه. المهم انا سألت نفسي ليه؟، ليه كل دا؟ وايه اللي استفادوه من الجري والشبحنة على طريق بالعربية؟ هو مش الموقف دا بس، طريق البحر كله كوارث بسبب شباب طايش بيجري وخلاص منغير تقدير لأي حاجة بما فيهم حياة الناس. منظر الراجل الكبير مش بيفارق عقلي، وبخاف على نفسي وعلى اهلي واصحابي ان دا يحصلهم بسبب تهور ومنيكة فارغة، والمشكلة اني بشوف ريلز كتير اوي ناس بتاخد غرز وهم مش شايفين اصلا هم رايحين فين، وتلاقي الناس بتسقفلهم في الكومنتات، بجد بتمنى ان كل واحد بيجري بتهور على اي طريق مش مخصص لكدا انه يتأذى هو لوحده، يتأذى ويخسر كتير اوي اوي علشان يريح الناس من اذاه. مش عارف انا كدا شخص سئ علشان بتمنى الاذى لغيري بس هم يستاهلوا، علشان هم لولا ستر ربنا كان زمانهم اتسببوا في اذى ناس كتير,anger
532,تجميد الحوار القطاعي يجر غضب شغيلة التجهيز والماء على نزار بركة,anger
533,مين لحّق على لعبة غضب القراصنة على الجوال لعبة غضب القراصنة انطلقت في لعبة اونلاين من تطوير شركة صينية ، كل لاعب يكون معاه أسطول سفن و تبحر على خريطة العالم و تهاجم لاعبين ثانين و تسيطر على موانيء و تشارك في احداث مثل حدث سفينة الكنز او حدث حرب النقابات و حدث استكشاف الكنوز و كل لاعب يحاول يطور من أسطوله و مدافعه و معداته ، اللعبة كان عندها كبير لكن ما اهتمو للتسويق و الإعلانات و ادارتها ما كانت نزيهة لدرجة فيه لاعب صار يدفع لهم مباشرة حتى يفوّزوه بالمعارك ، اللعبة اتقفلت في و ما بقي منها غير مقاطع باليوتيوب ، هاللعبه كانت شاغلة وقتي كثير و خلتني اعشق ألعاب البحر و الأساطيل و قاعد ادور لعبة تشبهها و لو معي فلوس كان سافرت الصين اشتري سيرفرات و حقوق اللعبة و أعيد اطلاقها,anger
534,شيء فعليًا يقطع قلبي ويحرقني من الداخل انا الحمدلله ربنا أنعم عليا بحب الجلوس في البيت لكن في الاوقات اللي اضطر الى الخروج فيها للمول خصيصًا، انصدم فعليًا من الوضع واشكال بعض البنات يعني اشكال ممكن اشوفها في فلم امريكي، قصات بويات وكيبوب هذا بعيد عن انهم متبرجات وكاشفات يعني ما ادري ايش السبب هل ما يعرفوا حرمة اللي يسووه؟ او أفطال عليكم العهد أم أردتم أن يحل عليكم غضب من ربكم ؟؟ أم أنهم أمنوا مكر الله وعذابه؟ نفسي احد يقول لي السبب,anger
535,عطونا زيادة سرقوا مننا .. غضب واسع في السويداء بعد رفع الأسعار ومحتجون حكومة فاسدة وداعشية,anger
536,منطق الكتاني.. زلزال المغرب غضب من الله وعند الدول الأخرى شدة وكرب,anger
537,تصريحات ترامب بشأن غزة تثير غضب الشارع المصري,anger
538,كواليس غضب أنشيلوتي مدرب ريال مدريد في ديربي الليغا,anger
539,سبب غريب وراء غضب مشجعي برمنغهام من الخسارة أمام نيوكاسل,anger
540,الإضراب العام.. الحكومة تواجه غضب النقابات,anger
541,غضب داخلي لما تكوني الابنة الكبير أهلك غالبا بشوفوك كزول وشخص زهجان طوالي ماعندك أخلاق وما عندك صبر وما بتتحمل حد. لكن الغريب إنه مع كل الناس التانية يعني زي أصحابك والناس البتعرفهم بشوفوك العكس تمامآ يعني زول متعاطف صبور وبتهتم بالناس. دا ما معناته إنك بتمثل قدامهم. بالعكس أصحابك بشوفوا شخصيتك الحقيقية لأنك مرتاح معاهم كفاية لدرجة إنك تقدر تقول الفي قلبك وتلعب الدور اللي تربيتِ عليه، لكن في البيت، بتكون شخص مختلف تماماً.ومو معناه إنه ما ماعاوزين نكون بنتعامل وعندنا صبر في البيت لانو دا جزء من شخصيتنا. لكن لما نقضي حياتنا كلها نحاول إنهم يسمعونا ويعاملونا بجدية في النهاية بنكشتف إنه الطريقة الوحيدة عشان الناس ينتبهوا لينا ويعطوهم أي نوع من الاهتمام هي اننا نرفع صوتنا ونعمل شوية شوشرة. هل دي لاكن احسن طريقة؟ لا. لكن عشان كده انت بتكون ناضج مع أصحابك ومع كل الناس التانية، لأن الناس التانية اغلبهم بيفهموك وبيسمعوا ليك. تخيل إن الناس التانية فعلاً مستعدين إنهم يفهموا وجهة نظرك ويسمعوك. شيء عجيب مش. قناعتي انت غالبا أسوء نسخة من نفسك في بيتك.,anger
542,ازاي انظف موبايلي تحسبا لظابط ولا مخبر في كمين ولا في اي حتة لو بقى فيه قلق؟ هو اصلا الي بيطلب الموبايل يبص فيه بيفتح ايه ولا بيقلب في ايه عشان يتحرى اذا نفع نسميها كدا او ايا كان عشان لو فيه حاجة متابعها على اي منصة ابحث عنها واشوف لو عامللها فولو ولا لا ولا اعمل ايه من الاخر ؟,anxiety
543,بنفهم بكميه بس والله احس فيني قلق تدرون اخاف من الناس الطويله يجي ببالي لو تهاوشنا يمديها تدعسني او تقدر علي واحط مقارنه كاني مراهق مفلوت بهوشات شوارع ومخي دايم يفكر بوضعية دفاع معهم شكلي ترامتايزد بس ماعرف وش السبب حتى الزوج المستقبلي مابيه طويل و ماقدر عليه ابي لو صار شي يمدي افقع وجهه وادافع عن نفسي مدري ماحس بالامان حتى صداقاتي كلهم حول طولي,anxiety
544,انا قلق جدا من اميركا، محدش بيقدر يثق بالكيان الشيطاني هذا,anxiety
545,قلق النادي انا صارلي سنه اروح النادي و اتمرن ، بس فيه شيء يضايقني احس الناس تشاهدني او تحكم علي باختصار قلق، و هالشيء يروح اذا تمرنت مع احد، و ودي اتخلص منه لانه ياثر علي جودة التمارين. هل مريتو بشيء مشابه؟,anxiety
546,احساس انك مكروه ده سئ و خصوصا انك وحيد محدش معاك محدش جمبك مهربي الوحيد هو السوشيال ميديا بخرج هنا اي حاجه و بقول هنا اللي نفسي فيه و بضحك عشان في الحقيقه حياتي عباره عن خوف و قلق و جالي امراض كتير.. بجد تعبت اوي .,anxiety
547,كيف عالجتخففت مشكلتك النفسيه قلق،اكتئاب،الخ تعبت من التفكير والقلق احتاج حلولكم,sadness
548,يتم قلق وتوتر كثير متوترة من الجامعه صدقا يعني الموضوع بلش يخوفني شوي لانه بحس المكان حيكون غريب علي وفي شباب وهيك بكره المبهم صراحه وما دخلت التخصص الي بدي اياه فحاسة بغرابه وحاسة اني مش ماخذه الجامعه كلها بجديه واني قرفانه منها قبل ما افوتها يعني مش عارفه كيف اشرح الموضوع بس حتى مش عارفه شو اخذ معي اول يوم ولبعدين شو ممكن احتاج كنت قاعده بحاول الهي حالي بهاي الاشياء وانه بدي اشتري لبس بس مش قادره اشيل التوتر حاسة حالي كاشّة منها,anxiety
549,سؤال عاملي قلق كتير حابة انه اكون حد معروفة شو اهتماماته والشغلات اللي بحبها و و و بس بنفس الوقت انا مش حد بحب يصور ولا ينزل ولا يعمل شي عالسوشال ميديا، جزء من حالي حابب انه يكسر هاد الحاجز والجزء التاني مرتاح بالوضع,anxiety
550,ارجوكم مساعده عشان نفسى مره اعيش من غير قلق وخوف حياتي واقفة ومش عارف أعمل إيه محتاج نصيحة أو أي طريق أبدأ منه ، أنا شاب عندي سنة من مصر، وعايش حاليًا أسوأ فترة في حياتي. بقالي سنين بدرس في كلية الصيدلة، لكن بسبب مشاكل كتير منها الإهمال، الاكتئاب، والخوف من أهلي، ضيعت سنين وعدت مواد كتير. للأسف، كنت بكذب على أهلي وبقول إني ماشي كويس، ودلوقتي هما فاكرين إني هتخرج كمان شهر، لكن الحقيقة إني فاضلي سنين كمان. أهلي شديدين جدًا، وأنا متأكد بنسبة كبيرة إني أول ما يعرفوا، هيطردوني من البيت. مش معايا فلوس، ولا عندي مهارات أشتغل بيها، وعمرى ما اشتغلت قبل كده. حاسس إني ضيعت سنين من عمري، ودلوقتي خايف ألاقي نفسي في الشارع. أنا مش بدور على شفقة، أنا عارف إني غلطت، بس نفسي أبدأ من جديد. لو في فرصة أهاجر، أو أشتغل أي شغل، أو حتى أتعلم حاجة تساعدني أقف على رجلي، أنا مستعد أعمل أي حاجة. مش عارف أبدأ منين، ولا إيه الخيارات اللي قدامي، فبكتب هنا يمكن حد يكون مر بتجربة مشابهة أو يعرف يساعدني. رجاءً من غير أحكام أو تقطيم، أنا فعلًا وصلت للحضيض ومحتاج بس دفعة أو طريق أبدأ منه. شكرًا لأي حد هيرد أو حتى يقرا كلامي.,sadness
551,احس اني نسيت كل البيسك والوضع مسبب لي قلق انا الحمد لله خلصت البيسك بعد عذاب، الي هي اول ثلاث سنوات، وصارلي حول شهر ارحين سنة رابعة والنقلة من البيسك للكلينكل كان شي مرا حلو وكل شي مرا اخف، لكن تقريبا احس اني نسيت الطب كامل ما ادري هل كذا طبيعي انساه ولا لازم كل فترة اراجعه ولا كيف طبيعي انساه ومو مهم لان في الاخير باختص بشي واحد مو كل شي زي البيسك عندنا، وشي الي بختص فيه هو الوحيد الي فعلا لازم اعرفه والي يزيد القلق عندنا كم بروفيسور في الجامعة يقولوا طبيعي تنسون مو مشكلة، لكن لابد انكم كل فترة تراجعون، ف مدري والله ..,anxiety
552,هل ممكن اعيش الحياه من دون قلق ؟ ياخي دائما أفكر اقول ليش ما أدخل الجامعه اذاكر أول بأول و اتخرج و اتوظف وبس بس ياخي أحس نفسي دائما شايل هم كيف اقلل من هذا الشعور قدر المستطاع ؟,anxiety
553,ياشباب انا قلق على الاقليات بأمريكا لو تروحو الرئيسية بريديت حتلاقوه مليان فيديوهات اعتقالات عشوائية بالشوارع مالي متخيل شو حيصير خلال الاربع سنين,anxiety
554,هي دي المكتبة اللي عاملين عليها قلق؟ حدانا في البلد بيت العمده اكبر منها مرتين,anxiety
555,تقرة كتاب كامل وتضل دايخ؟...لو....تقرة مرشحات وتضل قلق؟,anxiety
556,ضاع عمري واني بعدني ١٨. مليان قلق وأفكار وجودية. محتاج دعم نفسي أهلا ، أني عمري ١٨ ومن العراق بس عايش ب كندا، وراح أتخرج من السادس هالشهر، بس بصراحة أحس روحي ضايع من الداخل. ما قدمت على أي جامعة لحد الآن لأن دماغي مليان أفكار وجودية تخوفني عن الحياة، عن الله، وعن شنو معناها أصلاً. تربيت على المسيحية، وكنت أؤمن بالله. ولحد الآن لما أصلي، أحس براحة شوي، بس الخوف يرجع كل مرة. قبل كم سنة، ابن عمي انصاب بمرض كرون، و الآن المرض صار مزمن وهذا الشي غيّره وايّه. بدا يشك بوجود الله، يحجي عن الآخرة وكأنها مو حقيقية، ويكول إذا الله موجود فهو قاسي. بالبداية ما اهتمّيت، بس كلماته بدت تدخل براسي شوي شوي. ويا ريت ما شفت فيديو على تيك توك عن شي اسمه سوليبسزم، اللي هو فكرة إنه أنا الوحيد اللي موجود، وكلشي والباقي وهم. هذا الكلام رعبني رعب ما شفت مثله. من وراه بديت أعاني من قلق مستمر، نوبات هلع، وشعور غريب يشبه ضبابية العقل أو كأنه العالم مو حقيقي. أعتقد يسمونه ديرياليزيشن. قبل كل هذا، كنت إنسان قوي وعندي أمل. هسه أحس كأنه دماغي يحاول يحل لغز ما إله جواب، وكلشي بدا يحترق جواتي. كتبت هذا هنا حتى أشوف إذا أكو أحد من أهلي أو من العراقيين مر بهيج شي. إذا عندكم نصيحة، دعم، أو حتى كلمة طيبة، أكون ممنون منكم. والله تعبت وما أريد أحس إني دا أجن. شكراً من القلب,anxiety
557,ترامب الناس كلها عماله تكلم عليه و انه مات شكل في قلق,anxiety
558,ادوية اكتئاب و قلق السلام عليكم ورحمه الله من منكم له تجربه مع ادوية الاكتئاب والقلق لي حدود شهر مع الباروكستين ٢٠ ملغم لعلاج القلق اعطاني تحسن بنتيجة ٥٠ بالمية فقط لكن يضل شيء ممتاز المعاناه فقط مع الاعراض الجانبية واكبر عرضين غثيان و ضعف في الشهوة طبيعي الامر ؟,sadness
559,ياخي توب ثلاثه أشياء اكرها تسبب لي قلق قومة الصبح ل دوام ٢ الواتس ٣ البلاك بورد رعب فيني خوف شديد افتح الواتس مع اني مب مطفيه إشعارات وقاعده اقرا بس مب فاهمه بس اخاف في شي لازم اسلمه وانا عجزانه ذابحني النوم افففف اكره الجامعة بطني يعورني بسببها,anxiety
560,قلق مفرط السلام عليكم انصحوني، انا وحده فيني قلق عالي واكتئاب تلاقوني طول الوقت شايله هم خصوصا من ناحيه الدوام. واحس انه صدق ياثر علي باني اصير ارجف ولا تشد رقبتي ولا اكتئب ليله قبل صدق اكتئب الدنيا تسود بعيني. قلت اغير دوامي وحمدلله غيرته ولا زلت، جربت كل انواع التمارين وما استمر لاني ما اشوف نتيجه، انا حياتي احسها سودا وانا ربي منعم علي حمدلله بس اكتشفت انه شكله العله داخليه. زبده كلامي انصحوني، ابي طبيب نفسي وياليت يكون بمكان يقبل التأمين ووش تجاربكم؟ هل فرق بحياتكم؟ بالعلاج الدوائي ولا السلوكي؟,sadness
561,عايش في قلق بسبب بيئه العمل سلام عليكم، انا الان بكمل ال شهور واخلص فتره التجربه، شركه استثمارات صغيره والمكاتب معزوله ومافي تواصل كبير بين الموظفين الا بشغل، المهم انا انسان غريب شويه وقليل كلام وبحاول اكون اجتماعي قد مااقدر المهم في البدايه كن احاو اطلع من مكتبي واخذ واعطي لكن شفتهم مقفيل وقليلين كلم انا انعزلت برضو واحتمال كبير همه صارو كذا بعد ماجيتهم احساسي يقول كذا، المهم الان انا في مكتب مع مديري وملاحظ الباقيين يشوفوني نفسيه ويحاول يبعدو عني ومديري كمان يحب يوصل كلام عني، انا شغال واطلع بس لمن احد يكون عنده مشكله وكذا. افيدوني ايش رايكم اسوي؟ النفسيه بدات تتعب وافكر اطلع قبل فتره التجربة,anxiety
562,تعمل قلق للعلمانجي اغلب العلمانجيه الخولات وبالذات في مصر مش واخدين من الغرب غير قلع الحجاب والمشي بالبيكيني في الشوارع و اتخذوا العلمانيه منهج عشان يزنوا براحتهم ويشربوا خمر و خالد منتصر وسيد القمني و نوال السعداوي و غيرهم من بقية الفطايس ابسط مثال انما تقولهم ايه علاقه قلع حتة القماش بالتطور مش هيعرفوا يردوا هما كده حافظين مش فاهمين شويه خولات من الاخر,anxiety
563,عندي قلق من نوع غريب بخصوص الجامعات اكو تخصص اريد اروحله واكو جامعة جديدة بمحافظتي راح تنفتح هاي السنة بس هي بيها هذا التخصص المشكلة والشي الي مسببلي قلق اخاف هاي الجامعة تنسد وانا بالمرحلة الثالثة لو الرابعة مثل ما صار بجامعتين حاليا والطلاب ما يكدرون يسوون شي كل فلوسهم وتعبهم ضاع ما ادري اخاطر واروحلها لو اروح لغير تخصص بجامعة مضمونة اكثر,anxiety
564,قلق ولا خوف زايد؟ انا و ماما و اخوية مرينا في ثلاث وفيات خلال ثلاث سنوات بمعدل كل سنة كل احد يتوفى ابوية و جدتي ام امي و خالي الله يرحمهم كلهم المشكلة دحين ان ماما من زمان ما تحب هرجة الصحبات و الصداقات حتى هي ما تحب يكون عندها صحبات يعني من انا صغيرة تقول ما راح تروحي لصحباتك هم يجو عندك حتى يوم يجيو تطفشهم زي انها تقعد عند باب الصالون او غرفتي و تتكلم بصوت عالي صحباتك ما عندهم اهل مطولين او تقعد تعصب عشان اتوتر و هم يستحو مني و يطلعو و يبطلو يجو حتى صحباتي زمان كانو بما يخرجو و اسألهم ليه ما كلمتوني يقولو اصلا امك ما راح تسمح و مع الاسف امي زمان كانت من النوع صاحبي دي البنت و سيبي دي البنت ما عجبتني و المواضيع دي كلها صارت و انا كنت في الابتدائي الين المتوسط لما صرت في الثانوي صرت ازعل انو انا ما عشت ذكريات مع صحباتي كلها في البيت و كمان ما نخرج كتير يعني ممكن في الشهر مرة ولا مرتين مشاويير السيارة نجيب شي من البقالة خرجة تعتبر ما اقول كدا نظام انا اكره امي ولا طفشت من خوفها علي بس الموضوع صار متعب حتى دحين انا راح اتخرج من الجامعة اي بنت من صحباتي على رغم انها تشوفهم و تشوف انهم يوقفو معايا في مواقف صعبة من ضمنها الوفيات و حتى لما ماما تتعبو نروح المستشفى اخر الليل تقول لا هدول قليلات ادب عشان شافت شي منهم احنا مو متعودين عليه او عشان تشوفني انا سفيهة معرف الي قدامي انا امي لما تقول مني مرتاحة لفلانة ولا لعلانة اقلها ابشري بنتبه على نفسي منها و بنتبه على حركاتها بس امي ما تبغى كدا صارت تقلي اقطعي علاقتك فيهم و خليك في البيت قاعدة كلهم طمعانين فيك و يبغو يأذوك انا بسبب طريقة تفكير ماما القلق دي قاعدة تحت ضغطت و اتشخصت باضطراب قلق و ماما مهي فاهمتني اني انا ما احب قعدة البيت ماما شخصيتها تحب البيت انا عكسها و تشوف ان خرجاتي قلة ادب مع ان ماما في شبابها كانت تطلع مع صحباتها و تروح و تيجي عادي بعلم اهلها لكن انا مستغربة ليه هي معترضة علي انا على رغم اني ارجع البيت قبل بليل و حتى لما بدأت اخرج مع صحباتي كنت لما دخلت الجامعة و حتى دي بعد مناحلات و نقاشات و زعل انا ما ابغى ازعل ماما ىلا اكسر كلمتها بس ابغى افهمها هي ليه تسوي كدا وليه تفكيرها كلو قلق,anxiety
565,لو قعدت في مكاني هادي من غير صوت فتره ،تجيلي نوبه قلق,anxiety
566,حالات قلق متكررة زي ما مكتوب بالعنوان، احيانا بكون قاعد فجأة يجيني قلق و توتر ويجيني نبض سريع و فعلا بتوتر وما بعرف اقعد ولا اعمل اشي، لا انا قادر ادرس ولا اني قادر العب ولا عارف اقعد، الحالة هاي شغالة حاليا وصارلي من قبل العصر ل هسا مش راضية تروح وحاس بدي اصيح، جد بدون مزح، شو اعمل؟ يخوان تعديل قرأت قرآن، سبحت وذكرت الله، صليت ومش راضية تروح,anxiety
567,اضطراب قلق عام عندى اضطراب قلق عام و باخد ايفكسور و اولابكس بقالي سنه و بجد العلاج دا بيخليني بني ادم قادر اتعامل مع الناس زي اي حد حد ، من غيره انا مهلهل تماماً ، جسمي كله متوتر متشنج ، حاسس ان الناس عامله مؤامره عليا ، هل انا هفضل اخده طول عمري ؟ حاجه تانيه انا بسبب الانكيزيتي عندى قلة تركيز رهيبه و دا مسببلي مشاكل ف الشغل هل في حاجه اخدها عشان التركيز؟,anxiety
568,اليوم الخامس عشر قلق لم يكن يوما حافل بالانجازات بل كان حافلا بالقلق و الاضطرابات لم استطيع فعل شيئا بداتو اعاني من تفكير المفرط مجددا فرط تفكير مع القليل من المشاكل الاسريه مع القليل من ضغط هذه هي العوامل المثلى للضياع او الهلاك في تفكير في ذات لم اعد انجز مثل زي قبل لم اعد الشخص الذي عهدته لم اعد اشعر بالرغبه لاي شئ ولاكن لو هنالك شيئ انا اعرفه سيكون اني لن اتوقف حتى اموت و هذا ما اطلبه منك دعوه خالصه من القلب لي و لنفسك و عدم الاستسلام حتى اللحظه التي تلقت فيها انفاسك الاخيره,anxiety
569,عندي قلق من نوع غريب بخصوص الجامعات اكو تخصص اريد اروحله واكو جامعة جديدة بمحافظتي راح تنفتح هاي السنة بس هي بيها هذا التخصص المشكلة والشي الي مسببلي قلق اخاف هاي الجامعة تنسد وانا بالمرحلة الثالثة لو الرابعة مثل ما صار بجامعتين حاليا والطلاب ما يكدرون يسوون شي كل فلوسهم وتعبهم ضاع ما ادري اخاطر واروحلها لو اروح لغير تخصص بجامعة مضمونة اكثر,anxiety
570,ليش اذا طلبت اكل من مطعم عن طريق تطبيق مثل جاهز او هانقرستيشن او كيتا يوصلني الطلب بدون اي قلق بدون حتى مايكلمني بس اذا طلبت سياره توصلني من اوبر او كريم او بولت الموضوع يقلب عباطه وقلق ويكلمك وين بتروح وين بتجي كنسل لاتكنسل وتقعد ساعه ماحد جاك ليش مو بنفس سلاسه برامج التوصيل !!! صرت والله اكره اطلب سياره اذا يمدي امشي,anxiety
571,قلق الانجاز في العشرينات وصل عمري قبل أيام إلى سنة. والحقيقة أن هذا العمر غريب بعض الشيء. بقدر ما تشعر أن الضغط يزداد لإنجاز شيء لا تعرفه، إلا أنك تؤمن داخليًا أن عليك تحقيقه قبل الثلاثين. بقدر ما تحس أنك أصبحت أكثر هدوءًا من ذي قبل، بدأت تمحص أهدافك، تفرزها، وتبحث عن ذلك الهدف الحقيقي الذي يستحق أن تفني عمرك فيه. تنظر إلى السنوات الماضية، خاصة ما قبل الخامسة والعشرين، كأنها كانت مرحلة مراهقة طويلة، أو مقدمات لحياتك الفعلية. إلى من تجاوز الثلاثين كيف حالكم اليوم؟ ما الذي حل بأهدافكم التي كنتم تسعون إليها في العشرينات؟ تلك التي كانت تشغل تفكيركم وتحفّزكم؟ هل تغيرت؟ نضجت؟ اندثرت؟ هل بقيت حبيسة الورق والخيال؟ أم أنه لم تكن هناك أهداف واضحة من الأساس؟ شاركونا تجاربكم. شخص يعاني من قلق التقدم في العمر والإنجاز بحاجة لتوجيهكم الصادق.,anxiety
572,قلق المستقبل تحديدا الجامعه أنا تعبت من عقلي صرت أفكر كيف اقدر ارتاح حاليا مو قادره انام وكله بسبب قلقي من الجامعه مع اني اعرف الجامعه مو نهايه العالم بس عندي قلق و توتر ولسا ماصارلي يومين قلق من كلشي عندي تعبت تعبت تعبت دايما اقول ربنا موجود جنبي وربنا الي كاتبلي ايش يصير بيومي ليش أتوتر؟ أنا عارفه هالشي بس مو قادره اسيطر على افكاري مو قادره تعبت من عقلي وتفكيري الموضوع متعب جدا احيانا صرت اكره وقت النوم بسبب هالشي قلق من البرزنتيشن مع انه لسا والله ثاني يوم صارلي بس بسبب اختلاف اللغه مو لغتي قلق اعاده السيناريو الي عشته بالثانوي اني اكون وحيده مع انه الجامعه مختلفه و برضو عادي قلق رسوب اقسم بالله بخاطري ارحم نفسي بس مو قادره تعبت والله العظيم وفوقها احاول التزم بصلاتي وأتقرب من ربنا,anxiety
573,اخواني وخواتي سوف ادخل عالم جديد وانا قلق بعد شهرين وبالتحديد سوف احال على التقاعد بعمر ٦٠ سنة والحمدلله ولكني اشعر وكأني سوف ادخل الى عالم البطالة والمرض وبهذا العمر لازلت والحمدلله ذو صحة وشكل لايوحي باني بهذا العمر ولقد فكرت الدخول الى عالم التجارة ولكن قلة خبرتي تصدني فهل من كلمة ربما تكون مفتاح راحتي العمل هو الحياة والصحة بالنسبة لي وتذكر عزيزي الناصح انا لست ذو قوة كما كنت شاباً وشكراً,anxiety
574,تركيز بدون قلق لما احاول اركز على مسأله ولا اعرف حلها يجي إعصار بمخي فجأة مع شعور إحباط واقوم علطول اخذ لي بريك واطول فيه شلون اتخلص من مشكلة اني لازم اكون بيرفكت بكل سؤال لانها بدال ما تخليني شخص ناجح جالسه تخليني افشل,anxiety
575,رقم النجدة في مصر ١٢٢ ، انشروا البوست عشان التوعية في مصر وحشة قوي انا عرفت الرقم دا من شوية في لحظة فضول مش مصدقة أن مفيش حد حواليا قلق عليا وفكر يقولوهولي عفوا,anxiety
576,انا قلق جدا من اميركا، محدش بيقدر يثق بالكيان الشيطاني هذا,anxiety
577,قلق ما قبل التخرج السلام عليكم، بشرح لكم موقفي أنا طالبه علوم حاسب أعيش بالرياض، ومقبله على آخر سنه بالجامعه، عندي شهادات لدورات بسيطه مثل يودمي وكورسيرا، وبرنامج بسيط مع زين، واحس بالقلق المعدل ٣.٣٦ حاليا من خمسه، وهذا بسبب مشاكل واجهتها وكانت جدًا متعبه، وحاليا مو عارفه وش اسوي عشان احسن من وضعي، عندي مشاريع وأقدر اقول اني ومستقبلا ممكن إفادتكم بكيف احسن وضعي..,anxiety
578,قبل انام قالت لازم اعمل قلق,anxiety
579,وخزات قلق مع خليط بيتي! بجربه ومتحمسةة ،المؤسف ان دايم طعم الخليط يجي مُريب طعم خالي من الفن ،جاف ومتواضع،بس عندي امل في هذا الخليط وشكله لطيف مرة يذكرني بفتافيت،دعواتكم يارفاق بعد ادعوا لاختباراتي الواضح اني احتاج كم هائل من الدعوات في هذا الجانب,anxiety
580,قلق عام ايه حل القلق الدائم والتوتر,anxiety
581,ينفع حد يستقبل سبع تلاف دولار على ولا فيها قلق؟ واحد صاحبي جايله ست الاف ونص دولار من شغل اونلاين الفريلانس وعايز يسحبهم على حسابه في هل هيحققوا معاه واسالة وبتاع ولا عادي؟ علما ان الشهر اللي فات جاله تلاتة ونص ومحدش كلمه بس هو قلقان عشان المبلغ كبير شوية,anxiety
582,حوار قلق حوار الفيزيا اللي بنعملها دي وبنحطش فيها جنيه حوار مقلق جدا تنصحوني اعمل ايه علشان احل الموضوع ده,anxiety
583,حساب السعرات قلق ومريح بنفس الوقت كل ذا اللي تحس كمية كبيرة فيه حول ال ٥٠٠ سعرة تقريبا، ٦ بيضات ٤ صفار، جبن فيتا لايت المراعي ال٣٠ قرام فيه ٥٠ سعرة، أكلته بالشوكة بدون خبز,anxiety
584,قلق القلق والخوف اثرو على جودة حياتي من كل ناحية، كرهت هذا الشي فيني كل شي اقلق عليه تافه او مو تافه اعطي كل شي نفس القدر من الاهمية واقعد افكر طول اليوم باصغر الاشياء، تعقدت وحياتي خربت مو قادرة اعيش حياتي بشكل طبيعي، علاقاتي اكون قلقة فيها وافكر بكل حاجة واعطي هالعلاقات اهمية واقلق وافكر فيهم حتى لو كانو حرفيا اونلاين ومفروض ما اهتم وانا اقلق واشيك، حياتي الاكاديمية قاعدة تخرب بعد بسبب هالقلق ودايم عقلي مشغول وخايفة من اشياء ماصارت حتى واخرب على نفسي كثير، عيشة ماني عايشة ، حرفيا كاني بجحيم ومحصورة مع افكاري ومخاوفي وقلقي الزايد عن اللزوم، جودة نومي خربت بسبب هالشي واكون قلقانة حتى اول ما اصحى وماصار شي!، كل يوم وقت اعيش يومي يروح فيهم تعبت من شعور القلق وتعبت من شعور الخوف تعبت من التفكير الزايد وتعبت اني مو قادرة اعيش حياتي لدرجة اني اتمنى انام للابد ولا اقعد مع نفسي دقيقة لاني تعبت من الوضع,anxiety
585,قلق زائد في اختيار تخصص في الأمن السيبراني السلام عليكم ورحمة الله وبركاته يا اخوان القلق أكلني اكل أنا متخصص امن سيبراني و تحديدا في الفريق الأحمر الهجومي وطموح في تخصصي وماشي في مسار تعلمي، بس بدأ الخوف و القلق يراودني في موضوع انه التوظيف في المجال الهجومي صعب و افضل اروح في مجال دفاعي لكن وهذا القلق نتيجته أبدا مي مريحة امشي في مسار تعلمي، بعدين أوقف و أتوتر كم من يوم، بعدين أتوتر وهكذا، ف ابا من الي عندهم معرفة في سوق العمل هل إذا تخرجت من الجامعة بشهادات تبرز مهارتي في هذا التخصص هل القبول سهل او صعب وجزاكم الله كل خير,anxiety
586,نوبة هلع ولا قلق اجتماعى !!! النهاردة كنت ف ميتنج جدا جدا فريندلى و الناس لطيفة و دخلت سلمت عليهم و اتكلمت معاهم و ابتسامات وبتاع وشديت كرسى و قعدت ف الميتنج دة حوالى ٢٠ سيدة و انا و واحد كمان بس الرجالة و كلهم أكبر منى سيدات أمهات و هكذا و الصغيرين فيهم ٢٧سنة المهم جيت ف نص الميتنج بفكر ف كلام اقترحه عليهم فجاءة بدون اى مقدمات قلبى بيدق بسرعة جدا و بقيت سامع صوته بوضوح و سامع صوت الدم بيجرى ف دماغى و نفسى بقى سريع جدا اكنى بجرى و حسيت انى باصص عليا من برا منظور الشخص التالت والغريب أن دة أول مرة ف حياتى يحصلى مش عارف دة اعتبره نوبه هلع و اخد بالى من المثيرات ولا طلع عندى بعد كل السنين دى قلق اجتماعى ومش واخد بالى عشان مكنش فى ضغط؟,anxiety
587,دراسة الصيفي قلق احس بكتمه با المحاضرات المادة الي اخذها مرض برضو و الوقت ضيق و الدكتور مصر انه يقدم لنا التفصيل با الشرح بشكل ممل المادة ماتفتح متطلبات ولا شي ولا حتى استفيد منها با مواد ثانية بشكل كبير و الدكتور الي ماسكها ترم عادي طريقته صعبه جداً و معروف بدقته امس اختبرت اختبار المادة ذي والصراحه ادائي كان سيئ قسم بالله ان الوضع يقهر المادة ذي مو الوحيده عندي في مواد اخرى دسمة زيها بس الدكاترة الباقين متفهمين و متعاونين معانا عكس هذا الي كارفنا كرف الله يسهلها خوفي احملها و اعابل ترم ثاني زود الهدف من التعليم بشكل عام سواءً اكاديمي جامعي او مدارس هو نشر العلم و تنمية الذكاء للأفراد الصراحه تجاربي مع المعلمين سيئه با ناحيه توصيل المعلومه اروح واجيب المعلومه بنفسي افضل تجاربي مع المعلمين اغلبا كذا اروح التعلم بنفسي و اجيبها افضل بكثير طبعاً مو كل المعلمين كذا في معلمين كانُ اساطير من ناحيه توصيل المعلومه و التدريس بس الاغلب...سيئين با رأيي.,anxiety
588,محتاجه حد يساعدني ابطل احس باهتزاز او قلق وانا مبشوفش غير و ناس بتجوز انا مش كبيره خالص ٢٦ بس بجد بحس اني بغير او بقلق او ساعات كمان باستفز مش عارفه ليه من كتر الناس اللي بتجوز دي عايزه اعرف اتعامل كويس مع االموضوع ده ازاي فعلا ميبقاش حاجه موتراني,anxiety
589,قلق ما بعد التخرج دلوقتي انا متخرج و عندي جيش كمان شهرين، و باختصار شديد انا ضيغت خمس سنين كلية في لا شئ انا خريج كلية هندسية و السبب في اني دايما لما ببدا في مجال و بوصل لبداية الطريق ما بعد الأساسيات بيعتريني فكرة اني عمر ما هبقا جيد كفاية إني اوصل لمستوي حلو يؤهلني لسوق العمل باختصار المثال الحي لل و بالتالي بسيب المجال و ببدا في مجال تاني السؤال هنا لو حد مر بده ازاي اتغلبتوا علي الشعور ده ؟ و برضه هل هياثر علي بالسلب لو فيه,anxiety
590,لو حد عنده تروما او اضطراب قلق او بيتعالج من قلق بادوية او ثيرابي انا عندي اضطراب قلق اكتشفته من شهور وحابب اتعلم واشارك تجربتي مع حد عنده نفس المشكله انا باخد ادوية للموضوع دا وساعدتني بشكل كبير جدا بفضل الله الحمد لله وبنصح بيها ولو حد بيفكر في الموضوع دا ممكن يكلمني هنا او برايفت وبو حد بياخد ادويه وحابب بس يحس انه مش لوحده انا موجود انا مبرمج مش دكتور وبرضو انا حاسس ان جزء من مشاكلي جذوره اساءات والديه من الطفوله مع اني علاقتي معاهم جميله دلوقتي الحمد لله لكن اثار اخطائهم لحد دلوقتي لسا موجوده ودي الحاجه اللي لو حد عمل تقدم فيها وحابب يساعدني او يشاركني اكون ممتن ليه للعلم نوع القلق اللي عندي اضطراب قلق معمم عشان لو حد عنده نفس التجربه وحابب يشارك,anxiety
591,تلميذا في القسم.. قلق حقوقي شديد بسبب اختلالات الدخول المدرسي بمراكش,anxiety
592,تى ماتريكس ثقة المستهلك الأمريكي تتراجع طفيفاً وسط قلق بشأن الوظائف والدخل,anxiety
593,سؤل مسبب لي قلق هل طبيبي نفسي يشارك معلوماتي للدولة اني جنت اروح لطبيب نفسي بالحارثية اروح للعيادة والسكرتير مالته اخذ اسمي ومعلوماتي كاملة شفويًا يعني بدون ما انطي مستمسكات مادية ، وهسه اجاني خوف اذا اريد اتعين او اقدم على جامعة هل راح يعرفون ان اني عندي اكتئاب واخذ ادوية من خلال معلوماتي اللي عند الطبيب ؟؟,sadness
594,عايزه أبطل قلق بترعب و بكبر أى موضوع صغير لو حد بحبه إتخانقت معاه خناقه بسيطه بنهار و بخاف أنام و أصحى ألاقى الشخص دا نهى معايا كل حاجه و لما ببقى حابه شخص و يروح مثلا مشوار و ميكلمنيش لما يرجع دماغى بتفضل تودى و تجيب إنه عمل حادثه أو فى المستشفى أو حصل أو حصل أو حصل ولو إتأخر شويه فى الرد دا كدا حصل مليون حاجه و المشكله مكنتش كدا و التفكير دا مجاليش من فراغ هو من مواقف كتير بس أنا محتاجه أتخلص من القلق دا خصوصا إنه بقى يجى ع حساب كرامتى مكنتش كدا خالصصصص بقيت دايما بصالح إللى معايا و حتى لو الشخص إللى غلطان بفضل أرن و أعيط علشان أتطمن إنه مش هنسيب بعض و نفس الكلام لو مردش ل فتره يجيلى هيستيريه عياط و قلق و وجع قلب إنه حصل حاجه و من كام شهر كنت عكس دا خالص يعنى مكنش عندى خالص موضوع القلق دا مش عارفه فى أيه و كل يوم بيكبر و بجد حاولت ألهى نفسى كتير مش بعرف و المشكله القلق بيطول لإن الشخص ساعات مش بيرد ١٢ ساعه و ١٦ ساعه و أرقام مش قليله خصوصا لو نايم ولا مشغول و حاولت أنام بردو بصحى مخضوضه و خايفه و ساعات بحلم كمان ب الموقف و الشخص,anxiety
595,جماعه انا تعبان قوي مش قادر اعمل حاجه و لا قادر ارتاح ولا قادر اشتغل و عندي قلق هو ده إيه يا جماعه هو إيه ده انا مش فاهم ؟ بالله عليكم حد يساعدني انا تعبت قوي مش فاهم إيه ده أرهاق و قلق انا كنت ف فترة امتحانات الثانوي و قسمت المواد امتحنت الأحياء بس و بالله عليكم محدش يقولي يعني انت عملت إيه على كده و مش عارف إيه انا واثق اني هقدر أذاكر الاربع مواد عشان بقيت فاهم بتتلعب ازاي بقيت فاهم اللعبه دلوقتي انا عايز اخطط لهدفي اللي أجلت عشانه من الاول الهدف محتاج شغل و كل اللي حوليا شايفني مش هقدر و انا بحلم بس انا نفسي اوصل لهدفي عايز اخطط مش قادر و غير ده كله انا وصلت لمرحله حلوه ف الدين انا و في فترة الامتحانات كنت بستشعر القرآن و بستشعر الذكر كنت مبسوط ف عز الضغط و التوتر كنت بدعي و دعائي يستجاب الحمدلله بس فجأه عملت ذنب كنت واخد عهد على نفسي اني مش هعمله و عملته هو مش حاجه كبيره عشان دماغكم متروحش بعيد بس انا حاسس أني نقدت العهد مه ربنا ف ربنا بيعاقبني فا حرمني من لذة الطمأنينة و السكينه اللي كنت فيه حرمني من لذة فهم و تدبر القرآن انا من كتر ما حبيت تدبر القرآن قررت أني أبدأ حفظ عشان انا حرفياً اتكسف اقول للناس السور اللي بصلي بيها بقالي سنين و نفسي كنت اجرب اصلي بيآت غيره اللي انا حافظه ف قيام الليل عشان اتدبر و هيكون الموضوع حلو قوي نفسي اجرب الشعور و كنت مقرر أبدأ ف دراسه الدين أكتر كل دي حاجات عايز اعملها ده غير الحاجات اللي محتاج اعملها عشان خاطر هدفي و عايز أبدأ اتمرن عشان عايز أظبط جسمي و عايز أتعلم مهارة تدخلي فولس عشان حالتنا الماديه بقيت صفر حرفياً انا حالياً لا قادر استريح من القلق و لا قادر اشتغل من التعب والله تعبت تعبت مش قادر حاسس انا مهدود مش قادر حته أرفه عن نفسي يا جماعه ارجوكم ساعدوني تعبان قوي مش فاهم إيه ده و حته ف فيديوهات عن المنتل هيلث لي أندرو هيبورمان عايز اسمعها مش قادر سلسه اسمها فقه النفس عايز أبدأ فيها مش قادر و انا بقيت عدواني بشكل غبي بفتعل مشاكل بشكل متخلف مش فاهم إيه ده و كل اللي حواليا بقيو كارهين يقعدو معايا أو حته يتكلمو معايا حته أهلي دي أكتر حاجه بخاف منها و بخاف تحصلي أن الناس تكرهني بس انا بقيت اتكره فعلا بقيت قعدتي لا تطاق انا مش كده والله انا محتاج ارتاح بس ارتاح و حته دي مش عارف اعملها,anxiety
596,كلمات اغنية عمل قلق فريد دة عمل قلق.. شقلب حالي وموازيني محتاج حاجة تهديني اصل انا قلبي في خطر يهبل بلد فلتة جماله استثنائي ماتشافش دة ربعه نهائي ولا حتى في بال خطر دة قمرنا بنفسه جنبه ولا يتذكر واثق لو شاف عيونه بينبهر,anxiety
597,خوف ولا قلق جماعة انا بخاف انزل اشتغل ناس كتير بتجبلي شغل وبتكلمني ع شغل ومبجرد م بسمع سيرة الشغل بقلق وبتوتر انا نزلت شغلانات قبل كده بس مكنتش بستمر فيها يعني اشتغل يومين تلاتة وازهق وبمشي منهم الفترة دي زادت معايا مبقتش انزل لو سمعت سيرة شغل بتعب وبتوتر وبخاف مش عاوز انزل شغل. بس مجبر عشان اصرف ع نفسي ياريت ال مر بالتجربة دي وحلها يقول بعد اذنكو عشان صعبة اووي,anxiety
598,الغريب اننا مش قادرين نترجم الشعور على انه قلق.. .,anxiety
"599,توصية قلق السعي إلى المكانة ربما يكون الخوف وحده هو جذر المشكلة، لأن الواثقين في قيمتهم الذاتية لن يتسلوا بتحقير الآخرين! وراء الاختيال والغرور يكمن ذعر مقيم، فحينما ننقل لبعض الناس الشعور بأنهم غير أكفاء لنا؛ يأتي القصاص اللازم بشعورنا بالدونية إزاء أشخاص آخرين.,anxiety"
600,لو عندك قلق لو بتعاني من اعراض القلق وعايز حل طبيعي غير الادوية والمهدئات مش بقول اطلاااااقا ان ده بديل ليهم فعندك نبات الكاموميل شيح البابونج خلي بالك اسمه شيح البابونج ،مش الشيح الجبليالبلدي ، ده حاجة وده حاجة رخيص جدا وممكن تجيبه من عند اي عطار ممكن تجيب ب١٠ جنيه مثلا او لو عايز تستنضف وتجيب حاجة جودتها اعلي ممكن تجيب من اي صيدلية المهم انت بتحط معلقة في كوباية وبتغلي ماية في البراد وبتصبها علي الكوباية ، بعدها غطي الكوباية عشان الكاموميل فيه زيوت طيارة ممكن لو سيبت الكوباية مش متغطية تطير منها بعد حوالي نص ساعة هتحس ان القلق راح بنسبة كبيرة او راح تماما وروقان وراحة بال ، وغالبا هيخليك تعوز تنام فحاول تاخده بالليل مش الصبح انا كنت باخدهالصبح عادي الصراحة مكانش بينيمني اوي بس براحتك عامة ده غير ان له فوايد تانية زي تحسين مشاكل القولون القولون الاعتراض الوحيد اللي عليها ان يقال ان يفضل مياخدهاش حد عنده ربو عشان ممكن تزود الربو المصدر جوجل جربوها مش هتخسروا حاجة وطعمها كويس شبه الينسون,anxiety
601,بتتعاملوا إزاي مع قلق ال ازيكوا، انا بشيفت حاليا لداتا انجنيرنج ، واللي مكنتش عارفه اني فعلاً حابب المجال دة، وواخده علشان المهارة نفسها، مش مجرد بس أشتغل في وظيفة بفلوس كويسة، لكن أكيد بردو بفكر في المستقبل، ايه اللي هيحصل مع السنين؟ هل فل متوسط المرتبات في مجالات البرمجة بكل أشكالها هتكون في اتجاه منخفض مع الوقت بسبب كمية الإقبال المهولة؟,anxiety
602,بقولك يا حلوة هتعملي قلق فين النهارده؟,anxiety
603,قلق ينتابُني قلقُ المصِيرِ وكلّما آنستُ لطفَ الله عَاد هدُوئي!,anxiety
604,جماعه انا تعبان قوي مش قادر اعمل حاجه و لا قادر ارتاح ولا قادر اشتغل و عندي قلق بالله عليكم حد يساعدني انا تعبت قوي مش فاهم إيه ده أرهاق و قلق انا كنت ف فترة امتحانات الثانوي و قسمت المواد امتحنت الأحياء بس و بالله عليكم محدش يقولي يعني انت عملت إيه على كده و مش عارف إيه انا واثق اني هقدر أذاكر الاربع مواد عشان بقيت فاهم بتتلعب ازاي بقيت فاهم اللعبه دلوقتي انا عايز اخطط لهدفي اللي أجلت عشانه من الاول الهدف محتاج شغل و كل اللي حوليا شايفني مش هقدر و انا بحلم بس انا نفسي اوصل لهدفي عايز اخطط مش قادر و غير ده كله انا وصلت لمرحله حلوه ف الدين انا و في فترة الامتحانات كنت بستشعر القرآن و بستشعر الذكر كنت مبسوط ف عز الضغط و التوتر كنت بدعي و دعائي يستجاب الحمدلله بس فجأه عملت ذنب كنت واخد عهد على نفسي اني مش هعمله و عملته هو مش حاجه كبيره عشان دماغكم متروحش بعيد بس انا حاسس أني نقدت العهد مه ربنا ف ربنا بيعاقبني فا حرمني من لذة الطمأنينة و السكينه اللي كنت فيه حرمني من لذة فهم و تدبر القرآن انا من كتر ما حبيت تدبر القرآن قررت أني أبدأ حفظ عشان انا حرفياً اتكسف اقول للناس السور اللي بصلي بيها بقالي سنين و نفسي كنت اجرب اصلي بيآت غيره اللي انا حافظه ف قيام الليل عشان اتدبر و هيكون الموضوع حلو قوي نفسي اجرب الشعور و كنت مقرر أبدأ ف دراسه الدين أكتر كل دي حاجات عايز اعملها ده غير الحاجات اللي محتاج اعملها عشان خاطر هدفي و عايز أبدأ اتمرن عشان عايز أظبط جسمي و عايز أتعلم مهارة تدخلي فولس عشان حالتنا الماديه بقيت صفر حرفياً انا حالياً لا قادر استريح من القلق و لا قادر اشتغل من التعب والله تعبت تعبت مش قادر حاسس انا مهدود مش قادر حته أرفه عن نفسي يا جماعه ارجوكم ساعدوني تعبان قوي مش فاهم إيه ده و حته ف فيديوهات عن المنتل هيلث لي أندرو هيبورمان عايز اسمعها مش قادر سلسه اسمها فقه النفس عايز أبدأ فيها مش قادر و انا بقيت عدواني بشكل غبي بفتعل مشاكل بشكل متخلف مش فاهم إيه ده و كل اللي حواليا بقيو كارهين يقعدو معايا أو حته يتكلمو معايا حته أهلي دي أكتر حاجه بخاف منها و بخاف تحصلي أن الناس تكرهني بس انا بقيت اتكره فعلا بقيت قعدتي لا تطاق انا مش كده والله انا محتاج ارتاح بس ارتاح و حته دي مش عارف اعملها,anxiety
605,قلق القلق والخوف اثرو على جودة حياتي من كل ناحية، كرهت هذا الشي فيني كل شي اقلق عليه تافه او مو تافه اعطي كل شي نفس القدر من الاهمية واقعد افكر طول اليوم باصغر الاشياء، تعقدت وحياتي خربت مو قادرة اعيش حياتي بشكل طبيعي، علاقاتي اكون قلقة فيها وافكر بكل حاجة واعطي هالعلاقات اهمية واقلق وافكر فيهم حتى لو كانو حرفيا اونلاين ومفروض ما اهتم وانا اقلق واشيك، حياتي الاكاديمية قاعدة تخرب بعد بسبب هالقلق ودايم عقلي مشغول وخايفة من اشياء ماصارت حتى واخرب على نفسي كثير، عيشة ماني عايشة ، حرفيا كاني بجحيم ومحصورة مع افكاري ومخاوفي وقلقي الزايد عن اللزوم، جودة نومي خربت بسبب هالشي واكون قلقانة حتى اول ما اصحى وماصار شي!، كل يوم وقت اعيش يومي يروح فيهم تعبت من شعور القلق وتعبت من شعور الخوف تعبت من التفكير الزايد وتعبت اني مو قادرة اعيش حياتي لدرجة اني اتمنى انام للابد ولا اقعد مع نفسي دقيقة لاني تعبت من الوضع,anxiety
606,الصوره دي عاملة قلق لبعض المسلمين المسلمين ماسكين الست دي بسبب الصوره دي وجايبة تفاعل عالمي وبعدين يجو يزعلو من الاسلاموفوبيا طول ماهم بالعقلية دي والفكره ان المشكله مش فى فكر الناس انما الاسلام فعلا ضد المرأه واي حريات عموما مهما كنت بتغطى جسمك هتلاقي اللى بيعلى عليك,anxiety
607,قلق الثانوية العامة ؟ إليك موعد النتيجة الرسمية وطريقة الاستعلام برقم الجلوس,anxiety
608,جماعه انا تعبان قوي مش قادر اعمل حاجه و لا قادر ارتاح ولا قادر اشتغل و عندي قلق بالله عليكم حد يساعدني انا تعبت قوي مش فاهم إيه ده أرهاق و قلق انا كنت ف فترة امتحانات الثانوي و قسمت المواد امتحنت الأحياء بس و بالله عليكم محدش يقولي يعني انت عملت إيه على كده و مش عارف إيه انا واثق اني هقدر أذاكر الاربع مواد عشان بقيت فاهم بتتلعب ازاي بقيت فاهم اللعبه دلوقتي انا عايز اخطط لهدفي اللي أجلت عشانه من الاول الهدف محتاج شغل و كل اللي حوليا شايفني مش هقدر و انا بحلم بس انا نفسي اوصل لهدفي عايز اخطط مش قادر و غير ده كله انا وصلت لمرحله حلوه ف الدين انا و في فترة الامتحانات كنت بستشعر القرآن و بستشعر الذكر كنت مبسوط ف عز الضغط و التوتر كنت بدعي و دعائي يستجاب الحمدلله بس فجأه عملت ذنب كنت واخد عهد على نفسي اني مش هعمله و عملته هو مش حاجه كبيره عشان دماغكم متروحش بعيد بس انا حاسس أني نقدت العهد مه ربنا ف ربنا بيعاقبني فا حرمني من لذة الطمأنينة و السكينه اللي كنت فيه حرمني من لذة فهم و تدبر القرآن انا من كتر ما حبيت تدبر القرآن قررت أني أبدأ حفظ عشان انا حرفياً اتكسف اقول للناس السور اللي بصلي بيها بقالي سنين و نفسي كنت اجرب اصلي بيآت غيره اللي انا حافظه ف قيام الليل عشان اتدبر و هيكون الموضوع حلو قوي نفسي اجرب الشعور و كنت مقرر أبدأ ف دراسه الدين أكتر كل دي حاجات عايز اعملها ده غير الحاجات اللي محتاج اعملها عشان خاطر هدفي و عايز أبدأ اتمرن عشان عايز أظبط جسمي و عايز أتعلم مهارة تدخلي فولس عشان حالتنا الماديه بقيت صفر حرفياً انا حالياً لا قادر استريح من القلق و لا قادر اشتغل من التعب والله تعبت تعبت مش قادر حاسس انا مهدود مش قادر حته أرفه عن نفسي يا جماعه ارجوكم ساعدوني تعبان قوي مش فاهم إيه ده و حته ف فيديوهات عن المنتل هيلث لي أندرو هيبورمان عايز اسمعها مش قادر سلسه اسمها فقه النفس عايز أبدأ فيها مش قادر و انا بقيت عدواني بشكل غبي بفتعل مشاكل بشكل متخلف مش فاهم إيه ده و كل اللي حواليا بقيو كارهين يقعدو معايا أو حته يتكلمو معايا حته أهلي دي أكتر حاجه بخاف منها و بخاف تحصلي أن الناس تكرهني بس انا بقيت اتكره فعلا بقيت قعدتي لا تطاق انا مش كده والله انا محتاج ارتاح بس ارتاح و حته دي مش عارف اعملها,anxiety
609,تقرير تأهب إسرائيلي لطرح اقتراح جديد بشأن صفقة الأسرى والمساعدات وسط قلق مصري وتحذيرات من خطة التهجير,anxiety
610,تقرير تأهب إسرائيلي لطرح اقتراح جديد بشأن صفقة الأسرى والمساعدات وسط قلق مصري وتحذيرات من خطة التهجير,anxiety
611,انا عايز اتعلم مهارات واشتغل كفريلانسر بس عندي قلق لما اوصل لسن الاربعين والخمسين هو الفريلانسر بيشتغل ايه في السن دا وهل بيقعد يشتغل لغايه سن معين ولالا,anxiety
612,انا عندى فيتش ايدين البنات و كل بما اشوف بنت اركز فى ايدها و بقلق ان تفتكر ان عايز اسرقها او اتحرش بيها و عايز حل ان ابص عادى و برحتى من غير قلق,anxiety
613,لو حد عنده تروما او اضطراب قلق او بيتعالج من قلق بادوية او ثيرابي انا عندي اضطراب قلق اكتشفته من شهور وحابب اتعلم واشارك تجربتي مع حد عنده نفس المشكله انا باخد ادوية للموضوع دا وساعدتني بشكل كبير جدا بفضل الله الحمد لله وبنصح بيها ولو حد بيفكر في الموضوع دا ممكن يكلمني هنا او برايفت وبو حد بياخد ادويه وحابب بس يحس انه مش لوحده انا موجود انا مبرمج مش دكتور وبرضو انا حاسس ان جزء من مشاكلي جذوره اساءات والديه من الطفوله مع اني علاقتي معاهم جميله دلوقتي الحمد لله لكن اثار اخطائهم لحد دلوقتي لسا موجوده ودي الحاجه اللي لو حد عمل تقدم فيها وحابب يساعدني او يشاركني اكون ممتن ليه للعلم نوع القلق اللي عندي اضطراب قلق معمم عشان لو حد عنده نفس التجربه وحابب يشارك,anxiety
614,قلق كبير في نيويورك صعود زهران مامداني الاشتراكي يصطدم بقادة الأعمال بانتخابات البلدية,anxiety
615,لو حد عنده تروما او اضطراب قلق او بيتعالج من قلق بادوية او ثيرابي انا عندي اضطراب قلق اكتشفته من شهور وحابب اتعلم واشارك تجربتي مع حد عنده نفس المشكله انا باخد ادوية للموضوع دا وساعدتني بشكل كبير جدا بفضل الله الحمد لله وبنصح بيها ولو حد بيفكر في الموضوع دا ممكن يكلمني هنا او برايفت وبو حد بياخد ادويه وحابب بس يحس انه مش لوحده انا موجود انا مبرمج مش دكتور وبرضو انا حاسس ان جزء من مشاكلي جذوره اساءات والديه من الطفوله مع اني علاقتي معاهم جميله دلوقتي الحمد لله لكن اثار اخطائهم لحد دلوقتي لسا موجوده ودي الحاجه اللي لو حد عمل تقدم فيها وحابب يساعدني او يشاركني اكون ممتن ليه للعلم نوع القلق اللي عندي اضطراب قلق معمم عشان لو حد عنده نفس التجربه وحابب يشارك,anxiety
616,لو حد عنده تروما او اضطراب قلق او بيتعالج من قلق بادوية او ثيرابي انا عندي اضطراب قلق اكتشفته من شهور وحابب اتعلم واشارك تجربتي مع حد عنده نفس المشكله انا باخد ادوية للموضوع دا وساعدتني بشكل كبير جدا بفضل الله الحمد لله وبنصح بيها ولو حد بيفكر في الموضوع دا ممكن يكلمني هنا او برايفت وبو حد بياخد ادويه وحابب بس يحس انه مش لوحده انا موجود انا مبرمج مش دكتور وبرضو انا حاسس ان جزء من مشاكلي جذوره اساءات والديه من الطفوله مع اني علاقتي معاهم جميله دلوقتي الحمد لله لكن اثار اخطائهم لحد دلوقتي لسا موجوده ودي الحاجه اللي لو حد عمل تقدم فيها وحابب يساعدني او يشاركني اكون ممتن ليه للعلم نوع القلق اللي عندي اضطراب قلق معمم عشان لو حد عنده نفس التجربه وحابب يشارك,anxiety
617,قلق عندي قلق وخوف مستمر من فقدان البصر بعد عمليه انفصال الشبكيه . افكر ب مستقبلي وعملي وحياتي وهذا الشي يأثر على صحتي يوميا . احاول اهدي نفسي يوميا ان الأمور بتصير بخير وعيني بتتحسن . اراجع الدكتور شهريا من بعد ماسويت العمليه ب عيني الاولى فقدت الشوف فيها ولكن بعد العمليه رجعلي النظر شوي وصرت اشوف الوان وملامح لكن بضبابيه عاليه ، ومادري إذا بيتحسن اكثر من كذا ، آخر مراجعه لي مع الدكتور بلغني ان عيني الثانيه اللي هي كانت سليمه صار فيها تاثر ولازم نبدا بالعلاج واذا مافاد ممكن نحتاج نسوي العمليه . الخوف انه لو اضطريت وسويت العمليه وانا بالعين الاولى لسى ما استشفت ، كيف راح اقدر أشوف .,anxiety
618,قلق بتعيشوا ازاي مع القلق ، يعني ازاي بتقدروا تصحوا و تمشوا يومكم عادي وتعرفوا تتكلموا مع الناس ، انا في ايام بتعدي عليا بحس اني مش قادرة اتنفس ولا عايزة اتحرك من شدة القلق للعلم انا بصلي عادي و بقرا ما تيسر من القران و بهدى بس بيجي عليا لحظات ببقى نفسي عمري ينتهي دلوقتي من شدة القلق مع طبيعة شغلي اني بنام طول المعار و اصحى طول الليل بحس ان ده بيزود الموضوع,anxiety
619,قلق مابعد الامومه؟ من يوم ماجبت بنتي واحس اني انا مو نفسي. اعرف انو طبيعي تغيير كبير سار لحياتي بس سرت متعلقة في بنتي وما اتحمل ما تكون معايا لفترات طويلة. موضوع الوظيفة اجلتو عشانها ولما بسيبها لفترات ما اقدر اسيبها غير عند زوجي او امي. هل دا الشي طبيعي ولا اروح اتعالج؟ كل الناس يقولولي اني ابالغ. بنتي عمرها ٧ شهور وانا عانيت في حياتي من التعلق المتوتر طبعاً غير الناس الي مابيحترمو رغباتي في تربية بنتي فممكن دي الاشياء زادت في موضوع تعلقي فيها؟,anxiety
620,هل هو اكتئاب؟ ياخي صاير ما احس بطعم شي اشتهي القهوه وادور اطلق مكان واكلم العيال ثم لا تقهويت ما احس بالمتعه اللي كنت احس به زمان وغيره كثير امثله احس الحياة صايره فكوك اقوم عشان اسوي مثل امس وارجع انام قبل امس كتبت بصب القصمان اني ابي اقابل شخص عشوائي اتقهوى معه بس زعلوا علي وحذفوا البوست,sadness
621,ليش اغلب الناس يلي هنا عندها اكتئاب؟ اش الأسباب يلي تتوقعها وصلتك لحالة الاكتئاب هذه؟,sadness
622,الناس الي تاخذ مضادات اكتئاب و قلق ايش تغير معاكم بالعلاج؟ بكمل ايام وانا اخذ مضاد اكتئاب واحس بنوع من التبلد اكثر من اول ماني عارف اوصف حالتي او التغيرات الي قاعده تصير,sadness
623,اكتئاب ما بعد الميدل بيست هل انا الوحيد اللي امر بهالحالة ؟ من بعد ما رحت هناك وشفت الناس نقدت على نفسي وقلت انا وش جابني ؟ حسيت هذا اني ارقى من المكان وما اقدر اتصنع الخفة والمطامر والجموح وغير كذا وانا بينهم تذكرة طفولتي المحافظة اللي كنت دايم اكرهها وقلت كيف انتهى بي المطاف بين ذا الملحجة او المتحرشين او المدمنين المختصر هل فيه احد كان متحمس وبعدها اكتشف انه بالمكان الخطأ ؟,sadness
624,النجاة من الاكتئابالإنتحا السلام عليكم ورحمة الله وبركاته. حبيت اقولكم قصتي باختصار عن كيف تخلصت من الاكتئاب لعل الناس يتسفيدون. يا إخواني واخواتي أنا من تقريبا كان عندي اكتئاب شديد وما اعرف شو معنى الحياة واحس الدنيا ابيض واسود وضيق شديييييييد. وطبعا حبيتلي بنت في المدرسة واستوا الي استوا وما استوينا ويا بعض وربيعي خذاها مني وكله ضيق على ضيق وكاره كل حد والدنيا وفيني مشاكل عصبية وافكار انتحار وبلاوي ما تخلص يا ناس والله ما تخلص. والله من بعد ما بديت أتعلم عن الدين اكثر واتعلم واطبق واحافظ عالفرايض وأكثر طاعة واترك محرمات يا ناس حسيت بالحياة وشعور مب طبيعي. كل شي حويليني تعدل والله. والكل يحبني الحين أنا حاليا عمري . والله يا ناس يا مسلمين ارجعوا إلى خالقكم والله الدنيا قصيرة وما تسوا والله العظيم الواحد يخاف على عمره يا ناس توبو وكل ما تذنبون توبو وتوبو. والله أنا اخطائي كثيرة بس الوحد يتوكل ويحاول ويرجع لربه. الله يجمعنا في الفردوس قولو آمين . بعد ادعوا انه أتزوج وانا صغير لانه الوضع خطير حاليا,sadness
625,هل تقبل تتزوج وحدة عندها اكتئاب شديد؟ سلام عليكم انا بنت عمرها ٢٤ وتفكر في الزواج بس عندي مخاوف بخصوص حالتي النفسية انا اخذ ادوية واخذت كثير جلسات علاج من ثلاث سنوات ولي ٧ محاولات انتحار في خلال ١٢ سنة درست الجامعة بتخصص صحي وانتهيت من الامتياز و اتوظفت وخرجت من الوظيفة انا حرفيًا مو كئيبة ولا منعزلة ولا بليدة بالعكس مرة حساسة والافكار الانتحارية تجيني بس لمن ادويتي تتلخبط سرت كدا بعد العلاج حبيت اوضح عشان الأفكار التقليدية عن الموضوعباقي الشهور انا كويسة نعم تغيرت بعد الاكتئاب وفي اشياء ما قدرت اسيطر عليها زي موضوع اني ما اقدر اقوم بالمهام المنزلية من تنظيف وترتيب لازم استعين بشخص خارجي واحيانًا اذا مافي حافز او شخص اقوم من السرير عشانه ما اتحرك، اتكلم اضحك اسوي كل شيء بس ما اقوم من السرير بدون حافز انا عندي رغبة كبيرة بالشفاء ومحاولاتي وطرقي للعلاج كثيرة وكل ما يأست ارجع من جديد واوقات كثير كان بدون دعم من الأهل بس انا من حالي لحالي قاعدة احاول لكنه أمر الله وابتلائه الله يجعل فيه الخير و المغفرة يارب انا اعرف اني استاهل زوج محبة وعيشة طيبة لكن اخاف موضوع مرضي يأثر على فرصي في الزواج ملاحظة مهما كانت الطريقة اللي عرفت فيها الشخص ومين ما كان ١٠٠٪؜ ح اقوله عن مرضي من البداية حتى ان كنت بهالطريقة ح اضيعه من يدي، لأن هذا مرض وما يجوز الغش في مثل هاذي الأمور تكون الصورة عنده أوضح وعنده فرصة أكبر لو اختار انه ما يكمل ويكون ما اتعلق فيني لكن هل اصلًا في احد رجل طبيعي ح يقبل؟ ولا هاذي دايمًا ح تكون أزمة؟ أتمنى تشاركوني ارائكم بكل صدق شاكرة لكم اي احد في حاجة لشخص يساعده لبدء رحلة العلاج من هذا المرض او محتاج شخص يسمع له بس انا أرحب فيه، شافاكم الله وعافاكم,sadness
626,هل هذي اعراض اكتئاب ولا مرض نفسي؟ السلام عليكم، انا عمري ٢٥ الحمدلله ملتزم، بدت هالاعراض تصير قوية من عمر ال١٩ تقريبا، عندي مشكلة التفكير المفرط، صدمة نفسية عاطفية كفختني طراقات بنفسيتي اولا و بصحتي ثانيا، تحولت من رياضي و فلاوي، الى شخص هزيل و كئيب، الاعراض لي هاليوم موجوده للاسف و تشنجات بالاطراف، نغزة جنها كهربه صوب القلب بدون سبب غالبا بالليل، عوار بنفس المنطقه بالليل، دوخه قويه و هبوط لدرجة ريولي ما تشيلني باي وقت و اي مكان، افز من نومي اكثر من مره تقريبا كل يوم على نبضات قلبي اللي سريعه بشكل غريب جني كنت قاعد اركض، و الشي اللي استحي اقوله و محد يعرفه الا اقرب ربعي اني اخاف اطلع اماكن بعيده عن البيت، اخاف من الليل، اخاف من الوحده، ما احس بخوف غريب، بشكل عام هالاعراض تزيد حيل بالليل او بالاماكن البعيدة. شكثر خذتني اسعاف من البيت يمكن كل شهر. تشوفني بالصج كلش ما يبين علي بس من داخلي شي ثاني. حياتي اجتماعيه و محد يلاحظ هالمشكله الا اهلي و ٣ من ربعي. راجعت دكاترة بالحكومة و الخاص، قلبي سليم الحمدلله، مافيني مشاكل ضغط ولا سكر، واضح المشكلة نفسيه، تعرفون احد جذي؟ اكثر من ٦ سنين اعاني و تعبت.,sadness
627,الاخبار دي المفروض تفرح بس بتجبلي اكتئاب بيجيلي اكتئاب لما بشوف الاخبار دي اليومين دول علشان حرفيا المقاومين في غزة مبقاش معاهم غير السكاكين علشان يدافعوا بيها عن نفسهم و بيجيلي اكتئاب اكتر لما افتكر عدد الذخائر والدبابات و الطيارات اللي مع المسلمين النهاردة و مع ذلك في مجموعة مسلمين بيحاربوا بالسكاكين تفتكرو فيه امل الناس دي تسامحنا في يوم من الايام ولا خلاص كدة؟,sadness
628,هي مفيش ناس عندها اكتئاب ما بعد التخرج,sadness
629,رسمتها لما كان عندي اكتئاب بقلم فلوماستر اسود عادي من العلبة اللي فيها ٦ الوان ب ١٠ جنيه الفكرة اني كنت عاوز افضفض بس بدل م اكتب او اكلم شخص معين لاني فقدت الثقة ف من الناس حوليا لانهم كان بيفشوا سري و دا واحد من اسباب الاكتئاب اصلا .. حاول متبصلهاش ككتلة واحدة افتح الصورة واقرأ الرسمة سطر سطر,sadness
630,اكتئاب ليه حاسس ان معظم الناس مكتئبه وتايهين,sadness
631,اكتئاب مفاجئ مثقل دم الاكتئاب المفاجئ رفهو عني,sadness
632,؟ لينكيد ان بيشجعك ولا بيجيبلك اكتئاب,sadness
"633,""دخلي حوالي ١٠,٠٠٠ دولار في الشهر في الأغلب هندم علي البوست ده، او هتشتم كتير، او هيتم التشكيك فيا... بس هكتبه من اكاونت جديد، يمكن في حد فعلًا يستفاد من ده... زي ال كده ما بيقول، انا بشتغل اونلاين من حوالي ١٣ـ ١٥ سنه انا ٣١ سنة واه بدأت بدري نيك. طبعًا في البدايات دخلي كان بيبقي صفر، ٥٠ دولار، او ١٠٠ دولار... وأفضل الشهور كان بيبقي ٥٠٠ دولار... فوقتها طبعًا ده كان كويس جدًا، كنت بساعد في البيت، وبدفع مصاريفي ودروسي والحاجات دي، بس اخل ٧٨ سنين دخلي زاد بشكل كبير فشخ، واخر ٤٥ سنين مثلا دخلي حوالي من ٧١٢ الف دولار في الشهر، شغلي كله من البيت، اونلاين، وكله بره مصر والعرب انا ليه كاتب البوست ده؟ عشان لو حد بيفكر هل الشغل الأونلاين بيجيب فلوس ولا لأ. يتأكد ان اه. ولو حد مش عارف يبدأ يتعلم حاجة ولا لأ، يتأكد ان اه ابدأ اتعلم. طيب ابدأ اتعلم ايه؟ مش هتفرق، بجد مش هتفرق، كل المجالات فيها فلوس وفلوس كتير. فيديو ايديتنج، برمجه، ماركتينج، سايبر سيكيوريتي، كريبتو، الخ فمتسحلش دماغك، مفيش مجال هيكون هو ده السر في نجاحك، اختار المجال اللي تقدر تقعد تتعلمه، انا مثلا بكره الديزاين، مقدرش اقعد اختار الوان والحاجات دي ١٠١٥ ساعه في اليوم، ف اه هبعد عن الديزاين، لكن مش عشان مفيهوش فلوس. بس عشان مش حابه فلو اختارت المجال ده لمجرد ان في ناس تانيه بتعمل منه فلوس، هفشل فشل زريع. مش هقدر اطور نفسي فيه ابدًا. ومتفكرش ان لا اكيد لو في فلوس هتعلم اي حاجة لأ، ده هيبقي في الأول بس، بعدها هيجيلك اكتئاب... لأننا بنتكلم انك تبقي ده معناه ايااام بدون نوم، وتعب كبير. فلازم علي الأقل يبقي في حاجة مستحمل تسمع عنها. فنصيحتي ليك انك تختار المجال اللي تقدر تقعد تشتغل وتتعلم عنه ١٠ ساعات في اليوم، المجال اللي تقدر تبقي مميز فيه. لأن مش معني ان الفلوس موجوده انها سهله، واي حد هياخد كورس هيعمل ١٠ الاف دولار، لأ. لازم تبقي شاطر، وشاطر جدًا. بس مش شاطر بس في مجالك، لأ ده مش كفايه، هل انا محتاج ١٣ سنة عشان اعمل الفلوس دي؟ لا طبعًا، انا كنت صغير، ومحدش بيقولي اعمل ايه، ومكنش في كل المعلومات دي اونلاين والكورسات وال فأغلب السنين دي انا بحاول، ومن الاخر بستهبل لكن مجرد ما خدت الموضوع جد، في اقل من سنة كنت بعمل مثلا ١٠٠٠ دولار في الشهر ازاي عديت ال ١٠٠٠ في الشهر؟ لحد من ٤ سنين مثلا قبل ما دخلي يزيد فشخ، كنت بعمل حوالي ٢٠٠٠ في الشهر، عارف ايه اللي اتغير؟ بطلت ابقي فريلانسر، بطلت اعمل شغل للناس واخد فلوس مقابل ده، وابتديت ابقي انا البيزنس اونر، وابيع انا منتجاتي، وانا ا ناس تشتغل تحتي، واعمل اعلانات، الخ ساعتها بس دخلي زاد بشكل كبير... هل ده معناه بلاش تبقي فريلانسر؟ لا طبعًا. دي اول حاجة لازم تبدأ بيها... دي اللي هتجيبلك فلوس عشان تقدر تستثمرها تاني في كورسات اكتر، وتطور من نفسك... ودي اللي هتديك خبره اكتر في مجالك وتطورك... بس لو فضلت تطور نفسك فقط في مجالك، دخلك هيقف. يعني لو انت مبرمج مثلًا، مينفعش تفضل طول وقتك بتتعلم برمجه وتطور نفسك في البرمجه... ده مش كفايه، لازم تبدأ تتعلم , , , بس فكك من بتوع هلس التنمية البشرية والحاجات دي... خليك في الكتب، ممكن مثلا تسيرش علي واقرا الكتب اللي هتطلعلك... اهم حاجة تتخلص من فكرة في كتاب سحري هو اللي هيعلمني في مجال سحري هو اللي فيه فلوس في معلومة سحرية لو عرفتها هبقي غني كل ده هيعطلك، انا معتقدش في حاجة في اللي انا بعملها سر او محدش يعرفها. الفكرة بس اني بطلت افكر وبطلت ادور علي السر واشتغلت، كتير، اوي... , . حاليًا انا دخلي حوالي ١٠ زي ما قولت، وفي خلال ٣ شهور اتوقع هيوصل ل ٣٠ ومش انا بس، انا ليا صحابي كتير فشخ، بيعملوا ارقام شبه كده او اكتر، اللي هندي، واللي من الفلببيين، اليمن، وكل الدول اللي ممكن تتخيلها... هل انا كاتب ده عشان اتمنظر مثلًا؟ لأ، لو كنت عايز اتمنظر، كنت هكتب من الأكاونت بتاعي، او اكتب ده علي الفيسبوك،. بس محدش فيكم يعرفني، ولا انا اعرفكم. بس انا كاتبه عشان بجد اوقات كتير بنبقي محتاجيين نسمع الحاجات دي، وانا اللي خلاني ابدأ الرحلة دي، كان بوست زي ده... انا ليه مكتبتش انا بشتغل ايه او بعمل ايه؟ عشان مش عايز حد يحس ان هو ده المجال اللي فيه الفلوس بس، ايه الأثبات اني بعمل الأرقام دي؟ ولا حاجة، فعلا مفيش اثبات ينفع اقدمه، هيخليك تصدق لو انت مش عايز تصدق. انزل سكرين شوت؟ عادي ناس هتقول فوتوشوب واه عادي بتحصل انزل فيديو؟ نفس الكلام بس انا معنديش سبب يخليني اكدب، لكن لو انت مش مصدق، حقك. هل اقدر اساعدك؟ اكيد لو محتاج تسأل علي حاجة اتفضل في الكومنتات، بس انا معنديش اي حاجة ابيعهالك، معنديش كورس تشتريه، مش بشغل فلوس حد، مش باخد فلوس من حد، مش بقابل حد. ولو عرضت عليك اي حاجة من دول، يبقي الاكاونت اتهكر وده مش انا، لول. اخر شيء، اسف لو البوست مش منظم، انا مفكرتش قبل ما اكتبه، وأكيد اي حد عنده سؤال، يتفضل"",sadness"
634,كيف عالجتخففت مشكلتك النفسيه قلق،اكتئاب،الخ تعبت من التفكير والقلق احتاج حلولكم,sadness
635,بقالي كتير عندي اكتئاب شديد ومش مهتم بحاجة، فكنوع من انواع التعافي هنشر حاجات كنت بكتبها او الصور الكنت بصورها، كل يوم صورة مثلا ودي أول صورة هشاركها,sadness
636,طالبه معايا اكتئاب عاوز اكتر فلم بقيت مكتئب بسببه,sadness
637,هل دخلت ف اكتئاب؟ حياتي ممله رتيبه، عاطله و غير متزوجه، ايامي تتكرر بدون اي شي مثير للاهتمام لدرجة اني الخبط بالايام لان كلها واحد، شخصيتي بدأت تميل للغضب و السخط، امسك نفسي في كثير من الاحيان و انعزل في غرفتي، صبري اصبح قليل، حتى لو ابي اجرب شي جديد لا توجد ماده. اتقوقع على نفسي لفترات طويله كل شيء ممل، المسلسلات ممله و الافلام كذلك. او اني فقدت الشغف؟ هل من حل؟,anger
638,اقولهم في الكشف الطبي اني عندي اكتئاب وباخد ادوية ليه ولا لاءة انا الكشف الطبي بتاعي الشهر ده وانا باخد ادوية اكتئاب من شهر يونيو فادلوقتي لو الدكتور سألني لو انا عندي حاجة اقوله انه عندي اكئتاب ولا لاءة اصل انا قلقان اقوله لاءة وبعدين ادخل الجيش واقولهم اني باخد ادوية اكتئاب وبردو قلقان اقوله اه ويدخلني في حوارات اني بمثل عليهم وبتاع علشان اخلع لأني سمعت حوارات عن الموضوع ده عن ناس قالوا انهم عندهم اكتئاب وافتكروا انهم بيمثلوا.,sadness
639,ليش الرياض تجيب لي اكتئاب احياناً احيانا احس الحياة في الرياض عبارة عن مقاهي ومطاعم، نفسي يوم أتمشى في الرياض وانبسط بدون ما أروح كوفي او مطعم والله صدق مكتئبة من الروتين حقنا في الاستمتاع بالحياة مين يحس بنفس معاناتي؟,sadness
640,الناس الي كان عندها اكتئاب ومكنتش شايفة امل ايه قصص نجاحكو؟ صباحو مساءو للي بيقرا باليل عندي اكتئاب وافكار انتحارية مكملة معايا اديلها سنين وحاسة اني في طريق مسدود ومش شايفة اي تحسن او ان حاجة تتغير تغيير جذري. حابة اعرف قصص ناس متشخصة باكتئاب او اي حاجة في المستوى دا وطلعت منه عملتو دا ازاي وايه قصتكو؟ احكو بالتفاصيل عشان حاسة اني محتاجة ا لحد وان دا هيساعدني في رحلتي للتعافي بشوف ثيرابيست وباخد مضادات اكتئاب وقلق,sadness
641,اكتئاب معرفتش اتجوز اللي بحبها,sadness
642,مسبب لي اكتئاب هالفتره تعديل تم انقاذ القطه والان في العمليات ادعو لها عندها حالة اجهاض وموت الجنين بداخل رحمها انا من طبعي اي حيوان اشوفه تعبان اخذه دايم واعتني فيه حاليا تزوجت وزوجي مايقصر ابدا ويدعمني في انقاذ الحيوانات لكن هالايام ظروفنا ماتسمح وانا عندي هديه من امي فلوس بدل لا اخبيها كان وودي انقذ فيها قط شفته وانا امشي بالحديقه شبه ميت وقلبي ماقدرت لا انام ولا اكل قلبي معاه دايم احس ربي مسخرني للحيوانات كانه يرسلهم بطريقي لكن ظروفي ماتسمح اللي اطلب انكم تخففون علي مشاعري او ااحد يعرف احد مثلي يقدر ينقذ هالفتره ارسله القطه,sadness
643,غلطتتتت وحكيت لاهلي انني مكتئب وكنت اوخذ دوا اكتئاب الله يوخذني لحظة ضعف ونرفزة وشرفي ولا صرلي اربع سنين ما بعرفو اشي عنني شكلي حندم عليها طول حياتي بس بلشو يقرفو عرضي بالصلاة والدين والقرآن وحيخلوني انتحر مش بس اكتاب مش قادر يا الله مش قادر حاسس حالي طفل مش ختيار مش عارف شو اعمل مو خايف منهم ولا خايف اتطاوش معهم بس خايف اخسرهم بحس الموضوع كأنني ب مو عارف أقرر اطلع منها و خايف اخسرهم عشان مصلحتي وانانيتي لقدام معاهم فلوس ل الله وبدي أستفيد من راحة البال اللي بتيجي من موضوع انني ما اقلق من الفلوس مش عارف شو اعمل عنجد كثير تعبان عندي شغلين و يدوب عندي وقت و فوق كل هاد فوق راسي بدهم اياني اعيط واستغفر ل هلوسات بيدوفيلي من الف واربعمية سنة,sadness
644,ضايعة وثقتي منكسرة وأعاني اكتئاب بعد موقف صعب السلام عليكم، أنا حالتي صعبة جدًا حاليًا وحاسة إني ضايعة. في نهاية صار لي موقف أثر فيني كثير وخلاّني بعيد عن أهلي أكثر. من بعدها حسيت إن في شي غلط جواي، وكنت أبكي طول الوقت. أحيانًا أحس إني بخير، لكن يرجع نفس الشعور ويكون أقوى. ثقتي في الناس نزلت بشكل كبير، وهذا زاد من صعوبتي. أفكر كثير في الناس اللي سببوا لي هذا الألم، وأقول حسبي الله ونعم الوكيل عليهم. صعب علي أتجاوز هالشي وأنا مجروحة كذا. أنا أحتاج دعواتكم ودعمكم، وإذا حد فيكم مر بمواقف مشابهة، كيف تجاوزتوا وكيف قدرتوا ترجعوا ثقتكم في نفسكم والناس؟ شكرًا لأنكم قريتوا قصتي، وأي كلمة طيبة أو نصيحة تريحني,sadness
645,ازاي الواحد يتعامل مع اكتئاب الشتاء اللي في اوروبا؟ هل الفيتامين ممكن تساعد فعلا؟,sadness
646,ما تحسون الانستا يجيب اكتئاب ويأثر على النفسية؟ كل مرة ادخل بيها للانستا واقلب بالريلز واقرأ التعليقات تلعب نفسي والمشكلة نفسيتي تتأثر بشكل سلبي جداً يعني الانستا مسيطرين عليه العراقيين اكثر شي كمنشورات واكثر الأشخاص يستخدمونه والاكسبلور كله عراقي وهالشي مقرف لان المحتوى العراقي على السوشل ميديا عبارة عن ميمز او شتائم وعنصرية وطائفية او البيجات إلي تحب القيل والقال والفضائح أو وحدة مسوية بيج والناس يدزولها مشاكلهم يعني قرف مو طبيعي عن نفسي اشوف نفسيتي تكون بأفضل حال لما استخدم تيك توك مثلاً هذا غير ان الناس على تيك توك ممكن تكون عقليتهم افضل من مستخدمي الانستا من حيث عقليتهم وعندهم شوية تفتح عقلي لذلك صار الانستا من البرامج إلي اكرهها وما استخدمه غير لما اطلب من البيجات ومن بعدها امسحه او أهمله لان اني لا من النوع إلي ينشر ستوريات ولا حتى عندي اصدقاء واحچي وياهم على الانستا ، عقلية العراقيين وتخلفهم وتعليقاتهم على انستا تخليني انقرف اكثر واكثر بحيث ما اتمنى غير اخلص من هالمجتمع وهالبلد واهج ما اكدر اتقبل اني عايشة بنص هيج عقليات وبنص هيج تخلف وقرف,sadness
647,كيف الحياه بدون اكتئاب؟ كيف الشعور؟,sadness
648,اكتئاب انا حاليا بمر بفترة اكتئاب مجهوله الاسباب,sadness
649,ليه اغلب الشباب مش عارف يحدد هو عايز إيه وداخل في اكتئاب من خلال عملي الطب النفسي لاحظت مشاكل كتير اغلبها اكتئاب حاد بسبب إن شباب كتير مش عارف يحدد هو عايز ايه و حاسس نفسه تايه و مش عارف يتحرك فين و ده في النهاية بيوصله لإكتئاب حاد ، انا هاقولك كام نقطة مهميين كمتخصص في العلاج النفسي لو إنت شاب تحت العشرين سنه و عايز تشتغل جمب الدراسة شوف تجارب الناس اللي في نفس سنك اسمع كتير عن كذا المجالات المطلوبة و قرر الحاجة اللي تحبها مينفعش تشتغل حاجة انت مش حاببها لمجرد انها التريند الحالي او إنها شغالة و خلاص لو انت شاب معدي التلاتين و حاسس الوقت فات و لسه مش عارف تقرر حاجة فأنا جايلك من السن ده و بقولك الوقت مفاتش ولا حاجة في تجارب كتير ناس نجحت بعد السن ده اطمن و ركز بس و شوف سوق العمل محتاج إيه لأن مفيش عندك رفاهية انك تختار حاجة تحبها عشان سنك لو انت شاب ناوي تسافر ركز في ده و اشتغل عليه و اشتغل اي حاجة تحققلك دخل عشان تعرف تسافر معاك مبلغ صغير تبتدي بيه و السفر عموماً محتاج فلوس مش قليلة لو تايه بقى و مش عارف تعمل إيه في حياتك اقعد مع نفسك و شوف ايه الاولوية اللي عندك و اكتب ده و بعد كده فكر بقى هتنفذ الأولوية دي إزاي يعني لو هدفك فلوس ركز تبحث عن شغل لو هدفك زواج اتحرك و دور على عروسة لو هدفك تسافر اسأل عن فرص السفر المتاحة ، بلاش تقعد تكتئب و تضيع وقت قوم اتحرك دور على الأولوية بتاعتك في النهاية ربنا يوفقكم و اللي محتاج أي استفسار او سؤال يتفضل,sadness
650,هذا اكتئاب ولا الكل كذا فترة المراهقة لي فترة ما ابي اسافر دولة ثانية ما ابي اقعد في دولتي ما ابي حبيب م ابي جامعة ولا ملايين الفلوس ولا اطلع مع اصحابي ولا اكل ولا شيء افكر فيه يسعدني بس كذا ابي اختفي. حاولت اقمع ذا الشعور وتوهمت انه حلمي اروح ادرس في جامعة برا المدينة الي انا عايشه فيها م ابي اقول اسمها ولي شهر اذاكر اذاكر اذاكر قدرات بس عشان اقدر انقبل وقبل ثلاث ايام اكتشفت انه مغصوبة على الحجاب هناك لانها مختلطة؟؟؟ وش ذا توقعت الدولة تطورت وش القرف هذا!! الصراحة لي اسبوع من يوم م اكتشفت ومات الشغف مره ثانيه وبس ودي اموت اساسا م كنت ابي الجامعة ذي منجد بس حاولت اقنع نفسي انه عندي احلام وطموحات وانا ادري اني ما ابغا ولا حاجة اساسا اريد اموت وبس. الله يعين,sadness
651,ستايله ستايل ناس فيهم اكتئاب,sadness
652,الواحد هيجيله اكتئاب بسبب البلد دي امبارح رحت شغل ونظرا ان معنديش اي مهارة زي البرمجه والانجليزي بتاعي يعتبر ف قولت اشتغل في محل رحت محل بتاع ادوات منزلية فضلت هناك اتناسر ساعه مشاوير وكنس ومسح واجيب فطار وقهوة وشاي اكني خدام في الاخر عرفت ان المرتب الفين ونص في الشهر تخيل تتمرمط اتناشر ساعه علي الفين ونص في الشهر رجعت البيت متكسر ومكتئب وزاد الاكتئاب لما قولت لواحد صاحبي اجنبي قالي ان المبلغ دا مرتب يوم اجازه مدفوع عندهم والله مبقتش عارف اعمل ايه ولا ايه,sadness
653,الدكتور عايزني اخد مضاد اكتئاب عشان يقلل احساس الهورني لو حد جرب او دكتور يريت يفيدني انا خايف اجربه ليكون ليه اثار جانبيه ونفس الوقت بقول ممكن يساعدني ابطل ابقا هورني عشان يساعدني ابطل بورن ؟,sadness
654,ازاي امنع نفشي يجيلي اكتئاب تاني من الكلية؟ خصوصا بسبب الضغوطات علشان نظام الموديولات الزبالة ده,sadness
655,اقتراحاتكم لـ فيلم يقطع مشاعرك ويجيب لك اكتئاب ثلاث سنين قدام اليوم خاطري اسهر وما اهتم في قومة الصبح للدوام بكره وشعور الخمول والكسل ..الخ.,sadness
656,اكتئاب نقلة الرياض ليا اسبوع في الرياض ويوم الاحد الجاي ابدا وظيفتي اللي نقلت عشانها. واليوم بالذات جايني اكتئاب وضياع وبعرف لو في احد خصوصا بنات زيي عندي اسئلة كثير وضغوطات وماعرف بنات هنا اسألهم وطبيعتي انطوائية ف بس الوالدة معايا وحاسة بضغط من ناحيتها لانها اجتماعية وحياتها كلها في جدة واحس بفضفض فمليون شي عارفة من جوا ان المفروض استمتع بهذي المرحلة والتغيير لكن مستصعبة جداا,sadness
657,يارب الخلاص علشان خلاص انا جالي اكتئاب والكتاب مش راضي يخلص حد هنا قرا الكتاب ده؟,sadness
658,في حالة اكتئاب شديدة من ساعة خطاب السيسي انا معنديش كلام عن اللي اتقال. انا حاسس ان وجود الشخص دة في مكانه اهانة لتاريخ البشرية كلها وانا مش مصدق ان الشخص دة بمستواه و تفكيره هو اللي مدمر حيواتنا كلها وان حمار زي دة ممكن ينهي حياتي ف اي وقت هو عايزه. ايه قيمة حياتي او حياتنا كلها لما هو دة الحال، دماغي هتفرقع مش قادر افهم.,sadness
659,مش فاكر شيرتها معاكم ولا لا بس دي رسمتي اللي عملتها ف فترة اكتئاب حاد مريت بيها اسمها مشهد من الجحيم و مرسومة بقلم فلوماستر اسود عادي,sadness
660,اكتئاب ما بعد التخرج بتعملوا ايه في اكتئاب ما بعد التخرج و انعدام الشغف و انعدام الرغبه و مفيش شغل,sadness
661,بما ان شاي بلبن انسحب اطالب بإعاده الانتخابات و اني انافس تايلر بدل شاي بلبن عشان انتو زعلتوني و انا جالي اكتئاب,sadness
662,الصراحة جاني اكتئاب و هم من ريديت أنا مش عارف كيف بتقعدوا عليه أنا هاد ٣ يوم و مستحملتش راح أحذفو سلام,sadness
663,اكتئاب فلسفي اللحين عمركم جتكم لحظة ادراك ان مستحيل تحصلون على كل شي وتجي بعدها لحظة تأمل وتكتشف ان فعلا محد عنده كل شي وتجي بعدها الاسئلة الميتافيزيقية من نوع وش الرسالة وش لازم اتعلم وش رسالتي بالحياة وتجي بعدها الاسئلة الوجودية هل أنا وجدت فعلا لسبب ولرسالة ولا بس كذا صدفت و ولا شي هذا له هدف وكلها صدف بصدف,sadness
664,بتعملو ايه عشان تخرجو من دايرة اكتئاب تقيلة؟ عايز اي حاجة تحفيزية ازاي حد خرج من فترة امتئاب استمرت سنين وحياته اتغيرت ١٨٠ درجة؟,sadness
665,عندي اكتئاب، كده هتحاسب؟ عندي اكتئاب متشخص من دكاترة و مش عاؤف اعمل حاجة انا عايزها سواء بحبها او لا مفيش حاجة عايز اعملها بقدر اعملها او لازم اعملها غير مبقدرش مبقتش قادر اصلي ، عليا امتحان بكرة و معايا فايل فيه اهم الملاحظات و الاسئلة اللي لو حلتها هجيب درجة عالية جدا و الحوار ده مش هياخد مني خمس دقايق بس مش قادر الحاجة الوحيدة اللي بعملها هي ان في لعبة عندي بلعبها علشان بتخليني نركز فيها ف بقدر اهرب مؤقتا من شعور الخنقة و العجز انما فعليا انا مش عارف اعمل حاجة بحبها او بكرهها و مش عارف اصلي كده انا هتحاسب على الصلاة ولا ايه انا معرفش والله ده كسل مني ولا من الاكتئاب ولا ايه انا مش قادر احدد والله انا تعبت,sadness
666,انا حاسس بتدهور كبير في المزاج اكتئاب الموضوع يمكن راجع لاختلاطي الكثير الايام دي بحكم الدراسة وكده، وبالذات لو بتتعامل مع شوية غنم وبهايم. متأكد ان فيه عدم توازن هرمونات الجسم برضو لاني قاطع ادوية الاكتئاب بقالي فترة انا بمر بفترة مؤلمة شوية,sadness
667,ادوية اكتئاب و قلق السلام عليكم ورحمه الله من منكم له تجربه مع ادوية الاكتئاب والقلق لي حدود شهر مع الباروكستين ٢٠ ملغم لعلاج القلق اعطاني تحسن بنتيجة ٥٠ بالمية فقط لكن يضل شيء ممتاز المعاناه فقط مع الاعراض الجانبية واكبر عرضين غثيان و ضعف في الشهوة طبيعي الامر ؟,sadness
668,اكتئاب بس اليوم صار عمري ١٩,sadness
669,السوشيال ميديا قنابل اكتئاب و قرف اليوم طلعت من الصبح و قعدت مع اسولف مع الناس يعني بكل بساطة مليان تفاعلات اجتماعية إيجابية و متذكر لما روحت الدار كانت نفسيتي جدا كويسة لحديت ما فتحت الانستا كومة كآبة عكومة قرف عشعور اني مش واصل نفس مستوى زي الناس اللي بعمري واني فاشل و الدراما طالعة ما بين فلان و فلان و للصراحة نفسيتي قلبت ١٨٠ درجة بعديها اتوقع اللي بحكيه مش اشي جديد ابدا للناس لكن اليوم لاول مرة بحس اه والله فعلا السوشيال ميديا مكان مقرف بحق,sadness
670,كيف انحف وانا عندي اكتئاب واخذ ادوية نفسية والادوية تفتح الشهية مره عطوني تجاربكم,sadness
671,اكتئاب فلسفي اللحين عمركم جتكم لحظة ادراك ان مستحيل تحصلون على كل شي وتجي بعدها لحظة تأمل وتكتشف ان فعلا محد عنده كل شي وتجي بعدها الاسئلة الميتافيزيقية من نوع وش الرسالة وش لازم اتعلم وش رسالتي بالحياة وتجي بعدها الاسئلة الوجودية هل أنا وجدت فعلا لسبب ولرسالة ولا بس كذا صدفت و ولا شي هذا له هدف وكلها صدف بصدف,sadness
672,اكتئاب حاد عندي اشغال كثيره وجالسه ادرس بس مو قادره اترك جوالي وابدا اشتغل ايش الحل,sadness
673,اقولهم في الكشف الطبي اني عندي اكتئاب وباخد ادوية ليه ولا لاءة انا الكشف الطبي بتاعي الشهر ده وانا باخد ادوية اكتئاب من شهر يونيو فادلوقتي لو الدكتور سألني لو انا عندي حاجة اقوله انه عندي اكئتاب ولا لاءة اصل انا قلقان اقوله لاءة وبعدين ادخل الجيش واقولهم اني باخد ادوية اكتئاب وبردو قلقان اقوله اه ويدخلني في حوارات اني بمثل عليهم وبتاع علشان اخلع لأني سمعت حوارات عن الموضوع ده عن ناس قالوا انهم عندهم اكتئاب وافتكروا انهم بيمثلوا.,sadness
674,احس بخنقة و اظن انو عندي اكتئاب الوضع بدا قبل شهور بالتحديد بداية السنة بديت احس بشعور مزعج متضايق من كلشي و مافي قادر اسوي واجباتي اليومية اغسل وجهي و اسناني و اروح النادي احيانا يمر يوم كامل و انا نايم و حتى لو ما نمت اقعد تحت البطانية يوم كامل بديت اهرب من المدرسة وقتها لانو الجو هناك اصلا يزيد يخنقك بديت ادخن اعمل سيلف هارم بس الحين لي وقت موقف عليهم مش لاني ابغا كذا لا الشي المضحك المبكي هو انني وقفتهم لانو ما عندي طاقة اسويهم اصلا الشفرة لي كنت اجرح بيها نفسي اختفت بدون سبب و في نفس ذي الفترة اكتشفت انني بايسكشوال و زيادة عن مشاكل الاهل تقريبا كل يوم يصير هواش و انا اخاف من الصوت العالي احيانا لو انا اتمشى مع واحد و هو بدا يصرخ فجاة مثلا ينادي واحد انا اخاف و ابدا ارجف الامر راجع للتعنيف الاسري و التنمر لي اخذته في طفولتي بديت اصير شخص عصبي و مزاجي المتقلب اليوم احبك و بكرا اكرهك كره العمى صرت ماني قادر اثبت على عاطفة معينة اتجاه شخص معين لذلك قررت اصغر دائري الاحتماعية لشخصين فقط الصيف ذا مع تراكم المشاكل فكرت انتحر بس لقيت انو كل الطرق مؤلمة ف كنسلت بعد اسبوعين راح نرجع للمدرسة و انا لي اشهر ما تعاملت مع واحد خارج نطاق العائلة رح اضطر كل يوم اني اشوف الوجوه ذيك الي تسد النفس و اعيش الاجواء لي تخنق ابغى انتقل لبيت جديد بلد جديد اغير اسمي و اعيش وحدي و انسى كلشي صار في حياتي السابقة و اكمل حياتي مع شخص يستاهل انو احبه شخص يتحملني بكل حالاتي شخص يفهمني و انا ساكت شخص يحبني لانني انا,sadness
675,اكتئاب شديد لكن حتُفرج بتعملوا شنو حاجات تهديكم وتفصلوا بيها نفسكم من الفظائع والحاجات يلي بنشوفها كل يوم في السوشل ميديا؟ كيف بتحاولوا تهدوا شويه وتحسوا باستقرار نفسي ؟ الموضوع مُتلف للاعصاب جدا وحاجات بتقهر وبتحرق القلب؟ انا بالجد بتمنى الفاشر ترجع ويدخلها الجيش، بالجد نفسي اقوم الصباح على الخبر دا على خبر تحريرها وإبادة الدعم السريع واعوانهم، بتمنى يموتوا وجثثهم تعفن في الشوارع وتاكلها الكلاب والديدان، بتمنى قبل يموتوا يتعذبوا اشد أنواع العذاب. بتمنى يكون في سلام. على ثَرى الفاشرِ النارُ استَعَرَتْ لكنَّ أرواحَنا كالنُّورِ ما انكسَرَتْ. جاءوا يُريدونَ أرضًا دونَ أهلِها فإذا بنا الجبلُ الراسِي إذا انفَجَرَتْ. من نيلِنا قامتِ الأمجادُ شامخةً تُغني السَّماءَ بأنَّا ما انحَدَرَتْ. نحنُ السُّودانُ، إنْ جارَ الزمانُ بنا فالدهرُ يَسقُطُ، إنْ سُودانُنا صَبَرَتْ. لا السِّجنُ يُطفِئُنا، لا القصفُ يُخضِعُنا في قلبِنا وطنٌ باللهِ قد ظَفَرَتْ. من دارفورَ إلى الآفاقِ نَرفَعُها راياتُنا بالعُلا والحقِّ قد ازدهَرَتْ. فليعلمِ العُدوانُ مهما حاوَلوا أنَّ الكرامةَ إنْ تُقتَلْ، قد انتَصَرَتْ. بحبك يا عزة، بحبك السودان.,sadness
676,اكتئاب و الشعور بالعزلة الحقيقة انا مش عارفة لكتب البوست ده ليه نظرا لان اغلب الصب اطفال فى الكلية بالنسبة لسنى بس الطب حقيقى بيديك شعور بالعزلة شديد بعد سن معين بتبقى تحركاتك من البيت للشغل لمشاوير شخصية اى وقت فراغ انت مطالب بالمذاكرة و لو مذاكرتش المذاكرة و احساس الذنب فى حياتك كل انجاز عملته لان انت كل انجازاتك تفتح السوشيال ميديا تكتئب .. انت مش بتعمل فيديوهات و بوستات زى الدكاترة التانية و لا عارفة تعمل الحاجات دى ازاى لان قضيت كل شبابك بتذاكر و طريقة تفكيرك متسمحلكش انك تعمل فيديو و لا رقصة و لا تمثيل سخيف مع سكرتيرتك على مشهد من مسلسل حقيقى الحاجات دى. جدا و اهين نفسى ازاى كدة تشوف فيديوهات لعيانين بيدوا ريفيو صوت و صورة و تحس انهم تحت تهديد السلاح انا جاى اتعالج بتصورنى ليه . تفكر فى ال و تشوفها بس اهو كله بياكل عيش تشوف الاساتذة بتوعك اللى انت عارف انهم بيكرهوا البنى ادمين و الكائنات الحية و يمكن بيكرهوا نفسهم حرفيا مضطرين مؤخرا انهم يفتحوا صفحة و يتصوروا جنب عيانينهم و هم شايلين لوحة عليها قلوب و. و حاجات كدة و تفتكر لما استاذك كان بيقول اللى بيكتب على النت كتير ده دكتور مش لاقى شغل و فاضى .. بس الموجة عالية و كله لازم يوطى ال بتاعك قليل و ال فاشخ عقلك و انت المفروض على الورق كويس بس حاسس ان لا مش كفاية و بعدين تلاقى بوستات لمعلومات طبية و حالات متعالجة غلط بس شكلها بس مبروك الدكتور ال . ده عنده اوفر كورسات تحفة تعالى خد فكرة تفكر فى الهجرة تلاقى يمين متطرف و كل شهاداتك اللى انت مش واثق فيها و لا فى نفسك مش معترف بيها تفكر فى الخليج و بعدين تقعد توزن هل هتقدر تعيش ال١٥ سنة الجاية من غير ما تشوف اولادك ؟؟؟ تشتغل طول الليل و تقابلهم الجمعة الصبح و نص الاسبوع و انت بتعملهم باى باى عشان نازلين المدرسة ترجع تانى تفتكر انك بتضيع وقت بكتابة البوست ده و التفكير و ان عندك مذاكرة كتير لامتحان انت مش ضامن هتعرف تحجزه عشان تاخد شهادة مش معترف بيها غير الدولة دى و الناصية اللى جنبها بس اهو اسمك ساعتها استشارى ؟؟؟ تقرا تقفل الكتاب و تنام تصحى متفتكرش حاجة لان دى مذاكرة اواخر التلاتينات للاسف و بعدين تشوف هتعمل صفحة على انستا و لا تيك توك و لا هتهبب ايه عشان صاحب السنتر عايز بيدج عشان تجيب شغل محتاج شوية بسيطة شوية على شوية سوشيال فى وقت انت مقاطع فيه السوشيال ميديا لانها كئيبة و كل البوستات يا عن شغل يا عن قد ايه العالم قذر و هيتدمر معاكش فلوس كفاية عشان تشغل حد و لا انت عشان تتصور و تتمايص قدام الكاميرا للاسف حياة طويلة من الجدية و انا بلبس السكراب و بسرح شعرى عشان اروح العيادة لان ال ليا كطبيبة كبيرة فى السن هتبقى الجرى ورا عيالى اللى لسة داخلين البيت من المدرسة او الحضانة عشان اغديهم و انزلهم تانى معايا الشغل او لوالدتى وسط نظرات من ال من كل الحضور تفتكر لما كنت داخل طب عشان تعالج الناس و تحس بحقد على كل موظف طبيعى فى شركة من برة ازاز بيشتغل من ٩٥ و بيشوف عياله و عايش من غير احساس ذنب فى خلفية مخه طول الوقت عشان مش فاكر معلومة ذاكرها من سنتين و لا عنده بليل مش قادر يذاكرله و لا على الاقل مطلوب منه يرقص قدام مكتبه عشان يجيب للبنك او لشركة زباين تروح الشغل تلاقى مرضى مصريين بيكرهوا الستات و مش بيحبوهم و تفتكر ان على الاقل انت بتعقم ادوات مش زى زمايلك الرجالة اللى بياخدوا اضعاف سعرك و اكثر شهرة و مبيعقموش اى حاجة بس هو العيان بيحب اللى بيضحك عليه لحظة تيأس تروح تتصل بجامعة لو سمحت ادرس اى حاجة تانية بيزنس كمبيوتر اى حاجة بتطلع موظف من ٩٥ . الرد اسفين انت الثانوية العامة بتاعتك تسقط بعد عدد سنين ملهاش صلاحية .. انت اتاخرت . الطب لعنة اسوء قرار اخدته فى حياتى يلا بقى عشان اقوم اكمل مذاكرة بما انى,sadness
677,داخله على مود اكتئاب دلوقتي عشان مفيش شغل,sadness
678,هل الاكتئاب ليه علامات واضحه بتقول ان ده اكتئاب ولا لا,sadness
679,تعبان نفسي جدا متشخص اكتئاب حاد والدواء مش جايب نتيجة وحياتي الاجتماعية بايظة وحياتي الجامعية برضوا ونفسي احب واتحب بس انا اصلا كاره نفسي وبفكر في الانتحار,sadness
680,فقدت الشغف ومش اكتئاب انا استغربت من نفسي اليوم، كنت دايما بجري ورا حاجة عشان احققها، وكنت غالبا بعمل كدا، انا طبيب ودرست الاكتئاب اشتغلت في اول تخرجي نفسية وعصبية فانا متاكد انه مش اكتئاب، عندي حاجات كتير محتاجة تتعمل وفرص كويسة، انا مش مهتم، ومش مضايق اني مش مهتم، الاول كان ممكن اسافر محافظة تانيه او حتى دولة عشان نص فرصة، ايه المشكلة، المشكلة اني محتاج اكمل الحاجات اللي محتاجة تكمل، شعوريالاول بالوصول للحاجة وزعلي اني محققتش وفرحي اني حققت كان بيدفعني لقدام بس معدش موجود,sadness
681,انا هدخل في نوبة اكتئاب. كل اما بشوف صوري ف موبايل حد مصورني باكتئب. لسة حد موريني صور ليا من الجنب وانا كاره شكلي المعاق الناقص المعيب وفكي الصغير والدبل تشن اللي عندي.,sadness
682,اكتئاب اشعر ب اكتئاب وقلق مميت .. احتاج ارتاح او اتطمن كنت زي الفراشة الطايرة واحس الان كني ميته بدون روح,sadness
683,انا متشخص اكتئاب حاد وباخد الدواء دا بس بسبب ظروف مادية بطلت الدواء نهائي لانه غالي ولانه مجابش نتيجة وكنت باخدة لمدة خمسة شهور متواصلة عاوز اعرف ممكن ايه التاثير السلبي اللي يحصل ليا يارت ضروري وازاي اقدر اساعد نفسي لان مش هقدر اروح لدكتور، وجزاكم الله خيرا,sadness
684,اكتئاب و استفزاز مش بترول بس بجد ليه هنا بالذات أما بتشات مع بنت لازم تطلع مكتئبة عيوطة سوداء قصيرة عيل اندر اندر اندر ايدج,sadness
685,رسمتها لما كان عندي اكتئاب بقلم فلوماستر اسود عادي من العلبة اللي فيها ٦ الوان ب ١٠ جنيه الفكرة اني كنت عاوز افضفض بس بدل م اكتب او اكلم شخص معين لاني فقدت الثقة ف ٩٩٪ من الناس حوليا لانهم كان بيفشوا سري و دا واحد من اسباب الاكتئاب اصلا .. حاول متبصلهاش ككتلة واحدة افتح الصورة واقرأ الرسمة سطر سطر,sadness
686,السواقة في الدمام مسببة لي اكتئاب،كيف اتعايش مع الموضوع؟,sadness
687,ايه السبب وراء قلة الثقة و الاحساس بالدونية مع العلم انا عندي و اقلق و اكتئاب,sadness
688,هواجيس مع شوي حزن و اكتئاب قد يوم من الأيام حسيتوا انكمتبغو تخلصوا من الحياة بسرعة؟ كذا والله تعبت من الحياة بس ما أبغى أموت، عندي ف أحس اني أبغى أشوف أو أعرف أو أعيش حياتي كلها في ثانية ولا دقيقة ولا يوم واحد و خلاص أروح منها دائما إحساس اللي مافي شي قاعد يظبط ولا في شي قاعد يتصلّح و لسا باقي وقت طويل لين أوصل للجزء الممتع من الحياة بس بعدين ارجع أفكّر..يمكن مافي جزء ممتع في الحياة هي كذا بس كلها تطلع و تنزل و مرات تطول و هي نازلة بس ليش ما تطول و هي فوق؟ مدري لو فهمتو ايش قصدي ب فوق و تحت بس تحت هي الأيام الحزينة أو عادية في أفضل تقدير بينما فوق هي الأيام اللي فيها هدف و شغف و رغبة بالحياة المشكلة الأكبر لما يكون عندك مشاكل و تعرف حلها بس ما تقدر تحلهاأو الحل المعروف اللي ينفع مع أغلب الناس مو قاعد يظبط معاك، ف هنا ايش الحل طيب؟ ما أعتقد في أحد يقدر يساعدني غير رب العالمين لأنه حتى أدوية و معالجين جربت ولا فيها الفائدة اللي توقعتها و مشكلة ثانية لما أشوف اني أنا سبب انه مو قاعدين يفيدونيالزبدة ادعولي لوسمحتوا,sadness
689,التعامل مع شخص عنده اكتئاب؟ كنت اعرف ناس عندهم مشاكل نفسية بس اول مره احس بالمسؤولية خصوصا يتكلمون لي عن ان كيف ودهم ينامون وما عاد يصحون اشياء م عندي رد لها، واحتار الصراحه هل المفروض اواسي او اسمعهم او ايش اسوي ؟ والحين صرت بس ارسلهم اشياء تضحك عشان يغيرون جوهم ووقفت اسألهم كيف الحال اليوم لان احسه سؤال لهم، كيف اتعامل مع الفترة الصعبه اللي يمرون فيها ؟,sadness
690,اكتئاب شو تجاربكم مع الاكتئاب و قدرتوا تتغلبوا عليه ؟,sadness
691,اكتئاب عندي احتقان و لقيت اهلي طالبين شاورما مش هعرف اكلها,sadness
692,احد يجيه اكتئاب ويحس يومه فاضي بأيام الراحة عشانه ما راح النادي ولا أنا أعاني من ادمان؟,sadness
693,اكتئاب فيني اكتئاب بسبب لخبطه نومي وحياتي مكركبه ومو عارف التفت لأيش وايش لدرجه حتى الشاور مستثقلته بشكل اعوذ بالله ، اطالع اصحابي والي حولي محد مكتئب نفسي واقول هل انا الوحيده الي قاعده اعاني مافيني حيل لدراسه ولا حااجه ، جا بأسوء وقت الي هو فتره الاختبارات,sadness
694,ممكن علي الصورة عشان عندي اكتئاب,sadness
695,شلون تتعاملون مع اكتئاب الدورة؟ نفسيتي دمار من الدورة حتى الاشياء الي احبها ما استمتع فيها، تعرفون شعور لما تقومين من مرض؟ يصير نصك تعبان والنص توه متعافي ومالك خلق لشي هذا هو شعوري,sadness
696,اقولهم في الكشف الطبي اني عندي اكتئاب وباخد ادوية ليه ولا لاءة انا الكشف الطبي بتاعي الشهر ده وانا باخد ادوية اكتئاب من شهر يونيو فادلوقتي لو الدكتور سألني لو انا عندي حاجة اقوله انه عندي اكئتاب ولا لاءة اصل انا قلقان اقوله لاءة وبعدين ادخل الجيش واقولهم اني باخد ادوية اكتئاب وبردو قلقان اقوله اه ويدخلني في حوارات اني بمثل عليهم وبتاع علشان اخلع لأني سمعت حوارات عن الموضوع ده عن ناس قالوا انهم عندهم اكتئاب وافتكروا انهم بيمثلوا.,sadness
697,باقة النت خلتني ادخل عالم اكتئاب اشتركت بباقة سوا شير بلس وهو معروف قسمين قسم السوشال نت واللوكال، طبعا السوشال هو انستقرام تويتر واتس وسناب ويوتيوب، واللوكال يشغل تيك توك وريديت وسفاري وكل التطبيقات حلو؟ حلو انا من كثر ما استخدم اللوكال خلص في غضون اسبوع ، واضطريت استخدم السوشال اللي هو انستا وسناب المهم يا انه جاني اكتئااااااااااب الفترة اللي راحت كلها ادخل تطبيقات لا انتمي لمحتواها حرفيا زفت وكلهم من دول ثانية يعني مو سعوديين وكذا، ومواضيعهم كلها هواش و سياسة ومشاكل المهم ان تيك توك وريديت الافضل حاليا ولا يشتغلون عندي لازم اشبك على نت اختي ، وجالسة اتعذب نفسيا ما ابالغ وهذا متنفسي الوحيد خلال اليوم.,sadness
698,ما وراء كواليس اكتئاب المتدينين,sadness
699,البنت اللى أسلمت مريم غالى .. مجموعة مسيحيين كانوا بيمارسوا ضغط و مظاهرات عشان الامن يسلم البنت تانى بعد ما أسلمت بحجة أنها مخطوفة و كدا!! تم بحمد الله اعتقالهم من الأمن بحسب مصادر مسيحية ...و البنت خرجت لوحدها بالسلامة مع اخوة مسلمين و ببطاقة مسلمة سليمة وورق سليم .,neutral
700,يجماعه هلا الولاد جد ما بخافو من الصراصير ولا ما بعبرو عشان ضغط المجتمع ؟,neutral
701,يا جدعان بقي ايه ضغط المياه ابن الوسخة ده مش عارف امسح طيزي,neutral
702,عشوائيات نيرس تعيش ضغط اكتوبر,neutral
703,ما بقى عندي جهد باش نتحمل لا ضغط نفسي ولا جسدي فهاد البلاد... الشكوى لله...,neutral
704,هوس الثراء ضغط اجتماعي ام دافع شخصي ليش مؤخرًا نسبة كبيرة من الناس عندهم هذا الهوس ليش مو عادي الواحد يصير شخص عادي هل المجتمع يضغط على الافراد؟ او هو دافع شخصي و طموح غير صحي؟,neutral
705,مش فاهمة ليه دايمًا الراجل هو اللي لازم يطارد، ويخطط، ويدفع ولو البنت هي اللي عملت كده بيعتبروها يائسة! هو احنا ليه لحد دلوقتي حاطين الرجالة تحت ضغط الأدوار القديمة,neutral
706,ضغط الاهل على البنات انا رفضت شخص تقدم لي عاجب اهلي مره لكن ماعجبني للأسباب كثيره، لكن الاهل مايشوفون العيوب اللي اشوفها فحصل بيننا تصادم ولي فتره اتحاشى اجلس معهم لان مابي تصير نقاشات حاده بدون فايده، اعرف ان اهلي بالنهاية مو متشددين ولا بيغصبوني اتزوج شخص مو عاجبني لكن مره مرهق النقاش عن هذي الامور، وصدق صرت اشيل هم المستقبل لو رفضت احد مره اخرى برجع ادخل بدوامة تبرير على قرار المفروض اني انا الامر والناهي فيه,neutral
707,ضغط العيلة مرحبا يا جماعة، كيف بتتعاملوا مع ضغط اهلكم عالزواج؟ انا عمري ٢٣ واهلي بلشوا يفتحوا معي موضوع الزواج، وانه احضر حالي انه ممكن اي حد يجي يطق الباب يطلبني! للعلم انا وضحتلهم نيتي اني اطلع برة البلد اكمل دراستي، واجهوا الموضوع بالرفض المطلق وما كان في منهم دعم ابدًا، بحكولي مستقبلك مربوط بزوجك وقراراته، وانه حرام البنت تسافر بدون محرم، لما تتزوجي لو زوجك كان بقبل تطلعي انت واياه بتطلعوا! طبعًا مستحيل احكيلهم انه اصلًا انا ليزبيان، وعندي حبيبة، وما رح اتزوج، وناوية لو اجاني عرسان، اقبل اشوفهم لكن اطفشهم، عشان ما أثير شكوك أهلي يلي مر بتجارب مشابهة، يحكي تجربته بليز، وسمعت عن الزواج الشكلي، هل فعليًا بنجح؟ وبتعرفوا حدا عمله؟ الزواج الصوري هو انه تنين يتزوجوا مش ليكونوا عيلة، لا، عشان يهربوا من ضغط المجتمع على الزواج، بكونوا زي ، ممكن يكون بين مثلي ومثلية، ويطلعوا برة البلد وكل حدا فيهم يعيش حياته بشكل منفصل، لكن قدام العيلة بمثلوا انهم متزوجين,neutral
708,مش هتعرف يعني ايه شغل تحت ضغط لغاية م تيجي تقف هنا ف الصورة التانية لسة هنبدأ نجهز لشغل الليل ومعرفين الويترز ان قدامنا ساعة و لقينا ٣ اوردرات دخلوا صديق ف الشغل صورني علشان يشوف هشتم انهي شتيمة المرة دي لأني كرييتڤ معاهم ف الحتة دي,neutral
709,انا حاسس ان كل اللي عمي مات عشانوا في حرب الاستنزاف و ابويا الله يرحمه خلاص كده؟ دا مش طبيعي و انا في كبوس. دول الحجات اللبقيني. شيت جديد و ضغط اعطاب رهيب.,neutral
710,دي رسمتي وتعبر عن حزني وانا بعمل عشر عدات ضغط في غرفتي في نص الليل,sadness
711,حاجه ف الرايق قبل ضغط العيد,neutral
712,نفسي ادرس بدون ضغط جد والله ودي اجرب الشعور بس داخلي كلب يعشق زنقه الكلاب,neutral
713,كيف اتعامل مع ضغط سنه ثاني طب ؟ السنه الاولى كانت خفيفه وبسيطه وسهله وخلصت منها بمعدل . ، هالسنه كمية اللكتشرات غير طبيعيه مو قادره الم المنهج واذا لميته ما عندي وقت اراجعه ، بنبدأ ميدات قريب وقاعده احس بالانهيار و بالكويزات ما حليت زين لان بعد بالكويزات كان ضغط كل ماده لكاتشر بأسبوع واحد بس عمري ما وصلت هالمرحله من شعوري بالفشل وحاسه اني لأبعد درجه,neutral
714,ضغط العائلة أنا عمري ١٧ سنة و الوحيدة المتنقبة بعيلتي كلها و ما اسمع موسيقى و ما أصافح ووو الحمدلله ربي هداني قبل ثلالث سنين تقريبا بس والله كان عندي ضغط نفسي بطريقة ، يعني نظرات الناس و الكلام ، المشكلة انه مو من الغرباء ، و لكن من الاهل و الأم و الأب ، كان شيء صعب و ما زال صعب . يعني كلهم شايفين انه أنا أكيد حشيل النقابً، و كل شيء عنده علاقة بالجامعة او احتفالات او او ، لازم يفتحون الموضوع و يحاولون يقنعوني انه عادي اشيله عشاني صغيرة يظهروني دائما بالمتشددة و كرهت إني دائما في وضع الدفاع او إثبات وجهة نظري ، احتاج اي نصائح تساعد,neutral
715,نوبات الهلع بسبب ضغط الدراسة قبل كم يوم جيت بنام بعد يوم طويل متعب مهلك ولقيتني ماني قادرة انام رغم المحاولات، انفجرت صياح لين ما جتني نوبة هلع وجاني تنميل وتشنج في كل جسمي، طبيعي وضعي، طبيعي ضغط الدراسة يسبب كل ذا؟ احس خايفة تتكرر عليي ومقدر اسيطر على الوضع,neutral
716,عندما نشرت هذا الخبر سابقا لأم تقتل ابنائها الثلاثة في فيلا وحقرت من التعليقات التي تلوم الزوج وتعجبت من التبرير لها وجدت ايضا من يبرر لها هنا ويقول ان ضغط زوجها هو السبب لذالك ودفعها إلي الجنون لذالك سأذكر السبب في هذا المنشور اتضح أن من قتلت أطفالها لم تتحمل عدم موافقة طليقها على سداد مصاريف مدارسهم البريطانية وخبر زواج زوجها كان من اللمكن ان تبيع الفيلا وتعيش في بيت متوسط كان من الممكن ان تدخلهم لمدارس حكومية كان من الممكن ان تتركهم لبيت لرعاية الأطفال صدقني هذا الموضوع من أكثر الأسباب التي تجعلني أكره النسوية ،فالنسوية لا تكره التعدد فحسب ،بل تكره كل الرجال ،والرجل الذي يرتبط بها يصبح أكبر عدو لها تحاول قدر الإمكان تدميره ، إنتهاء العلاقة تكون من جهتها هي ،فهو لا يحق له التطليق أبدا، لذلك ستجد النسوية الغربية تستميت على بقاء قانون تقسيم الممتلكات لأنه يمنع الزوج من التطليق وهي من تخلعه وتحاول قدر الإمكان تلفيق أكثر عدد من التهم ضده ، وتستميت المصرية على بقاء القائمة لنفس السبب، وترفع جميع القضايا التي من حقها بالقانون أن ترفعها ،ولا وجود لشيء إسمه عشرة ومعروف ،الموضوع حقد وكره نسوية، وتحاول بقية حياتها أن تنتقم من هذا الطليق إما،بحرمانه من أطفاله ،أو بتخنيث الأطفال ،أو رفع قضايا نفقة بشكل متكرر لتجعله مواظب على دخول المحاكم ،أو البحث عن رجل جديد ليعتني بهم ،وما يهمها تصوير هذا الرجل مع الأطفال لتنتقم من طليقها الذي منعته من رؤيتهم ،وتريه أن الغريب يربيهم، وأكبر مصيبة تحصل لها ،لو الطليق تزوج من جديد ، فهو في نظرها يجب أن يموت ، و زواجه يصيبها بجلطة ، لا يمكنك أبدا كرجل أن تتزوج أو تعشق أو تقترب من نسوية ،لأنك بإختصار شديد تصنع عدو، الموضوع ليس بيدك ،فهي مبرمجة من الأيدولوجية الحقيرة على عداوتك ،وهذه البرمجة موجودة غالبا بداية الزواج ،أو بعد حصولها على ما تستطيع تقديمه لها سكن ،أطفال،مصروف ،بعدها تصبح عدو ،فالحاجة لك توقفت ويجب أن تزيحك عن الطريق....الموضوع مرض عقلي ،وهذه الحادثة للأسف مثال على نتائج هذا المرض.,neutral
717,الزواج بدون ضغط معايير اختيار الزوجة اشوفه انه تتقبلك ك شخص اكثر من ان انت وش تشتغل او كم راتبك ، عشان ترتاح معها وتراعون بعض وتصبرون واذا عندكم اهداف مستقبلية تسوونها مع بعض ، عشان كذا اسمه شريك حياة هذا الزواج الصح احس ذا النوعية نادرة مرة في مجتمعنا,neutral
718,هو ضغط الشغل بعد الامتياز بيبقى قد ايه؟ ايه اطول شفت مممن اقعده؟ و لو اكتر من ٢٤ ساعه بيتطبق على البنات؟,neutral
719,ازاي بتتعاملو مع ضغط الدراسة؟ انا لازم كل ترم ابقى قلقان قلق مش طبيعي عن الامتحانات مع ان مذاكرتي كويسه و بحاول مبقاش مراكم مذاكرة بس برضو كل يوم ببقى خايف اني مجبش درجات كويسة او افشل ازاي بتتعاملو مع الضغط ده ؟,anxiety
720,حسابي كان انشر فيه رسم هنتاي وذا سبب لي ضغط وخوف من نشر شي ثاني هل في تشجيع؟,anxiety
721,كيف واجهتوا ضغط الأهل والمجتمع؟ وهل فكرّتوا بالهجرة؟ أعرف إن كثير من المثليينالمثليات في المجتمعات العربية يواجهون صعوبات كبيرة، خاصة بسبب الضغط من الأهل للزواج أو التغيير، وأحيانًا هذا الضغط يوصل لدرجة إن الشخص يفكر يهاجر أو يهرب، حتى لو كان يحب أهله ويحترمهم. سؤالي هو كيف تعاملتوا مع هذا النوع من الضغط؟ هل قررتوا الهجرة؟ وهل كان فيه دعم في المكان اللي رحتوا له؟ إذا في أحد هاجر أو انتقل لبيئة أكثر تقبلاً، ياليت يشاركنا تجربته وكيف كانت البداية وكيف أثرت على نفسيته وهويته. نحتاج نسمع قصص حقيقية تساعد وتعطي أمل,neutral
722,عندي وكمان بتوتر من اي تعامل مع ناس غريبه وبيخليني في ضغط حتى لو باين عليا من برا اني هاديه ف بتجنب اتكلم مع حد وبخليني مع دايرتي الصغيره الي عرفهم من زمان او قرايبي بس قي نفس الوقت بيبقى نفسي ان اقرب صحاب ليا يبقوا هما كمان انا الوحيده الي في حياتهم او مش شرط الوحيده لكن اقصد ان ابقى اقرب واحده ليهم والي بيعملوه معايا مش بيعملوه مع اي حد او مكانتي قريبه بنفس الدرجه لأن انا اصلا مليش غيرهم يعني انا بغير على صحابي القريبين مني اوي هتسألني طب وصحابك الي عرفتيهم عرفتيهم ازاي وانتي كدا انا اعرفهم من سنين وانا اصغر مكنتش انطوائيه زي دلوقتي معرفش هو انا كدا عندي مشكله ولا ده عادي انا بصراحه الموضوع مدايقني,anxiety
723,ضغط من كل إتجاه ، مفيش جانب واحد مريح,neutral
724,ضغط الدوام بنجن!!! هلا مين ودها نتحلطم عن الدوام والحياة و نخرج السلبيه؟,neutral
725,جماعه عديتو من ضغط ثانويه عامه ازي,neutral
726,جهاز ضغط مع قياس الاكسجين جهاز قياس ضغط الدم إلكتروني مع جهاز فحص اكسجين الدم الأجهزه جديدة و استعماله سهل الطقم الكامل بريال,neutral
727,ضغط هائل من كل النواحي اني اتزوج؟ السلام عليكم حبيت اتكلم عن حاجة مسببة شبه اكتئاب الزواج انا عمري خمس و عشرين و حاس من هذا الضغط مو بس من امي و ابوي يبون يشوفون احفادهم بس من اصحابي المتزوجين و زملاء العمل انا موقتا ماني حاسس ب اي رغبة في الزواج ولا اني قاعد افكر فيه بهذا العمر و حاس اني خائن للفطرة الانسانية هل هذا شي طبيعين,sadness
728,ضغط انا خلاص آخر سنة سنة خامس بإذن الله ربنا يسهل في جامعة الخرطوم تخصص علميوخلصنا السمستر اونلاين وان شاء الله الامتحانات غالبا في شهر ١٠ انا عايزة ارفع معدلي من . ل ٣ على الأقل هل بقدر؟ ده كان معدلي في سنة رابعة هل في أمل امتحاناتنا حاتكون للسمسترين انا ضيعت الوقت وماعارفة هل حا اقدر الحق ولالا اقرا ولا باقي لي اسايمنتات وتخيلو مشروع التخرج بس للآن فكرة مابديت فيه حاسةمستحيل الحق وخلاص الوقت فات هل في زول كان زي حالتي وانجز,neutral
729,بقت من شروط التقديم على ركوب المترو انك تعرف تعمل تحت ضغط,neutral
730,طباخ التمر ناوي يطبخنا بقدر ضغط,neutral
"731,غطّاس سمنان ضغط مباشر أوتوماتيك بوستر ثبات ضغط الشبكة لمنزل دائم الحركة الفكرة مضخة غاطسة مع كونترولبوستر مدمج يحافظ على الضغط ضمن نطاق ثابت. تشغيل تلقائي مع الطلب، وتوقف آمن عند انقطاع الماء. لماذا تختاره؟ حل أنيق من خط الخزان إلى البيت مباشرة. يوزّع الضغط على كل النقاط بدون هبّات مزعجة. تقليل الطرق الهيدروليكي مع تحكم ناعم. تركيب موصى به فلتر ترسيب قبل خط الضخ. حماية من الجفاف مستشعرفلوتر إن لم تكن مدمجة. صمام عدم رجوع عدّاد ضغط للمراقبة. صيانة تنظيف مدخل الغاطس، ومراقبة كابل التعليق. اختبار تسريب شهري، ومسح الأتربة عن وحدة التحكم. أسئلة شائعة هل يصلح للشقق؟ مخصص أكثر للتركيب مع خزانبيوت؛ للشقق يفضّل دينمو بوستر خارجي. الصوت؟ داخل الماء أهدأ من السطحي عادةً. التشغيل الجاف؟ تجنّبهالتعليمات توضّح وسائل الحماية. الخلاصة غطّاس سمنان بوستر يمنحك ضغطًا متزنًا لشبكتك المنزلية مع تحكم ذكي في التشغيل.,neutral"
"732,دينمو سمنان . كيلو وات متغيّرة السرعة ضغط ماء مستقر لبيوت الشقق والطوابق المنخفضة ماذا تعني متغيّرة السرعة؟ هي مضخّةدينمو بذكاء انفرتر يغيّر سرعة الموتور حسب الطلب؛ عند فتح صنبور واحد تعمل بهدوء وتوفّر طاقة، وعند تشغيل أكثر من نقطة معًا ترفع القدرة تلقائيًاضغط مستقر واستهلاك أقل. لمن تناسب قدرة . ؟ شقةدور صغير مع نقاط مياه محدودة. بيوت لا تعاني ارتفاعات كبيرة وتحتاج ضغطًا مستقرًا للاستحمام والمطبخ. تركيب بعد الخزان الأرضي لضخّ خط البيت بالكامل. مزايا تتوقعها تشغيلإيقاف تلقائي باستشعار الضغط. هدوء نسبي مقارنة بالمضخات التقليدية. حماية من الجفافالسخونة في طرازات عديدة. سهولة صيانة وفلاتر خطّية قبل المضخّة لحماية العمر التشغيلي. خطوات تركيب آمنة . فلتر ترسيب أولي قبل الدخول إلى الدينمو لحماية البلية والريش. . صمام عدم رجوع لضمان ثبات الضغط ومنع الارتداد. . عازل اهتزاز على القاعدة لتقليل الضجيج. . تأريض جيّد وفاصل كهربائي قريب للأمان. تشغيل وصيانة عدم تشغيلها جافّةتحضير ذاتي عند الحاجة وفق تعليمات الشركة. فحص التسريب في الوصلات خلال الأسبوع الأول. تنظيف فلتر الخطّ دوريًا؛ الأوساخ تقتل الأداء بسرعة. متابعة إنذار الانفرترحل الأعطال مبكّرًا يوفّر تكلفة لاحقة. أسئلة شائعة هل تكفي لطابقين؟ يعتمد على الارتفاع الفعلي؛ غالبًا مناسبة للدور الأرضي والأول مع تمديد مناسب. هل صوتها مرتفع؟ أخف من التقليدية بفضل التحكم بالسرعة، لكن يعتمد على موقع التركيب والعزل. هل تستهلك كهرباء كثيرًا؟ أقل في الاستخدام الجزئي بسبب خفض السرعة عند الطلب المنخفض. الخلاصة دينمو سمنان . كيلو وات متغيّرة السرعة تمنحك ضغطًا مستقرًا بدون هدر في الطاقةحلّ عملي لشقق العائلات ونقاط الماء اليومية.,neutral"
733,ضغط الكفرات السلام عليكم يا شباب انا عندي سيارتي كامري صاير لما اطلع الدوام الصبح تولع لمبه ضغط الكفر الصفراء بس في نص المشوار تروح هل ذا طبيعي ووش الحل مع العلم قبل كم فتره شيكت ماهم ناقصين هواء ولا شي,neutral
734,أعتقد أصبح جلياً أن أى طرف ينوى الدخول فى حرب مع إسرائيل يجب أن يكون شرس هجوميا أكثر من دفاعيا. واضح أن هذا ليس زمن التكتيكات الدفاعية بسبب الصناعات العسكرية الحديثة. الصهيونى لا يجلس على الطاولة و يقدم تنازلات إلا تحت ضغط. إيران و حزب الله كانا يجب أن يدركا ذلك مبكرا. السبب الرئيسى فى خسائر إيران و حزب الله الكبيرة هى إعطائهم إسرائيل المبادرة فى كل مرة. فى كل مرة إسرائيل هى من تحدد قواعد الإشتباك. ترفع السقف و تخفض السقف و الطرف الأخر بالكاد يحاول مجارتها بعدما تلقى الضربة الأولى. يجب أن يرى اللاعبون الإقليميون إسرائيل على حقيقتها التى لم تحاول إخفائها يوما. حيوان هائج عنيف عنصرى لا يكترث لحياة الأخرين عموما و العرب خاصة.,neutral
735,ازاي اعرف لو ضغط الدم عالي؟ حاسس دماغي مش تمام، وحركة فكي مش سلسه,neutral
736,السبب الأساسي لارتفاع ضغط الدم وعلاجه,neutral
737,ضغط مشروع التخرج ممكن مشروع التخرج يخلص في اقل من شهر اذا ضغطت نفسي ؟ انا مسويته لوحدي وللاسف ضيعت الزمن بسبب اني مشتتة وضايعة مابين المذاكرة والمشروع واشياء ثانية اقدر الحق على عمري ولا خلاص,neutral
738,مقال يتحدث عن ضغط الدم مقال يتحدث عن ضغط الدم وطرق قياسه في صوره مبسطة ...,neutral
739,كان فيه ضغط ع السيرفر ولا الشبكة كانت واقعة ولسة جاية ولا منطق العبط ده ايه لو فيه اله حقيقي للكون دلوقتي هيشويكم ع المسخرة اللي بتقولوها عليه والله,neutral
740,اللي جرب قدر ضغط كهربائي احتاج ترشحون لي وتعطوني رأيكم ونصائحكم، انا ساكن لحالي توي وابى ازبط كبوس ومضاغيط والقاز ممنوع بالسكن .,neutral
741,آبل في سبتمبر يغير قواعد اللعبة وساعة تراقب ضغط الدم!,neutral
742,فين ضغط تالتة ثانوي الي بيقولو عليه ده محدش مهتم,neutral
743,الغبي ضغط ستارت والفاهم لسه بقرأ الشروط في واحد كل ما بده يعمل إشي بيفكر بيفكر زيادة قبل ما يحكي بيقيس الكلمات قبل ما يتحمس بيحسب التكاليف قبل ما يحب براجع نتائج العلاقات اللي ما عاشها أصلًا مش جبان بس واعي أكثر من اللازم بعرف نهايات الطريق قبل ما يخطو فيه بعرف وين بتضعف الحماسة وين بتنقلب الوجوه وين بتبلش الوحدة تمشي معك بدون ما تطلبها فبيوقف بيسكت بيتحول لشخص بيتفرج شخص بيعيش نظريًا بيتخيل التجربة وما بيخوضها بيحسب الاحتمالات بس عمره ما لعب الناس اللي مش فاهمة اللي داخلة على أي إشي وهي مش دارية شو يعني أصلا أي إشي هم اللي بيعيشوا بيضحكوا غلط بيحبوا غلط بيفشلوا بس بيرجعوا والأغرب إنه أحيانًا بيزبط معهم بيصيروا هم الناجحين هم اللي في الصورة وإنت واقف على الطرف فاهم كل إشي بس مش موجود وكل مرة يضرب معهم الحظ بتهمس لنفسك كنت عارف إنها ما رح تزبط بس نسيت إنها زبطت لأنهم ما كانوا عارفين المشكلة إنك مش ذكي زيادة إنت واعي زيادة وعم تستخدم وعيك كأنه سجن كأنك محكوم عليه بالتحليل بدل الفعل بالفرجة بدل التجربة بالبقاء ثابت لأنك شايف كل الاحتمالات وما عاجبك ولا واحد منها بس في شغلة صغيرة نسيتها اللعبة هاي مش معمولة للناس اللي فاهمينها اللعبة معمولة للناس اللي بلعبوها حتى لو يخسروا حتى لو يوجعوا على الأقل عاشوا وإنت إنت شو عملت غير إنك قرأت كل التعليمات ونسيت تضغط ستارت انت ضغطت ستارت ولا لسة بتقرأ الشروط؟,joy
744,أنا ترانس مان لسه في بداية طريقي، وفي علاقة جدية مع بنت، وإحنا ناويين نتجوز بعد ما أوراقي تتغير رسمي. حاليًا في ضغط كبير من أهلها بخصوص الجواز، وده بيأثر علينا نفسيًا، فبنحاول نلاقي حل مؤقت يساعدنا نتخطى المرحلة دي من غير صدام أو ضرر. بنفكر في تكون مفهومة بين كل الأطراف أنا ترانس مان لسه في بداية طريقي، وفي علاقة جدية مع بنت، وإحنا ناويين نتجوز بعد ما أوراقي تتغير رسمي. حاليًا في ضغط كبير من أهلها بخصوص الجواز، وده بيأثر علينا نفسيًا، فبنحاول نلاقي حل مؤقت يساعدنا نتخطى المرحلة دي من غير صدام أو ضرر. بنفكر في تكون مفهومة بين كل الأطراف يعني زواج شكلي أو واجهة اجتماعية من غير أي التزامات عاطفية أو معيشية، مجرد اتفاق واضح يحمي من ضغط المجتمع أو الأهل. لو في حد من مجتمع الـ بيمر بنفس الضغط، ومحتاج نفس الترتيب، أو مش بيدور على علاقة بس محتاج حماية اجتماعية، ياريت نتكلم ونشوف لو نقدر نساعد بعض ونبني الاتفاق ده بشكل آمن ومحترم للطرفين. التواصل بس للناس اللي فاهمة معنى التفاهم ده وحدوده، ومش حابين دوشة أو دراما.,neutral
745,كيف اخفف ضغط الأوريا؟ سمعت ان الدوام و الكلاسات في الأوربت طويله جدا و متعبه وودي اخفف على نفسي باني اسكب بعض الليفلات ما ودي اسكب الاوريا كامل بس ابغى اخففه على نفسي كيف ؟,neutral
746,كيف ببتعاملوا مع ضغط الاهل للزواج؟ مرحبا عمري ٢٨ سنة و عايش مع اهلي، صعب استقل عنهم لحالي كونه ما الي دخل ثابت. المهم انهم بلوا يضغطوا بموضوع لازم تتزوج و ندور ع عروس الك، عم بحاول ارفض الفكرة و اخرها قدر المستطاع، بس خايف بيوم من الايام الاقي حالي مجبور ع زواج ما بدي اياه . كيف تتعاملوا مه اهلكم بهيك موضوع؟,neutral
747,اصعب بروجيكت أو ضغط مرتيو بيه كان ايه أصعب بروجيكت اضغط فيه أو حصلك ضغط نفسى وازاى كنت ذكى فيه,neutral
748,عندي ايام في اسكندريه افك ضغط الشغل و الحياة ساعدوني حاجز ايام في فندق في اسكندرية محتاج اعرف الخروجات المحترمة و المش محترمة اللي اخرج فيها و الاكل الجامد فيين ؟,neutral
749,تحب تجيب ٥٠ ضغط ولا ترفع ١٠٠ كيلو بنش بريس كذا عدة,neutral
750,صورة من العصور الوسطى الحدثة دي فيها مجموعة مصايب مركبة منها الاهالي المحجبات اللي شايفين انه الغش عادي وحق مكتسب مع انهم المفروض متدينات والمصيبة التانية التحقير من المراقبة كونها مسيحية اتقالها يا مسيحية يا بنت الوسخة والمصيبة التالتة ان الموضوع اتحل بعد ضغط من الداخلية شخصيا اللي هي منوطة انها تجبلها حقها,neutral
751,المستربيت عند ضغط و توتر المذاكره افشخ وقت للمستربيت حرفيا بيفكك من الضغط و التوتر غير المتعه و الارجازم مش قادر انسي كل مره كنت بذاكر فيها اقلع و ارفع رجلي ع المكتب و امستربيت و كسم المتعه ف كل مره هل انا لوحدي اللي كده ؟,anxiety
752,أنا ترانس مان لسه في بداية طريقي، وفي علاقة جدية مع بنت، وإحنا ناويين نتجوز بعد ما أوراقي تتغير رسمي. حاليًا في ضغط كبير من أهلها بخصوص الجواز، وده بيأثر علينا نفسيًا، فبنحاول نلاقي حل مؤقت يساعدنا نتخطى المرحلة دي من غير صدام أو ضرر. بنفكر في تكون مفهومة بين كل الأطراف أنا ترانس مان لسه في بداية طريقي، وفي علاقة جدية مع بنت، وإحنا ناويين نتجوز بعد ما أوراقي تتغير رسمي. حاليًا في ضغط كبير من أهلها بخصوص الجواز، وده بيأثر علينا نفسيًا، فبنحاول نلاقي حل مؤقت يساعدنا نتخطى المرحلة دي من غير صدام أو ضرر. بنفكر في تكون مفهومة بين كل الأطراف يعني زواج شكلي أو واجهة اجتماعية من غير أي التزامات عاطفية أو معيشية، مجرد اتفاق واضح يحمي من ضغط المجتمع أو الأهل. لو في حد من مجتمع الـ بيمر بنفس الضغط، ومحتاج نفس الترتيب، أو مش بيدور على علاقة بس محتاج حماية اجتماعية، ياريت نتكلم ونشوف لو نقدر نساعد بعض ونبني الاتفاق ده بشكل آمن ومحترم للطرفين. التواصل بس للناس اللي فاهمة معنى التفاهم ده وحدوده، ومش حابين دوشة أو دراما.,neutral
"753,""بنت انتحرت في جامعة العريش بسبب صور هشارك معاكم حادثة من اسبوع, بنت انتحرت في جامعة العريش, لأن الجامعة بتهدد الطلبة ان محدش يتكلم واللي هيتكلم هيتطرد. كنت قاعد في امان الله فجاءة لقيت واحد صحبي بيسئل علي جروب الشلة لو حد معاه اكونت فيك فيسبوك, فقولت لا عشان فعلا مش معايا ومش بستخدم فيسبوك من فترة, فدخلي قالي لو معاك ضروري عشان الموضوع مهم ولأني خريج حاسبات فمتوقع مني اني اقدر اساعد. فسئلته عن سبب احتياجه لاكونت فقالي ان في دفعة اولي كلية طب بيطري شوية شباب بنات وولاد قعدو يهددو بنت معاهم فالدفعه وبيلقحوا بالكلام عليها عشان معاهم صور ليها. في ناس بتقول ان الصور بنت صحبتها صورتهالها فحمام السكن بدون علمها وفي حد بيقول حد خد تلفونها وجاب الصور المهم دخلوا علي جورب دفعه ومن ضمن الجمل الي خلتني فعلا اقول احا الشيخة اللي كانت بتصلي بينا فالسكن وعاملها نفسها امام تحبو نفضحها يوم السبت ولا النهاردة الساعه بليل دا كان فوت علي الواتساب جروب الدفعه المهم بعد كل دا ومحاولات من البنت انها تصلح الموضوع وتحاول تتملك اعصبها مع ذلك شوية العيال دول قعدو يهددوها وكلام كتير عليها البنت انتحرت بحباية غلة, الجامعة كتبت ارتفاع حاد في ضغط دورة الدم ومكتبوش انتحار او حتي تسمم او اي حاجة عشان ميتهموش الجامعة, ومنعو الشباب في الجامعة تشارك الموضوع او تتكلم عن السوشيال ميديا وهددوهم بالطرد من الكلية. حاولت اعمل اكونت فيسبوك واشارك القصة والصور بس للأسف الاكونت اتقفل بعد ربع ساعة لانه جديد وبلاغ واحد هيقفله. البنت اسمها نيرة من المنصورة حبيت اشارك قصتها واتمني لو اي شخص سواء بنت او ولد اتعرض لاي نوع من انواع التنمر والتهديد يتكلم ويرفع محضر ويبلغ الشرطة صدقوني حقكم هيرجع صدقوني بلاش تضيع نفسك الانتحار مش الحل الوحيد. دا صورة تهديد وكيل الجامعة للشباب ان محدش يتكلم ودي صورة العيل اللي عمل الفوت باقي الصور علي اللينك ده .... تهديد وكيل الجامعة للشباب ان محدش يتكلم... صورة العيل اللي عمل الفوت..."",neutral"
754,ضغط حقوقي يراهن على إحالة المسطرة الجنائية إلى المحكمة الدستورية,neutral
755,ضغط المجتمع و الصلع الوراثي انا شاب في ال و عشرين من عمري و عندي بدايات صلع علي الارجح هو وراثي لان الصلع عندنا في العيلة يعني... الفترة الاخيرة ابتدي يظهرلي المحتوي بتاع علاج الصلع الوراثي و بدأ بنتشر و يكتر علي السوشيال ميديا و لان نسبة كتير من المصريين بيملكوا جينات الصلع ابتديت اشوف انعكاس دا في صحابي عرفت ان في ناس من دفعتي بدات تزرع شعر المثلثات و ناس تانية بتستخدم المينوكسديل و الفيناسترايد ... الحقيقة ان روحت لاكتر من دكتور و قالولي استخدم مينوكسديل بس انا رفضت علشان مطلوب مني استخدمه كل يوم مدي الحياة و علشان الاعراض الجانبية و لاني عارف ان اي محاولة لمحاربة الطبيعة الجينات في الاغلب هتفشل و وقتها هتضطر ازرع شعر مثلا لو مش قابل وضعي..المهم يعني مع الاخذ في الحسبان ان بسبب السوشيال ميديا المظاهر و الشكل في الرجالة بقت مهمة جدا انا عموما شاب مش مصنف يعني وسيم انا شكلي عادي جدا و كمان طولي بس يعني بس مهتم بلبسي و بنضافتي و صحتي و عامل جسم محترم الحمدلله يعني...هل بقي لو فضلت مستخدمش المنتجات اللي تمنع الصلع هينتهي بيا الموضوع ان الاقي ال بتاعي واقع وسط المجتمع اللي بقي اغلبه فيك و مش علي طبيعته؟,neutral
756,بدور علي زوجه تحميني من ضغط الاهل والناس,neutral
757,ضغط ثانوي بطلعوا فالايديت,neutral
758,صوؤة المنتدى تجيب ضغط نفسي أكثر من مصاعب الحياة,neutral
759,كمية ضغط ما طبيعيه وصف مشكلة لا حل لها حالياً في مشكله انت بدك تتقدم، بدك تتعلم وبدك تقرأ وبدك تلعب رياضه وبدك حياتك تزبط بس في مشكله الوقت ما عاد يكفي فكك من الماديات عنجد الوقت ما عاد بيكفي طول يومي بقضيه بالشغل هوا أنا الي هيك ولا في حدا غيري ليش كلشي صار سريع للا وسريع علينا نحنى بس في الشرق الأوسط بحكي رفقاتي برا والله الحياة ما هيك ٪عنجد أنا عايش في عبودية ١٠٠ عم احاول اطلع بحل، بفكرة، بطوق نجاة ياخي لك ما عاد بدي حل بدي طوق نجاة اكمل فيه يومي !!! غريييب كل شي غريب وكل شئ غلط ما في شئ بيمشي صح من تفتيح عيني على البلكونه واشوف منظر العماير العشوائيه لحد اخر الليل لاوصل لطريق البيت الي اغلبه مظلم لا عواميد كهربا شغاله ولا خط مواصلات منتظم عشوائيات حرفياً اليوم عبارة عن عشوائيات من المشاكل,neutral
760,مسرحية ضغط و فتح الباب للحرب إذا السياسة وصلت طريق مسدود اللي عم يصير ما متشددين و لا اي شي فوضوي. هي هية العمليات الاستخباراتية اللي بتسمع عنها بفيلم وثائقي بعد سنة. الغرض غالبا للضغط السياسي. انه كيف يعني سوريا تقول لأميريكا منقبل هاد الشرط و هداك لا؟!! شوف آخر تصريحات للشيباني، من شوي عالعربية و إلا شوي بقول تعو نوقع معاهدة سلام و كخ است الجولان. الحمدلله انه الحكومة مو متهورة و لو أنها بليدة. و الله يستر. في طبعا بس مجرد أدوات و ناس بتاكل الطعم بسهولة. القصد انه مو عفوية.,neutral
761,حالتي كويسه و لسا عايش في ضغط انا شاب دخلي كويس و مستقبلي نوعا ما مرسوم و حظي حلو ف الدنيا عندي اللي يساعدني لو وقعت مريت بظروف صحية صعبة جدا الفتره اللي فاتت و جالي تروما و دلوقتي افضل بس لسا عايش ف قلق و توتر لان عندي مرض وحش و معرض اتعب تاني ف اي وقت كل اما اجي انام بحس اني هتعب تاني قبل محقق حلمي و هوا الخروج من مصر حاسس ديما بحس ان كل المجهود اللي ببذله لهدفي ممكن يضيع ف لحظه لو تعبت حاسس ان اهدافي بتطاردني ديما و المرض متربصلي مهما احاول اجتهد و ارجع حياتي قبل متعب حاسس انه مش كفايه,anxiety
762,. في الفترة الأخيرة لاحظت كمية ضغط نفسي قوي علي الشباب والفتيات في مقتبل العمر بصفتي لايف كوتش ومستمع جيد وليس بمستوي الاحتراف اقدم مساعدتي للآخرين مجانا لوجه الله خصوصا أن في مقتبل الطريق ونظرا لغلاء الاسعار المتداولة في هذا المهنة وشكرا,neutral
763,العياط من ضغط الشغل اخر شهرين في حياتي حصلي فيهم حاجات صعبة وسيئة كتير على المستوى العام وعلى المستوى الشخصي وغيرت شغلي ٣ مرات في أقل من شهرين بسبب ظروف خارجة عن ارادتي انا بقيت طول الوقت بعيط ومش عارفة انام وحاسه اني بتضغط من أقل حاجة انا بشتغل بقالي سنين أول مرة اجرب العياط في حمام الشغل من الضغط ومن الزعل والخنقه وكل حاجه طول الوقت بانيك اتاكس ونفسي يضيق ودوخة من الخوف وعايزة اهرب ، مع العلم في حاجات كتير كويسة في المكان اعمل ايه انا طول الوقت تعبانه ومخنوقه وخايفه ومش مستحمله اي حاجه,anxiety
764,طول عمرى عايش فى ضغط وقرف ....مقدرتش افرح يوم واحد حتى ...كفاية بجد ...انا بقيت اذى نفسى ...مش قادر,joy
765,الصحة تسعى لإنقاذ المستعجلات في المغرب وسط ضغط كبير,neutral
766,مبعرفش اقيس ضغط زي ما التايتل بيقول كده، انا ف سنة خامسة و حاجة بسيطة زي دي مبعرفش اعملها، و كل ما حد يقولي قيسيلي الضغط بحس قلبي هيتخلع من مكانه كإن قامت قيامتي و بحاول اقول اللي سمعته و مرات اقول بالتقريب مبقدرش اركز اجيب القراية اللي الصوت بدأ عندها بالظبط و بنسى الرقم ده معناه واطي ولا عالي ولا ايه بنسى ان الضغط ١٢٠٨٠ و كل مرة يقولولي لا الجهاز بتاعك ده بايظ لا ده الدكتور فالعيادة مبيقيسوش كده لا مش عارف ايه. المشكلة مش بس في الضغط...المشكلة ممكن تشوفوها مبالغة بس مخلياني بحس اني هبقى دكتورة اي كلام و اني مش شاطرة و درجاتي بجيبها بالحظ. حاجات وحشة كتير اوي بحسها تجاه نفسي بقالي ٤ سنين منبعها الرئيسي الموضوع ده ملحوظة برضو انا مش مبحاولش اتعلمه...انا حاولت كتير جدا و من مصادر كتير و هو يعني نظريا مش صعب بس اهو لو حد عنده مصدر اتعلم منه يقول,neutral
767,أنا ترانس مان لسه في بداية طريقي، وفي علاقة جدية مع بنت، وإحنا ناويين نتجوز بعد ما أوراقي تتغير رسمي. حاليًا في ضغط كبير من أهلها بخصوص الجواز، وده بيأثر علينا نفسيًا، فبنحاول نلاقي حل مؤقت يساعدنا نتخطى المرحلة دي من غير صدام أو ضرر. بنفكر في تكون مفهومة بين كل الأطراف أنا ترانس مان لسه في بداية طريقي، وفي علاقة جدية مع بنت، وإحنا ناويين نتجوز بعد ما أوراقي تتغير رسمي. حاليًا في ضغط كبير من أهلها بخصوص الجواز، وده بيأثر علينا نفسيًا، فبنحاول نلاقي حل مؤقت يساعدنا نتخطى المرحلة دي من غير صدام أو ضرر. بنفكر في تكون مفهومة بين كل الأطراف يعني زواج شكلي أو واجهة اجتماعية من غير أي التزامات عاطفية أو معيشية، مجرد اتفاق واضح يحمي من ضغط المجتمع أو الأهل. لو في حد من مجتمع الـ بيمر بنفس الضغط، ومحتاج نفس الترتيب، أو مش بيدور على علاقة بس محتاج حماية اجتماعية، ياريت نتكلم ونشوف لو نقدر نساعد بعض ونبني الاتفاق ده بشكل آمن ومحترم للطرفين. التواصل بس للناس اللي فاهمة معنى التفاهم ده وحدوده، ومش حابين دوشة أو دراما.,neutral
768,عندي ضغط نفسي عالي جدا انا فريلانس بقالي داخل علي سنتين. سبت شغلي وبدأت والحمد لله في خلال ٣ شهور ربنا رزقني بكلاينت تقيل شركة ضخمة يعني وشغال معاهم لحد النهاردة. من ساعتها وانا عندي عالي جدا ان كل يوم بصحي الصبح مش بعمل حاجة غير الشغل اللي تبع الكلاينت دة واوقات كتير بيبقي شوية وخلاص. طول الوقت بيدور في دماغي افكار وحاجات كتير بس مفيش تنفيذ. احط واقول هبدأ أبدا شوية وارجع تلني معملش حاجة. من المفروض اني اعمل عشان اجيب مبيعات تاني واجيب واعمل ونفسي اعمل . دلوقتي انا عايش علي الفلوس اللي بتجيلي من الكلاينت دة والتجديد معاه سنوي وفلوسه الحمد لله كتير معايشاني. بس فكرة ال اللي هو العايش علي واحد عملالي . تخنت جدا وي وزني اكتر من ٣٠ كيلو. بنام قرب الفجر وبصحي مش من قبل ١١. دلوقتي انا حاطط في ال اني اروح الچيم واخس عشان يبقي شكلي كويس وانا بقابل كلاينتس. معنديش غير بدلة واحدة اللي بلبسها من تخني. بصحي كل يوم في لان وقت ما بنفذ ال يجيلي ضغط شغل من الكلاينتوبيأثر علي ال التانية. هتقوللي اعمل انا اكتر واحد في الدنيا ومن وانا صغير وانا دي طبعتي. مبقتش عارف المفروض اعمل ايه والحاجات. محتاج اعمل علي السوشيتل ميديا عشان الناس تعرفني ومحتاج اكلم ناس و واعمل . ال اللي عندي بقيت اصحي كل يوم الصبح متعذب ومفيش شغف اني اعمل اي حاجة وبفضل في السرير ولو نزلت اشتغلت شوية برجع بليل افضل في السرير مسحول علي السوشيال ميديا. اللي بيمر او مر زيي بالتجربة دي يقولي طلع منها ازاي او ايه الحل عشان انا حاليا تعبان جدا نفسياً,neutral
769,ضغط الشغل انا حاسس اني مضغوط اوي . نومي بقا مش كويس مبفكرش غير ف الشغل والعملا والتارجت و و و و و . حتى لما بخرج او بعمل اي حاجه ببقا مش قادر اتكلم، او عايز ابقا ساكت وبردو بفكر ف الشغل او بتشيك الايميلات، انا عايز افصل اللي هو يتحرق، بس مش عارف اعمل كده ازاي وف نفس الوقت انا بحب الشغل وبحب اشتغل بس حتى ف يوم الاجازه مبفصلش.,neutral
770,تجنيد ارتفاع فيه ضغط الدم يرجاله انا عندي ارتفاع فيه ضغط الدم واتحولت لمستشار قلب في الحلميه ايه اللي بيحصل بالنسبه لمستشار القلب هل هتحجز تلت ايام وهل فيه اعفا ولا لا,neutral
771,ضغط الصور وتقليل حجم الصورة أداة ضغط الصور المتقدمة مجاناً,neutral
772,ضغط النيابة بتحضروا نباطشيات ساعة ازاي ؟ يعنى بتفضلوا فايقين ازاي وبتكونوا مركزين ولا لا ؟ وهل بتختلف بين الباطنات والجراحات ؟,neutral
773,بوت لحجز أرض في أي مشروع سكني يتم طرحه لانه بسبب ضغط الموقع يتعذر الحجز,neutral
774,ضغط نفسي انا ف تالته ثانوي باقي علي امتحاناتي شهر وانا ف ضغط ان انا الوحيد مع امي واخواتي ف تنقل بسبب ابويا الي مطلعش راجل بدون تفاصيل ف انا ف نقله اول مره احس بيها مع اني دايما كنت ثابت بس ده بسبب التغير الي جه فجاه ف مبأتش عارف ازاكر ومراكم كل المنهج وكل مبدا اوحبط واخاف اني مكونش قد مسؤوليه امي واخواتي البنات عايز اعوضهم لانهم اتبهدلو كتير وعارف ان مفيش تعويض زي النجاح والفلوس افسحهم ووكده خايف لما اخلص الاقي مرتبي ٢٠٠٠جنيه عايز اطمن حد يقولي علي شغل او مهاره اتعلمها بسرعه تعدي ال١٠ لما اشتغل ف الكليه حتي لو بهدلتني ١٨ساعه اهم حاجه اطمن علي مستقبلي واخواتي حتي لو هيا البدايه فانا طموح وهزود من نفسي,neutral
"775,""تجربة انك تاكل ف مطعم ف رمضان في ظل الزحمة وال معلش يافندم عندنا ضغط والاردر بتاعك والله نسينا ما نطلعه , الكلام دا عندنا كتير ف محافظة السويس هل موجود فالمحافظات كلها ولا السويس بس اللي مليار نسمة"",neutral"
776,مشرف سابق يكشف خبايا دورة ليليا بلوغين وعود كاذبة، ضغط نفسي، ونجاح أقل من في المئة ياسين، مشرف سابق في مجتمع دورة ليليا بلوغين التي يديرها محمد صفرواي، قرر أخيرًا أن يكشف المستور. في مراجعة صادقة وشاملة، يشارك تجربته الحقيقية داخل الدورة ليس بدافع الانتقام فهو حصل بالفعل على استرداد ماله، بل لأنه يشعر أن من حق الناس معرفة الحقيقة. يتحدث عن أنواع الأشخاص الذين تجذبهم هذه الدورة محترفو الويب الباحثون عن استقرار، مبتدئون بالكامل تم بيعهم حلم النجاح السريع، وطلاب أو موظفون يحاولون التوفيق بين الدورة وحياتهم اليومية. وكلهم يُوعدون بشيء واحد النجاح المؤكد. لكن ياسين يقول إن الحقيقة مختلفة تمامًا. بحسب ما رأى، أقل من فقط يحققون أي نجاح فعلي. القليل الذين ينجحون يتم عرضهم في كل مكان كدليل على أن المنهج ينجح، لكن هؤلاء غالبًا ما يكون لديهم خبرة سابقة، أو يستخدمون أساليب غير نزيهة مثل السبام والتلقائيّات. أما الباقون؟ فيبقون تائهين ومحبطين. يوضح أن المنهجية داخل الدورة معطوبة من الأساس. هي تعتمد في الغالب على إغراق فيسبوك بمنشورات جاهزة الكل ينسخ ويلصق نفس النصوص. وفي النهاية، يلتقط خوارزم فيسبوك النمط ويبدأ في تقليل الوصول، والنتائج تتدهور. بدلًا من تقديم الدعم، يتم إلقاء اللوم دائمًا على الطالب. وإن تجرأت على طرح أي انتقاد، يتم حظرك وردّ أموالك ليس كحل، بل كوسيلة لإسكاتك. والضرر النفسي حقيقي. ياسين يقول إنه رأى أشخاصًا يغرقون في الديون، تتدهور علاقاتهم الأسرية، وفي بعض الحالات، يدخلون في حالة اكتئاب. الدورة لم تضيّع فقط أموالهم بل استنزفتهم نفسيًا وعاطفيًا. في النهاية، يرى ياسين أن هذا المشروع قائم على الأمل الكاذب والتلاعب ببعض قصص النجاح النادرة لجذب ضحايا جدد وإبقائهم في نفس الدوامة. شاهد الفيديو الكامل لتفاصيل أكثر بالأدلة شهادة صادمة من موديراطور سابق في دورة التدوين للصفراوي ليليا بلوغين ..,sadness
777,العمل عن بعد ضروري مرحبا انا عندي ظروف تجبرني انتقل الى مكان اخر للمعيشة و عملي بالبداية كانوا ممكن يخلوني اشتغل عن بعد فجأة قالوا لي ان قانونياً ما يصير .. بعد فترة من ماقالوا لي بلى ممكن ؟ هل في امل القى عمل عن بعد براتب جيد و مايكون .. حالياً اعيش مرحلة صعبة ان لابد ادور بديل و لحد الان مو لاقية شي,neutral
778,هل فيه طريقة اونلاين عمل اقدر من خلالها الحصول على ١٠ الاف جنيه فيما فوق انا كنت شغال مسئول تمويل في شركة قروض و استقلت منها بسبب انها ربا و كدا ، وحاليا بلا عمل وانا متزوج ، وبيجيلي شركات تانية بنفس التخصص بس مش عايز ارجع للشغل دا تانى ، فياريت اللى قدامه طريقة اقدر من خلالها الحصول على ١٠ الاف جنيه ، هكون شاكر جدا ليكم,neutral
779,عمل الرجال في تخصصات النساء وأنا بقلب علي فيـ.س بوك قابلني الصورة دي مع كابشن ليها حق التعليقات كانت منقسمة بين إن المفروض محلات ملابس النساء تكون العاملين فيها من النساء و بين ليه الرجل يعمل في مجال زي ملابس النساء خصوصا لو داخلية وعلي سبيل المثال زي عيادات أمراض النساء و محلا ت مساحيق التجميل وغيرو من متطلبات النساء سؤالي هل تواجد الرجل في محلات أو أماكن خاصة بالنساء ومتعلقاتهن مقبول عند النساء ؟ طب بالنسبة للأزواج ما رؤيتهم الموضوع ده ؟ ولو عمل المرأة في المجالات دي مطلوب دينيا فليه بتظهر دعوات بإهانة المرأة العاملة ؟,neutral
780,مظاهرة من اجل تثمين عمل المرأة في البيت ممكن شي شرح و رؤية كاملة على هاد الموضوع، حيت ايلا كان هاد المطلب موجه للدولة هي لي تخلصهم فرا برافو ليهم على هاد المطلب اما ايلا كان المقصود هو الدولة تحط قانون على الرجال لي ايتزوجو باش يولي يخلصوهم فرا نهار على نهار كانتأكدو انهم عن بصد باغين يضربو منظومة الأسرة و الزواج و يخليو الرجال مترددين فالزواج لي قرار صائب حيت مابقا رابح منو والو من غير صداع الراس,neutral
781,فرصة عمل ازيكم يشباب يارب تكونو بخير في البداية انا معيا فرصة عمل وطبعا ليكم وبجد علي المدي القريب والبعيد هتحقق مبالغ حلوة بالمصري والشغل مفيش اسهل منه والتحويل بيكون بالطريقة للي انت عايزها مع عميل او ليدر محترم الشغل ده ببساطة بيكون انك بتشتغل ضمن فريق عمل علي تطوير الذكاء الاصطناعي باشكاله وبتشتغلوا مع شركات اجنبية الشغل محترم جدا ومجزي وعبارة عن تفريغ صوتيات بكل اللغات وتسجيل صوتيات بكل اللغات وساعات بيكون تقييم محركات بحث وساعات بنشتغل بشات جي بي تي والريت بتاع التاسكات بيكون بالدولار وبيحولولكم الفلوس بالعملة للي انتوا عايزنها وغير كدة قبل كل شغل بينزلكم شرح والناس للي عندها لغة هتبقا متميزة قوي في شغل زي ده انا ليا تجربة واشتغلت مع الليدرز دول حوالي ١٤ تاسك الي الان وحققت حوالي ١٢ الف جنية علي مدار ٤ شهور وطبعا المبلغ ده بحكم اني بدري يعني مش فاضي انتوا تقدرو تعملوا اكتر من ده ١٠٠ مرة وبتشغيل الدماغ بس محتاج ناس صبورة مش ضعيفة اول ما تشوف لغة تطلع تجري الشغل اهبل خالص ملحوظة الشغل ده مش محتاج مهارة خالص هو بس محتاج دماغ واتقان فقط لا غير,neutral
782,افضل قرار فعله ترمب فيزا عمل امريكا تكلفتها ٣٧٥ الف ريال سنوياً، هل تطبق عندنا؟ الان فيزا العمل في امريكا تكلفتها ٣٧٥ الف ريال سنوياً، يعني تقريبا ٣١ الف ريال سعودي شهرياً. عندنا تقريبا نفس النظام رسوم الاقامة لكنها قليلة جداً بالمقارنة فقط ٨٠٠ ريال شهرياً! هل تعتقدوا انه لو طبقوا مبالغ اعلى بحيث تحفز التجار الجشعين على توظيف السعوديين برواتب اعلى و تدريب الخريجين و استغلال الاتمتة و التكنلوجيا لرفع الانتاجية و بالتالي رفع الناتج المحلي و زيادة الدخل الحكومي من الضرائب و بنقضي على البطالة و تسرب الاموال خارج الدولة و الزحمات الغير منطقية، و الجرائم و التخلف المصاحب لبعض الناس و الريحة الخايسة في المترو؟,neutral
783,البعثة المصريه في نيويورك ... عشان بس لو مش فاهم القصه بداءت ازاي و الأمن المصري عمل ايه و مين اللي طلب الشرطه عشان احتجاز طفل عنده ١٥ سنه البعثة المصريه في نيويورك ... عشان بس لو مش فاهم القصه بداءت ازاي و الأمن المصري عمل ايه و مين اللي طلب الشرطه عشان احتجاز طفل عنده ١٥ سنه,neutral
784,سؤال للبنات، هل لو فعلا عيل شمام او بلطجي عمل نوش او عاكسك وانتي مع خطيبك او جوزك هتعوزي الراجل الي معاكي يلم الموضوع ولا يجيب حقق؟ علشان انا غالبا هعوز اخربها بس بس بيبقي فيه خطر كبير علي الي معايا !! ملحظه ده سؤال علشان اعرف تفكير اغلب البنات مش اكتر لاكن انا عارف انا هعمل اية,neutral
785,عالاقل عنده حجه قدام ربنا عمل ايه لفلسطين بقاله تقريبا سنة ونصف وكل شويه يجددوا الحبس ، قولي رايك في حكومتك ؟ حكومتنا كلنا ؟,neutral
786,زميلة عمل تحولت إلى كابوس في أول شهر لي في الدوام كانت فيه زميلة غريبة شوي، من البداية كانت ترمي عليّ كلام وتتصرف بطريقة مو مريحة، وبعد فترة اكتشفت إنها أصلاً منبوذة في المكان ومطرودة وكانت بس تكمل فترة الاشعار. لكن الغريب إنها فجأة تغيّرت وصارت كأنها أطيب إنسانة، وتفضفض لي كل يوم وتشتكي إن كل الناس غلط وهي الوحيدة الصح وبصراحة شوي حسّيت اني عطفت عليها شوي وكنت اسمعها وانصحها أكثر من مرة، مع العلم إنها أكبر مني بأكثر من ١٥ سنة. خلال هالشهر صار لي مواقف كثيرة معها، منهم إنها كانت تقنعني ان الشركة سيئة وعليهم مشاكل قانونية وان كل الناس ينطردون منها، وكل يوم كانت تحن وتزن على راسي عشان استقيل قبل تنتهي فترة التجربة عشان على كلامها ما أتورط معهم. وأتذكر موقف وقتها ما أنساه. كنا بنطلع بريك انا وياها، وجت معنا وحدة من الزميلات، فقامت تصرخ علي وتقول إذا ذي بتجي أنا ماني جايه! أنا وقتها انفجرت من القهر، أولاً لأنّي ما عزمت البنت أصلاً، وثانياً لأن الموقف كان محرج وقلة ذوق وقلتلها قدام الكل، توكلي، إذا مو جايه لا تقعدين تهددين ومن بعدها بدأت أشوف الوجه الحقيقي لها أكثر. مثلا موقف آخر بعد هذا واللي خلاني أنفر منها أكثر، إنها مرة شافتني اتكلم مع زميل عن موضوع يخص العمل وفجاة عطتها وضعية أنها قفطتنا وقالت هااا انا عارفة وش تسوون، وانتي لو ما تتأدبين بوصل الكلام لأهلك! يعني تخيّلوا! تكلمني بهالأسلوب قدام الكل وتتهمني بقلة حيا وهي كانت مسويه نفسها صديقتي! والمشكلة عارفه ان الإشاعات هذي اكيد بتوصل لاهلي بحكم ان نشتغل بنفس الشركة، يعني فعلا حسيت أنها حقيرة وقتها!! المشكلة إنها بعد ما خلصت فترة إشعارها وطلعت من الشركة، صارت تتصل علي يوميًا وتبيني أجلس أتكلم معها من المغرب إلى الليل، وأنا من النوع اللي ما يحب يمسك الجوال كثير أو يطول في السوالف. وفوق هذا، أغلب كلامها سلبي! تتكلم عن الناس اللي في الشركة وكأنها ما زالت تشتغل هناك، وتشوه صورهم قدامي، وأنا بعدين أضطر أجلس ٩ ساعات مع نفس الأشخاص وأنا شايلة كلام عنهم في راسي. فصرت أطنّش شوي، يوم أرد ويوم لا، إلى أن أرسلت لي فقرة طويلة تتهمني فيها إني اخذت مصلحتي وسحبت عليها وبما إن خلاص صار مالي مصلحة صرت ما اتكلم معها. وانا رديت وقلت لها صراحة بالي مشغول هالفترة، ولازم تتعودين إني مو من الناس اللي تتواصل كثير وحتى قبل كذا، قلت لها أكثر من مرة إن جلساتنا تصير سلبية لأنها دايم تتكلم بالناس، بس ما كانت تتقبّل. الآن ما أدري كيف أتعامل معها. حرفيًا نشبت لي نشبة، كرهتني في نفسي من كثر ما تضغط عليّ بطريقتها السامة. انا عارفه ان بعضكم بيقولون لي اني غلطانه لاني عطيتها وجه، بس ترا انا ما اخذت وعطيت معاها ذاك الزود، وثانيا انا توقعتها إنسانة طبيعية طلعت مجنونة وكل كلامها تهديد واتهامات و تبلي على خلق الله وهي كبيرة بالسن مو صغيرة، تخيلوا حتى مره تقول لي لو اضطريت اجي بيتكم عشان تردين علي بجي !!!,neutral
"787,""هو ليه عمل معايا كدا هاي يا جماعه، ده اكونت فيك عشان هو عارف اكونتي الاساس، ياريت محدش ييجي يكلمني دي امز اللي عندو حاجه يقولها هنا انا كنت مع واحد بس كان معظم كلامنا سوشيال ومتقابلناش غير مرتين بس وكانو حلوين اوي وكان جينتل جدا وكل حاجه كان بيكلمني بحب وساعات بنقعد بالساعات بنتكلم ومكنش بيزهق مني وفي حركه عملها معايا لما كان بليل وكنت عايزه اوريلو صور عيب خالص انتو فاهمين وقولتلو اوريك؟ قاللي لا ملهاش لازمه، هنندم بلاش، بجد دي حاجه عمري ما شوفتها مع اي حد قبل كدا بل بلعكس انا اللي اعرفو ان الولاد هما اللي بيقعدو ويلحو بطريقه مستفزه بس ده حرفيا رفض بس للاسف بعد فتره بدأ يتجاهلني اكون باعتالو مش بيرد اقول يمكن مش فاضي مع أنه بيرد عليا في شغله عادي، الاقيه منزل ستوري بعدها بكام ساعه، ابعتلو تاني مش بترد ليه، مردش برضو بعتلو ف كل حته بنتكلم فيها مش بيرد، وهو كان قاللي مترنيش عليا غير لما يكون في حاجه مهمه, قعدت مستنياه شويه اخر ما اتجننت قومت رانه عليه راح قفل بعد اول رنتين، جبت اخري وكنت داخله ازعقله على الواتس لقيته تايبينج، قعد دقيقه بحالها بيكتبلي في ايه قعدت ازعق واقوله انت بتتجاهلني ومش بترد عليا مع انك فاتح وكلام من ده وهو بيقوللي لا مش بتجاهلك انا مشغول شويتين بس واقولو لا انت مش مشغول انت بتتلكك قعدنا على الخناقه الزفت دي حبه حلوين لحد ما قولتلو انت عايز ايه يعني عايزنا ننهي؟ قاللي الموضوع بايدك انتي اللي بداتي، وايوه انا اللي بدات فعلا وممكن ابقى انزل بوست تاني عشان انا مكنتش قايلالو بحبك وخلاص قعدنا برضو نتكلم في الحوار المهبب ده وانت كدا باين انك مش عايزني كنت تقوللي بدل ما تتجاهل رح رد برساله طويله شويه ملخثها انه انا بعمل حاجات كتير بتدايقه ومش هيعرف يقوللي عشان مش هفهم قصده ايه قولتله طب قوللي قاللي لا مش هتفهمي قعدنا بتاع ربع ساعه مش راضي يقوللي اخر ما تعبت والمخده اتغرقت والمناديل قربت تخلص قولتله يعني انت شايف ايه راح برضو زفت قاللي جمله مش عارفه انساها شوفي انتي عايزه ايه اهم حاجه تبقي مبسوطه ومرتاحه، وانا كمان هبقى مبسوط ومرتاح طول ما انتي مبسوطه ومرتاحه، عايزه نكمل معنديش مشكله، مش عايزه معنديش مشكله برضو، انتي اختاري عشان انا بجد مش عارف بس انا مازلت بحبك عموما قال دي من هنا وانا خلاص اتجننت رسمي يعني ايه لسه بحبك انت باين اوي من تصرفاتك اخر فتره انك مش بتحبني، لا وكمان معندكش مشكله لو مش عايزه اكمل؟ مش هتموت عليا زي ما بموت عليك؟ كل ده كلام بقولو لنفسي في الاخر قولتلو خلينا على الاقل صحاب، وهو وافق، طبعا ولا كاننا منعرفش بعض اصلا ولا هو بيبعت حاجه ولا بيبعت ريل ولا اي زفت انا بس عايزه اعرف هو كدا ايه، هو كدا بجد ايه، هو كان بيحبني ولا بيلعب طب ما كان لو بيلعب كان وافق على النودز لو كان بيلعب مكنش خرج معايا ودفع كل حاجه وبرضو لو كان بيحبني مكنش عمل كل اللي في الاخر ده انا بجد مش عارفه مش عارفه حاجه انا خلاص جبت اخري يارب اصحى في يوم الاقيه بيقوللي ازيك حتى اي حاجه مش مهم انا كنت بفضفض بس واللي عندو حاجه يقولو مهتمه اعرف رايكم وياريت بلاش شتيمه فيا او فيه"",neutral"
788,بعد ما متحرش أون زا ران عمل فيديو عن إنه إزاي فيديو التحرش أذاه نفسياً، منة جبران خرجت ببوست توضح إن لسه بيتتبعها على مدى السنين اللي فاتت ده كلام البوست بتاعها متحرش اون زا ران ده الحصل كنت ماشية في الشارع لقيت واحد ماشي ورايا، طلع راسه من الشباك وابتدى يتكلم. أنا تجاهلته كأني مش سامعة حاجة. بدأ يزود في الكلام، رحت بصيت له بصة انا مش مهتمة امشي. كملت ماشي عادي، وبعدها مشيت بسرعة وبدأت أحس بعدم أمان إن في حد بيتابعني. دخلت ولسه هو ورايا، فدخلت سوبر ماركت جنبة استخبة جواه و اتوهه عشان ميعرفش مكاني. بعدين لقيته زحمة وطلعت تاني عشان أروح البيت، لقيته راكن عربيته وواقف مستنيني. ساعتها خفت ، فقمت مصوّراه بالموبايل عشان يبطل مطاردة. مش زاي ما اتقال انا حاولت اتعرف و مشيت و سيبتها لما رفضت!! لا هو مشي بس عشان انا بصور ف عمل فيها قدام الكاميرا جينتل و بيساعدني.. بعدها جاب الاكونت بتاعي بعتلي فويس نوت انو بيشكورني اني صورته و انها احلي ٢٦ ثانية ف حياته و ان الفيديو ساعده انه عمل علاقات و صحاب و انه متأزاش في حاجة. علي مدار ال ٧ سنين مكمل رسايل ٢٠٢٢منه انا محمود سليمان الي انت صورتيه بعد اذنك كلمني عايزك في مصلحه حلوه جدا لو انتي حابه تعملي فلوس وشهره ٢٠٢٣ منه هو مش ده رقم تليفونك انا رقمك معايا من تاني يوم صورتيني فيه الفيديو ومفكرتش اتصل بيكي وببتعلك هنا عشان دماغك متودكيش في اي حته تاني معايا ٢٠٢٣منه هو احنا ممكن نتكلم في بيزنس مربح لينا احنا الاتنين ولا انتي عندك مشكله ألغي الموضوع اصلا منه بعد اذنك احنا محتاجين نتقابل ١٠ دقائق عايز اعرض عليكي فكره بيزنس حلوه في المكان و الوقت انت تختاريه عجبتك خير وبركه معجبتكيش خلاص اعتقد مخصرتيش حاجه الملاحقة تحرش و التخويف و الاصرار علي التعرف وإجبارها علي دخول اماكن للاحتماء و انتظارها في الخارج تحرش ! . .,neutral
789,الطفل المعجزه الي عمل سله زباله اوتوماتيك هو انا الوحيد الي حاسس انه مش مستاهل كل ده ؟ مش غيره ولا حاجه بس ده موديل و اي حد ممكن يعمل السله دي في نص ساعه بس,neutral
790,انا كنت عايز اعمل بانكيك بس طلع معايا عمل سفلي,neutral
791,لو جيت تترجم عمل سعودي، وفي النص مكتوب شايفني حمار عندك؟ كيف تترجمها؟ هل بتكون ترجمتك مثل القسم الأول ثم توضح ان حمار معناها غبي عند العرب؟ والهدف من استعمال الترجمة ذي عشان توضح ان فيه تشبيه مبالغة في السخرية مستعملة في الجملة لان بعض المشاهدين ما يحبون التغيير في المحتوى وطمس التفاصيل. ولا القسم الثاني اللي هي ترجمة بالمعنى لكن الخبير في اللغتين او المهتم بالعمل ويروح يقرا ترجمات بيدري ان التشبيه الساخر ما هو موجود، وذا يُفقد الجملة سبب وجودها,neutral
"792,التقاعد من سنة عمل أون لاين شغال أون لاين من ، وبرتب أسيب الأون لاين تمامًا .. تقاعد من كل ما هو أون لاين .. العمل أون لاين بيحرق صحة وطاقة ونفسية أكتر بكتير من أي عمل تقليدي .. غلطتي إني اتأخرت في التفكير في كيفية التقاعد رغم إني بحوش من الدخل والحمد لله. عمومًا اشترتيت سبايك ذهب لبناتي لزوم جوازاتهم تكفيهم وزيادة الحمد لله .. ولادي بنيت لهم شققهم أفضل ما يمكن في قريتي المتواضعة، وهما لو عاوزين يشقوا طريقهم بره براحتهم المهم عملت اللي عليا تجاههم، وفلوس جوازاتهم سبايك برضو وقت ما يقولوا يا جواز. اشتريت شقتين في مكان كويس مش واو .. لكن مرضي جدا .. أنا الكونسبت عندي إن وطني جوه بيتي .. فلو في كفر ولا نجع لكن بيتي من جوه أفضل تأثيث؛ فهذا يكفيني .. كده كده تحركاتي بعربية، وأي حاجه تخلص ف دقايق ب ج، بدفع ج وأخلصها ف دقيقة لتقليل احتكاكي بالناس .. شقه هنقل ليها بعد جواز الأولاد وأتقاعد فيها، والتانيه هأجرها. حاليا تركيزي على شرا محل وأأجره وزعت فلوسي على أكتر من بنك ما باخدش منهم فوائد إلا واحد اطمأن قلبي ليه من الناحية الشرعية وعملت شهادات اعذروني مش هقدر أسميه .. ابحث بنفسك؛ دي جنه ونار وممكن أطلع غلط وأشيل شيلة غيري. جو البورصة والكريبتو حرق الأعصاب ده ماليش فيه .. ج براحة بال أحسن عندي من بتعب الأعصاب. أول ما ألاقي المحل وأبدأ أحصل ايجار أرباح الشهادات .. هتقاعد بإذن الله أنا شخص راضي .. مابجريش ورا تعظيم الموارد أكتر من تحصيل ما يجعل حياتي كريمة. فما الرأي؟ وخاصة لمن في نفس وضعي .. في منتصف الأربعينات، ولديّ أولاد على وشك الزواج.,neutral"
793,البنات اتهورت وكلو عمل فيس ريفيل,neutral
794,بغض النظر عن كرهنا ليه بس هو عمل إنجاز وحاجه بجد مش اي حد يقدر يعمله يكفي انه انقذ مليون شخص من الإبادة ومش دخلنا حرب مع الشراميط,neutral
795,غداء عمل مع الزميلات مقدمة هلا وسهلا جميعاً هذي اول مره اكتب بوست في ريديت وكنت متابع السب هذا لفترة وماكنت اتوقع ابكتب شيء فيه، لكن صار لي موقف غريب والحقيقة مستغرب منه خلفية انا حديث تخرج واعمل في احدا الشركات العالمية في الرياض ففيه موظفين من الشتى الدول واللهم لك الحمد الوظيفة جداً ممتازة ومعجبتني لولا انها مرات تاخذ كل يومك، صار لي سنة معهم فعرفت نظامهم واسلوبهم. وكأي بيئة عمل فيه جانب نسائي ومن ابسط حقوقهم ذا الشيء، لكن انا ما احب انخرط معهم كثير كلمة ورد غطاه فماشي بحال سبيلي واحتكاكي معهم قليل المشكلة في أحد الأيام الاسبوع الماضي، طلبت مني وحده من الأخوات كأنها بمنصب مديري اني اسعادها بشغله معينه وكان معنا ايضاً اخت اخرى كلنا سعوديين فكان الفريق عبارة عن الأختين وانا معهم، اشتغلنا طول اليوم على ذيك الشغلة وكانت معجبه بالشغل اللي سويناه وشكرتنا الغريب انه أصرّت من ضمن شكرها انها تعزمنا على غداء برا المكتب يوم الخميس، انا للأمانة ما قد رحت اتغدى مع بنات في الدوام، ناهيك على اني لحالي معاهن حاولت اني اتملّص واعبّر عن امتناني وانه ما يحتاج كوننا ما سوينا شيء واجد، فكنت متوقع انها تقولها لكن ما تعنيها حقيقة زي اذا قلت لواحد اقلط وقلط جاء الخميس الموعود وانا متوقع الى تلك اللحظه انها ما كانت جادّه، تفاجئت انها جت وقالت يالله مشينا للمطعم! لحسن الحظ ان الشباب كانوا طالبين غداء لكل المكتب فقلت لها انه فيه غداء ولعلها المره الجايه، تفهمت الموضوع وراحت شوي الا القى دعوه في الايميل لغداء الاسبوع الجاي انا وهي والأخت الثانية الي معنا في الفريق انا شاكر ومقدّر للكرم والطيبه الي قاعده تعطينا اياه لكن الفكره من اساسها غلط وغير مريحه السؤال هل صار لكم شيء مشابه؟ كيف تعاملتوا معه؟ هل ذا الشيء صار طبيعي ببيئات العمل؟ هل ارفض ولا اقبل وامشي الليلة؟ طيب لو ابرفض، كيف اقدر اني ارفض بدون ما احرجها او اجرحها؟ هل لو رفضت ممكن ذا يأثر بشكل سلبي علي؟ الخاتمة نعتذر عن طول المنشور ولكن الموضوع سبب لي حيره في الأيام الماضية شكراً لكم على حسن القراءة وننتظر تعليقاتكم,neutral
796,ايه الرأي الي عمل وشك كدا؟,neutral
797,صور قطط الشارع. ردًا على الشخص اللي عمل بوست امبارح. بموت فيهم!! عندكم ١٥ صورة ل ١٥ قطة مختلفة في حتت متفرقة في محافظتي القاهرة و الجيزة. ٤ و ٥ مش نفس القطة بالمناسبة,neutral
798,عمل فني صممته للعبة بستنة لا تزال قيد التطوير. ما رأيكم؟,neutral
799,عمل المرأة بين الرفاهية و الضـرورة من زمان و أنا بسأل تفسي هل شغل البنت شيء أساسي في حياتها، ولا مجرد مرحلة مؤقتة؟ و الحقيقة لما كنت بعمل بحث في الموضوع دا بجد إن الآراء متباينة جدًا، و من هُنا وجدت إن البنات اللي بيكملوا في الشغل لسنين طويلة مش كتير. وفي الغالب، فيه أنماط متكررة بتخلي البنت تشتغل أو تسيب الشغل بعد فترة. خلوني أشارك معاكم الحالات اللي بشوفها أكتر حاجة في الواقع نادراً ما تلاقي بنت بتدي أداء عالي في شغلها وترضى بمرتب قليل، إلا في حالات معينة ١ بنت داخلة الشغل علشان تقتل ملل البيت، ودي غالبًا بتدور على تسلية مش على كارير ، ومش هتلاقيها في مواقع مهمة إلا نادر جدًا. ٢ بنت معندهاش مصدر دخل ومضطرة تشتغل لأي سبب يخصها، ودي حتى لو بتدي كواليتي كويس، أول ما تلاقي فرصة أفضل هتسيب الشغل. ٣ بنت قدراتها محدودة أو مش بتحب التغيير، فبتمسك أي شغل ثابت حتى لو المرتب بسيط، وتفضل مستمرة فيه بروتينية من غير ما تطور نفسها. ٤ في بنات بيشتغلوا بدافع اجتماعي، سواء عشان فرصة للتعرف على شريك مناسب في محيط الشغل ، أو عشان يظهروا بصورة معينة قدام المجتمع. وفي كل الأحوال، من الأربع نماذج دول، مش هتلاقي غير حوالي ٢٠٪ بس اللي بيكملوا تحت قيد العمل حتى لو غيروا مكانهم، لكن الغالبية بعد من ٢ لـ ٥ سنين بيختاروا يقعدوا في البيت . كنت كتبت الكلام دا في بوست سريع من فترة ، لكن دلوقتي حبيت أفتحه للنقاش بشكل أوسع هل فعلاً شغل البنت ضرورة أساسية، ولا مجرد مرحلة مؤقتة؟,neutral
800,مش كتير فاكرين الماتش ده بس نيمار ساعتها عمل كل شئ فالكوره بنسبالي من اعظم الاداءات الفرديه الي شوفتها,neutral
801,اخويا عمل مصيبة و ضيعنا كلنا بغباءة لو حد فيكم فاكر نصيابة الرمال البيضاء و هوججبول و النصابين اللي بيكلموك علي تلجرام و العبط دا حاجة معروفة فشخ انها عبط ونصب بس اخويا الكبير ذا ال سنة كان لية راي تاني الولية النصابة كلمتة علي تلجرام و قالتلة شغل و كدا و اعمل مهمات ونديك فلوس و هو تمام و صدق كل حاجة و عمل المهمات و هوب بعد كام مهمة بعتتلة الف جنية طبعا اخويا عينة طلعت قلوب و زي العبيط قال فلوس ببلاش و النصابين قالولو لو عايز تكمل تدفع و فلوس تجر فلوس اخويا دفعالف و طبعا معوش فلوس اصلا لانة سايب الشغل من شهرين ف جاب الفلوس منين اخويا عارف عنة انه لو بيموت من الجوع مبيمدش ايدة علي فلوس مش بتاعتة ولا بيستلف من حد بس هو من كتر الثقة فيهم ولانه غلبان و ميعرفش كتير خد كل فلوس قبض ابويا و خد الفلوس بتاعت الطيارة اللي جدو رايح يحج كمان اسبوع و استلف من ناس برا و كل دا علي ثقة علي انه هيرجعلهم الفلوس علطول و كمان النصابين بيقولولو انه يبعت الف كمان عشان ياخد فلوسة بعد الزيادة الف و هو طبعا معوش فلوس تاني من اي مصدر يدفع و خد كل الفلوس اللي ف الشقة و المصيبة انه مقالش لاي حد خالص علي الحوار دة و امةبس كانت عارفة انه استلف منها الف و لقيتة قاعد يعيط انه مش عارف يجيب التلاتين الف الباقي عشان يسحب الفلوس امي قالتلة ف داهية اي حاجة و طظ ف ال الف عادي تعيش و تجيب غيرهم بس اول ما قالها انه صفي كل فلوس البيت و الاحتياطي و فلوس حج جدو و فلوس من ناس برا امي مصدقتش نفسها ونا لحد دلوقتي مكنتش اعرف اي حاجة لحد ما نادتني و قالتلي الحق اخوك عمل اية اخويا لحد اللحظة فاكر ان الفلوس هترجع و اول ما اقنعتة ان دا نصب و مفيش جنية رتجع حط ايدة علي قلبة كدا و قعد يقول اه.....اه.....اه و طب ساكت علي السرير امي تصوت و انا افوقة و طلبنا اسعاف و كان ليلة سودة علي دماغنا كلنا اغمي علية و قعد يتشنج بس دلوقتي هوا فاق بس مش قادر يفتح بقة دلوقتي انا عارف انه ابتلاء من ربنا و انها مصيبة بس مش عارف اعمل اي دلوقتي ولا اللي ممكن اعملة و هتجنن خلاص و ابويا هوا كمان شايل جوا نفسة لحد ما يموت ونا كدا ابويا و اخويا لو راحو انا اللي هبقي في الواجهة و هشيل الليلة انا مش هارف اعمل اية,neutral
802,عمل الي باند وانا اصلا ما عمري نشرت هناك ولا مفكرة انشر هههههه بس لاني حكيت لحدا هون انه صب جوردينين احسن صب ضحكت يعني غيره و هيك المود الشخصوني اسفين إذا جرحنا مشاعرك,joy
803,طبعا دا عمل فردي و مش إرهاب، و جريمة قتل مش تطرف,neutral
804,تم عمل داون فوت لكل التعليقات علشان الكارما شيء المفروض ميتشحتش لازم تستحقه علشان اعملك اب فوت بوظتو ريديت ربنا يسامحكو,neutral
805,سعوديين مؤهلين بلا عمل لاحظت مؤخرًا ان الفرق بين سوق العمل في السعودية وأمريكا مثير للاهتمام في السعودية فيه نسبة كبيرة من المواطنين عندهم مهارات عالية في مجالات مثل التقنية، الإدارة، والهندسة، لكن كثير منهم ما يلقى وظيفة مناسبة له، اما بسبب قلة الفرص أو لأن الشركات تفضل توظيف أجانب برواتب أقل، أو لأن السوق نفسه ما توسع بما فيه الكفاية. أما في أمريكا الوضع غالبا العكس كثير من الناس يشتغلون بوظائف تتطلب مهارات عالية لكن السوق مليان بأشخاص مهاراتهم متوسطة أو متدنية وهذا يخلق فجوة ثانية بس من جهة مختلفة و جهة مناقضة تماما عننا. فحبيت أطرح سؤال هل احنا في السعودية فعلا نواجه فجوة من نوع مختلف؟ سوق فيه كفاءات، بس ما فيه وظائف تناسبهم؟وإذا صح مين المسؤول؟ الدولة، القطاع الخاص، ولا طريقة تأهيل الناس؟,neutral
806,مطالبة بتمديد ساعات عمل مكتبة الكويت الوطنية و جعلها متاحة ٢٤٧ للدراسة و القراءة مو معقولة صرح ثقافي جبار و مرتب و غني بالموارد الثقافية يكون مفتوح و متاح اقل من٣٠ ساعة بالاسبوع ! المكان ممتاز للدراسة و القراءة و مثالي للطلاب لكن ساعات العمل المحدودة تخليه بدون فائدة، چنه بس متحف. شرايكم؟,neutral
807,رابع يوم عمل وتأخرت! للأسف راحت علي نومه، اليوم رابع يوم لي بوظيفة جديدة والدوام يبدا ٩ وما حضرت الا ١٢، اكتشفت اني ما حطيت المنبه. لقيت رسالة من مديرتي المباشرة تقول لي فيها بطريقة غير مباشرة فيه شغل ينتظرك، ارسلت لها ان حصل لي ظرف واني جايه بالطريق. ما قالت شي لما جيت، لكن افكر اني واعلمها عن سبب تأخيري عشان ما تحسب اني لعابه. ملاحظة لسه ما وقعت عقد ولا عندي بصمة والاتش ار في اجازة. لو كنت مدير، تفضل اني اقول لك السبب؟,neutral
808,بخصوص بيئة عمل أرامكو.. أمس أو قبله شفت بوست لأخ تكلم عن تجربته في الشركة، وأظنه كان موظف اتش ار جامعي، يعني أفهم أنه توظف على قريد ١١ سينيَر. حاب أقول للأخ أن بعدك ما شفت شيء. إذا تعتبر بيئة أرامكو في المكاتب توكسيك، فهي توكسيك من نوع آخر في المعامل. أتكلم عن تجربتي كموظف قريد ٧ جونيور.. الشركة هذه قائمة على الاستبداد واستعباد أصحاب المراتب الدنيا والمقاولين الكونتراكترز، ما كنت أعرف وش معنى قهر الرجال اللي كان يتعوّذ منه الرسول إلا لمن توظفت في هالشركة. طبعًا القسم اللي توظفت فيه هو قسم المستبدّين اللي يعاملون المقاولين كعبيد، واللي فوقنا يعاملوننا كعبيد والدنيا ماشية كذا. بروباغندا الشركة الوردية عن السواعد السعودية والاستدامة سيستاينبلتي كلها تتبدد لمن تشتغل في المعامل وتشوف معاملة أرامكو اللإنسانية لجزء من الموظفين ولعموم المقاولين. حقين المكاتب ما يعرفون حجم البؤس اللي يعيشه الأجانب خاصةً الآسيويين في فرّامة الإنتاج الأب ستريم. الشركة معظمها ناس للأسف ورثت الأخلاق السيئة وسوء التعامل من الأجيال اللي قبل بالشركة، وفيهم تعالم وتعاظم فظيع، يظنون أنهم أعرف الناس وهم أدجّهم. لا شك فيه ناس طيبين، ولا فيه مكان يخلو من الطيبين شرواكم إن شاء الله، لكن أرامكو؟ توو توكسيك والمنشور ما يكفي الله يرزقنا واياكم من واسع فضله، ونصيحتي للجميع.. ميزة أرامكو هي التأمين الطبي وبدل السكن وبرنامج تملّك البيوت.. عدا ذلك فهي كيان رأسمالي بيروقراطي لا إسلامي لا إنساني قذر، إلا من رحم الله الشركة فيها خير وفيها ناس يشتغلون وطيبين لكنهم قليليييين وهم اللي شايلين الشركة، الباقين حرفيًا تكملة عدد. نصيحة، إذا أنت صاحبة معيار شرعي وحلال وحرام وصاحبة ضمير ومبادئ وقِيم وعندك بديل عن أرامكو ولو أقل من مميزاتها بشوي.. فانحش وشكرًا,neutral
809,هو نجيب محفوظ عمل إيه خلى جماعة الاخوان المسلمين عايزة تقتله، يوسف ادريس معملهوش؟ حاليا بقرا قصص قصيرة ليوسف ادريس و مستوقفني الجراءة ف التجديف الديني الجراءة ف العلاقات الجنسية بين القرايب و الارحام أحيانا حتى الدفاع عن الخيانة الزوجية أسلوبه حلو جدا و منطق مفهموم بس جرئ و رغم كده مسمعتش عن محاولة اغتياله رغم إن واحد زي نجيب محفوظ حاولوا يقتلوه هل الفكرة شهرة نجيب ؟,neutral
810,تجربة اول سنة عمل بعد مرور سنة من تخرجي، دخولي سوق العمل وتغيير جهة عملي اكثر من مرة وصولا الى جهة عمل ممتازة، حبيت اشارككم نصائح فيها خلاصة تجربتي البسيطة. لعلها تفيد حديثي التخرج والجديدين على سوق العمل مديرك موب زي دكتور الجامعة، لاتكثر أسألة بيسك وتعتقد انه لازم يجاوب عليها. الأسإلة هذي وجهها لزملاء العمل الي حواليك كيف انسق اجتماع، كيف ارسل ايميل، كيف استاذن، الساعات المرنة، الخ. مديرك شخص مشغول وفيه امور كثيرة تشغل باله، لاتصير وجع راس. في نفس الوقت، هو عارف انك حديث تخرج، فعادي تساله اكثر من الباقين بخصوص التاسكات الي يعطيك، مع الوقت بتكسب خبرة وبتقل الأسالة. اذا مديرك عطاك تاسك، تاكد ان اسالتك تساعدك في فهم التاسك لمين بنقدم البريزنتيشن، ليه نضيف الداتا هذي، لمين بنقدم العرض، وش الفكرة الي نبغى نوصلها، موب بس كيف تخلصها كم سلايد، وش الداتا الي نضيفها، متى لازم نسلمها. ورّ مديرك انك مهتم بمجالات عمل ادارتك وتبي تكون عضو فعال، بالاضافة الى انك لو فهمت التاسك بتعرف تخلصه بالشكل الممتاز، وبتقدر تبدع من عندك اشياء وتتميز. بعد ماتفهم التاسك وتبدا شغل، حاول قدر الامكان ماترجع لمديرك الا والشغل جاهز، اسال زملاءك وخلهم يساعدونك، واذا اكتمل الشغل رح لمديرك. ولاتنسى تذكر له ان فلان ساعدك. كل فترة اطلب من مديرك فيدباك، وش الاشياء الكويسة الي سويتها ووش الاشياء الي تحتاج تشتغل عليها، بس اذا حسيته مايفضل يجلس معك ويسوي سشن لانشغاله، ابدا اساله بعد ماتخلص شغله معينه عن الفيدباك في لحظتها هل كان كويس اني كلمت فلان عشان أستفسر؟ هل كان افضل لو عطيتهم الملفات يراجعونها؟ وهو بيعطيك فيدباك. بحكم انك جديد على بيئة العمل وسوق العمل، انت ماتفهم ليش الامور تمشي بهالشكل، وغالبية الافكار الي بتجيك عشان تطور بيئة عملك بتكتشف ان مالها داعي وان الموضوع أعقد من كذا. لذلك حاول في بداياتك تسمع وتتعلم اكثر مما تتكلم وتقترح، واذا جا فبالك اقتراح اطرحه على زملاؤك اول وناقشه معهم، اذا شفت انه مناسب ممكن تطرحه على مديرك. أسوا شي ممكن يصير في أول سنة لك هو انك ماتشتغل. فيه احتمالية جيدة انك بتجلس فترات طويلة بدون اي تاسكات، موب لانك شخص سيء، بس لان فريقك يمر بفترات يكون الضغط فيها عالي ويحتاجون ينجزون. لازم ماتقعد على جوالك، سجل لك في دورات احترافية زي كابم وبي ام بي وسكس سيقما او شي يخص تخصصك، رتب ملفات الادارة، شف لك مبادرة تشتغل عليها او مؤتمر تحضره، واذا مر اكثر من ايام ابدا انشب لادارتك وبين لهم انك متحمس تشتغل معهم. يمديك تسالهم وقت الغداء عن الشغل الحالي ثم اعرض خدماتك عليهم، لو تسوي شي بسيط. اذا جلست اكثر من اسبوع وحسيت الكل ساحب عليك اعرف ان فيه شي غلط، اما انهم جايبينك سعودة او ان فيه ملاحظة عليك. حاول انك تكون احترافي واجلس مع مديرك واشرح له مخاوفك. اذا قعدت على جوالك بتحس اليوم كانه اسبوع وبيجيك شعور نفسي سيء. هدفك في أول سنة انك توري مديرك انك قابل للتعلم، متحمس للانجاز، وتهمك مصلحة الادارة. سولف مع زملاءك عن تجاربهم متى بديت هنا، كيف كانت الادارة يوم جيت، وش رايك في شغل الادارة حاليا، وش الدورات الي تنصح فيها، الخ. بتلقى في اجوبتهم اشياء كثيرة مشابهه للي تمر فيه والي بتمر فيه، حلو انك تكون مستعد لها مسبقا. في كل بيئة عمل بتجد شخص حانق على جهة عملك كاره لها يعتقد ان كل شيء فيها يعمل بالشكل الخاطئ وان اي جهة في الكوكب افضل منها. لاتسمع لهم، غالبية الناس هذي مرت بمشاكل مع اداراتها او تمر بمشاكل شخصية، غالبية كلامهم غير صحيح، ركز على نفسك وانساهم.. في اول وظيفة لك خل مجال العمل والجهة ركائز اساسية واهتم فيها اكثر من الراتب بالذات اذا كنت غير متزوج، ما اقول ارضى ب في الشهر، بس اذا كان حول متوسط الرواتب وفي مجال وجهة ممتازة رح لها. تعلم واستخدم تشات جي بي تي واحلبه في عملك، هذا نعمة وميزة اذا صرت كويس فيه فانت بتهكر السستم وبتكون فعاليتك في بعض التاسكات اعلى من زملاءك اصحاب الخبرة الي مايستخدمونه. بس تاكد انه مسموح فيه وان الي تكتبه له موب سري. واحد من الشباب عندنا سوى حركة رهيبة، كل خميس نطلب قهوة وحلا كفريق ونسولف مع المدير في مختلف المواضيع، منها مهنية ومنها حياتية ومنها ضحك وسوالف. ما ابالغ لو اقول ان هذي العادة لحالها كانت كفيلة باني اعرف زملائي وامون عليهم. جرب في يوم خميس تقول لزملاءك عازمكم على قهوة واطلب من التطبيقات، واذا وصلت كلم مديرك وقله عازمينك على قهوة نبي منك دقايق. اذا ماكان مشغول بيتكي معكم، واذا شفتها ناجحة قل وش رايكم نعيدها الاسبوع الجاي. بتتعود على الدوام، والقومة بدري، والالتزام. وبتصير الاسابيع تمر بسرعة. اصبر على نفسك، ولاتحكم على الدوام من اول شهرين. فالبداية الاشياء البسيطة بتاخذ منك جهد وتصير متعبة، مع الوقت بتصير اغلب الاشياء بسيطة وسهله. عطوني رايكم في النقاط هذي، سواء كنت تتفق او تختلف وعلمنا ليش، واذا عندكم نقاط اضافية افيدونا,joy
811,حرام عليكو دة كان اسمها امريكا الصغرى و بصوا الاسلام عمل فيها ايه,neutral
812,رد على دعوة عشاء عمل اول مره بروح عشا عمل ومديري ارسل هذي الرسالة ابغى رد بروفشنل شوي بدال ما اسال شات جي بي تي سالتكم حسيتها ما تنقص من الاورا كثير الاخوة والاخوات الافاضل فريق العمل الموقرين تتشرف الادارة التنفيذية دعوتكم للقاء بأمسية ندية لتكريم فريق العمل وتناول وجبة العشاء ل نجاح مشاركتي معرض. ومؤتمر .. بجداره نظير الجهود المباركة وذلك مساء يوم الجمعة العشاء بمناسبة جهودنا اللي بذلناها لان الشهر هذا كان ضغططط,neutral
813,الستات المصريات اللى تعرضوا للتحرش لما تم سؤالهم عن أسباب التحرش كان ردهم إن من الأسباب الرئيسية البورنوجرافى و غياب الوازع الدينى و عدم الإلتزام بالمظهر الشرعى. و لما إتسألوا عن الحلول قالوا تغليظ العقوبات و توفير فرص عمل و فرض رقابة على الميديا.,neutral
814,شكون الانسان اللي ماتسامحوش في حياتك ؟وشنوا عمل معاك؟ برشا عباد يغلطوا في حق عباد منهم اللي يفيق بغلطتو يندم ويطلب السماح ومنهم اللي عايش حياتو لاكان ولاصار وانتي شكون الانسان اللي ماتسامحوش لادنيا ولآخرة وشنوا عمل معاك بش ماتغفرلوش,neutral
815,حل نهائي لإستقبال التحويلات من الخارج سواء باي بال، منصة عمل حر او شركتك السلام عليكم، انا مؤسس اللي بدأت من هنا وهدفنا الأساسي تحسين حياتنا كفري لانسرز سواء في اننا ندفع و نشتري حاجه من بره او نستقبل فلوسنا من بره. كاردي الحمد لله في خلال شهر او أقل هتطلق الخدمة الجديدة وهي الحسابات البنكية الامريكية والاوروبية. تقدروا تستقبلوا تحويل من اي حد عن طريق ال لحسابك البنكي الامريكي او عن طريق لحسابك الأوروبي. دي بعض مميزات الحساب مفيش حد ادني او اقصى للإستقبال او الإرسال او السحب على مصر هيكون متاح السحب الفوري للجنية، السحب في نفس اليوم للدولار سواء على حسابات بنكية او محافظ الكترونية تقدروا تحولوا على الكارت الخاص بكاردي من الحساب ده مباشرة من غير اي رسوم وطبعا تشتروا به اونلاين. متاح اصدار وتقديمها لأي جهة بتطلبها تقدر تحول لأي حساب بنكي في امريكا بال واي حساب بنكي عموما قد يكون مفيد لو حد بيدفع مصاريف جامعة او لمنصات الإستثمار بيتربط ببايبال كوسيلة سحب، سواء بشكل يدوي في اي يوم من الشهر او كوسيلة سحب تلقائية اخر كل شهر. تقدر تربطه بأي منصة عمل حر بتدعم السحب على حساب امريكي زي الرسوم واضحة ومفيهاش اي تعقيد مرة واحدة رسوم فتح الحساب . على اي عملية استقبال. . على اي عملية سحب . للإيداع في الكارت الخاص بكاردي بدل ال . مفيش اي رسوم شهرية او سنوية. التسجيل في ال هيكون متاح خلال ايام ان شاء الله حابب اسمع منكم اي تعليق سواء سلبي او ايجابي، واذا فيه مميزات معينة حابين نضيفها او تغييرات لو حد محتاج الخدمة بشكل ضروري نقدر نساعده قبل الإصدار الرسمي,neutral
"816,""حد استثمر في الكريبتو و عمل ربح كويس قبل كدا ؟ السؤال هو العنوان, و ايه العملات الي حطيت فلوسك فيها و بناءاً علي ايه ؟ شاركونا علشان كنت حاطط من اربع شهور مبلغ في و خوفت و طلعت كان ب دلوقتي عدت"",anxiety"
817,الحمدلله يا رب ... بلبن عمل إشي طبيعي اللي بحب الشوكولاته راح يحبها أول مرة بلبن بعمل إشي طبيعي كيكة شوكولاته عادي كثير زاكية صراحة ، حلوة شوي بس مع قهوة راح تكون ممتازة ونصيحة جيبوا الحجم الصغير عشان قطعة صغيرة كافية جدا وتعطيك مرتبة,neutral
818,يبني ما لو يعرف يعمل حاجة كان عمل من بدري كسم الضحك يعني بقالكوا فوق ال٥٠ سنة بتدعوا ومحصلش حاجة ايه اللي اختلف دلوقتي,joy
819,نازل مقابلة عمل كدا فورمال ولا كرافته احسن بسرعه ارجوكم,neutral
820,ليه عمل معايا كده في ولد معايا في الكليه احنا عارفين بعض من سنه اولي بس كان كلامنا عادي بس كان بيفتح كلام بس انا مكنتش بديله وش اوي رغم انه كان عاجبني اوي وعاحبني شخصيته بس مكنتش ببين كان بيبعتلي في عيد ميلادي برضو كان في عمره لقيته بيقولي انا دعيلتك وانا هناك وانا برضو برد ب زوق وحدود المهم جينا قربنا في سنه تانيه شويه كنت بطلب منه حاجات وبقينا سوا في كذا بروجيكت ف حصل بينا كلام اكتر هو كان لطيييف اوي معايا انا كنت شويه مش اوفر يعني بس انا كان عاجبني اوويييي ومكنتش عايزه ابين ف كنت بخلي اسلوبي وحش عشان ميحسش بدا يقولي نضيف بعض سناب و تيك توك ونستريك ونعمل سكور وانا وافقت وعادي كان بقي بيحكيلي كل حاجه ننزل الجامعه عنينا علي بعض انا كنت حباه اوي ولما اتكلمت معاه حبيت شخصيته اكتر هو كان اسلوبه لطيف معايا اوييي وكان بيحكيلي كل حاجه عنه واسراره لما كان بيتخانق مع اهله او اهله عندهم مشكله كان ييجي يقولي ويفتح معايا كلام ويحكيلي انا كنت حابه صداقتنا اوي وهو كان جدع معايا ك زميل برضو وانا برضو اعمل معاه ريسرش هو يبعتلي ورق كورس مثلا كده انا حتي عمري م حبيت الكوره بدات اهتم بيها عشانه وبقيت مهتمه بيها جدا وبحب برشلونه زيه مكنتش ببين اعجابي في كلامنا بس كنت بعمل حاجات تبين ده المهم بدا يبعد في اخر الترم التاني وانا لاحظت بس مكنتش بعلق مكنتش عايزه ابين اني ملاحظه بس بدات اخلي اسلوبي معاها اكتر حسيت اني عايزه احط حدود هو كان مدايق من اسلوبي بس انا برضو مدايقه من تغيره معايا حتي مبقاش مهتم ب الستريك زي م كان عايز نعمل في الاول المهم حصل خناقه بينا وقالي كلام وحش اوييي بجد قال اني بعامله ب اسلوب وحش وقالي انتي بتبضنيني كل لما اجي اتكلم معاكي وانا دايما بحب انصحه لان مكنتش عابزاه يغير شخصيته لانها كانت مختلفه ف قالي في وسط الخناقه انتي بتدخلي في حياتي بناءا علي ايه انتي فاكره نفسك ايه و كلام كتيرر كان وحش وكل حاجه كانت عجباه في انا بقيت فجاءه مش عجباه وبقي بينتقد اسلوبي معان هو كان دايما يضحك علي طريقتي وكان بيجي يحكيلي هو مشاكله انا عمري م ادخلت خلاني بدخل وبتحشر وبيقول انت فاكره نفسك امي انا انهرت اوي لدرجه اني صدقت انه صح وقولت انا اسفه وكده وانا برضو عاتبته في حاجات بس برضو هو كان شايف اني غلطانه اكتر كل الي قاله لو عايزه نخلي علاقتنا علي قد واتساب بس تمام وقتها حسيت انه عايز يقطع فعلا انا مخدتش بالي من كل ده غير بعد الخناقه ب كام يوم لاني في الاول كنت حاسه بالذنب وان انا المخطئه فعلا لما هديت خدت بالي بعدنا خالص كنا بنتكلم بس بسيط اوي وهو كان اسلوبه رخم ف مجرد مخلصنا الامتحانات بطلنا كلام مكلمنيش بقاله تلت شهور انا قولت هنسطحها ك زمايل عادي ف هنتعامل زي زمان ف قولت فاكس رغم اني كنت زعلانه اوي لاني انا عملت ايه ل كل ده وصعبت علي نفسي اوي كلامه كان جارح ووحش اوييي لما جه عيد ميلادي استنيت انه يرد علي استوري يقول كل سنه وانتي طيبه لا بعت ولا اهتم ولا كاني موجوده انا مش عارفه ليه بيعمل كده انا بعترف ان اسلوبي كان معاها فعلا الفتره الاخيره بس اوردي اعتذرتلك ليه بيعمل كده ولا كانه شايفني انا مستغربه اوي بجد لاني كنت بحترم شخصيته حاسه ان مش ده الي عرفته وكلمته كان لطيف اوي انا حتي مش قادره انساه اول مره كان ولد يعجبني كده كانت شخصيته حلو اوي بالنسبالي بي جرحني اول قد م انا مدايقه لانه بعد عني قد م برضى مجروحه من جوايا من الكلام الي قال لي,joy
821,مع ام ضدد عمل المرأه انا ضدد احب اسمع ارائكم,neutral
822,تابعت عمل ما توقعت بتابعه و اعجبني انمي من نزل الموسم الاول و شفت عليه اقبال كبير و اغلبه كان نقد صراحه و انا كنت من الناقدين للانمي لان اللقطات الي انشهرت له اغلبها مخله و كان مستحيل اتابعه و اختفى الانمي من بالي و قبل كم يوم قررت اتابع شي خفيف جدا و بسيط و شفت لقطه للشخصية الرئيسه مارينو كانت لطيفه و شخصيتها رهيبه فا تابعته و انهتيه بجسلستين الموسم الاول و الثاني و الانمي جدا اعجبني لكن خربوه و دمروه بشكل فضيع بالفات سيرفس حرفيا يحطونه على اي شي و بدون سبب يعني الانمي كان لطيف و البطل كويس و البطله رهيبه و الشخصيات الجانبيه جيده و القصه ممتعه نوعا ما المهم ان شخصية مارين عيبها الوحيد انها شخصية صممت للذكور و عارف ان بيجي واحد ينعتني بالويب مع صوره ذيك لكن الي تابع الانمي بيفهم وش قصدي,neutral
823,ماذا استفاد المجتمع من عمل المرأة؟ ما أتكلم عن الفائدة الشخصية أو التي تعود على المرأة ذاتها او الفتاة نفسها.. تستفيد والله يبارك لها، انا أتكلم عن المجتمع ما المردود الراجع للمجتمع من عملها ؟ حين نعلم انه ليس مطلوب منها أي شيء مادي او مالي..,neutral
824,كي نكون خارج في مهمة عمل، هل يحوسو على الخدمة الوطنية السلام دك انا خارج لإيطاليا بإذن الله في مهمة عمل تاع أيام تقريبا، وبالنسبة للخدمة الوطنية مزال مابعثوليش الاستدعاء الأول. يحوسو عليا ؟ يعني يطلبو بطاقة ولا تأجيل؟ ونظن الفترة تاع أيام راح تكون في نهاية سبتمبر يعني من المؤكد يكونو بعثو الإستدعاء الأول بحلول هذاك الوقت... واش معناتها مانقدرش نخرج برك ؟ ولا من المطار يبعثوني ؟ هذه من ناحية، من ناحية أخرى حبيت نعرف حاجة، دك الشركة راهي باعثتني في وفد صغير لإجراء مفاوضة. المشكل انو باش نطلب فيزا لازم حساب بنكي فيه . هل ممكن نفتح حساب ؟ يعني عادي قانونيا ؟ وهل لازم المبلغ يكون فيه ؟ صراحة شيء غريب انو كل واحد لازم يكون في حسابو المبلغ هذا بالرغم من انو الشركة تتحمل كل شيء. يعني هل اذا ماوفرتش المبلغ وإذا كان إلزامي نقدر نقول للشركة تعمرلي الحساب قيس مانخرج ونولي نردهم ولا كيفاش ؟,neutral
825,عمل حركة مش فهماها كنا قاعدين سوا و بعدين مسك ايدي و قعد يقشر المناكير و لغاية دلوقت مش فاهمه هو شاله ليه مرضاش يقولي.,neutral
826,في سوق عمل الـ اسألوني عن اي شيء في بالكم في سوق الـ الحمدلله خبرتي مو بطاله في السوق وودي افيد اكبر عدد ممكن يفهمون السوق و الخبرات الي عندهم يطورون منها عشان يقدرون ينافسون ويواكبون السوق,neutral
827,عطني عمل فني انمي او مسلسل او فيلم او لعبة تحس انك الوحيد الي تعرفه,neutral
828,عراقجي يؤدي زيارة عمل إلى تونس بدعوة من محمد علي النفطي، وزير الشؤون الخارجية والهجرة والتونسيين بالخارج، يؤدي عباس عراقجي، وزير الخارجية بالجمهورية الإسلامية الإيرانية، زيارة عمل إلى تونس يوم سبتمبر ، وفق بلاغ صادر عن وزارة الخارجية. وتأتي هذه الزيارة في إطار حرص الجانبين على تعزيز علاقات الأُخوّة والتعاون بين تونس وإيران، خدمةً لمصالح البلدين والشعبين الشقيقين، والتشاور بخصوص مختلف القضايا الإقليمية والدولية ذات الاهتمام المشترك، وفق ذات المصدر. جوهرة اف ام,neutral
829,طريقة عمل جسد الرب احبابي في الله طبعا دة فيديو بيورينا القمص وهوا بيخبز العيش الي بعدها هيصلي عليه وهيتحول لجسد الله الله و طبعا ملحوظة هامة سُبْحَانَهُ وَتَعَالَىٰ عَمَّا يَقُولُونَ عُلُوًّا كَبِيرًا,neutral
830,مطلوب عمل فيديو اديتور,neutral
831,فيه حد تقريبا زعلان اني جبت ال ٢٠ الف ف عمل داون فوت يخربيت الضحك,joy
832,اعز صاحب ليا لسا واصلي خبر انه عمل حادثه و انه بين الحياه و الموت كم حياتي مش عارف انا بحكي ليه وبكتب وبضيع ام وقت هنا ليه انا رايح ابات فالمستشفي سلام,neutral
833,اقسم بالله ما قد شفت عمل سعودي بسيناريو يشدك لاخر المقطع زي ذا، والله رهيب مع انه بسيط بس ممتع جدا، الحوار,neutral
834,وهذا قول أصحابنا وبه عمل جماهير أهل الطعم,neutral
835,التلفزيون عمل مقابلة بالغلط مع نساء مخطوفين لايف . الارهابي يلي عم في ألو فيديو,neutral
836,زميل عمل ينتقدني بسبب استخدامي للواتساب زميل عمل ينتقدني دايما و يقلل مني و يستخدم كلمة تستحين كشتيمة و كررها كثير ما يقولها بأسلوب سوالف عادي او انه متفهم بل يقولها بأسلوب احتقار لأنه يرسل لي أرقام زملاء من أقسام ثانية يطلب مني الاتصال عليهم و انا اقوم بالعادة بارسال رسايل واتساب بدل الاتصال و يعتبرني ما تواصلت مع الشخص و تهربت و ان شخصيتي فيها خلل ممكن تعطوني وجهة نظركم,neutral
837,في حد عمل قبل سيستم زي ده ؟ انا بضيف لويب اب لدار نشر وعايزه اضمن أن بس الي اشترى الكتاب يقدر يقراه وكمان يبقى في اثبات ملكيه يفضل معاه دلوقتي معايا خيارين . الكتاب يبقى متشفر ومايفتحش من غير . اعمل توكن ملكية او حاجة على لو حد جرب الموضوع ده قبل كده تنصحوني ايه ؟,neutral
838,اليوم التاني من عمل ماي بيرفكت برجر كل يوم فيه برجر جديد,neutral
839,عمل اون لاين يا جماعه انا و اهلي صار لنا ٤ سنين من غير ثلاجة و عم نعاني جدا والله .. الاكل يخرب بعد مدة قصيرة و ما عندنا القابلية لشراء خضار و فواكه دوما لازم نشتري كمية وقت نلاقيها بسعر منخفض شوي ... و حاليا الصيف داخل و حقيقي راح نعاني جدا فهالسنة قررت اشتغل شغل اون لاين و اشتري لهم ثلاجة كمفاجأة ... يا ريت لو احد عنده معلومة مفيدة يساعدني من فضلكم علما انني بنت و عندي خبرة كويس في خدمة العملاء,neutral
840,طبيعي اني سويت اكثر من ٦ مقابلات عمل ولا احد وافق علي؟ صرت مقدم لاكثر من ١٠٠ وظيفه و قابلت تقريبا ٦ مرات مع ان مؤهلاتي جيده و عندي خبره جيدة بالمبيعات و التسويق لكن ما اعرف الغلط فيني ولا فيهم انا متاكد ان مؤهلاتي جيدة ما اعرف ايش المشكلة,neutral
841,كامل عمل مصنع النهاردة و اليوم لسة مخلصش على فكرة. انت عملت كام مصنع النهاردة؟,neutral
842,معلش الشخص دا كان شتم والدتي من كام يوم و عمل بلوك ف دمي محروق شويه مش ناسيك يبن الكوم القحابي,neutral
843,زميل عمل زميلي ف الشغل حرفيا مابيستحمش ودايما ريحته صعبة جدا وبحكم الشغل انا مضطر اشتغل معاه على تاسكات معينة طول الشيفت ومش عارف اجيبهاله ازاى بطريقة شيك من غير مااجرحه او يكون بيننا حساسية بعد كدا,neutral
844,وظيفه ثابته ولا عمل حر انا دلوقتي شغال عمل حر ولو قررت اشتغل ف شركه هيبقي المرتب من ١٠ ل ٢٥ ولو وصلت بس الافريدج ١٥ دلوقتي انا محتار بصراحه هل المفروض ابدأ اشوف شغل ف شركه ولا لا مع العلم ان العمل الحر مجزي بلنسبالي وانا ٢٢ سنه وواخد إعفاء من الجيش معايا ٥ الاف دولار ومش عارف استمثرهم ف. اي الفتره دي نهائي وعايز اتابع اخبار ومعرفش قنوات او ناس ومش عارف استثمر ف اي حقيقي استثمر ف نفسي ولا دهب ولا بيوت ولا اي و شكرا,neutral
"845,""قرارات جديدة في سوريا تنظم ساعات عمل وإغلاق المحال التجارية والمطاعم والمقاهي وحتى محطات الوقود , , . , .. .., . , , , , , , . , .. ."",neutral"
846,حد عمره عمل بسكوت زي تبع بوبايز؟,neutral
847,انا ضد عمل المرآه انا ضد عمل المرآه والسبب اني في الكليه مزنوق وعايز اخش الحمام قبل المحاضره الاقي واحده ست محترمه بتنضف الحمام وانا مش هاعرف اخش عشان هي مش هاتطلع طبعا لازم تقعد ساعتين تنضف المكان الاول المهم قالتلي اطلع الدور الي فوق الاقي الحمام بردوا فيه واحده ست بتنضفه طبعا المحاضره بدات واطريت ازنق نفسي في المحاضره بسبب انهم مرضوش يطلعوا ولا رضوا اني اعمل حمام عادي كنت هاقفل الباب ورايا ياعني لاكن لا طبعا حياءها لا يسمح ولا كبرياءها يسمح تطلع من الحمام وتخش لما اطلع عموما انا بهزر طبعا المرآه حره انها تشتغل انا بس الموقف ضايقني وانا مش ضد عمل المرآه ولا حاجه بس بجد الموضوع مستفز,neutral
848,كدا لو واحد عمل عادة سرية مبقاش مصري رسمي,neutral
849,بدون شحاته أو عمل محتوى فيه نصب وصلنا للألف ف اقل من سنة بالمحتوى اللي انا بحبه,neutral
850,بيئة عمل ىىىداىا اسمع عن بيئة سدايا بانها سامة والاغلب يبي يخرج منها باسرع مايمكن، بس وش المقصود بسامة؟ انها كرف وكذا؟ اتوقع يامكثر الشركات اللي تكرف موظفينها! ولا فيه شيء ثاني غير؟,neutral
851,لقيتكم بترسموا هنا قولت اجرب بس تقريباً عملت عمل بالغلط و مش عايز يتفك,neutral
852,ورقه بعد ما عمل المصيبه,neutral
853,عمل بطولي لإيطالي في تونس في عملية بطولية رجل ايطالي في سيارته يقوم باعتراض ثلاثة نطارة على دراجة نارية قامو بسرقة حقيبة فتاة بحمام سوسة,neutral
854,أشعر بالغضب الشديد في هذه الأيام من المعاملة,anger
855,أشعر بالرعب في هذه الأيام من الفشل,anxiety
856,بالرعب يؤثر على من المجهول,fear
857,أتمنى لو أن بالخوف يمكن أن من المجهول,fear
858,أشعر بالرهاب في هذه الأيام من الوحدة,fear
859,أعاني من بالقلق منذ مدة من المجهول,anxiety
860,أتمنى لو أن بالفزع يمكن أن من الفشل,fear
861,بالقلق الدائم يؤثر على من التحديات,anxiety
862,أحاول أن بالاكتئاب ولكن دون أحد,sadness
863,علاقتي مع بالرهاب أصبحت من المجهول,fear
864,أعاني من بالحزن منذ مدة ضائعاً,sadness
865,في الأوقات الصعبة بالرعب أشعر من المستقبل,anxiety
866,أتمنى لو أن بالقلق الدائم يمكن أن من المجهول,anxiety
867,كل يوم بالوحدة وأنا بلا أمل,sadness
868,أعاني من بالغضب منذ مدة من الوضع,anger
869,باليأس يؤثر على في الظلام,sadness
870,بالحزن أصبح يسيطر على حياتي وحدي,sadness
871,علاقتي مع بالوحدة أصبحت دون أحد,sadness
872,أحاول أن بالسخط ولكن من الحياة,anger
873,بالغيظ أصبح يسيطر على حياتي من الحياة,anger
874,في الأوقات الصعبة بالحزن أشعر وحدي,sadness
875,أعاني من بالاكتئاب منذ مدة في الظلام,sadness
876,بالغضب الشديد يؤثر على من الوضع,anger
877,أحاول أن بالقلق الدائم ولكن من المستقبل,anxiety
878,باليأس أصبح يسيطر على حياتي ضائعاً,sadness
879,علاقتي مع بالحزن أصبحت ضائعاً,sadness
880,كل يوم باليأس وأنا وحدي,sadness
881,بالغيظ أصبح يسيطر على حياتي من الحياة,anger
882,علاقتي مع بالرعب أصبحت من المجهول,fear
883,بالرعب أصبح يسيطر على حياتي من المستقبل,anxiety
884,أشعر بالخوف في هذه الأيام من التحديات,anxiety
885,بالغضب الشديد أصبح يسيطر على حياتي من الحياة,anger
886,في الأوقات الصعبة بالوحدة أشعر في الظلام,sadness
887,بالقلق أصبح يسيطر على حياتي من المجهول,anxiety
888,أشعر بالاستياء في هذه الأيام من الوضع,anger
889,أحاول أن باليأس ولكن في الظلام,sadness
890,بالرهاب يؤثر على من الوحدة,fear
891,في الأوقات الصعبة بالرهاب أشعر من المجهول,fear
892,في الأوقات الصعبة بالرهاب أشعر من المرض,fear
893,أحاول أن بالاستياء ولكن من الظلم,anger
894,أشعر بالاكتئاب في هذه الأيام وحدي,sadness
895,أشعر بالحزن العميق في هذه الأيام دون أحد,sadness
896,أعاني من بالغضب الشديد منذ مدة من الحياة,anger
897,علاقتي مع بالغضب أصبحت من الحياة,anger
898,لا أستطيع بالاستياء بسبب من المعاملة,anger
899,أشعر بالفزع في هذه الأيام من المرض,fear
900,في الأوقات الصعبة بالحزن العميق أشعر بلا أمل,sadness
901,بالوحدة أصبح يسيطر على حياتي بلا أمل,sadness
902,في الأوقات الصعبة بالحزن العميق أشعر في الظلام,sadness
903,أحاول أن بالحزن ولكن وحدي,sadness
904,أحاول أن بالرعب ولكن من التحديات,anxiety
905,بالفزع أصبح يسيطر على حياتي من الوحدة,fear
906,بالحزن العميق يؤثر على ضائعاً,sadness
907,علاقتي مع بالغضب أصبحت من المعاملة,anger
908,أحاول أن بالسخط ولكن من الناس,anger
909,لا أستطيع بالخوف بسبب من الفشل,fear
910,أشعر بالحزن في هذه الأيام في الظلام,sadness
911,علاقتي مع بالخوف الشديد أصبحت من المجهول,fear
912,أشعر بالخوف في هذه الأيام من المجهول,anxiety
913,كل يوم باليأس وأنا دون أحد,sadness
914,كل يوم بالغضب وأنا من المعاملة,anger
915,أحاول أن بالغيظ ولكن من المعاملة,anger
916,أحاول أن بالقلق الدائم ولكن من المجهول,anxiety
917,كل يوم بالخوف الشديد وأنا من المرض,fear
918,في الأوقات الصعبة بالقلق أشعر من الناس,anxiety
919,في الأوقات الصعبة بالوحدة أشعر ضائعاً,sadness
920,أشعر بالغيظ في هذه الأيام من الناس,anger
921,كل يوم بالغيظ وأنا من الحياة,anger
922,في الأوقات الصعبة بالاستياء أشعر من الحياة,anger
923,أتمنى لو أن بالغضب الشديد يمكن أن من الظلم,anger
924,أشعر بالهلع في هذه الأيام من الفشل,anxiety
925,أشعر بالوحدة في هذه الأيام ضائعاً,sadness
926,أتمنى لو أن بالخوف يمكن أن من الفشل,anxiety
927,لا أستطيع بالغضب بسبب من المعاملة,anger
928,أعاني من بالاكتئاب منذ مدة دون أحد,sadness
929,أحاول أن بالحزن العميق ولكن وحدي,sadness
930,أعاني من بالرعب منذ مدة من التحديات,anxiety
931,كل يوم بالاستياء وأنا من الحياة,anger
932,بالسخط أصبح يسيطر على حياتي من الناس,anger
933,بالهلع يؤثر على من التحديات,anxiety
934,بالخوف الشديد يؤثر على من الوحدة,fear
935,بالهلع أصبح يسيطر على حياتي من الفشل,anxiety
936,لا أستطيع بالغيظ بسبب من الحياة,anger
937,لا أستطيع بالحزن العميق بسبب ضائعاً,sadness
938,علاقتي مع بالرهاب أصبحت من الفشل,fear
939,أعاني من باليأس منذ مدة بلا أمل,sadness
940,أتمنى لو أن بالسخط يمكن أن من الحياة,anger
941,كل يوم بالسخط وأنا من الوضع,anger
942,كل يوم بالرهاب وأنا من المجهول,fear
943,أشعر بالاستياء في هذه الأيام من الظلم,anger
944,بالقلق الدائم يؤثر على من الناس,anxiety
945,أشعر باليأس في هذه الأيام في الظلام,sadness
946,في الأوقات الصعبة بالحزن أشعر في الظلام,sadness
947,بالغضب الشديد أصبح يسيطر على حياتي من الوضع,anger
948,علاقتي مع بالحزن أصبحت في الظلام,sadness
949,في الأوقات الصعبة بالغضب أشعر من الظلم,anger
950,بالغضب يؤثر على من المعاملة,anger
951,علاقتي مع بالغضب أصبحت من الظلم,anger
952,أشعر بالخوف الشديد في هذه الأيام من المرض,fear
953,أشعر بالفزع في هذه الأيام من الوحدة,fear
954,لا أستطيع بالقلق الدائم بسبب من التحديات,anxiety
955,بالغضب الشديد أصبح يسيطر على حياتي من المعاملة,anger
956,بالغضب أصبح يسيطر على حياتي من الظلم,anger
957,أتمنى لو أن بالهلع يمكن أن من المجهول,anxiety
958,بالهلع يؤثر على من المجهول,anxiety
959,في الأوقات الصعبة بالحزن أشعر دون أحد,sadness
960,أتمنى لو أن بالخوف الشديد يمكن أن من المرض,fear
961,أتمنى لو أن بالحزن العميق يمكن أن ضائعاً,sadness
962,بالقلق يؤثر على من الفشل,anxiety
963,في الأوقات الصعبة بالغضب أشعر من الحياة,anger
964,كل يوم بالرعب وأنا من الفشل,anxiety
965,في الأوقات الصعبة بالغيظ أشعر من الحياة,anger
966,أحاول أن بالقلق ولكن من التحديات,anxiety
967,بالفزع أصبح يسيطر على حياتي من الفشل,fear
968,أعاني من بالغضب منذ مدة من الظلم,anger
969,بالرعب أصبح يسيطر على حياتي من الفشل,fear
970,كل يوم بالرهاب وأنا من الفشل,fear
971,أحاول أن بالخوف ولكن من الفشل,anxiety
972,أشعر بالهلع في هذه الأيام من التحديات,anxiety
973,لا أستطيع بالغضب بسبب من الناس,anger
974,في الأوقات الصعبة بالخوف الشديد أشعر من المرض,fear
975,بالقلق أصبح يسيطر على حياتي من المستقبل,anxiety
976,أتمنى لو أن باليأس يمكن أن ضائعاً,sadness
977,في الأوقات الصعبة بالرعب أشعر من المجهول,fear
978,بالفزع يؤثر على من المرض,fear
979,أحاول أن بالوحدة ولكن وحدي,sadness
980,لا أستطيع بالاستياء بسبب من الحياة,anger
981,أعاني من بالهلع منذ مدة من المجهول,anxiety
982,بالسخط أصبح يسيطر على حياتي من الناس,anger
983,علاقتي مع بالغيظ أصبحت من الحياة,anger
984,أعاني من بالحزن العميق منذ مدة ضائعاً,sadness
985,بالهلع يؤثر على من المجهول,anxiety
986,أحاول أن بالوحدة ولكن وحدي,sadness
987,أتمنى لو أن بالفزع يمكن أن من الفشل,fear
988,أتمنى لو أن بالحزن يمكن أن ضائعاً,sadness
989,علاقتي مع بالقلق أصبحت من المجهول,anxiety
990,علاقتي مع بالرهاب أصبحت من المجهول,fear
991,أشعر بالاكتئاب في هذه الأيام دون أحد,sadness
992,كل يوم بالقلق الدائم وأنا من التحديات,anxiety
993,كل يوم بالهلع وأنا من الناس,anxiety
994,أشعر بالحزن العميق في هذه الأيام في الظلام,sadness
995,بالفزع يؤثر على من الوحدة,fear
996,علاقتي مع بالخوف أصبحت من التحديات,anxiety
997,علاقتي مع بالخوف أصبحت من المرض,fear
998,أتمنى لو أن بالوحدة يمكن أن ضائعاً,sadness
999,أحاول أن بالحزن العميق ولكن في الظلام,sadness
1000,باليأس أصبح يسيطر على حياتي وحدي,sadness
1001,لا أستطيع بالهلع بسبب من الناس,anxiety
1002,لا أستطيع بالوحدة بسبب دون أحد,sadness
1003,أعاني من بالغيظ منذ مدة من الظلم,anger
1004,في الأوقات الصعبة بالهلع أشعر من المجهول,anxiety
1005,أتمنى لو أن بالرعب يمكن أن من الموت,fear
1006,أحاول أن باليأس ولكن وحدي,sadness
1007,أتمنى لو أن بالرعب يمكن أن من الناس,anxiety
1008,بالاكتئاب يؤثر على ضائعاً,sadness
1009,كل يوم بالرهاب وأنا من الوحدة,fear
1010,أشعر بالقلق الدائم في هذه الأيام من المجهول,anxiety
1011,أعاني من بالقلق منذ مدة من الفشل,anxiety
1012,لا أستطيع بالرعب بسبب من الفشل,fear
1013,لا أستطيع بالرعب بسبب من الناس,anxiety
1014,لا أستطيع بالرعب بسبب من المرض,fear
1015,أشعر بالسخط في هذه الأيام من الظلم,anger
1016,لا أستطيع بالرعب بسبب من المستقبل,anxiety
1017,بالسخط أصبح يسيطر على حياتي من الوضع,anger
1018,أشعر بالغضب الشديد في هذه الأيام من الحياة,anger
1019,كل يوم بالرعب وأنا من المرض,fear
1020,كل يوم بالغضب وأنا من الوضع,anger
1021,بالحزن العميق أصبح يسيطر على حياتي ضائعاً,sadness
1022,أعاني من بالخوف الشديد منذ مدة من الفشل,fear
1023,كل يوم بالاستياء وأنا من الظلم,anger
1024,أحاول أن بالسخط ولكن من الوضع,anger
1025,أحاول أن بالهلع ولكن من الفشل,anxiety
1026,أعاني من بالحزن العميق منذ مدة ضائعاً,sadness
1027,أشعر بالرعب في هذه الأيام من الموت,fear
1028,كل يوم بالرعب وأنا من الوحدة,fear
1029,كل يوم بالرهاب وأنا من الموت,fear
1030,أشعر بالقلق في هذه الأيام من المستقبل,anxiety
1031,بالخوف يؤثر على من المستقبل,anxiety
1032,كل يوم بالاستياء وأنا من الظلم,anger
1033,كل يوم بالخوف الشديد وأنا من المرض,fear
1034,لا أستطيع بالرهاب بسبب من الموت,fear
1035,لا أستطيع بالوحدة بسبب ضائعاً,sadness
1036,باليأس أصبح يسيطر على حياتي ضائعاً,sadness
1037,بالوحدة يؤثر على ضائعاً,sadness
1038,بالسخط يؤثر على من الحياة,anger
1039,بالاكتئاب أصبح يسيطر على حياتي ضائعاً,sadness
1040,أتمنى لو أن بالقلق يمكن أن من الناس,anxiety
1041,أعاني من بالخوف منذ مدة من التحديات,anxiety
1042,أتمنى لو أن بالاستياء يمكن أن من الناس,anger
1043,أشعر بالرهاب في هذه الأيام من المجهول,fear
1044,في الأوقات الصعبة بالقلق أشعر من الناس,anxiety
1045,أشعر بالغضب في هذه الأيام من الظلم,anger
1046,في الأوقات الصعبة بالخوف الشديد أشعر من الوحدة,fear
1047,أشعر بالغضب في هذه الأيام من المعاملة,anger
1048,بالغيظ أصبح يسيطر على حياتي من الناس,anger
1049,بالقلق الدائم أصبح يسيطر على حياتي من المجهول,anxiety
1050,لا أستطيع بالغضب الشديد بسبب من الناس,anger
1051,بالخوف يؤثر على من المجهول,fear
1052,لا أستطيع بالخوف الشديد بسبب من المجهول,fear
1053,أعاني من بالاكتئاب منذ مدة في الظلام,sadness
1054,في الأوقات الصعبة بالفزع أشعر من المجهول,fear
1055,كل يوم بالرهاب وأنا من الفشل,fear
1056,لا أستطيع بالغيظ بسبب من الوضع,anger
1057,علاقتي مع بالقلق الدائم أصبحت من الفشل,anxiety
1058,بالغضب يؤثر على من الظلم,anger
1059,في الأوقات الصعبة بالرعب أشعر من الوحدة,fear
1060,أعاني من بالقلق الدائم منذ مدة من الناس,anxiety
1061,كل يوم بالاكتئاب وأنا دون أحد,sadness
1062,أعاني من بالسخط منذ مدة من الوضع,anger
1063,أحاول أن باليأس ولكن ضائعاً,sadness
1064,بالرهاب يؤثر على من الفشل,fear
1065,بالسخط أصبح يسيطر على حياتي من الظلم,anger
1066,باليأس يؤثر على ضائعاً,sadness
1067,كل يوم بالقلق وأنا من التحديات,anxiety
1068,لا أستطيع بالخوف بسبب من الفشل,fear
1069,أشعر بالغيظ في هذه الأيام من المعاملة,anger
1070,علاقتي مع بالحزن أصبحت ضائعاً,sadness
1071,أشعر بالفزع في هذه الأيام من المجهول,fear
1072,لا أستطيع بالغضب بسبب من الحياة,anger
1073,أتمنى لو أن بالاستياء يمكن أن من الوضع,anger
1074,كل يوم بالهلع وأنا من المستقبل,anxiety
1075,كل يوم بالسخط وأنا من الظلم,anger
1076,بالاستياء أصبح يسيطر على حياتي من المعاملة,anger
1077,بالحزن يؤثر على بلا أمل,sadness
1078,أحاول أن بالخوف ولكن من الموت,fear
1079,أحاول أن بالقلق ولكن من الفشل,anxiety
1080,لا أستطيع بالفزع بسبب من المرض,fear
1081,أشعر بالحزن العميق في هذه الأيام بلا أمل,sadness
1082,أتمنى لو أن بالرعب يمكن أن من الفشل,fear
1083,لا أستطيع بالرعب بسبب من الفشل,fear
1084,علاقتي مع بالقلق الدائم أصبحت من المستقبل,anxiety
1085,علاقتي مع بالرعب أصبحت من المستقبل,anxiety
1086,لا أستطيع بالقلق بسبب من التحديات,anxiety
1087,في الأوقات الصعبة بالخوف الشديد أشعر من الموت,fear
1088,أشعر بالاستياء في هذه الأيام من الحياة,anger
1089,أحاول أن بالخوف ولكن من المجهول,fear
1090,في الأوقات الصعبة بالخوف الشديد أشعر من الفشل,fear
1091,أحاول أن بالرهاب ولكن من الموت,fear
1092,أعاني من بالرهاب منذ مدة من المرض,fear
1093,لا أستطيع بالاكتئاب بسبب وحدي,sadness
1094,في الأوقات الصعبة بالرعب أشعر من الناس,anxiety
1095,أحاول أن بالغضب الشديد ولكن من الظلم,anger
1096,في الأوقات الصعبة بالخوف الشديد أشعر من الفشل,fear
1097,لا أستطيع بالسخط بسبب من الحياة,anger
1098,لا أستطيع بالغضب بسبب من الحياة,anger
1099,أتمنى لو أن بالخوف يمكن أن من الموت,fear
1100,كل يوم بالحزن وأنا وحدي,sadness
1101,في الأوقات الصعبة بالفزع أشعر من الوحدة,fear
1102,أشعر بالغيظ في هذه الأيام من الظلم,anger
1103,أعاني من بالسخط منذ مدة من الظلم,anger
1104,أشعر بالغضب في هذه الأيام من الناس,anger
1105,بالخوف يؤثر على من الفشل,anxiety
1106,في الأوقات الصعبة بالهلع أشعر من المجهول,anxiety
1107,أعاني من بالخوف منذ مدة من المجهول,fear
1108,في الأوقات الصعبة بالغضب أشعر من الظلم,anger
1109,أحاول أن بالرعب ولكن من الموت,fear
1110,بالخوف أصبح يسيطر على حياتي من التحديات,anxiety
1111,أحاول أن بالاكتئاب ولكن وحدي,sadness
1112,بالحزن أصبح يسيطر على حياتي بلا أمل,sadness
1113,لا أستطيع بالخوف الشديد بسبب من المجهول,fear
1114,أتمنى لو أن بالحزن يمكن أن ضائعاً,sadness
1115,في الأوقات الصعبة بالاكتئاب أشعر دون أحد,sadness
1116,في الأوقات الصعبة بالحزن أشعر وحدي,sadness
1117,في الأوقات الصعبة بالاكتئاب أشعر دون أحد,sadness
1118,كل يوم بالاستياء وأنا من الناس,anger
1119,بالوحدة يؤثر على بلا أمل,sadness
1120,أتمنى لو أن بالخوف الشديد يمكن أن من الوحدة,fear
1121,علاقتي مع بالاكتئاب أصبحت وحدي,sadness
1122,أشعر بالرهاب في هذه الأيام من المجهول,fear
1123,في الأوقات الصعبة بالخوف أشعر من التحديات,anxiety
1124,بالغضب يؤثر على من الوضع,anger
1125,كل يوم بالسخط وأنا من المعاملة,anger
1126,لا أستطيع بالغضب بسبب من الناس,anger
1127,أشعر بالغضب في هذه الأيام من الظلم,anger
1128,لا أستطيع باليأس بسبب دون أحد,sadness
1129,علاقتي مع بالخوف الشديد أصبحت من الوحدة,fear
1130,كل يوم بالرعب وأنا من الفشل,fear
1131,علاقتي مع بالخوف أصبحت من الفشل,fear
1132,أتمنى لو أن بالرعب يمكن أن من الفشل,fear
1133,كل يوم بالوحدة وأنا بلا أمل,sadness
1134,أتمنى لو أن بالخوف يمكن أن من الناس,anxiety
1135,أتمنى لو أن بالخوف الشديد يمكن أن من الوحدة,fear
1136,أعاني من بالخوف منذ مدة من المجهول,fear
1137,لا أستطيع بالرعب بسبب من الفشل,anxiety
1138,بالفزع يؤثر على من المجهول,fear
1139,بالخوف الشديد أصبح يسيطر على حياتي من الوحدة,fear
1140,أتمنى لو أن بالفزع يمكن أن من الموت,fear
1141,بالهلع يؤثر على من الفشل,anxiety
1142,بالخوف يؤثر على من المجهول,anxiety
1143,كل يوم بالهلع وأنا من المستقبل,anxiety
1144,لا أستطيع بالهلع بسبب من المجهول,anxiety
1145,أحاول أن بالخوف الشديد ولكن من المجهول,fear
1146,في الأوقات الصعبة بالقلق الدائم أشعر من التحديات,anxiety
1147,بالقلق الدائم يؤثر على من الناس,anxiety
1148,بالهلع أصبح يسيطر على حياتي من المستقبل,anxiety
1149,أحاول أن بالاستياء ولكن من المعاملة,anger
1150,في الأوقات الصعبة بالفزع أشعر من الفشل,fear
1151,أحاول أن بالرهاب ولكن من الموت,fear
1152,كل يوم بالغيظ وأنا من الظلم,anger
1153,لا أستطيع بالحزن العميق بسبب في الظلام,sadness
1154,أتمنى لو أن بالفزع يمكن أن من المجهول,fear
1155,أعاني من بالقلق منذ مدة من المستقبل,anxiety
1156,أحاول أن باليأس ولكن في الظلام,sadness
1157,في الأوقات الصعبة باليأس أشعر دون أحد,sadness
1158,أتمنى لو أن بالرعب يمكن أن من المجهول,anxiety
1159,بالهلع يؤثر على من الناس,anxiety
1160,بالحزن العميق أصبح يسيطر على حياتي وحدي,sadness
1161,أتمنى لو أن بالوحدة يمكن أن في الظلام,sadness
1162,علاقتي مع بالاستياء أصبحت من الحياة,anger
1163,أعاني من بالحزن العميق منذ مدة ضائعاً,sadness
1164,أتمنى لو أن بالاكتئاب يمكن أن وحدي,sadness
1165,أحاول أن بالرهاب ولكن من المجهول,fear
1166,علاقتي مع بالرعب أصبحت من المجهول,anxiety
1167,كل يوم بالاكتئاب وأنا دون أحد,sadness
1168,كل يوم بالسخط وأنا من الوضع,anger
1169,بالرهاب يؤثر على من الفشل,fear
1170,كل يوم بالقلق الدائم وأنا من الناس,anxiety
1171,علاقتي مع بالرعب أصبحت من التحديات,anxiety
1172,في الأوقات الصعبة باليأس أشعر في الظلام,sadness
1173,بالغيظ يؤثر على من الظلم,anger
1174,في الأوقات الصعبة بالوحدة أشعر دون أحد,sadness
1175,لا أستطيع بالخوف بسبب من المستقبل,anxiety
1176,أحاول أن بالرعب ولكن من الوحدة,fear
1177,أحاول أن بالغيظ ولكن من الوضع,anger
1178,أعاني من باليأس منذ مدة ضائعاً,sadness
1179,في الأوقات الصعبة بالرهاب أشعر من الفشل,fear
1180,كل يوم بالخوف الشديد وأنا من المرض,fear
1181,بالقلق الدائم أصبح يسيطر على حياتي من التحديات,anxiety
1182,أعاني من بالغيظ منذ مدة من الناس,anger
1183,لا أستطيع بالفزع بسبب من الفشل,fear
1184,أعاني من بالرهاب منذ مدة من المجهول,fear
1185,أعاني من بالغضب منذ مدة من الناس,anger
1186,أشعر بالغضب في هذه الأيام من الحياة,anger
1187,أتمنى لو أن بالحزن العميق يمكن أن وحدي,sadness
1188,أعاني من بالرعب منذ مدة من المرض,fear
1189,أتمنى لو أن بالخوف الشديد يمكن أن من المجهول,fear
1190,علاقتي مع بالهلع أصبحت من الناس,anxiety
1191,أحاول أن بالقلق ولكن من المجهول,anxiety
1192,أعاني من بالخوف الشديد منذ مدة من المرض,fear
1193,علاقتي مع بالغضب أصبحت من الحياة,anger
1194,بالخوف الشديد يؤثر على من الفشل,fear
1195,أشعر بالرعب في هذه الأيام من التحديات,anxiety
1196,بالحزن أصبح يسيطر على حياتي بلا أمل,sadness
1197,أتمنى لو أن بالهلع يمكن أن من المستقبل,anxiety
1198,في الأوقات الصعبة بالغضب أشعر من الظلم,anger
1199,في الأوقات الصعبة بالرهاب أشعر من الموت,fear
1200,بالقلق يؤثر على من الناس,anxiety
1201,أحاول أن بالهلع ولكن من الناس,anxiety
1202,علاقتي مع بالغضب الشديد أصبحت من المعاملة,anger
1203,في الأوقات الصعبة باليأس أشعر دون أحد,sadness
1204,أشعر بالاستياء في هذه الأيام من الوضع,anger
1205,بالقلق الدائم أصبح يسيطر على حياتي من المجهول,anxiety
1206,علاقتي مع بالرعب أصبحت من الفشل,fear
1207,بالاستياء يؤثر على من المعاملة,anger
1208,بالخوف الشديد أصبح يسيطر على حياتي من الوحدة,fear
1209,علاقتي مع بالرهاب أصبحت من الموت,fear
1210,أعاني من بالوحدة منذ مدة دون أحد,sadness
1211,في الأوقات الصعبة بالغضب الشديد أشعر من الناس,anger
1212,أحاول أن باليأس ولكن بلا أمل,sadness
1213,علاقتي مع بالغضب الشديد أصبحت من الحياة,anger
1214,بالقلق الدائم يؤثر على من المستقبل,anxiety
1215,أشعر بالخوف في هذه الأيام من المجهول,fear
1216,أتمنى لو أن بالغضب الشديد يمكن أن من المعاملة,anger
1217,أعاني من بالغضب الشديد منذ مدة من الوضع,anger
1218,لا أستطيع بالفزع بسبب من الوحدة,fear
1219,بالغضب الشديد يؤثر على من الناس,anger
1220,أعاني من باليأس منذ مدة وحدي,sadness
1221,علاقتي مع بالرعب أصبحت من المرض,fear
1222,أشعر بالرعب في هذه الأيام من التحديات,anxiety
1223,كل يوم بالاكتئاب وأنا دون أحد,sadness
1224,أحاول أن بالاكتئاب ولكن ضائعاً,sadness
1225,لا أستطيع بالغيظ بسبب من الظلم,anger
1226,بالحزن العميق أصبح يسيطر على حياتي ضائعاً,sadness
1227,أتمنى لو أن بالفزع يمكن أن من المرض,fear
1228,أعاني من باليأس منذ مدة دون أحد,sadness
1229,أحاول أن بالرعب ولكن من الفشل,anxiety
1230,علاقتي مع بالوحدة أصبحت وحدي,sadness
1231,بالاستياء أصبح يسيطر على حياتي من الظلم,anger
1232,أشعر بالغضب في هذه الأيام من الحياة,anger
1233,بالاكتئاب يؤثر على في الظلام,sadness
1234,أتمنى لو أن بالخوف يمكن أن من المرض,fear
1235,أتمنى لو أن بالهلع يمكن أن من المجهول,anxiety
1236,أعاني من بالغيظ منذ مدة من الحياة,anger
1237,بالرعب أصبح يسيطر على حياتي من المرض,fear
1238,باليأس يؤثر على بلا أمل,sadness
1239,في الأوقات الصعبة بالهلع أشعر من التحديات,anxiety
1240,في الأوقات الصعبة بالخوف أشعر من الموت,fear
1241,بالرعب يؤثر على من الموت,fear
1242,بالسخط يؤثر على من الوضع,anger
1243,بالخوف أصبح يسيطر على حياتي من المرض,fear
1244,أعاني من بالقلق الدائم منذ مدة من الفشل,anxiety
1245,بالاكتئاب يؤثر على ضائعاً,sadness
1246,أتمنى لو أن بالقلق الدائم يمكن أن من الناس,anxiety
1247,في الأوقات الصعبة بالاكتئاب أشعر بلا أمل,sadness
1248,أشعر بالهلع في هذه الأيام من الناس,anxiety
1249,في الأوقات الصعبة بالهلع أشعر من الفشل,anxiety
1250,بالغضب أصبح يسيطر على حياتي من المعاملة,anger
1251,كل يوم بالخوف وأنا من الموت,fear
1252,علاقتي مع بالقلق أصبحت من المجهول,anxiety
1253,أتمنى لو أن بالحزن يمكن أن في الظلام,sadness
1254,علاقتي مع بالرعب أصبحت من المستقبل,anxiety
1255,أعاني من بالقلق منذ مدة من المجهول,anxiety
1256,أتمنى لو أن بالحزن يمكن أن بلا أمل,sadness
1257,أعاني من بالخوف منذ مدة من المستقبل,anxiety
1258,أعاني من بالغيظ منذ مدة من الحياة,anger
1259,أتمنى لو أن بالاستياء يمكن أن من الناس,anger
1260,أشعر بالخوف في هذه الأيام من الموت,fear
1261,أعاني من بالقلق منذ مدة من المستقبل,anxiety
1262,أشعر بالرعب في هذه الأيام من المجهول,fear
1263,علاقتي مع بالغضب أصبحت من الظلم,anger
1264,بالقلق يؤثر على من المستقبل,anxiety
1265,في الأوقات الصعبة بالاستياء أشعر من الوضع,anger
1266,علاقتي مع بالقلق أصبحت من الناس,anxiety
1267,أعاني من بالحزن العميق منذ مدة بلا أمل,sadness
1268,في الأوقات الصعبة بالقلق أشعر من التحديات,anxiety
1269,علاقتي مع بالوحدة أصبحت في الظلام,sadness
1270,بالخوف أصبح يسيطر على حياتي من الوحدة,fear
1271,لا أستطيع بالغيظ بسبب من الوضع,anger
1272,علاقتي مع بالخوف أصبحت من الوحدة,fear
1273,لا أستطيع بالغيظ بسبب من الحياة,anger
1274,بالخوف الشديد يؤثر على من الفشل,fear
1275,أتمنى لو أن بالغيظ يمكن أن من الناس,anger
1276,أحاول أن بالخوف الشديد ولكن من الوحدة,fear
1277,بالحزن العميق يؤثر على ضائعاً,sadness
1278,أشعر بالاكتئاب في هذه الأيام ضائعاً,sadness
1279,بالهلع أصبح يسيطر على حياتي من الفشل,anxiety
1280,أحاول أن بالاكتئاب ولكن ضائعاً,sadness
1281,بالرهاب يؤثر على من الموت,fear
1282,أشعر بالحزن العميق في هذه الأيام في الظلام,sadness
1283,أعاني من بالفزع منذ مدة من الموت,fear
1284,في الأوقات الصعبة باليأس أشعر بلا أمل,sadness
1285,علاقتي مع بالرعب أصبحت من المستقبل,anxiety
1286,باليأس أصبح يسيطر على حياتي ضائعاً,sadness
1287,بالغضب يؤثر على من المعاملة,anger
1288,في الأوقات الصعبة بالخوف أشعر من الموت,fear
1289,أعاني من بالوحدة منذ مدة وحدي,sadness
1290,في الأوقات الصعبة بالخوف أشعر من المستقبل,anxiety
1291,أتمنى لو أن بالخوف يمكن أن من المستقبل,anxiety
1292,أحاول أن بالرعب ولكن من الفشل,anxiety
1293,بالفزع يؤثر على من الوحدة,fear
1294,في الأوقات الصعبة بالقلق أشعر من الفشل,anxiety
1295,أشعر بالسخط في هذه الأيام من المعاملة,anger
1296,أتمنى لو أن بالفزع يمكن أن من الفشل,fear
1297,علاقتي مع بالوحدة أصبحت ضائعاً,sadness
1298,في الأوقات الصعبة بالاكتئاب أشعر بلا أمل,sadness
1299,في الأوقات الصعبة بالغيظ أشعر من الناس,anger
1300,بالقلق أصبح يسيطر على حياتي من المجهول,anxiety
1301,أحاول أن بالحزن العميق ولكن بلا أمل,sadness
1302,كل يوم بالسخط وأنا من الناس,anger
1303,أشعر بالخوف في هذه الأيام من المجهول,anxiety
1304,أعاني من بالخوف منذ مدة من المستقبل,anxiety
1305,في الأوقات الصعبة بالفزع أشعر من المجهول,fear
1306,أتمنى لو أن بالفزع يمكن أن من المجهول,fear
1307,أشعر بالرهاب في هذه الأيام من الموت,fear
1308,في الأوقات الصعبة بالخوف الشديد أشعر من المرض,fear
1309,أحاول أن بالسخط ولكن من الوضع,anger
1310,بالخوف أصبح يسيطر على حياتي من المستقبل,anxiety
1311,كل يوم بالغضب الشديد وأنا من الحياة,anger
1312,أتمنى لو أن بالوحدة يمكن أن دون أحد,sadness
1313,أحاول أن بالاكتئاب ولكن وحدي,sadness
1314,بالوحدة يؤثر على وحدي,sadness
1315,بالرعب أصبح يسيطر على حياتي من المرض,fear
1316,لا أستطيع بالخوف الشديد بسبب من المجهول,fear
1317,بالاستياء يؤثر على من المعاملة,anger
1318,في الأوقات الصعبة بالحزن العميق أشعر دون أحد,sadness
1319,لا أستطيع بالقلق الدائم بسبب من المستقبل,anxiety
1320,بالغيظ يؤثر على من المعاملة,anger
1321,في الأوقات الصعبة بالحزن أشعر ضائعاً,sadness
1322,بالخوف الشديد يؤثر على من المرض,fear
1323,أحاول أن بالهلع ولكن من الفشل,anxiety
1324,أحاول أن بالخوف ولكن من المستقبل,anxiety
1325,علاقتي مع بالغضب أصبحت من المعاملة,anger
1326,أشعر بالغضب في هذه الأيام من الوضع,anger
1327,في الأوقات الصعبة بالحزن أشعر بلا أمل,sadness
1328,علاقتي مع بالفزع أصبحت من الفشل,fear
1329,أعاني من بالغضب الشديد منذ مدة من المعاملة,anger
1330,أعاني من بالوحدة منذ مدة في الظلام,sadness
1331,أتمنى لو أن بالرهاب يمكن أن من المرض,fear
1332,لا أستطيع بالقلق الدائم بسبب من المستقبل,anxiety
1333,بالرعب أصبح يسيطر على حياتي من المجهول,fear
1334,أتمنى لو أن بالحزن العميق يمكن أن دون أحد,sadness
1335,في الأوقات الصعبة بالرعب أشعر من الموت,fear
1336,في الأوقات الصعبة بالحزن أشعر بلا أمل,sadness
1337,علاقتي مع باليأس أصبحت في الظلام,sadness
1338,بالقلق الدائم يؤثر على من التحديات,anxiety
1339,أشعر بالرهاب في هذه الأيام من المجهول,fear
1340,أعاني من بالخوف منذ مدة من المرض,fear
1341,لا أستطيع بالغيظ بسبب من الوضع,anger
1342,باليأس أصبح يسيطر على حياتي ضائعاً,sadness
1343,علاقتي مع بالخوف أصبحت من المجهول,anxiety
1344,علاقتي مع بالرعب أصبحت من المستقبل,anxiety
1345,أعاني من بالحزن العميق منذ مدة دون أحد,sadness
1346,أشعر بالهلع في هذه الأيام من الفشل,anxiety
1347,بالاكتئاب أصبح يسيطر على حياتي في الظلام,sadness
1348,أتمنى لو أن بالغيظ يمكن أن من الظلم,anger
1349,لا أستطيع بالسخط بسبب من الحياة,anger
1350,بالحزن أصبح يسيطر على حياتي دون أحد,sadness
1351,أعاني من بالخوف الشديد منذ مدة من الموت,fear
1352,أحاول أن بالوحدة ولكن بلا أمل,sadness
1353,كل يوم بالخوف وأنا من التحديات,anxiety
1354,أعاني من بالوحدة منذ مدة دون أحد,sadness
1355,أتمنى لو أن بالغضب الشديد يمكن أن من الناس,anger
1356,لا أستطيع بالهلع بسبب من التحديات,anxiety
1357,علاقتي مع بالحزن أصبحت في الظلام,sadness
1358,علاقتي مع بالغيظ أصبحت من المعاملة,anger
1359,بالاكتئاب أصبح يسيطر على حياتي في الظلام,sadness
1360,في الأوقات الصعبة بالخوف أشعر من الوحدة,fear
1361,أعاني من بالغيظ منذ مدة من المعاملة,anger
1362,باليأس أصبح يسيطر على حياتي بلا أمل,sadness
1363,لا أستطيع بالوحدة بسبب دون أحد,sadness
1364,علاقتي مع بالوحدة أصبحت في الظلام,sadness
1365,بالرعب أصبح يسيطر على حياتي من المستقبل,anxiety
1366,في الأوقات الصعبة بالاكتئاب أشعر وحدي,sadness
1367,أحاول أن باليأس ولكن وحدي,sadness
1368,كل يوم بالرعب وأنا من الوحدة,fear
1369,أتمنى لو أن بالغضب الشديد يمكن أن من الظلم,anger
1370,أشعر بالهلع في هذه الأيام من المجهول,anxiety
1371,في الأوقات الصعبة بالوحدة أشعر في الظلام,sadness
1372,كل يوم بالقلق وأنا من الناس,anxiety
1373,بالغضب أصبح يسيطر على حياتي من المعاملة,anger
1374,أحاول أن بالاكتئاب ولكن وحدي,sadness
1375,باليأس أصبح يسيطر على حياتي بلا أمل,sadness
1376,أحاول أن بالاكتئاب ولكن بلا أمل,sadness
1377,بالخوف يؤثر على من الناس,anxiety
1378,كل يوم بالقلق الدائم وأنا من التحديات,anxiety
1379,أشعر بالخوف الشديد في هذه الأيام من الوحدة,fear
1380,أعاني من بالرعب منذ مدة من الناس,anxiety
1381,أعاني من بالاكتئاب منذ مدة ضائعاً,sadness
1382,علاقتي مع بالرعب أصبحت من الفشل,fear
1383,كل يوم بالغضب وأنا من الوضع,anger
1384,بالوحدة أصبح يسيطر على حياتي وحدي,sadness
1385,أشعر بالرعب في هذه الأيام من الناس,anxiety
1386,بالسخط أصبح يسيطر على حياتي من الوضع,anger
1387,بالحزن أصبح يسيطر على حياتي دون أحد,sadness
1388,أتمنى لو أن بالحزن العميق يمكن أن بلا أمل,sadness
1389,أحاول أن بالحزن العميق ولكن دون أحد,sadness
1390,علاقتي مع بالاستياء أصبحت من الناس,anger
1391,أحاول أن بالغضب الشديد ولكن من الظلم,anger
1392,أتمنى لو أن بالرعب يمكن أن من الوحدة,fear
1393,أشعر بالرهاب في هذه الأيام من الفشل,fear
1394,بالقلق الدائم أصبح يسيطر على حياتي من التحديات,anxiety
1395,لا أستطيع بالرعب بسبب من الناس,anxiety
1396,بالسخط أصبح يسيطر على حياتي من الحياة,anger
1397,لا أستطيع بالحزن العميق بسبب ضائعاً,sadness
1398,أعاني من بالرهاب منذ مدة من الفشل,fear
1399,أشعر بالهلع في هذه الأيام من المجهول,anxiety
1400,أعاني من بالرعب منذ مدة من المستقبل,anxiety
1401,بالفزع أصبح يسيطر على حياتي من المرض,fear
1402,كل يوم بالقلق وأنا من المستقبل,anxiety
1403,بالحزن العميق يؤثر على في الظلام,sadness
1404,لا أستطيع بالسخط بسبب من الناس,anger
1405,أتمنى لو أن بالسخط يمكن أن من الظلم,anger
1406,أتمنى لو أن بالخوف الشديد يمكن أن من الفشل,fear
1407,أتمنى لو أن بالغضب الشديد يمكن أن من الوضع,anger
1408,أتمنى لو أن بالغضب الشديد يمكن أن من المعاملة,anger
1409,بالسخط يؤثر على من الحياة,anger
1410,بالوحدة أصبح يسيطر على حياتي وحدي,sadness
1411,أشعر بالغيظ في هذه الأيام من الوضع,anger
1412,أحاول أن بالاكتئاب ولكن وحدي,sadness
1413,أتمنى لو أن بالغيظ يمكن أن من الحياة,anger
1414,في الأوقات الصعبة بالفزع أشعر من المرض,fear
1415,أحاول أن بالاكتئاب ولكن وحدي,sadness
1416,أتمنى لو أن بالاستياء يمكن أن من الناس,anger
1417,كل يوم بالقلق وأنا من المجهول,anxiety
1418,كل يوم بالوحدة وأنا في الظلام,sadness
1419,بالغضب الشديد أصبح يسيطر على حياتي من المعاملة,anger
1420,في الأوقات الصعبة بالرعب أشعر من المستقبل,anxiety
1421,بالاستياء يؤثر على من الظلم,anger
1422,كل يوم بالخوف وأنا من الناس,anxiety
1423,باليأس أصبح يسيطر على حياتي ضائعاً,sadness
1424,بالقلق الدائم أصبح يسيطر على حياتي من المستقبل,anxiety
1425,لا أستطيع بالرعب بسبب من المستقبل,anxiety
1426,بالقلق يؤثر على من التحديات,anxiety
1427,كل يوم بالوحدة وأنا ضائعاً,sadness
1428,أتمنى لو أن بالغضب يمكن أن من الناس,anger
1429,أحاول أن باليأس ولكن دون أحد,sadness
1430,بالغيظ أصبح يسيطر على حياتي من الناس,anger
1431,أتمنى لو أن بالخوف الشديد يمكن أن من الموت,fear
1432,أحاول أن بالرعب ولكن من المستقبل,anxiety
1433,في الأوقات الصعبة بالخوف أشعر من الناس,anxiety
1434,بالخوف أصبح يسيطر على حياتي من التحديات,anxiety
1435,أتمنى لو أن بالفزع يمكن أن من المجهول,fear
1436,أشعر بالهلع في هذه الأيام من المجهول,anxiety
1437,بالحزن أصبح يسيطر على حياتي في الظلام,sadness
1438,لا أستطيع بالحزن بسبب بلا أمل,sadness
1439,أعاني من بالخوف منذ مدة من المرض,fear
1440,أشعر بالغيظ في هذه الأيام من المعاملة,anger
1441,أحاول أن بالغضب الشديد ولكن من الحياة,anger
1442,لا أستطيع بالحزن العميق بسبب بلا أمل,sadness
1443,أحاول أن بالهلع ولكن من التحديات,anxiety
1444,أشعر بالاكتئاب في هذه الأيام في الظلام,sadness
1445,بالخوف يؤثر على من الفشل,fear
1446,علاقتي مع بالغضب الشديد أصبحت من الوضع,anger
1447,أتمنى لو أن بالاكتئاب يمكن أن في الظلام,sadness
1448,بالرعب أصبح يسيطر على حياتي من المجهول,fear
1449,كل يوم بالخوف الشديد وأنا من الوحدة,fear
1450,أحاول أن بالخوف ولكن من الناس,anxiety
1451,كل يوم بالفزع وأنا من المجهول,fear
1452,كل يوم بالغضب الشديد وأنا من الناس,anger
1453,بالحزن العميق يؤثر على بلا أمل,sadness
1454,أعاني من بالخوف منذ مدة من الفشل,fear
1455,باليأس أصبح يسيطر على حياتي وحدي,sadness
1456,لا أستطيع بالخوف الشديد بسبب من المجهول,fear
1457,أعاني من بالاكتئاب منذ مدة بلا أمل,sadness
1458,أشعر بالاكتئاب في هذه الأيام في الظلام,sadness
1459,علاقتي مع بالرعب أصبحت من الوحدة,fear
1460,لا أستطيع بالرعب بسبب من المرض,fear
1461,كل يوم بالقلق الدائم وأنا من الفشل,anxiety
1462,أشعر بالقلق في هذه الأيام من المجهول,anxiety
1463,لا أستطيع بالهلع بسبب من الفشل,anxiety
1464,في الأوقات الصعبة بالرهاب أشعر من الموت,fear
1465,باليأس يؤثر على في الظلام,sadness
1466,أتمنى لو أن بالغيظ يمكن أن من المعاملة,anger
1467,في الأوقات الصعبة بالحزن العميق أشعر وحدي,sadness
1468,أعاني من بالهلع منذ مدة من المستقبل,anxiety
1469,بالحزن العميق يؤثر على بلا أمل,sadness
1470,أشعر بالخوف في هذه الأيام من الوحدة,fear
1471,أتمنى لو أن بالرعب يمكن أن من المجهول,fear
1472,أشعر بالغضب في هذه الأيام من الناس,anger
1473,علاقتي مع بالسخط أصبحت من المعاملة,anger
1474,أشعر بالوحدة في هذه الأيام في الظلام,sadness
1475,أحاول أن بالغضب الشديد ولكن من المعاملة,anger
1476,بالاكتئاب أصبح يسيطر على حياتي دون أحد,sadness
1477,أشعر بالقلق الدائم في هذه الأيام من المستقبل,anxiety
1478,أشعر بالحزن العميق في هذه الأيام دون أحد,sadness
1479,في الأوقات الصعبة بالفزع أشعر من المجهول,fear
1480,لا أستطيع بالاكتئاب بسبب في الظلام,sadness
1481,أشعر باليأس في هذه الأيام وحدي,sadness
1482,أتمنى لو أن بالغيظ يمكن أن من الوضع,anger
1483,كل يوم بالفزع وأنا من المجهول,fear
1484,علاقتي مع بالغضب أصبحت من الحياة,anger
1485,في الأوقات الصعبة بالرعب أشعر من الموت,fear
1486,أعاني من بالحزن منذ مدة ضائعاً,sadness
1487,أحاول أن بالغيظ ولكن من الوضع,anger
1488,كل يوم بالغيظ وأنا من الناس,anger
1489,أحاول أن باليأس ولكن دون أحد,sadness
1490,باليأس أصبح يسيطر على حياتي دون أحد,sadness
1491,باليأس يؤثر على وحدي,sadness
1492,علاقتي مع بالرعب أصبحت من الموت,fear
1493,بالاكتئاب يؤثر على في الظلام,sadness
1494,أحاول أن بالرهاب ولكن من المرض,fear
1495,أحاول أن بالرعب ولكن من التحديات,anxiety
1496,لا أستطيع بالغضب بسبب من الحياة,anger
1497,بالحزن العميق يؤثر على في الظلام,sadness
1498,بالسخط أصبح يسيطر على حياتي من الحياة,anger
1499,علاقتي مع بالحزن أصبحت دون أحد,sadness
1500,بالقلق الدائم يؤثر على من الفشل,anxiety
1501,بالاستياء يؤثر على من الناس,anger
1502,علاقتي مع بالقلق الدائم أصبحت من الفشل,anxiety
1503,في الأوقات الصعبة بالغضب الشديد أشعر من المعاملة,anger
1504,أشعر بالخوف في هذه الأيام من المجهول,fear
1505,أشعر بالخوف في هذه الأيام من المجهول,anxiety
1506,أحاول أن بالغيظ ولكن من الحياة,anger
1507,لا أستطيع بالرعب بسبب من المستقبل,anxiety
1508,بالرعب يؤثر على من الناس,anxiety
1509,علاقتي مع بالخوف الشديد أصبحت من الموت,fear
1510,أعاني من بالوحدة منذ مدة في الظلام,sadness
1511,أعاني من بالخوف الشديد منذ مدة من المجهول,fear
1512,كل يوم بالقلق وأنا من المستقبل,anxiety
1513,في الأوقات الصعبة بالخوف أشعر من المرض,fear
1514,علاقتي مع بالسخط أصبحت من المعاملة,anger
1515,أحاول أن بالسخط ولكن من الظلم,anger
1516,علاقتي مع بالرهاب أصبحت من المرض,fear
1517,علاقتي مع بالغيظ أصبحت من الوضع,anger
1518,أشعر بالهلع في هذه الأيام من المجهول,anxiety
1519,أشعر بالغيظ في هذه الأيام من الوضع,anger
1520,في الأوقات الصعبة بالسخط أشعر من الظلم,anger
1521,بالهلع يؤثر على من المستقبل,anxiety
1522,علاقتي مع بالاستياء أصبحت من الوضع,anger
1523,بالحزن يؤثر على دون أحد,sadness
1524,بالوحدة أصبح يسيطر على حياتي دون أحد,sadness
1525,علاقتي مع بالاكتئاب أصبحت دون أحد,sadness
1526,لا أستطيع بالاكتئاب بسبب وحدي,sadness
1527,علاقتي مع بالغضب أصبحت من المعاملة,anger
1528,أتمنى لو أن بالفزع يمكن أن من الوحدة,fear
1529,أتمنى لو أن بالخوف الشديد يمكن أن من الموت,fear
1530,أتمنى لو أن بالغيظ يمكن أن من الظلم,anger
1531,في الأوقات الصعبة بالقلق الدائم أشعر من الناس,anxiety
1532,أعاني من بالهلع منذ مدة من الناس,anxiety
1533,في الأوقات الصعبة بالاستياء أشعر من الظلم,anger
1534,علاقتي مع بالهلع أصبحت من المستقبل,anxiety
1535,أشعر بالهلع في هذه الأيام من الناس,anxiety
1536,كل يوم بالرهاب وأنا من الفشل,fear
1537,أعاني من بالهلع منذ مدة من المستقبل,anxiety
1538,بالغيظ يؤثر على من الناس,anger
1539,أتمنى لو أن بالغضب يمكن أن من الحياة,anger
1540,بالخوف يؤثر على من الفشل,anxiety
1541,أشعر بالاكتئاب في هذه الأيام بلا أمل,sadness
1542,أتمنى لو أن بالحزن يمكن أن في الظلام,sadness
1543,في الأوقات الصعبة بالسخط أشعر من الناس,anger
1544,بالرعب أصبح يسيطر على حياتي من الوحدة,fear
1545,بالغيظ أصبح يسيطر على حياتي من الوضع,anger
1546,بالسخط أصبح يسيطر على حياتي من الوضع,anger
1547,لا أستطيع بالخوف الشديد بسبب من الوحدة,fear
1548,علاقتي مع بالاستياء أصبحت من الظلم,anger
1549,بالهلع يؤثر على من المستقبل,anxiety
1550,بالغضب يؤثر على من الظلم,anger
1551,أحاول أن بالغضب الشديد ولكن من الظلم,anger
1552,باليأس يؤثر على ضائعاً,sadness
1553,أتمنى لو أن بالحزن العميق يمكن أن وحدي,sadness
1554,في الأوقات الصعبة بالرعب أشعر من المجهول,anxiety
1555,أتمنى لو أن بالرعب يمكن أن من الوحدة,fear
1556,أشعر بالخوف في هذه الأيام من الموت,fear
1557,علاقتي مع بالخوف أصبحت من الفشل,fear
1558,أتمنى لو أن بالخوف يمكن أن من الوحدة,fear
1559,بالرعب يؤثر على من المجهول,anxiety
1560,كل يوم بالحزن العميق وأنا وحدي,sadness
1561,لا أستطيع بالرهاب بسبب من المجهول,fear
1562,في الأوقات الصعبة بالرعب أشعر من المستقبل,anxiety
1563,بالاستياء يؤثر على من الوضع,anger
1564,أحاول أن بالحزن ولكن في الظلام,sadness
1565,في الأوقات الصعبة بالاستياء أشعر من الظلم,anger
1566,أتمنى لو أن بالاستياء يمكن أن من الناس,anger
1567,بالخوف أصبح يسيطر على حياتي من الوحدة,fear
1568,لا أستطيع بالفزع بسبب من الوحدة,fear
1569,علاقتي مع بالقلق الدائم أصبحت من التحديات,anxiety
1570,أحاول أن بالاستياء ولكن من الناس,anger
1571,أعاني من بالرهاب منذ مدة من المجهول,fear
1572,أعاني من بالاستياء منذ مدة من الظلم,anger
1573,أعاني من بالقلق منذ مدة من الناس,anxiety
1574,بالاستياء يؤثر على من الحياة,anger
1575,أحاول أن بالرعب ولكن من المستقبل,anxiety
1576,لا أستطيع بالغضب الشديد بسبب من الناس,anger
1577,أحاول أن بالحزن ولكن في الظلام,sadness
1578,بالسخط أصبح يسيطر على حياتي من الحياة,anger
1579,كل يوم بالسخط وأنا من المعاملة,anger
1580,بالوحدة يؤثر على بلا أمل,sadness
1581,بالرعب أصبح يسيطر على حياتي من المستقبل,anxiety
1582,أتمنى لو أن بالقلق الدائم يمكن أن من التحديات,anxiety
1583,أشعر بالرهاب في هذه الأيام من المرض,fear
1584,لا أستطيع بالرعب بسبب من المجهول,fear
1585,في الأوقات الصعبة بالحزن أشعر في الظلام,sadness
1586,كل يوم بالرهاب وأنا من الفشل,fear
1587,بالوحدة أصبح يسيطر على حياتي في الظلام,sadness
1588,بالرعب يؤثر على من الفشل,anxiety
1589,في الأوقات الصعبة بالحزن العميق أشعر وحدي,sadness
1590,بالهلع أصبح يسيطر على حياتي من التحديات,anxiety
1591,أعاني من بالرعب منذ مدة من الفشل,fear
1592,كل يوم بالفزع وأنا من الوحدة,fear
1593,بالقلق الدائم يؤثر على من الفشل,anxiety
1594,في الأوقات الصعبة بالخوف الشديد أشعر من الموت,fear
1595,بالخوف يؤثر على من الفشل,anxiety
1596,كل يوم بالحزن العميق وأنا ضائعاً,sadness
1597,لا أستطيع بالوحدة بسبب بلا أمل,sadness
1598,لا أستطيع بالرعب بسبب من المجهول,fear
1599,علاقتي مع بالرهاب أصبحت من الوحدة,fear
1600,علاقتي مع باليأس أصبحت بلا أمل,sadness
1601,في الأوقات الصعبة باليأس أشعر بلا أمل,sadness
1602,في الأوقات الصعبة بالحزن أشعر في الظلام,sadness
1603,علاقتي مع بالحزن العميق أصبحت دون أحد,sadness
1604,كل يوم بالرهاب وأنا من الفشل,fear
1605,أتمنى لو أن بالوحدة يمكن أن وحدي,sadness
1606,كل يوم بالغضب وأنا من الوضع,anger
1607,أحاول أن بالحزن ولكن دون أحد,sadness
1608,أحاول أن بالقلق ولكن من الفشل,anxiety
1609,أعاني من بالهلع منذ مدة من التحديات,anxiety
1610,أحاول أن بالوحدة ولكن بلا أمل,sadness
1611,علاقتي مع بالهلع أصبحت من المستقبل,anxiety
1612,لا أستطيع بالغضب الشديد بسبب من المعاملة,anger
1613,علاقتي مع بالفزع أصبحت من المرض,fear
1614,كل يوم بالهلع وأنا من المجهول,anxiety
1615,في الأوقات الصعبة بالسخط أشعر من الوضع,anger
1616,بالغضب أصبح يسيطر على حياتي من المعاملة,anger
1617,لا أستطيع بالفزع بسبب من المرض,fear
1618,علاقتي مع بالغضب أصبحت من الظلم,anger
1619,بالاكتئاب يؤثر على ضائعاً,sadness
1620,لا أستطيع بالفزع بسبب من المرض,fear
1621,علاقتي مع بالخوف أصبحت من المستقبل,anxiety
1622,بالرعب أصبح يسيطر على حياتي من المرض,fear
1623,باليأس يؤثر على ضائعاً,sadness
1624,أشعر بالاكتئاب في هذه الأيام بلا أمل,sadness
1625,أحاول أن بالهلع ولكن من المستقبل,anxiety
1626,لا أستطيع بالحزن العميق بسبب وحدي,sadness
1627,في الأوقات الصعبة بالخوف أشعر من الفشل,fear
1628,لا أستطيع بالفزع بسبب من المرض,fear
1629,كل يوم بالحزن العميق وأنا في الظلام,sadness
1630,لا أستطيع بالرعب بسبب من الموت,fear
1631,لا أستطيع بالرعب بسبب من المجهول,fear
1632,علاقتي مع بالرعب أصبحت من المرض,fear
1633,في الأوقات الصعبة بالحزن العميق أشعر وحدي,sadness
1634,لا أستطيع بالغيظ بسبب من الظلم,anger
1635,أشعر بالرعب في هذه الأيام من المستقبل,anxiety
1636,أعاني من بالخوف منذ مدة من المجهول,anxiety
1637,لا أستطيع بالرعب بسبب من الفشل,fear
1638,أشعر بالقلق في هذه الأيام من الفشل,anxiety
1639,في الأوقات الصعبة بالغيظ أشعر من الوضع,anger
1640,في الأوقات الصعبة بالرهاب أشعر من الوحدة,fear
1641,أتمنى لو أن بالحزن يمكن أن بلا أمل,sadness
1642,أشعر بالقلق الدائم في هذه الأيام من المستقبل,anxiety
1643,كل يوم بالخوف وأنا من الفشل,fear
1644,علاقتي مع بالخوف الشديد أصبحت من المجهول,fear
1645,أتمنى لو أن بالهلع يمكن أن من الناس,anxiety
1646,أتمنى لو أن باليأس يمكن أن وحدي,sadness
1647,في الأوقات الصعبة بالغضب أشعر من الظلم,anger
1648,علاقتي مع بالخوف أصبحت من المجهول,anxiety
1649,لا أستطيع بالاستياء بسبب من الوضع,anger
1650,باليأس أصبح يسيطر على حياتي ضائعاً,sadness
1651,بالغضب يؤثر على من المعاملة,anger
1652,بالحزن أصبح يسيطر على حياتي في الظلام,sadness
1653,بالغضب الشديد يؤثر على من الناس,anger
1654,أعاني من بالغضب منذ مدة من الظلم,anger
1655,لا أستطيع بالرعب بسبب من المرض,fear
1656,أشعر بالرعب في هذه الأيام من المرض,fear
1657,كل يوم بالخوف الشديد وأنا من المجهول,fear
1658,كل يوم بالفزع وأنا من الموت,fear
1659,أعاني من بالغيظ منذ مدة من الحياة,anger
1660,بالغضب أصبح يسيطر على حياتي من الوضع,anger
1661,كل يوم بالغضب الشديد وأنا من المعاملة,anger
1662,علاقتي مع باليأس أصبحت ضائعاً,sadness
1663,بالحزن أصبح يسيطر على حياتي ضائعاً,sadness
1664,أحاول أن بالاكتئاب ولكن بلا أمل,sadness
1665,أحاول أن بالخوف ولكن من الناس,anxiety
1666,علاقتي مع بالغضب أصبحت من الناس,anger
1667,أشعر بالرهاب في هذه الأيام من الفشل,fear
1668,في الأوقات الصعبة بالوحدة أشعر وحدي,sadness
1669,بالهلع يؤثر على من المجهول,anxiety
1670,أحاول أن بالرهاب ولكن من الفشل,fear
1671,بالغيظ أصبح يسيطر على حياتي من الوضع,anger
1672,أشعر باليأس في هذه الأيام بلا أمل,sadness
1673,كل يوم بالهلع وأنا من الفشل,anxiety
1674,لا أستطيع بالرعب بسبب من المستقبل,anxiety
1675,في الأوقات الصعبة بالاستياء أشعر من الناس,anger
1676,أعاني من بالغضب الشديد منذ مدة من الوضع,anger
1677,كل يوم بالاستياء وأنا من الوضع,anger
1678,لا أستطيع بالغيظ بسبب من الناس,anger
1679,أشعر بالرعب في هذه الأيام من المرض,fear
1680,أعاني من بالفزع منذ مدة من المجهول,fear
1681,بالغضب أصبح يسيطر على حياتي من الحياة,anger
1682,علاقتي مع بالغضب الشديد أصبحت من الحياة,anger
1683,كل يوم بالحزن وأنا وحدي,sadness
1684,أعاني من بالغضب الشديد منذ مدة من الحياة,anger
1685,أتمنى لو أن بالخوف يمكن أن من الفشل,anxiety
1686,بالحزن العميق أصبح يسيطر على حياتي في الظلام,sadness
1687,أشعر بالقلق الدائم في هذه الأيام من الفشل,anxiety
1688,أتمنى لو أن بالحزن العميق يمكن أن وحدي,sadness
1689,أتمنى لو أن بالخوف يمكن أن من الفشل,fear
1690,كل يوم بالقلق الدائم وأنا من المجهول,anxiety
1691,بالاكتئاب يؤثر على بلا أمل,sadness
1692,بالقلق أصبح يسيطر على حياتي من الناس,anxiety
1693,أشعر بالغيظ في هذه الأيام من المعاملة,anger
1694,بالغضب الشديد أصبح يسيطر على حياتي من الظلم,anger
1695,في الأوقات الصعبة باليأس أشعر دون أحد,sadness
1696,علاقتي مع بالخوف أصبحت من المرض,fear
1697,أشعر بالحزن في هذه الأيام في الظلام,sadness
1698,بالغضب أصبح يسيطر على حياتي من الناس,anger
1699,في الأوقات الصعبة بالخوف أشعر من المرض,fear
1700,أحاول أن بالقلق الدائم ولكن من المستقبل,anxiety
1701,كل يوم بالخوف الشديد وأنا من الفشل,fear
1702,لا أستطيع بالغيظ بسبب من الناس,anger
1703,علاقتي مع بالفزع أصبحت من الوحدة,fear
1704,أشعر باليأس في هذه الأيام في الظلام,sadness
1705,بالخوف الشديد يؤثر على من الموت,fear
1706,أعاني من بالخوف الشديد منذ مدة من الفشل,fear
1707,كل يوم بالسخط وأنا من الظلم,anger
1708,بالرعب أصبح يسيطر على حياتي من التحديات,anxiety
1709,في الأوقات الصعبة باليأس أشعر وحدي,sadness
1710,كل يوم بالخوف الشديد وأنا من المجهول,fear
1711,علاقتي مع باليأس أصبحت في الظلام,sadness
1712,علاقتي مع بالرعب أصبحت من المجهول,anxiety
1713,علاقتي مع بالفزع أصبحت من المجهول,fear
1714,في الأوقات الصعبة بالغضب الشديد أشعر من الوضع,anger
1715,أعاني من بالوحدة منذ مدة دون أحد,sadness
1716,في الأوقات الصعبة بالخوف أشعر من المجهول,anxiety
1717,أشعر بالقلق في هذه الأيام من المجهول,anxiety
1718,بالرهاب يؤثر على من الوحدة,fear
1719,علاقتي مع بالخوف أصبحت من الفشل,anxiety
1720,لا أستطيع بالحزن بسبب ضائعاً,sadness
1721,أشعر بالخوف في هذه الأيام من المرض,fear
1722,علاقتي مع بالغضب الشديد أصبحت من الحياة,anger
1723,كل يوم بالوحدة وأنا ضائعاً,sadness
1724,علاقتي مع بالاستياء أصبحت من المعاملة,anger
1725,لا أستطيع بالاكتئاب بسبب بلا أمل,sadness
1726,بالغيظ أصبح يسيطر على حياتي من المعاملة,anger
1727,في الأوقات الصعبة بالقلق الدائم أشعر من الفشل,anxiety
1728,لا أستطيع بالقلق بسبب من المجهول,anxiety
1729,أحاول أن بالغضب الشديد ولكن من الوضع,anger
1730,أعاني من بالقلق منذ مدة من المجهول,anxiety
1731,في الأوقات الصعبة بالقلق الدائم أشعر من المستقبل,anxiety
1732,بالخوف أصبح يسيطر على حياتي من المستقبل,anxiety
1733,علاقتي مع بالهلع أصبحت من التحديات,anxiety
1734,لا أستطيع بالسخط بسبب من المعاملة,anger
1735,كل يوم بالخوف الشديد وأنا من المرض,fear
1736,أشعر بالغضب في هذه الأيام من الظلم,anger
1737,علاقتي مع بالقلق أصبحت من الناس,anxiety
1738,أشعر بالحزن في هذه الأيام دون أحد,sadness
1739,كل يوم بالقلق الدائم وأنا من المجهول,anxiety
1740,أحاول أن باليأس ولكن في الظلام,sadness
1741,بالغضب الشديد أصبح يسيطر على حياتي من الظلم,anger
1742,لا أستطيع بالهلع بسبب من الناس,anxiety
1743,أحاول أن بالرعب ولكن من المجهول,anxiety
1744,لا أستطيع بالخوف الشديد بسبب من المرض,fear
1745,في الأوقات الصعبة بالفزع أشعر من الموت,fear
1746,علاقتي مع باليأس أصبحت في الظلام,sadness
1747,أتمنى لو أن بالحزن يمكن أن بلا أمل,sadness
1748,كل يوم بالغضب وأنا من الوضع,anger
1749,بالسخط يؤثر على من الظلم,anger
1750,أعاني من بالفزع منذ مدة من الفشل,fear
1751,أعاني من بالخوف منذ مدة من الموت,fear
1752,بالخوف أصبح يسيطر على حياتي من التحديات,anxiety
1753,بالحزن العميق أصبح يسيطر على حياتي ضائعاً,sadness
1754,بالخوف يؤثر على من الموت,fear
1755,بالرعب يؤثر على من الفشل,anxiety
1756,بالغضب الشديد أصبح يسيطر على حياتي من الحياة,anger
1757,في الأوقات الصعبة بالسخط أشعر من الظلم,anger
1758,أشعر بالوحدة في هذه الأيام ضائعاً,sadness
1759,أتمنى لو أن بالفزع يمكن أن من الوحدة,fear
1760,أشعر بالفزع في هذه الأيام من المرض,fear
1761,بالغضب يؤثر على من المعاملة,anger
1762,علاقتي مع بالخوف الشديد أصبحت من الموت,fear
1763,بالغضب أصبح يسيطر على حياتي من الحياة,anger
1764,بالاستياء يؤثر على من الحياة,anger
1765,في الأوقات الصعبة بالرعب أشعر من الناس,anxiety
1766,أعاني من بالاكتئاب منذ مدة وحدي,sadness
1767,كل يوم بالخوف وأنا من الموت,fear
1768,بالغيظ يؤثر على من الوضع,anger
1769,أحاول أن بالغضب الشديد ولكن من الظلم,anger
1770,بالحزن أصبح يسيطر على حياتي ضائعاً,sadness
1771,أشعر بالخوف في هذه الأيام من المرض,fear
1772,أتمنى لو أن بالغيظ يمكن أن من المعاملة,anger
1773,أتمنى لو أن بالرعب يمكن أن من التحديات,anxiety
1774,أشعر بالغضب في هذه الأيام من الناس,anger
1775,كل يوم بالاكتئاب وأنا ضائعاً,sadness
1776,باليأس يؤثر على ضائعاً,sadness
1777,بالخوف الشديد يؤثر على من المرض,fear
1778,علاقتي مع باليأس أصبحت ضائعاً,sadness
1779,أعاني من بالحزن العميق منذ مدة ضائعاً,sadness
1780,أتمنى لو أن بالقلق يمكن أن من المجهول,anxiety
1781,كل يوم بالغضب الشديد وأنا من الناس,anger
1782,كل يوم بالغضب وأنا من الظلم,anger
1783,أتمنى لو أن بالفزع يمكن أن من الموت,fear
1784,أشعر بالخوف في هذه الأيام من الفشل,anxiety
1785,علاقتي مع بالرعب أصبحت من المجهول,fear
1786,بالهلع أصبح يسيطر على حياتي من المستقبل,anxiety
1787,كل يوم بالحزن وأنا بلا أمل,sadness
1788,بالغيظ يؤثر على من الظلم,anger
1789,كل يوم بالاستياء وأنا من الناس,anger
1790,في الأوقات الصعبة بالرعب أشعر من الفشل,fear
1791,أتمنى لو أن بالخوف يمكن أن من المجهول,anxiety
1792,أتمنى لو أن بالخوف يمكن أن من المرض,fear
1793,أحاول أن بالوحدة ولكن ضائعاً,sadness
1794,في الأوقات الصعبة بالرهاب أشعر من الموت,fear
1795,أحاول أن بالخوف ولكن من المستقبل,anxiety
1796,في الأوقات الصعبة بالخوف أشعر من المرض,fear
1797,أشعر بالاستياء في هذه الأيام من الناس,anger
1798,بالغضب أصبح يسيطر على حياتي من الحياة,anger
1799,علاقتي مع بالرعب أصبحت من المستقبل,anxiety
1800,في الأوقات الصعبة بالقلق الدائم أشعر من التحديات,anxiety
1801,في الأوقات الصعبة بالاكتئاب أشعر ضائعاً,sadness
1802,أشعر بالوحدة في هذه الأيام وحدي,sadness
1803,كل يوم بالحزن وأنا ضائعاً,sadness
1804,لا أستطيع بالرعب بسبب من الفشل,anxiety
1805,أحاول أن بالرعب ولكن من الناس,anxiety
1806,أتمنى لو أن بالاكتئاب يمكن أن في الظلام,sadness
1807,كل يوم بالاكتئاب وأنا في الظلام,sadness
1808,أحاول أن بالقلق ولكن من المستقبل,anxiety
1809,أتمنى لو أن بالاستياء يمكن أن من الظلم,anger
1810,أتمنى لو أن بالحزن العميق يمكن أن بلا أمل,sadness
1811,في الأوقات الصعبة بالحزن العميق أشعر دون أحد,sadness
1812,بالغضب أصبح يسيطر على حياتي من المعاملة,anger
1813,كل يوم بالحزن وأنا ضائعاً,sadness
1814,كل يوم باليأس وأنا ضائعاً,sadness
1815,في الأوقات الصعبة بالغيظ أشعر من الظلم,anger
1816,أعاني من بالوحدة منذ مدة بلا أمل,sadness
1817,علاقتي مع بالخوف الشديد أصبحت من المجهول,fear
1818,أحاول أن بالاكتئاب ولكن ضائعاً,sadness
1819,علاقتي مع بالغضب الشديد أصبحت من الظلم,anger
1820,أتمنى لو أن باليأس يمكن أن بلا أمل,sadness
1821,بالحزن يؤثر على دون أحد,sadness
1822,أحاول أن بالرعب ولكن من الموت,fear
1823,أشعر بالرعب في هذه الأيام من المجهول,anxiety
1824,علاقتي مع بالحزن أصبحت في الظلام,sadness
1825,بالرعب يؤثر على من المجهول,anxiety
1826,أحاول أن بالهلع ولكن من المجهول,anxiety
1827,لا أستطيع بالقلق بسبب من المجهول,anxiety
1828,كل يوم بالخوف الشديد وأنا من الوحدة,fear
1829,أعاني من بالقلق الدائم منذ مدة من المستقبل,anxiety
1830,علاقتي مع بالغيظ أصبحت من الناس,anger
1831,أشعر بالغيظ في هذه الأيام من الظلم,anger
1832,كل يوم بالاكتئاب وأنا دون أحد,sadness
1833,لا أستطيع بالسخط بسبب من المعاملة,anger
1834,أعاني من بالخوف منذ مدة من المستقبل,anxiety
1835,أعاني من بالاستياء منذ مدة من المعاملة,anger
1836,أحاول أن بالوحدة ولكن وحدي,sadness
1837,في الأوقات الصعبة بالرعب أشعر من المستقبل,anxiety
1838,في الأوقات الصعبة بالرعب أشعر من المجهول,fear
1839,كل يوم بالرعب وأنا من الفشل,anxiety
1840,أتمنى لو أن بالاستياء يمكن أن من الناس,anger
1841,بالقلق الدائم أصبح يسيطر على حياتي من المجهول,anxiety
1842,علاقتي مع بالفزع أصبحت من الفشل,fear
1843,أشعر بالحزن في هذه الأيام دون أحد,sadness
1844,بالخوف الشديد أصبح يسيطر على حياتي من المجهول,fear
1845,بالوحدة يؤثر على دون أحد,sadness
1846,أحاول أن بالوحدة ولكن دون أحد,sadness
1847,في الأوقات الصعبة بالغضب أشعر من المعاملة,anger
1848,أتمنى لو أن بالاستياء يمكن أن من المعاملة,anger
1849,أعاني من بالخوف منذ مدة من الفشل,anxiety
1850,في الأوقات الصعبة بالسخط أشعر من المعاملة,anger
1851,أتمنى لو أن بالحزن العميق يمكن أن بلا أمل,sadness
1852,أعاني من بالغضب منذ مدة من المعاملة,anger
1853,أشعر بالخوف في هذه الأيام من الفشل,fear
1854,أحاول أن بالخوف الشديد ولكن من الوحدة,fear
1855,بالهلع يؤثر على من المستقبل,anxiety
1856,أتمنى لو أن بالرهاب يمكن أن من الوحدة,fear
1857,بالهلع يؤثر على من المستقبل,anxiety
1858,لا أستطيع بالرهاب بسبب من الفشل,fear
1859,أشعر بالخوف الشديد في هذه الأيام من الموت,fear
1860,أتمنى لو أن بالوحدة يمكن أن ضائعاً,sadness
1861,أحاول أن بالغيظ ولكن من الظلم,anger
1862,علاقتي مع بالرهاب أصبحت من المرض,fear
1863,بالاكتئاب يؤثر على وحدي,sadness
1864,بالغيظ يؤثر على من الناس,anger
1865,أشعر بالخوف في هذه الأيام من الفشل,fear
1866,أتمنى لو أن بالخوف الشديد يمكن أن من الوحدة,fear
1867,بالقلق الدائم يؤثر على من الفشل,anxiety
1868,أعاني من بالحزن منذ مدة وحدي,sadness
1869,أعاني من بالغضب منذ مدة من الناس,anger
1870,كل يوم بالغضب وأنا من الحياة,anger
1871,بالقلق أصبح يسيطر على حياتي من التحديات,anxiety
1872,أحاول أن بالغضب الشديد ولكن من الوضع,anger
1873,علاقتي مع بالغيظ أصبحت من الناس,anger
1874,كل يوم بالخوف وأنا من الفشل,fear
1875,أشعر بالفزع في هذه الأيام من الموت,fear
1876,في الأوقات الصعبة بالخوف أشعر من الفشل,fear
1877,لا أستطيع بالرهاب بسبب من الوحدة,fear
1878,علاقتي مع بالفزع أصبحت من الفشل,fear
1879,أشعر بالرهاب في هذه الأيام من المجهول,fear
1880,بالاكتئاب يؤثر على دون أحد,sadness
1881,أتمنى لو أن بالسخط يمكن أن من الحياة,anger
1882,في الأوقات الصعبة بالحزن أشعر ضائعاً,sadness
1883,كل يوم بالخوف وأنا من الناس,anxiety
1884,كل يوم بالقلق وأنا من المجهول,anxiety
1885,أعاني من بالحزن العميق منذ مدة بلا أمل,sadness
1886,كل يوم بالقلق وأنا من المستقبل,anxiety
1887,كل يوم بالوحدة وأنا ضائعاً,sadness
1888,علاقتي مع بالقلق الدائم أصبحت من الناس,anxiety
1889,كل يوم بالخوف وأنا من الوحدة,fear
1890,بالخوف يؤثر على من المرض,fear
1891,أعاني من بالقلق الدائم منذ مدة من المستقبل,anxiety
1892,أحاول أن بالاستياء ولكن من الظلم,anger
1893,علاقتي مع بالرعب أصبحت من المجهول,fear
1894,أحاول أن بالرعب ولكن من الفشل,anxiety
1895,كل يوم بالهلع وأنا من المستقبل,anxiety
1896,لا أستطيع بالقلق بسبب من الناس,anxiety
1897,كل يوم بالخوف وأنا من المجهول,anxiety
1898,في الأوقات الصعبة بالغيظ أشعر من الحياة,anger
1899,أشعر بالاكتئاب في هذه الأيام وحدي,sadness
1900,كل يوم بالسخط وأنا من المعاملة,anger
1901,أعاني من بالرهاب منذ مدة من الوحدة,fear
1902,أعاني من بالرعب منذ مدة من الموت,fear
1903,أتمنى لو أن بالخوف يمكن أن من الفشل,anxiety
1904,أحاول أن بالقلق ولكن من المستقبل,anxiety
1905,أتمنى لو أن بالغضب الشديد يمكن أن من الوضع,anger
1906,أتمنى لو أن بالخوف الشديد يمكن أن من الفشل,fear
1907,في الأوقات الصعبة بالرهاب أشعر من الوحدة,fear
1908,بالرعب يؤثر على من الموت,fear
1909,أشعر بالقلق في هذه الأيام من المستقبل,anxiety
1910,أحاول أن بالسخط ولكن من الحياة,anger
1911,أعاني من بالقلق الدائم منذ مدة من التحديات,anxiety
1912,أحاول أن بالرعب ولكن من التحديات,anxiety
1913,بالغضب الشديد أصبح يسيطر على حياتي من الناس,anger
1914,أحاول أن بالاستياء ولكن من الناس,anger
1915,أعاني من بالقلق منذ مدة من الناس,anxiety
1916,بالحزن أصبح يسيطر على حياتي في الظلام,sadness
1917,بالسخط أصبح يسيطر على حياتي من الحياة,anger
1918,أتمنى لو أن بالفزع يمكن أن من الفشل,fear
1919,أعاني من بالوحدة منذ مدة في الظلام,sadness
1920,في الأوقات الصعبة بالقلق أشعر من الناس,anxiety
1921,أشعر بالغيظ في هذه الأيام من الوضع,anger
1922,أشعر بالاستياء في هذه الأيام من الناس,anger
1923,أتمنى لو أن بالحزن يمكن أن دون أحد,sadness
1924,أتمنى لو أن بالقلق يمكن أن من الفشل,anxiety
1925,كل يوم بالرعب وأنا من الناس,anxiety
1926,أحاول أن بالهلع ولكن من التحديات,anxiety
1927,في الأوقات الصعبة بالغضب أشعر من الحياة,anger
1928,بالقلق الدائم يؤثر على من التحديات,anxiety
1929,أحاول أن بالغضب الشديد ولكن من الناس,anger
1930,أتمنى لو أن بالوحدة يمكن أن ضائعاً,sadness
1931,بالفزع يؤثر على من الوحدة,fear
1932,بالخوف الشديد يؤثر على من الفشل,fear
1933,بالهلع يؤثر على من الناس,anxiety
1934,باليأس أصبح يسيطر على حياتي دون أحد,sadness
1935,أعاني من بالغضب منذ مدة من الظلم,anger
1936,لا أستطيع بالاكتئاب بسبب ضائعاً,sadness
1937,بالقلق الدائم أصبح يسيطر على حياتي من التحديات,anxiety
1938,في الأوقات الصعبة بالاكتئاب أشعر بلا أمل,sadness
1939,أتمنى لو أن بالرهاب يمكن أن من الموت,fear
1940,في الأوقات الصعبة بالرعب أشعر من المرض,fear
1941,أعاني من بالحزن العميق منذ مدة دون أحد,sadness
1942,أتمنى لو أن بالحزن يمكن أن دون أحد,sadness
1943,أحاول أن بالغيظ ولكن من المعاملة,anger
1944,علاقتي مع بالخوف أصبحت من الفشل,fear
1945,كل يوم بالخوف الشديد وأنا من الفشل,fear
1946,لا أستطيع بالرهاب بسبب من الوحدة,fear
1947,بالحزن العميق أصبح يسيطر على حياتي دون أحد,sadness
1948,بالغيظ يؤثر على من المعاملة,anger
1949,أعاني من بالغضب منذ مدة من الناس,anger
1950,كل يوم بالغيظ وأنا من الوضع,anger
1951,علاقتي مع بالرعب أصبحت من الفشل,fear
1952,أعاني من بالرهاب منذ مدة من المرض,fear
1953,علاقتي مع بالرهاب أصبحت من المجهول,fear
1954,كل يوم بالاكتئاب وأنا في الظلام,sadness
1955,لا أستطيع بالوحدة بسبب بلا أمل,sadness
1956,كل يوم بالسخط وأنا من الوضع,anger
1957,لا أستطيع بالخوف بسبب من الفشل,anxiety
1958,أتمنى لو أن بالاستياء يمكن أن من الظلم,anger
1959,أعاني من بالخوف منذ مدة من التحديات,anxiety
1960,بالسخط يؤثر على من الحياة,anger
1961,في الأوقات الصعبة بالاستياء أشعر من الوضع,anger
1962,بالقلق يؤثر على من الفشل,anxiety
1963,أعاني من بالحزن العميق منذ مدة دون أحد,sadness
1964,أشعر بالغضب في هذه الأيام من الناس,anger
1965,في الأوقات الصعبة بالخوف أشعر من المرض,fear
1966,بالرهاب يؤثر على من الوحدة,fear
1967,أحاول أن بالغضب الشديد ولكن من الوضع,anger
1968,أتمنى لو أن بالحزن العميق يمكن أن في الظلام,sadness
1969,علاقتي مع بالحزن العميق أصبحت وحدي,sadness
1970,أعاني من بالحزن منذ مدة دون أحد,sadness
1971,أحاول أن بالخوف ولكن من المجهول,anxiety
1972,لا أستطيع بالاستياء بسبب من الظلم,anger
1973,أعاني من بالغضب منذ مدة من المعاملة,anger
1974,كل يوم باليأس وأنا وحدي,sadness
1975,بالاكتئاب يؤثر على بلا أمل,sadness
1976,في الأوقات الصعبة بالخوف الشديد أشعر من الفشل,fear
1977,أشعر بالرعب في هذه الأيام من التحديات,anxiety
1978,أحاول أن بالقلق الدائم ولكن من الناس,anxiety
1979,لا أستطيع بالخوف بسبب من المجهول,anxiety
1980,أشعر بالخوف في هذه الأيام من المستقبل,anxiety
1981,بالغضب الشديد أصبح يسيطر على حياتي من المعاملة,anger
1982,لا أستطيع بالخوف الشديد بسبب من الموت,fear
1983,بالخوف أصبح يسيطر على حياتي من التحديات,anxiety
1984,أتمنى لو أن بالهلع يمكن أن من الفشل,anxiety
1985,أشعر بالفزع في هذه الأيام من الموت,fear
1986,في الأوقات الصعبة بالرعب أشعر من المجهول,anxiety
1987,أحاول أن باليأس ولكن ضائعاً,sadness
1988,في الأوقات الصعبة بالخوف الشديد أشعر من المرض,fear
1989,بالخوف يؤثر على من التحديات,anxiety
1990,بالاكتئاب أصبح يسيطر على حياتي في الظلام,sadness
1991,في الأوقات الصعبة بالحزن العميق أشعر في الظلام,sadness
1992,باليأس يؤثر على في الظلام,sadness
1993,بالقلق يؤثر على من الفشل,anxiety
1994,في الأوقات الصعبة بالخوف الشديد أشعر من الموت,fear
1995,لا أستطيع بالرعب بسبب من المجهول,anxiety
1996,بالوحدة يؤثر على دون أحد,sadness
1997,أحاول أن باليأس ولكن ضائعاً,sadness
1998,أعاني من بالغضب منذ مدة من الحياة,anger
1999,أشعر بالغيظ في هذه الأيام من الحياة,anger
1,الله يبارك انشاء الله مبروك,Happiness
2,برافو عليك فديواتك يقتلو بضحك,Happiness
3,يعيشك ❤ امان حلقة علي بسكلات,Happiness
"4,""just i want a family like this thanks for make me happy . The content you provide is very good, keep making videos like this.i hope to you all the best 🥰😍.وربي يخليكم لبعضكم و ربي يفضلكم❤"",Happiness"
5,احلى عائلة ما شاء الله,Happiness
"6,""ما شاء الله ، ربي يحميكم و يحفظكم محلاكم .. انتوما وين في المانيا ، خلي نعملو لمة هبة و البنوتات و متابعيها ❤❤❤"",Happiness"
7,سلام عملتلك ابوني  نجوى من فرنسا مقيمة في حدود سويسرا,Neutral
8,شاركينا كيفاه رحتي لألمانيا من فضلك,Neutral
9,ما شاء الله ربي يحفضكم ❤️❤️❤️,Happiness
10,17:33 ما شاء الله تبارك الرحمن هذيا الدنيا مانا الجنة كيف ربي يرزقنا الفردوس الأعلى من الجنة بدون حساب ولا سابق عذاب 🤲🏼🤍,Happiness
11,اختي معاش تعمل الموسيقى باش نجموا نتفرجوا و احنا عاملين جو معاك و من غير ذنوب ربي يبارك فيك ❤,Neutral
12,ما شاء الله عليكم. اول مرة اتابعكم و اكيد موش اخر مرة. فيديو رائع ربي يحفظكم. Bonne cotnuation,Happiness
"13,""ان شاءالله دائما متألقين و أحسنتم إختيار البلد فعلا سويسرا رائعة،و ربي يهنيكم و الله يباركلكم في البنات،Bravo🎉🎉🎉"",Happiness"
14,لقد هرمنا من اجل هذا الvlog عنا قريب الشهر نستناو ههه أجواء عالمية ما شاء الله ربي يحفظكم و بربي ما عادش تبطاو علينا ...💕,Happiness
"15,""مشاء الله الله يحفظكم عاد جيت من نفس المخيم ، هد المخيم نضيف بزاف أو انشاء الله غادي ندي ليه عائلتي لأنو يستاهل التخييم فيه. بالتوفيق والله يحفظ ليكم الوليدات"",Happiness"
16,❤❤❤ما شاء الله ربي يحفظكم,Happiness
17,ما شاء الله على بنت بلادي ربي يحفظكم❤,Happiness
18,يعطيكم الصحة 👍محلاكم خدمة تحفونه بالتوفيق ان شاءالله ❤❤❤,Happiness
19,مبروك عليك❤❤,Happiness
20,ربي يخليك خويا محلاكم لكن ماتتكلموش في الطوالات خاتر الملاءكة تلعنكم لأنها تضطر تدخل الطوالات باش تفيد كلامكم اقوالكم,Neutral
21,ههه والله يعطيك الصحة,Happiness
22,ما شاء الله عليك يا اختي حلومة نتعلم منك ويعطيك وسع البال ويخليلك اولادك❤🎉😊,Happiness
23,ما احلاها لوخية ربي ايفظلها وصحة التبحيرة حلومة أنا اسالتك على أكاديمية امتاع محمد بربي فين وتقري فرنسية و رياضيات نحب نقري ولدي جاوبني ايعيشك 😊😊😊,Happiness
24,🌹♥♥🌹♥♥🌹🤲🤲🤲 صباح الخير صباح الخير احلام اللهم امين يا رب ما شاء الله تبارك الله الله يبارك فيك الله يحفظك يا رب والله يحفظ كل العائله ما شاء الله ما شاء الله الله يحميكم يا رب,Happiness
25,صحة حلومة اما بربي وين البلاصة في سوسة,Neutral
26,ما شاء الله على زيزو ربي يحفظ و تفرح بيه و باخوات❤❤❤,Happiness
27,صباح النور يا حلومة انت علاش ما تعملي استديو فوق السطح ما شاء الله محمد ما زال يكبر و يوصل الباك ان شاء الله و جيوه اصحابو يبدأ مستقل علي روحو خير مجرد رأي رببي يعينك و صحة التبحبيحة لولداتي,Neutral
28,فما حاجة وراك,Neutral
29,لا بلحق ياسر خوفتنى مال مانيش مروح لتونس تو نبقى مع خالتى فى فرنسا😢,Fear
30,فما حاجة وراك😮😮😮😢😢😢😅😅,Fear
31,فما حاجة وراك,Neutral
32,المفروض يعتز بالاكل التونسي كان جاوا يحب بلادهم,Neutral
33,وعليكم السلام ورحمه الله وبركاته عواشر مبروكه,Happiness
34,لاحول ولاقوة الابالله العلي العظيم الله يرحمهم مساكن مبروك عواشرك اختي نسرين عيد سعيد ♥️🌹♥️,Sadness
35,تبارك الله عليك الله يعطيك الصحة,Happiness
36,ادعو مع بنتي الله يجازيكم بالخير بالتوفيق اليوم تبلغت بخبر رفض او نتيجة اختبار او القبول لوظيفة وهي جد حززينة وبكات بزااف مسكينة في يوم العيد وعواشر وبكيت معاها وانا مريضة بكيت تنحس بلي بنتي ما عندها زهر يارب عوضها بالاحسن يا كريم وفرحها اللي شاف تعليقي يدعي معاها الله يرحم والديك ويرزقهم الجنة وعيد مبارك سعيد,Sadness
37,عيدك مبروك متتبعة من الجزائر ❤❤❤,Happiness
38,الله يبارك فيك,Happiness
39,مبروك عيدك وينعاد عليك بالصحة والهناء,Happiness
40,عيدكم مبروك ❤ تحياتي من تونس 🇹🇳,Happiness
41,مبروك عيدكم,Happiness
42,عواشركم مبروكة بالصحة و السلامة و طول العمر إن شاء الله و تحياتي لكل صناع هاد المحتوى في أرض الوطن و لا في بلاد المهجر ... الحمد لله الأجواء ديال العيد دازت بخير .. أما بالنسبة لهاد القضية فآش غادي نقول ليكم غير حسبي الله و نعم الوكيل السيد لمجرد أنه ما قدرش يتحكم في أعصابه ارتكب جريمة قد راسو ... 💔,Sadness
43,عيد مبروك🎉🎉تحية كبيرة من الجزائر ❤❤,Happiness
44,السلام عليكم ختي نسرين عيدك مبروك ❤,Happiness
45,أنا تونسيا و من المهدية ربي يخليكم,Neutral
46,تحيا السعودية راني نحبكم برشا من تونس,Happiness
47,تونس ديمه الكلام عندك يقول وش😂😂😂,Happiness
48,تحية من السعوديه لاهلنا واحبابنا في تونس الخصراء مرحبابيكم ايعيشكم اشنوا حوالكم خوتنا في تونس احنا باهين انتوما باهين زادا ههه قداش باهين خوتنا بتونس انتوما باهين برشا عسلامه باش نقولكم نحن من السعودية باش نحبكم برشا 🇸🇦❤️🇹🇳,Happiness
49, آخر شي بكلمة تونس كلها شين شين شين,Neutral
50,حرفياً تونس كل شي اخر حرف ش,Neutral
51,تونس لهجتهم تهبل الله يبارك تعجبني ياسر ❤ احلى تحيا من الجزائر ❤️🙏🏻❣️,Happiness
52,نشال لباس😂😂😂❤فلوجة❤❤❤,Happiness
53,شنو اسم المسلسل الله يعيشكم ❤❤❤,Neutral
54,قليل أدب تصرفو غير مقبول كاين بزاف تلاميذ هك ميقدروش الأستاذ ويضحكو الأستاذ بشر ويحرج كيفكم قدروه ❤,Anger
55,أعملوا مسلسلات باش تطلع بناتكم قحاب كيفكم,Anger
56,هذه اللهجة جميلة جدا بالتوفيق❤,Happiness
57,الله يبارك خاوتنا التونسيين 🇩🇿🇩🇿🇩🇿❤❤🇹🇳🇹🇳🇹🇳,Happiness
58,فتونس هكا تقراو زعمة ستيل ماريكان ههه,Happiness
59,تو فما شكون اسمي نوح في تونس ههه,Happiness
60,هناك قوانين يحال لها النلميذ الى مجلس التربية .لكن مش من ضربة الاولى ايامات من رجوع التلانيذ الى المعاهد من عطلة الصيف وبعض الاساتذة لم يلتحقو بالدرس بعد...علاش تعطيل سير الدروس وخلق جو يسوده مشاكل بالله ناقصين...الاولياء دافعين دم قلبهم باش يانجم يدخل تلميذ للقسم والمعهد ..كل شي غالي اغلب اولياء في قروض...شي يوجع القلب..والله...الانضباط اخلقوه في لباس وهندام وطبلية لي توصل للوسط..ومفتوحة للفتيات .ووو..اللمضباط اعملوه خلق اقسام مراجعة باش اولادنا ميتلوحوش في شوارع كيف الاستاذ اغيب او ساعة,Anger
61,احنا كمان في موريتانيا بنلبس اي حاجة المهم بس ان البنت تكون مغطية شعرها ولباسها محتشم والولد ميكونش لابس شورت او شعرو يتخطى وذانو,Neutral
62,حاول من قبلك ابنها المتبرجة بورقيبة والمقبور الاخر ولكن لم يستطيعوا ان ينزعوا الصلاة والدين من التونسيون فاعتبيري ايتها العلمانية المقلدة للباس الغرب,Anger
63,صلوا الفروض في وقتها وفي أي مكان وهذه عجوز شمطاء لا تلقوا لها بالا حي الله الشباب شباب الإسلام شباب الامه وعماده الله يوفقكم,Anger
64,مديرة تلبس لباس المراهقات تريد واحد يطحن طيزها ما تريد الشباب يصلي 😂😂,Disgust
65,من ليبيا الله يبارك فيك ويرحم والديك ارض الله,Happiness
66,اللهم بارك شوية شباب و بنات رجالة الله يبارك فيهم ❤❤❤,Happiness
67,ما شاء الله جيل صالح وواعي يا رب ثبتهم,Happiness
68,برافو عليكم يا شباب بارك الله فيكم,Happiness
69,مبروك عليها العالمية,Happiness
70,الله يبارك فيك يا ولدي تستاهل ملعونة,Anger
"71,""هاهم الشباب الرجال ليغرحونا ، ما شاء الله عليك يا راجل ."",Happiness"
72,حسبنا الله ونعم الوكيل هذي مديره متصهينه كافره المفروض تفرح موش تعارك و تعليم في صوتها ما تستحي الله ينتقم منها ما شاء الله علي الشباب ربي يحفظهم ويسلمهم,Anger
73,انضرو إلا لباسها وصيفتها لا تكونو مفاجءين عاءرا من العاءرات حسبنا الله ونعم الوكيل,Disgust
74,مع الاسف تونس تحكمها النسويه وين رجال تونس,Anger
75,الله اكبر الله يبارك فيك ويعزك,Happiness
76,وين شباب تونس وين رجالها افصلوها من المدرسه هاذي المره تحارب الله ورسوله,Anger
77,ما شاء الله لا زال فالامة خير,Happiness
78,اقيموا الصلاة كل يوم غصبا عنها لكي تتعلم ظمن هذه التجربة بأن تونس بلد مسلم...تحياااتي لكم بالتوفيق ياشباب... ستكتب لكم عند الله ج...هادا باذنه...,Neutral
79,في عهد بورقيبة وبن علي ما كانوا يخلوا الشباب تصلي الان ما شاء الله الشباب تصلي بكل الساحات الله اكبر,Happiness
80,برافو عليكم ياشباب,Happiness
81,والله رجال الله يبارك فيه وفي امثاله,Happiness
82,عندنا صهاينة اكثر من الصهاينة متع اسرلءيل هاذي لازم يرحلوها لااسراءيل موش تونسية الخامجة هاذي,Anger
83,عاشت ايدها مبروك على تونس وحدة مثقفة من مستنقع التخلف والغباء الاسلامي هنيال تونس فيك عاشت ايدج,Disgust
84,من لباسها تعلم أنها فاجرة متكبرة تصلح لان تكون مسيرة بيت دعارةً وليس مدرسة,Disgust
85,الله يبارك فيك وجميع من ينضم الى هذا البطل,Happiness
86,ما شاء الله عليه الله يثبته على الحق الله يهديها للرشد والصواب ويعافيها من هالمرض اللي هي عليه,Neutral
87,برافو عليكم ارض الله مش ارضها هذه ماتصلح مربية اجيال هذه تجلس بالبيت لان ضرها اكثر من نفعها,Anger
88,ربنا يحفظكم يا اولادي صلوا صلاتكم ولا تتركوها ... الصلاة هي عماد حياة الانسان ... نظموا وقتكم بالنسبة لصلاتكم وليس العكس ما شاء الله عليكم من الجزائر... ربنا يحفظكم اما هذه المديرة فيا ويلها من غضب الله,Anger
89,أولادنا ما شاء الله عليهم أما الست دي منها لله حسبنا الله ونعم الوكيل فيها,Anger
"90,""هؤلاء من بقايا أولاد فرنسا 🇫🇷 المنافقون والمنافقات في بلداننا العربية والإسلامية، ما تستحي بذلك اللباس الذي يظهر عورتها. سبحان الله العظيم الحياء زينة المرأة الحقيقي. She’s only changing the colour of her skin with these tight clothes!!! أستغفر الله العظيم"",Disgust"
91,ما شاء الله عليه يتمتع برجولة من الصغر,Happiness
92,برافو عليكم,Happiness
93,أهنئكم الله يبارك فيكم ويكتر من امثالكم,Happiness
94,المرأة التونسية في إنحطاط تام.. وكل يوم تخرج خامجة جديدة باللباس العاري في البلاطوهات و التلفزيون وحتى المنصات تسمي نفسها فنانة. 😢😢😢,Disgust
95,لاعجب عليها ان تمنع الصلاة فقد خلعت لباسها الاسلامي وتبرجت والعلم عند الله هل تصلي هذه السيده ام لا استغفر الله,Disgust
96,إقرا المكتوب من عنوانه لباسها فاضح غير مستور كيف تبونها تتقبل الصلاة وينكن تكون نصرانية او يهودية او متأسلمة,Disgust
97,ماقصرتو برافو عليكن خلي هي وغيرها من هالأغبياء يعرفو انو ماحدا بيثنينا عن صلاتنا,Anger
98,الله يبارك فيك وفى اللى ربتك,Happiness
99,الله أكبر الله يبارك فيكم الصلاة ثم الصلاة ثم الصلاة 🎉🎉🎉,Happiness
"100,"",هذو ابناء لليهود الله يبارك في اولدنا"",Anger"
"101,""ما شاء الله، تربية الأولاد تربية حسنة ربي يثبتهم ويرضى عنهم اللهم هب لنا من أزواجنا و ذرياتنا قرة أعين❤ اللهم صلى وسلم على سيدنا محمد❤"",Happiness"
102,جمال ما شاء الله تبارك الخالق باقة من الزهور 🎉❤❤❤,Happiness
103,اللي مع الترجي و تونسي يحط👇🩷,Neutral
104,ما شاء الله على بنات بلادي ❤❤❤🎉,Happiness
105,أنا من الجزائر الله يبارك على بنات تونس,Happiness
106,أنا من تونس نشيخ علاها عندك مشكل🇹🇳🇹🇳🇹🇳🇹🇳🇹🇳❤❤❤,Anger
107,تحيه من تونس الى الجزائر الشقيقه احنا نحبكم برشا برشا❤❤❤,Happiness
108,😢😢😢😭😭😭❤🇮🇶 الله يبارك فيكم يا بنات 🧒 يا حلوات و عقبال الباقي و يارب يكون خير ❤,Sadness
109,ما شاء الله,Happiness
"110,""تحيا تونس الخضراء ، نحبكم برشا من ارض الرافدين"",Neutral"
111,أنا تونسي قبل تونس كان إسمها إفريقية,Happiness
112,تونس كان أسمها افريقية,Neutral
113,كان اسمها افريقيا ❤❤❤ أحب بلادي تونس ❤❤❤😊😊😊🎉🎉🎉,Happiness
114,تونس كان اسمها افرقيا,Happiness
115,تونس معناها عندي الحب ❤ربي يحفظك يا بلدي,Happiness
116,أنا من تونس🇹🇳🇹🇳🇹🇳وأنا نحبها برشا برشا,Happiness
117,أنا من تونس 🇹🇳 احبها برشا,Happiness
118,الحمد لله تونس ولت عندها شعبيه في اليوتيوب,Happiness
119,أنا نحب تونس 🇹🇳 برشا,Happiness
120,تحيا بلادي تونس 🇹🇳🇹🇳 نحبك برشا 😍,Happiness
121,تونس كان إسمها قرطاج أو أفريقيا,Happiness
122,و تونس كان أسمها لوبيا في عهد قرطاج,Happiness
123,من تونس بلدي و كان إسمها إفريقية,Happiness
124,تعرف أنو تونس كن اسمها قرطاج 🇹🇳 ؟,Happiness
125,مبروك 3000 الف مشترك❤,Happiness
126,الف مبروك حلوه❤,Happiness
127,جمال ما شاء الله تبارك الخالق باقة من الزهور 🎉❤❤❤,Happiness
128,اللي مع الترجي و تونسي يحط👇🩷,Happiness
129,ما شاء الله على بنات بلادي ❤❤❤🎉,Happiness
130,أنا من الجزائر الله يبارك على بنات تونس,Happiness
131,نسيم عبدك مبروك ❤❤❤😊❤❤❤😊,Happiness
132,الله يوفقك ويسعدك كنت عند كلمتك,Happiness
133,محلاااك والله ويعيشك على كل مجهوداتك❤❤,Happiness
134,انا من تونس احسن فيديوهات في العالم كله والله يعطيك الصحة برافو بليز جاوبزي,Happiness
135,بالله يبارك فيك شخنا على فيديواتك,Happiness
136,مليون مبروك يا 🎉 ناسيم,Happiness
137,اسمه gشاش الحوت هكا هكا يقولوله في صفاقس❤,Happiness
138,انشاء الله بالتوفيق ❤,Happiness
139,يعطيك الصحه ربي معاك فيبالك إلي انا تونسيه كيفك,Happiness
140,عيدكم مبروك,Happiness
141,إيعيشك نسيم على ختار نفضت وعدك,Happiness
142,راح نعطيك نصيحة أخوية. 😊😊استمر في مقاطع فيديو 24 ساعه. وبالتوفيق,Happiness
"143,""صحة صحة بالشفاء والهناء ليكم ,مغامرات رد بالك على روحك استحفظ على روحك بالتوفيق والنجاح"",Happiness"
144,ما شاء الله صحة و فرحة 🐠🐟,Happiness
145,خويا نسيم بش نقترح عليك تصور فيديو في المهدية بحرها باهي برشا نتصور تلقى أسماك,Happiness
146,يعيشك يانسيم طلعلي كومنتاري ماك تقراهم الكل بالله إجى لبحر سيدي عبد الله بالشابة أسإل عليه وإجا وبالله أعمل فيديو بش تزيد تأكد لناس إنو ما فماش حكاية القرش في الشابة,Happiness
147,ام شي صفاقس بحر و مهديت,Happiness
"148,""تبارك الله عيك ما شاء الله ربي يحفظك، محتوي ممتاز جدًا، لاكن انصحك يا نسيم ان تعمل ترجمة بالانجليزية على محتواك حتّى تكبر قناتك و يصل محتواك الى العالم و لا يكون مقتصرًا الاّ في تونس"",Happiness"
149,ياخويا نسيم تحياتي ليك من تبسة جيرانكم حبيت نطلب منك تصطاد لي هديك الصدفة الي فيها لؤلؤ من الداخل يعيشك اقرأ تعليقي راني شحال وانا متمنيتها,Happiness
150,انا زدا كيفك انحب لبحر. تنمشي مع عايلة لبحر سوسة. شط مريم زعم نلقى. مخلوقات بحري؟,Happiness
151,يا نسيم خويا شوفلنا كيفاش تلقالنا سلحفاة بحر تحبو نشوف فيديو كامل على سلحفاة البحر فما برشا اماكن تلقاها فيها مثل جزيرة قوريا بالمنستير 😊❤👏👏,Happiness
152,ولدي تغرم بالبحر على خاطره يتفرج على فيديواتك ربي يخليك ❤❤❤,Happiness
153,يعيشك يا نسيم على هالفيديو مش نورمال يهبل ربي يفضلك لنا 😊😊😊❤❤🎉🎉🎉❤❤❤,Happiness
154,الله يبارك ربي يدومها إن شاءالله,Happiness
155,الله يبارك ما أجمل أن تأخذو راحة بعد اختبار صعب أو ضغط دروس🎉😊,Happiness
156,ما شاء الله يا منى الله يحفظك ❤ حبيبتي,Happiness
157,الف مبروك حبيبتي,Happiness
158,مبروك عمرك نفس عمري❤❤🎉🎉,Happiness
159,ألف ألف 🎉🎉🎉 مبروك ❤,Happiness
160,أحلى منئ جميله أميرة الشاطرة الذكية حلوة حفلتها صاحبتها😊❤هي على راحتك على كيفك￼😊 يا عمري❤😊,Happiness
161,الف. الف. مبروك. مبروك❤❤❤,Happiness
162,انا عندي هكا,Happiness
163,ألف مبروك 🎉🎉,Happiness
164,١ مبروك العيد انت اختك ا لاله ومبروك مبروك العيد ومبروك عليك اسمحي لي راهي الغلط,Happiness
165,ما شاء الله البنت مؤدبة الله يحفظها لك,Happiness
166,ما شاء الله هذا كنز مو هديه ههه,Happiness
167,منى❤❤❤ ❤❤❤انا اسم بلقيس من تونس,Happiness
168,الف مبروك نشالله 😊😊😊,Happiness
169,ما شاء الله يا مدلعه ههه😂,Happiness
170,مبروك,Happiness
171,الله يبارك ختي,Happiness
172,انا نفسى فى هدية زيها 😔 * ما شاء الله,Happiness
173,بسم الله ما شاء الله صلاة النبي,Happiness
174,1000 مبروك,Happiness
175,منى كيفك ممكن تعمليلي هديه,Happiness
176,اي ما شاء الله انا بس يصير عيد ميلادي يقولولي كبر جحشنا سنة,Happiness
177,ذكية ما شاء الله,Happiness
178,المحتوي لي هكا علاش ما يتشهرش أكثر في تونس ؟,Happiness
179,مرحبا كيفك اخوي انا من فلسطين كيف بتقدر تساعدني في التقديم لجواء لا كندا,Happiness
180,انشاء الله بالتوفيق,Happiness
181,تونسي عندي شهادة في البناء,Happiness
182,كيفك,Happiness
183,انا مروان من صفاقس عندي شعد في نخار,Happiness
184,يعيشك خويا,Happiness
185,بالتوفيق للجميع إنشاء الله,Happiness
186,زعمة مكانش الخدمة الله يذلك ماشي تساسي زلابية متاع تونس,Happiness
187,هي قسمة و نصيب اما نفس الشيء الله غالب نفس سيستام . كان تحب تخدم في تونس صعيب . اما كان عندك شكون في la tunisie حاجة اخرى .,Happiness
188,عجبني كي قال سافرت بصح غي فالجزائر 😂 والله كامل كيفكيف طبنا فيها,Happiness
189,تونس مزيانة وباهية برشا برشا تحياتي من الجزائر نحبوكم بزاااف بزاااف❤❤❤,Happiness
190,🇹🇳🇸🇦🌹🫶عيدكم مــبـارڪ🫶🌹🇸🇦🇹🇳 احفاد الصحابه المرابطين والموحدين قلوب الرجال وعزة الاسلام اخواننا بتونس الحبيبه اهلنا رجال الصمود والنخوة والشهامة 🫶🇹🇳🇸🇦🇹🇳🇸🇦🇹🇳🇸🇦🇹🇳🇸🇦🫶العزة للّٰه ثم رجال الاسلام والعروبه اهلنا اخواننا التوانسه ايه نعم اي وربّٰ الكعبه يشهداللّٰه انتم رجال الصمود وغيرة وحمية الاسلام يعيشكم تحيا تونس والجزائر وليبيا دمار لدول الكفر وعزة لنا وغزة والمسلمين🇸🇦🫶🫶حبكم بقلوبنا اللّٰه اكبر اللّٰه اكبر اللّٰه اكبر لااله الااللّٰه اللّٰه اكبر اللّٰه اكبر وللّٰه الحمد,Happiness
191,ما شاء الله تلك الحي أغلى من ميزانية الجزائر المنكوبة التي تعاني من الطوابير و الجوع و الاحياء المهمشة القصدرية الهشة 😮,Happiness
192,جمال ما شاء الله تبارك الخالق باقة من الزهور 🎉❤❤❤,Happiness
193,اللي مع الترجي و تونسي يحط👇🩷,Happiness
194,ما شاء الله على بنات بلادي ❤❤❤🎉,Happiness
195,أنا من الجزائر الله يبارك على بنات تونس,Happiness
196,ما شاء الله ربي يباركلو على صدقوا إن شاءالله و إن شاء الله بش نمشي نجربها أنا نحب لبلايص كيما هكا,Happiness
"197,""الله يبارك ، روعة"",Happiness"
198,برافو عليك النجاح ينبع من داخلنا وتراثنا من اي بلد كان الشخص الله يرزقك ويرزق منك يارب اعجبتني محافظه على لهجتها ماكائنها اتغربت واعجبني كلامها ثقافتها وإمتنانها للبلد اللي هي فيه وشكرها لرب العالمين سبحانة,Happiness
199,ههه وليبيا وين خليتها و معلوماتك الجغرافية ضعيفة ...يعيشك برشا برشا اليوم عرفتك معلومة جديدة عن المغرب العربي.,Happiness
200,أولا العلم غالط هذا علم تركيا 🇹🇷و هذا علم تونس 🇹🇳 ثانيا تقولو الفيديو باش يعجبك برشا برشا ماهوش يعيشك برشابرشا الفيديو باش يعجبك كسرتها كرايمها اللغة ماتعرفش تستعمل الكلام التونسي ماتستعملهاش و أحكي عادي التونسا ذكين يفهمك حتي لو تحكي هندي,Happiness
201,علم تونس🇹🇳🇹🇳🇹🇳🇹🇳🇹🇳🇹🇳🇹🇳✅ صحة و بالشفاء الكسكسي و العجة و المرقاز و الهريسة العربي👌🌶🌶برشا برشا 😎👍,Happiness
202,آني من تونس وعايش فالرياض أضاك علاش إسمي نعيم مبروك ❤أبنسب تونس أحسن بلاد الناس فيه باهين برش ويحب بعضهم كيف لخوات قدرولي تعبي بشوي لايكات,Happiness
203,معلوماتك غالطة تونس أقدم بلد في شمال أفريقيا و المطبخ التونسي مستوحة من منتجات الفلاحية المتميزة بها تونس إيطاليا أخذت الباستا من بنزرت لأنها تونس معروفة بانتاج ارفع أنواع الطماطم المعروفة باحمرارها ليست مثل الطماطم الأوروبية و تونس معروفة باقدم و أحسن أنواع القمح الصلب و الشعير و زيتون معروفة به تونس من ارفع و أقدم زيتون و كانت تسمى في عهد الرومان مطمور روما... مع كل احترامنا للجيران لكن المطبخ التونسي يدرس فالعالم...,Happiness
204,إن شاء الله لباس هذا موش علم تونس 🇹🇷. هذا هو العلم التونسي 🇹🇳,Happiness
205,🇹🇳🇹🇳🇹🇳🇹🇳🇹🇳🇹🇳🇹🇳🇹🇳 موش 🇹🇷🇹🇷🇹🇷🇹🇷🇹🇷🇹🇷,Happiness
206,هذا موش علم تونس 🇹🇷 😂 🇹🇳 هذا هو علمنا,Happiness
207,ينفع ولا ماينفع المهم عندهم ناس متعلمة وقمة في العلم والخلق ماهمش كيفك فجعاتك بطنك 🇹🇳🇱🇾,Happiness
208,أنا تونسي . و نقلك عندك الحق😅,Happiness
209,تونس 🇹🇳 مفها شي حلو 😂اصلا 😢مع احترامي للتونس😅,Happiness
210,ان شاء الله مبروك عليكم الطهور و الحمد الله علي الدين الاسلام,Happiness
211,ماشاء الله ❤ عجبتني كي فسرت علاش محبيتش الماتشا بالتوفيق,Happiness
212,الحمد الله يا ربي لباس علينا بربي يزي من البڤ...يزيو من المقارنات بجاه إلي خلقكم,Happiness
213,الله يبارك تحيا الجزائر و شعب الجزائر في ضل الوحدة الوطنية المجد و الخلود لشهداءنا الأبرار.,Happiness
214,جلسي ف بلادك علاش داخلة تونس 😂😂😂,Happiness
215,حاجة مما فهمتش كيفاش الوجهة المفضلة لي الجزاىرين يروحو التونس,Happiness
216,تحيا تونس تاريخ و الحاضر و المستقبل قاهرة الجرذان كي هيا غاليا و ماهيش عاجبتك تونس علاش جايا شدو بلادكم معادش تجيو مرخصكم تجيو لتونس تزاحمونا في مستشفياتنا و فنادقنا و مبعد تسبونا خليك في حوشكم احسن سياحة للاجانب أفضل من مليون عربي ناتن عايشين بالصرف متاع منحة بطالة و الفقر و تحل في كشختك علي اسيادكم مشكل في ديناركم رخيص كيفكم,Happiness
217,الله يبارك عندهم وحد القبول,Happiness
218,تونس ياتونس... علاش نحبكم؟,Happiness
219,المحير والذي أمقته اتسعمال الجزائريين الفاظ فرنسية رغم أن العربية لها ميزة نزل بها القرآان والأخت ما شاء الله لباس محتشم للغاية معذرة.,Happiness
220,دراهمنا طايحين ختي ماشي الأسعار في تونس غالية,Happiness
221,في تونس مفماش زواولة كيفكم,Happiness
"222,""عواصم العالم الكل غالية لأن المعشية غالية واي انسان يختار العاصمة يعرف علاش قادم والاغلبية لباس عليهم ،والزوالي أختار ،انا لا اقبل الإهانة بتونس وتبقى احسن دولة في الدول العربية وفي العالم ❤"",Happiness"
223,شفت البغض لي في ليكومنتار من التوانسة وللاسف كنت في تونس منذ 3 ايام وبغضهم بدا علينا ملجدود وروح وشفت الزوالي التونسي يخرج في خيرات بلادي قدام عينينا عايشين من خير بلادنا ويعايرو فينا طيرو لسما ماتلحقوش حتى تراب الارض لي يمشي عليها الجزائري كيفكم كيف الجوارين لخرين حقوديين كثر خير دزاير لي راها حالة الحدود تاكلو منها الخبز وتعمرو في ليسونس والمازوت كلش شفته بعيني الغاز هو تالي ماعندكمش في دياركم جيعانين وطالابين وتعايرو في سيادكم,Happiness
224,الحمدالله هنا عايشين و لباس و الحمدلله,Happiness
225,من المفروض ما تهدرش تجيبولنا العين دراع فال ما شاء الله وخلاص التوانسة راهم عايشين معانا منا منهم,Happiness
226,ممكن متابعة الله يبارك فيكم خاوتي ♥️♥️♥️,Happiness
227,الزيت تع تونس وتعنا مشي كفكف لهذا السبب فهو باهظ الثمن حتى الاشياء لذكرتهم ماشي كفكف,Happiness
228,شروط اللباس الشرعي للمرأة المسلمة 1- استيعاب جميع البدن إلا ما استثني. 2- أن لا يكون الثوب زينة في نفسه. 3- أن يكون صفيقاً لا يشف. 4- أن يكون فضفاضاً غير ضيق يصف.,Happiness
229,ما شاء الله ربي يحفظكم تهبلو كلام موزون و تواضع و ثقة بالنفس و افتخار ببلد الشهداء الجزائر,Happiness
230,كيفاش تونس ولاية جزائريه,Happiness
"231,""ما هذا اللباس الأفغاني، جاو من أفغانستان 🇦🇫؟"",Happiness"
232,كنتم ديمه الجزائريين اقوى بلاد في العالم ودائما انتم ما فماش كيفكم رحمه ربي اقوى شعب في العالم,Happiness
233,بالتوفيق للجميع🇩🇿🇹🇳😍,Happiness
234,❤❤❤ شبات تقول قمرات الله يبارك 🇩🇿🇩🇿🇩🇿,Happiness
235,والله عيشين ولباس لكن فما نا س مالفا بالتسول من الصغر سلالة في عايلتتهم او بل احر في اصولهم,Happiness
236,ما شاء الله تبارك الرحمن على بنات الجزائر الحبيبة,Happiness
237,الله يبارك ❤❤,Happiness
238,بصح عندكم واحد الملفوف الله يبارك,Happiness
239,الله يبارك ساترين رواحهم,Happiness
240,المعيشة عندنا ولا عندهم كيف كيف حن حنا لمعيشة صعابت غير لي لباس عليه لي راهو عايش,Happiness
241,علاه تضبحو علينا علاااه الله يبارك على بلادنا وصح عام لي فات كي دخلت للحدود بكيت,Happiness
242,انت. علاه. رايحة لتونس,Happiness
243,عنددك الحق انا رحت هربت تحيا الجزائر كلش غالي في تونس ارجهت روحت وهرن ما شاء الله المطاعم ما شاء الله رغم اني اعيش في الغربة تحيا الجزائر بلاد الخير,Happiness
244,بلاهي تعيش في بلاد الفقر كيفنا كيفكم وجاية تفشلم تي بري فلوسكم ودراهمكم صفر ماتجي شيء طايحين مايسواو فرنك ودينارنا طالع يا ذكية وعايشين والحمد الله ببركة ربي وخير بلادنا,Happiness
245,وخيتي ايجي مرحبا اما ماتحكيش في حاجات وانتي ماكش فاهمة شيء تحب تتكلم وكهو راو الفلوس الي تجي بيها ماتعملك شيء prsq الدينار الجزائري طايح دينار جزائري يجي 200 فرنك تونسيه. وخاصة الي كيفك تجي ب100 د تونسية نقظي بيها انا في نهار وانتي تحب تشري الحلو وتحوس في سيدي بوسعيد وتسكن شويا logique يعيشك ويزي من التبهليل والهزان والنفظان قتلو الياغرت غالي كان قلت لحم نقلك عادي حتى في الجزائر غالي cn كل شيء عادي غير الناس الي مايحمدوش ربي ديما يتشفعوا ومايعجبهم لعجب كيفك سيادتك,Happiness
246,المساولين التونسا حشمتهم على أرواحهم 😢هذا كان حسو😅,Happiness
247,الناس الذين خرجوا يطبلون للانقلاب هم سبب هذا البلاء منذ الانقلاب و المواطن التونسي يعصر و يطحن كل يوم و مبروك للذين فرحوا للدكتاتورية عاش الدكتاتور و تونس بدون ديكتاتور ليست تونس,Happiness
248,لباس علينا الحمد لله اش خلاك تجي سبعة مرات,Happiness
249,بلاد كان عهد بن علي لباس علينا مشاء بن علي جات السراق والخونة والمتخذلين والكذب,Happiness
250,مدام هكذا علاه رايحة لتونس 🤔,Happiness
"251,""وين عندها بش تمشي ، كل عام عندهم منحة من التبون تقريبا 100dt , وين بش تمشي؟؟ الى المغرب في الحدود تضربها ريحة دوخ متنجمش تدخل ، الى النجير او مالي الدنيا سخونة مسكينا تروح مقليا ، ليبيا فيها جهاد النكح برشا ، و من فوق فما كان بحر ، تبقالك كان تونس ، الورلا ، تجي لتونس ( تكل الغلة و تسب الملأ )"",Happiness"
252,الحمد الله تونس جتنا ازمه كي عالم لكل والحمدالله عنا رخيص وعنا متوسط وعنا غالي نشربو في حليب وياغورط ولباس,Happiness
253,أنت ماشية جاية على تونس علاه؟؟؟,Happiness
254,شنوا تونس ولاية تونس دولة تختلف كل شي حتى دزاير غالية تقارن فلوس تونس ودزاير هذاك علاش جاتك غالية برشا اما بنسبة تونسي لباس حمد الله نشرو ونسهرو وناكلو ونمشو كل مكان,Happiness
255,ما أجمل ابنتها تبارك الله ما شاء الله ❤,Happiness
256,عندي صحابي في تونس قالولي لي ماعندوش يموت,Happiness
257,اخر زيارة لتونس كانت 2008 كانت مليحة وفيها الامان درك الله اعلم يقولو غالية بكري كانت الله يبارك,Happiness
258,الدينار الجزاءري راه يعيشك غي فبلادك قيمتوا طايحة 😂😂😂,Happiness
259,😂كي الجزائر كي تونس كي المغرب كل كيفكيف كل إفريقيا و مسلمين حبسو من الفتنة,Happiness
260,واش فائدة الدينار التونسي و في بلادك ما يعيشكش نتوما قيمة الدينار عالية بسباب السياحة و توافد السياح اما انتم ما عندكمش مداخيل من العملة الصعبة من غيرها ما تنتجوا ما تصنعوا ما عندكم ثروات انتم بسباب ليبيا و الجزائر اللي بلادكم مزالها واقفة,Happiness
261,الجزائرى يمشى اى دولة وينتقض رغم حالة الفقر والباس ويتعنصر ويحقد على الاخرين,Happiness
262,ما شاء الله عليها,Happiness
263,الله يبارك بنتها عندها عينين لايوجد كثير مثلها,Happiness
264,ماشي كيفكيف باسكو الدولة الجزائرية عاملة سياسة دعم المواد الاستهلاكية لذالك هناك فرق شاسع,Happiness
265,سياحة فقراء سياحة مليون جايع شدو بلادكم مخيب مناضركم نهار و طولو تبكو و تشكو علينا ماهوش ذنبنا الي عملتكم طايحة و معندها حتى قيمة تونس اجوها عشرة ملاين سايح و لا واحد فيهم تشكى من غلاء معيشة الا انتم يا شعب طوابير حمدالله عايشين في خير و نعمة و منعانيوش من سوء تغذية كيفكم,Happiness
266,علاه تجو لتونس وتتشكاو من تونس شعب مريض,Happiness
267,زرت تونس ❤ جزيرة جربة .. انا والعائلة في الصيف اقسم بالله .. غير حطونا تاج👑_ فوق رؤوسهم_ ما شاء الله شعب تونس كي يعرفو بلي جزائري🇩🇿 👈حكومة 🇹🇳والشعب ربي يحفظكم ..🤲 رمضان على الابواب 🤲 مايجوزش الافطار بلا منتفرجو سكاتش توانسا 🇹🇳🫡💯💯💯🫡,Happiness
268,تونس بلاد الزوالي يعيشو ولباس بحذاقة النساء والقناعة ولباس,Happiness
269,ما أجمل و ما أحلى بنتها ما شاء الله ❤,Happiness
270,الله يبارك ربي يحفظكم ❤❤🇩🇿🇩🇿🇩🇿🇩🇿🇩🇿🇩🇿🌴🌴🌴,Happiness
271,صحيح كلامها ياسر غلا في تونس,Happiness
272,كيفاش قالت تونس ولاية جزائرية,Happiness
273,أحنا بلادنا تونس الحمد لله عايشين لباس علينا وناكلو الياغورت والڨاطو واللحم والحوت وراس أختي لباس أكبر دليل شوف المرشيات تلقاها مليانة بالتوانسة أمشي لكارفور تلقاها مليانة أدخل للمغارات اللباس تلقاها مليانة امشي للمطاعم تلقاها مليانة بالتوانسة وبصرفو والله .لباس علينا التوانسة لاكن أنتومة تشفوها غالية متقدروش تعيشو حكم دينار الجزائري طايح والدينار التونسي طالع تجيبو شكارة فلوس ورقتين بفلوس تونس 🇹🇳,Happiness
274,علا حسب سميك لي يخلصه كفكف تونس ودزير درهمهم كتر متعنا سبعة مرت بلك هما خير منا وهدي وبنتها رهم يضحكو علي تونسا هيا ورجلها دندو لي خلها تركولي معا بنتها يخدمو بن زوج لوكان جتي لباس عليك كول عام وين ركي مشي غير تونس يا لفقيرة,Happiness
"275,""اولادهم فكلاب د يبان عايشين،لباسشا عنباانا بكلش،،دخلها فراسك اوكلخ لواحد اوخر ميعرفش"",Happiness"
276,لالا يا ختي راكي تبدلي الدينار التونسي بلجزاءري ...لأنو دراهمهم غاليين علا دراهمنا يعني لازم تحسبي بالنسبة لسميك تعهم ماشي للدينار تاعنا ...تبانلي راكي غالطة كفاش راكي تحسبي نضن انو المستوى المعيشي حنا والتوانسا قريب كيفكيف,Happiness
277,مرحبًا بيك اختي و عندك الحق والله تونس غلات برشا,Happiness
278,فهمينا علاش راكي تروحي لتونس,Happiness
279,كيف ما كان يعيش الشعب الجزاءري في الثمانينات احنا نعيشوا توا في تونس,Happiness
280,و كيفاش تقول هذه السيدة ولاية تاعنا تونس 😂,Happiness
281,حوار رائع ما شاء الله تبارك الله,Happiness
282,نعمبلي اختها الله يبارك.الله.مشاء.الله.ربي.يحفظهلك.بنتك.❤,Happiness
283,في تونس كلشي غالي بزاف في الجزائر عندك لفلوس او ماكين والو الكحط الله يحفظ,Happiness
284,اي بالحق تونس غالية برشا من ناحية غذاءية خاصة نصرفو اكثر من شهرية حاجة وحيدة سمحة في تونس الي عندنا دينار مازال يقضي على غرار بلدان اخرى غلاء معيشي برشا,Happiness
285,الحمد لله ربي معانا وعايشين لباس..,Happiness
286,البنت صغيرة شابة 👍الله يبارك,Happiness
287,الأسعار غلات برشا في تونس عندها الحق المرأة كلامها صحيح و ربي يوفقها,Happiness
288,صحيح كلامها ياسر غلا في تونس,Happiness
289,عندي مدامتي تونسية تظل تقلي ارواح تونس ونتهلا فيك قلتها محال نجي ما فيها والو😂😂,Happiness
290,حنى احنا نبوس ارض تونس يا جزاؤرية تونس بخير والحمد لله لباس وبخير احنا ما عناس بطرول ولا غاز لكن عايشين بخير زالحمد لله,Happiness
291,عايشين والحمد لله لباس علينا انتم فقراء بلاد البترول وعايشين في الطوابير,Happiness
292,غالية اقعدي في بلادك وحوسي فيها الله يبارك راهي قارة من الشرق للغرب ومن الشمال للجنوب. كون جيت انا بلاصة غالية ما انروحش ليها.,Happiness
293,هذال علاش ماشين جايين علي تونس,Happiness
294,تونس مزيانة وباهية برشا برشا تحياتي من الجزائر نحبوكم بزاااف بزاااف❤❤❤,Happiness
295,🇹🇳🇸🇦🌹🫶عيدكم مــبـارڪ🫶🌹🇸🇦🇹🇳 احفاد الصحابه المرابطين والموحدين قلوب الرجال وعزة الاسلام اخواننا بتونس الحبيبه اهلنا رجال الصمود والنخوة والشهامة 🫶🇹🇳🇸🇦🇹🇳🇸🇦🇹🇳🇸🇦🇹🇳🇸🇦🫶العزة للّٰه ثم رجال الاسلام والعروبه اهلنا اخواننا التوانسه ايه نعم اي وربّٰ الكعبه يشهداللّٰه انتم رجال الصمود وغيرة وحمية الاسلام يعيشكم تحيا تونس والجزائر وليبيا دمار لدول الكفر وعزة لنا وغزة والمسلمين🇸🇦🫶🫶حبكم بقلوبنا اللّٰه اكبر اللّٰه اكبر اللّٰه اكبر لااله الااللّٰه اللّٰه اكبر اللّٰه اكبر وللّٰه الحمد,Happiness
296,ما شاء الله تلك الحي أغلى من ميزانية الجزائر المنكوبة التي تعاني من الطوابير و الجوع و الاحياء المهمشة القصدرية الهشة 😮,Happiness
297,مرا و فحلة بألف راجل 😍😍 تحية كبيرة ليك ربي يعطيك الصحة والعافية و يفرحك بالأولاد ❤❤,Happiness
298,مساكن بنات تونس كل وحدة تعرضني تقلي ما عندي والي كان جهاز المخابرات و الشرطة,Happiness
299,ما شاء الله فتاة رائعة تحياتنا من الجزائر ❤,Happiness
300,بالتوفيق والنجاح 🎉,Happiness
301,أفتخر.بالنساء.اللي.كيفك.خفيف.الروح😊,Happiness
302,ما شاء الله ملكة جمال,Happiness
303,الله يبارك على الجزائر ناس متربيا يشوفوك في لعريا يستروك راكي جدعتي يليقلك الحجاب كلا مترجعيش اقعدي تماك في تونس متسوايهاش الجزائر ياخا حالا يخا مهبول 😂❤,Happiness
304,قالت انا جزائرية ومن بسكرة 😂😂😂 وتقول برشا ههه سكان بسكرة ما يقولوش برشا هذي تونسية,Happiness
305,1 2 3 viva l'algerie تحيا الجزائر حتى واحد ما راه يهرب من الجزائر عيب عليك عيب عليك هدي بلادك اللي مات عليها مليون ونصف مليون شهيد الجزائر هي اللي ما تتشرف بوحدة كيفك ڨالك اللي ما عرفك خسرك الله يهديك يا بنتي كاين اللي يحوس على السترة والحيا واحد يحوس على لعرا والحرية الله يهدينا الله يهدينا,Happiness
306,هدي مشي جزائرية لهجتها تونسية,Happiness
307,الحرية في اللباس في تونس مايشوفوش فيك وربي مايشوفش فيك لاحول ولا قوة الا بالله,Happiness
308,صحفية تونسية تعرف بسكرة في الجنوب الله يبااارك😮,Happiness
309,الحمد لله كي حبيتي تتعراي غير بلد الجزاءر لان الجزاءر نساءها وبناتها محترمات يحبون تربية بناتهم للسترة والحياء ملي كنا صغار متربيين على السترة ليس بالحجاب انما اللباس المستور وكي عندي واحد وعشرين عام تحجبت وحدي الحمد لله بالعكس العاءلة فرحانة بيا ربي يهدي الاولياء يربيو على السترة مليحة في كل بلد,Happiness
310,تروح لتونس باش تتعرى مبروك على بوها و خاوتها و امها .,Happiness
311,هادي تهدر تونسي ماهيش جزائرية,Happiness
312,هادي تونسية ماشي جزائرية تعرفها من اللهجة,Happiness
313,هاذي تونسية بسكرة ميهدروش هكا,Happiness
314,طفلة الله يبارك بصح عندها طواليط في بلاصت الفم 🎉 💩,Happiness
315,5:43 صغيره للاسف ربي يهدي ابويها للباس الشرعي والمسوليه امام الله والعقوبه في الدنيا والاخره اذا لم يستدرك الامر,Happiness
316,رانا نحاربو في لباس التحرر و ما منعناش من الخيانة و القتل و الزنا ...ربي يهديك مزالك صغيرة و مشك مربية ع أسس باينة نهار تكبري تندمي ع هادي الهدرة,Happiness
317,ايتها الام هاذي نتيجت تربيتك في حريتها في اللباس العريان. ولم تربها على الستر. والحشمة... فأصبحتت حتى تريد ان يتزوج عليكي زوجك ايتها الام,Happiness
"318,""سما هوما ثما ماعندهم رجال ،البسي أيما الحنانة العربان منهو شادك،حنا نغيرو على بناتنا،بصح الظاهر رجالتكم ولاو كي جماعة كخة 😂😂😂 كي شغل مدولك ڨراد كي قلتي هكا ،بصحتك التشويهة مدايرينكم مضحكة برك،ربي امر بغض البصر،وامر باللباس السترة،وربي كي غضب على ابونا ادم،وامنا حواء ،كشفهم ربي ،يعني ماتفرحيش،اذا ربي خلاك تتعراي معناها راهو غاضب عليه ،فوجدي روحك ولا توبي ليه. او ربي سبحانو ماخلقناش باه نتعراو ونديرولو المعاصي في أرضو راهو خلقنا باه نكون مصلحين،ولو فسدوا الناس كامل."",Happiness"
319,مستحيل تكون من بسكرة ناسها وجوهم مش صحاح كيفك و مشمه تع فضايح ما تحشميش برك من لخر,Happiness
320,مشي بسكرية تونسية,Happiness
321,على قد ما ينقصو هاذ الأشكال من البلاد على قد ما تنظاف يا مالا بالتوفيق ليك و لأمثالك هجو و خلونا نعيشو كمسلمين,Happiness
322,الجزائر نظيفة عليك والجزيريين ميبزنسوش وحدة كيفك قلت التربيية,Happiness
323,الكل هاربين من دزاير 😂اصلا بلادي ميشرفهاش تعيش فيها وحدة كيفك,Happiness
324,اصلا ماتشرفناش وحد كيفك مكشوفة الله يذلكم,Happiness
325,ازوجي نت بتونسي علاه حتى تزوجي باباك يالملعونه,Happiness
326,هاذي وخساني مع المروك كيفكيف,Happiness
327,الجزائر ما تتشرف بوحدة كيفك بلد العز والسترة والكرامة,Happiness
328,علاه حتى يزوج باباك بتونسية ازوجي نت بتونسي,Happiness
329,عندها صاحبي تونسي عادي حابة تبقى ثمة😊,Happiness
330,متبرية منك دزاير و ملي كيفك تافهة وعقل بغلة وتزيد تكذب على بلادها دزيرية مايخطفوش لي كيفك,Happiness
331,الجزائر ماتسحقش اللي كيفك,Happiness
332,لي باغي يخرج طريق مايخرجوش في الجزائر يروح للخارج ويخرج طريق حنا ماناش زريبة راهم وراك في تونس متحجبين ومستورين روحي شوفي خارج أفريقيا مثلا فرنسا موسخة كيفك روحي,Happiness
333,حتى هيا مجنونة كيفك سارة مدام تبعاتك😮😮😢😢😢,Happiness
334,ابنتي رانا هاربين من ناس لي كيفك انت,Happiness
335,اذا فرطتي حتى في امك على لباس العريان على الدنيا السلام,Happiness
336,هاذي تونسية تخدم مع هاذ البرنامج مرتين بانت معاهم حكات قصص خلاف مرة لابسة لباس شرعي و مرة حجاب كل مرة تبدل اللوك لكن عرفتها من الصوت 😂😂😂,Happiness
337,حنا بلاد الحرمة ونيف حنا ايماننا قوي ونعرف ربي خطراه ربي في تونس مكانش اتقو الله يابشر غدوا كتقابلي ربي قلو تونس اكثر من الجزائر رانا كامل راييحن لشبر من تراب لا حولا ولا قوة بالله حتى الجزاىر متفتخرش بعباد كيفك مني ننعلك لازمك تربية,Happiness
338,شكون يخطف ربي يهديك مخلوعة في روحك ...يدورو بيك غير لحبوا يلعبو والمزبلة ... كاين لي لابسين كيفك وكثر منك بصح اغلبيتنا محترمات ومحتشمات ...وانت خيرتِ تونس وفرنسا خيرتي ليشبهوك ويمثلوك .,Happiness
339,قاتلها لحرية في لباس وكون غير تزوز أتعراي وشراه حاكمك بخصتي بروحك يابنتي...لمزيا ماتمثليناش حتى دزاير ميش ميتا عليك تفوووه,Happiness
340,أنا تونسية و نسافر للجزائر و حتى مرة ما راجل جزائري هز فيا عينو متربين ما شاء الله عليهم ❤,Happiness
341,وجه الشر هذي الطفلة وشكون هذي المهمة المقرقطة مشتاقة شبعة حابة الطلقة حتى الجزائر ما تحبش لعباد لكيفك من صغرك تحبي الطلقة يعطيك لعمى يعميك ولات جزائري عندك مش مليحة والديك ما رباوكش وجه الشر كون تروحي من لبلاد جزائر نتهنى منك ومن ليكيفك حابة تتعراي,Happiness
"342,""شكون يتحرش بوحدة كيفك🤦 بهلولة. مخلوعة، خرجت من دشرتها دارت لعجب. كون رحتي لأوربا و لا امريكا واش يصرا فيك😂😂😂. مسكينة. بهدلتي بوالديك و امك. تفوووه على تربيتك🤬 ادا تزوجتي، توقعي انو بنتك تقول لراجلك عاود الزواج، و حذاري ما تقبليش."",Happiness"
343,روحي لتونس الله لا يردك انت وامثالك الجزائر متتشرفش بامثالك عندنا الله يبارك بنات بلادنا مستورين ومتحجبين ومتديننين والحمد لله بلادنا مزالت محافظة اللهم ادمها نعمة واحفظها من الزوال,Happiness
"344,""عندها الحق ، الحريات الشخصية محترمة جدا في تونس (أنا زرتها) ، أما في الجزائر لما اخرج علما أني لست محجبة ولكن لباسي محتشم رغم ذلك ورغم أن عمري فوق 40 سنة ، اشعر ان كل الانضار على جسمي ,لكن الحمد لله لنا بيت جدي وجدتي في تيزي وزو حيث اجد راحتي هناك خاصة في طريقة اللباس"",Happiness"
345,احشمي شوية حتى في الجزائر لباس علينا الحمد لله,Happiness
346,بنتي شوفي طبيب تاع مهابل يداوي حوالك قلة التربية والأخلاق بذرة فاسدة اطفال الشيطان حابة تدخلي لرجال العاهرات والتعري و الحرية مبروك عليك جهنم,Happiness
347,ما شاء الله ما احلاها❤,Happiness
348,واضح عندها اصول تونسية,Happiness
349,تلبسي لباس المسلمات ربي يهديك,Happiness
350,لم تقل اي عبارة سيئة .. فلماذا التعليقات السلبية ... كل واحد حر في حياته ...هي تحب تونس وتحب الحرية في لباسها واحد ما يسالها,Happiness
351,والله لحوايج اللي عندنا في الجزائر حتى بلاد ما عندها من أوروبا يجوا يشروا عندنا قالتلك جوايج تونس خير من الجزائر نعلت الله عليك,Happiness
"352,""الملابس في الجزائر احسن والخيار كاين وارخس من تونس ،وهذي الطفلة بهلولة على روحها وماتمثلناش على خاطر اصلا تاع بسكرة مايهدروش تونسي ...هذي شخصيتها طمستها ودزاير ماتتشرفش بعباد كيفك ،روحي الله لا يردك ونعلبو الحرية للي كما تاع بنات تونس ."",Happiness"
353,هذي تؤكد ان الجزائر بلاد الرجال وبلاد النخوة والحشمة ويغيرو على بناتهم ونساهم مايخلوهمش يتعراو فالشارع والحمد لله على هذي النعمة حنا مسلمين وهذي لاتربية لا اخلاق لا زين لاحتى شيء وتهدر نورمال .مشي الله لا تربحك يلا انت جزايرية تحيا الجزائر ويحياو ولاد الجزاير والنساء لحراير اللي محتاشمين مشي كيفك وكيف امك وباباك اللي ماهم مربيين مارباوك,Happiness
"354,""سن المراهقة مأثر عليها وعقلها صغير بزاف وملي بدات وهي حريتي حرية اللباس هذا في واش راهي تفكر ، تفكيرها محدود ، إذا متعرفيش دينك الحجاب فرض عليك بما انك بالغة ، اللوم اولا على والديك وباينة أمك وأبوك هكذا ضد الحجاب ومع التحرر والجهل ، ربي يهدي والديك بيسك والله مرباوك تربية صالحة"",Happiness"
355,بكل صراحة انا جزائرية ونقول انو عندها الحق للاسف حنا فالجزائر منقدروش نلبسو لباس فاضح لانو فيها عقلية الافغان اغلب بنات الجزائر بالجلباب والنقاب والحجاب قليييل جدا تجد امراة فالجزاىر تلبس لباس فاضح وتبرز جمالها,Happiness
356,علمة معمر تونس وعاملين كوابير دخول يتسوقو عندنا وهى قالت لبسكم احسن راهم يتسوقومن عندنا يعنى يشرو من عندنا وزدتى انتى شريته منعندهم,Happiness
357,هذي مشي بسكرية تونسية اصلية.,Happiness
"358,""هذه فاسقة يعني ...راكم فاهمين 😅😅😅التونسية اجو يشرو كلش من الجزائر امبعد ايبيعوها اللي كيفكم ،،،تافهة الى المليون"",Happiness"
359,هذه امها تونسية على مااضن ماهيش جزائرية,Happiness
360,هذي غير شدوها عندكم في تونس مادام تحب اللباس الغير محتشم...وحسب لهحتها فهي تونسبة وليست جزائرية,Happiness
"361,""تبحثين عن العري يا أنانية ،أين حجابك يا من تبحث عن اللباس دون لبس ،ترتاح منك الجزائر الحرمية"",Happiness"
362,تجي لتونس تلبس عريان . ؟؟؟ عيب عيب ... اللباس المحترم لكل امراة. محترمة مسلمة. والاكل. العريان العريان يحط عليه. الذبان الذبان وعاش. من عرف قدره .,Happiness
363,علاه يتزوج باباك تزوجي انت بتونسي مش خير,Happiness
364,الجزائري الحر لا يهرب من بلاده ولا يحب فرنسا ولا يحب الفساد والفسق أنا جزائري نحيا في بلادي ونموت في بلادي ونكره فرنسا ونتقلق ونكره يوجعني قلبي كي نشوف إنسان ملصق علم فرنسا العدوة في سيارته أو يحمل محفطة أو يلبس لباس عليه علم فرنسا أو أمريكا الداعمة لإسرائيل لأنهم قتلت الشعب الفلسطيني اللهم انصر غزة العزة,Happiness
365,ياو روحي تقودي تونسيه و تقولها انا جزايريه. اسمعو سيناريو دوك تقوله مريضه بالجزاير. تونس فرغت تقولها عجبتني و هوما في زوج تونسيات توانسه كامل كدبين. اسمعو راهي تشمت في دزاير. امشي تقودي. جزايريه. لباسها مسطور. خبيتات روحي تقودي و هدي بديعه خبيته جيب تونسييات. وتقدمهوم جزايات,Happiness
366,لبساكرة مبروك عليكم العالمية,Happiness
367,كل من يتحدث عن الاخلاق ويرى انها في اللباس فهو جاهل كيما يقول المصري وراء كل السواهي دواهي ..الاخلاق اكبر من ذلك وليس في كيفية لباس خرقة,Happiness
"368,""من خلال اللباس و الكلام هده الفتاة يبدو أن أهلها مدلعينها بزاف،تتجرء وتقول إن في تونس تلبس كما تحب على العكس في الجزائر ،اي هراء هدا،عليك اخت وعلى اهلك أن يعودوا تربيتك من جديد،الجزائر لا تحتاج امثالك،تتجرأ وتقول إن المعيشة في تونس افضل من الجزائر ،عار عليك وعلى أهلك. ،"",Happiness"
369,تزوجيه تونسي باش تعيشي عريانة كل الباقي من حياتك خلي باباك ترونكيل يكفيه ما يعانيه منك من الأحسن أن تعيشي في تونس لا ترجعي للجزائر الجزائر ما تحتاجش وحدة كيفك إن شاء الله كل البنات لي كيفك يروحوا يعيشوا في تونس,Happiness
370,اللهجة ماهيش بسكرية...زوجوها بتونسي,Happiness
371,الله يبارك,Happiness
372,واش بيها هذي البنية عادت تهدر تونسي مسرح 😅😅😅 والبساكرة عندنا مش هكا,Happiness
373,ياواحد المنتنة حتة اللجمال والسر نتاع النساء ماعندكش يا جحشة زايد مدايرة سنسلة في سنيك الحمد لله تسعين في المائة من بنات الجزائر متحجبات ساترات اجسادهن الله يبارك فيهم,Happiness
374,دزاير يقعدو فيها غير رجال وبنات الفميلة وحدة كيفك انتي متشرفش دزاير ودزاير فوق روسنا وانتي وعائلتك متشرفوش دزاير ومتشرفوش ولاية بسكرة يا خامجة في عمرك سمانة ورايحة طيري في الجو,Happiness
375,رانا مناش نمشو عراية في الشارع كي المعيز فءىة معينة هاملة كيفك هذا اولا ثانيا في بلادك ولابسين ماعظم وعاملين القحب الكل مع السورين والصينين وغيرهم بلا ماتعلعبوها شريفات عندنا,Happiness
376,قاتلك الجزائر فيها تحرش أنا الأسبوع ماضي كنت في وهران في حي بلقايد فليل و نصف البنات لابسين لباس فاضح و الله يتجولون بحرية و لا أحد يتحرش بهم و لم أشاهد و لا عملية تحرش و جي هادي بنت كلبة تقول فالجزائر تلبس فاضح يخطفوك,Happiness
377,ما شاء الله عليها بنية صغيرة عاشقه الحياة ❤,Happiness
378,جزائريات نسكت خير .😅😅😅يعشقو حاجة اسمها تونسي و حقيقة ياسر سخان,Happiness
379,ربي يحفظك ويسترك بنيتي ومرحبا بيك في تونس راهي بلادكم وانتومة ما شاء الله عليكم .دزاير وتونس خاوة خاوة 🇹🇳❤️🇩🇿🙏🤲🤲🤲,Happiness
380,ملا ابقاي الثم القاي كاش تونسي ياخذ حتي الدزاير كبيرة عليك مش محتاجة وحدة كيفك الطيح في بلادها قدام البرنية وهي فرحانة بالروحها,Happiness
381,كيفاش تاكل ماكلة تونسية منغير هريسة,Happiness
382,أيا خويا كي تعرف عند شكون تاكل وقتها روح لتونس و قيم أكلها ماشي اللي يجي تاكل من عندو و بهدا تقول ماشي بنين أكل تونس معروف ببنتو,Happiness
"383,""عنابة في التاريخ كانت تونسية ، عنابة أخذت كل شي هلعن تونس اخي الكريم ، تونس قديمة برشا"",Happiness"
384,يا خنت من تونس ولا من الجزائر حبيت نفهم قصدي يا خنتان انت انت انت انت من الجزائر ولا من تونس حطوا لايك ربي يعيشكم,Happiness
385,وين هاذ لبلاصة في تونس,Happiness
386,لكن تجربتك في فريكاسي وشباتي تنقص شي وهو الأهم للمواطن تونسي هريسة …بدون هريسه ماهيش بنينة,Happiness
387,الله يبارك فيكم خوتنا في تونس نتوما ناس ملاح و نحبوكم و تحبونا خوت ديما خاوة خاوة ما نكذبش عليكم نحب توانسة كثر من المغاربة,Happiness
388,يعيشك مرحبا بيك خويا في تونس❤🇩🇿🇹🇳,Happiness
389,ههه انت. ما عندكم اكل يصلح اصلا احسن اكل الاكل التونسي انتو الحلويات عندكم حلوة,Happiness
390,معندكم شي كل شي مسروق من تونس والمغرب اكلكم,Happiness
391,الاكل تونسي مش طيب مشي حالك 😂,Happiness
392,بريك عنابي وتونسي مش كيفكيف,Happiness
393,البريك تونسي ١٠٠% وراو فما برشا اكلات اخذوها الدزيريه من تونس.,Happiness
"394,""لا أشاطرك الرأي أخي،أنا جزائري لكن الساندويتش التونسي لا يعلى عليه. لعلك تزور تونس لأول مرة و لم تزر عناوين جيدة.تهلى في روحك بالتوفيق أخي"",Happiness"
395,تحياتي لأهل تونس والله غير ناس ما شاء الله ✨ 🌹 🎀,Happiness
396,متربي الله يبارك ❤وعاقل ❤تحيا الجزائر🇩🇿😭❤,Happiness
397,الله يبارك الشبوبية والحطة والفحولية باينا تاع تزيري,Happiness
398,الله يبارك رجلا ونيف خموس على ولاد بلادي احبكم جزاءريه من القلب,Happiness
"399,""انا اطول منك 193 و روجي و بوقوص عليك بزاف, و جامي فكرت كيفك 😅 و الله غير داب كبير صح, بهدلنا ياربك"",Happiness"
400,أنا جزائري ولا أحمل معي الحقيبة أو الصاكوشة التي تدعي أنت أنها تميز الجزائري عن التونسي . كلامك تافه جدا وليس له أي معنى وأنصحك بالكلام عن نفسك وعن أمثالك فقط لأن هناك جزائريون متواضعون مثلي يحترمون تقاليد البلد الذي يستضيفهم و يملكون من العلم والثقافة ما يمنحهم الحب والاحترام والتقدير . الشخص يتم تقييمه بأخلاقه وتهذيبه ومستواه التعليمي والثقافي وليس بالمال واللباس والحقيبة التي كرهتني فيها بحديثك الفوضاوي . الله يهديك ويهدي من مثلك الذين يظنون أن مظهرهم المزيف يمنحهم مكانة أحسن من غيرهم .,Happiness
401,لوكان غيالمغاربة قاع ملاح كيما هاد المقدم الله يبارك وتحيا الجزائر 🇩🇿,Happiness
402,انا تونسي ايقول في الحقيقيقه برافو عليك راجل الصراح راح شكرا للجزاءر وتعيش الجزاءر وانا اعيش في إيطاليا كلنا معاه راجل بصح,Happiness
403,والله غيرت نظرتي للمغاربة الله يبارك فيك خويا وانا من اليوم االمغاربة والجزائريين خاوة خاوةخاوة,Happiness
404,الله يبارك على الجزاءري الرجلة والنيف,Happiness
405,انا قبايلية من تيزي وزو نقول الله يبارك على خويا وليد بلادي شحال يعرف يهدر . مثقف أثيحرز ربي,Happiness
406,مستوى متخلف حتى في بلاد الناس ينتقد و يطلق أحكام على المرأة و لباسها مكبوتين اينما ذهبو اطلقو تخلفهم و رجعيتهم,Happiness
407,الله يبارك على وليد البلادي ثقافة وتربية ماشاء الله,Happiness
408,الله يبارك خويا المغربي تربية وظرافة ونظافة و هدرة بالفووور❤❤❤ تحية من خوك جزايري❤❤❤,Happiness
409,الله يبارك خويا,Happiness
410,انت المغربي ما شاء الله عليك والله,Happiness
411,انا جزاىءري ونقولك الانسان لايقدر بالمظهر واللباس والساكوشة التي يتكلم عنها هذا الشخص !؟ بل الانسان يقدر بالتربية والاخلاق والشهامة والتواضع وحسن المعاملة . احترم كل البشر مهما كانت صفاتهم والوانهم ولا داعي لانتقاذ عادات الشعوب الاخرى خاصة تلك التي تستضيفك . احترم نفسك وغيرك يحترموك .,Happiness
412,الله يبارك اعليك تحية ليك من الجزائر من القبائل الكبرى,Happiness
413,الله يبارك عليه وراني حبيتك يا مغربي❤❤❤,Happiness
414,وليد بلادي رجلة و فحل الله يبارك ربي يرزقني بلي كيفك,Happiness
415,تحيا ليك والله حبيت لمغرب منك ومن الناس لحلوه كيفك انا من الجزائر تحياتي,Happiness
416,الله يبارك واش لبنات راكم كيفي عجبكم صاحب القناه 😅😅😅😂😂😂,Happiness
417,حتى أنت المغربي ما شاء الله عليك,Happiness
418,ماشاء الله شاب رزين وكلامو موزون الله يبارك جزاءري وافحل,Happiness
419,ثقافة مختلفة تماما لباس او اكل او موسئقي لهذا لا نتشابه في حزاير راها قارة يعني وحدتنا فئ حزائر لااكن اهتلاف ثقافات فئ بلادنا هو ما جعل بلاد متنوعة ثقافة ❤نحب نموت بلاظي ثاني علي تونس من حمامات لصفاقص و سوسة و چرپة بطاح قابس و باجة تونس عاصمة زرتها كامل مشڤتش ائ شي في تونس تخس انك من پلاد ڜقئقة تحس انك فئ بلادك ثانية ❤ تونس و جزاير ربي يخلينا لبعض,Happiness
420,مشاء الله نور على نور مربي صريح وليد بلادى حتى المغربي و التونسية كانو في المستوى الله يبارك,Happiness
421,اول مره نشوف مغربي متربي ما شاء الله على اخلاقك,Happiness
422,الله يبارك خويا تهدر مشاء الله وربي يحفظك ان شاء الله,Happiness
423,بسم الله ما شاء الله قناة رائعة و صاحبها أروع من حيث الظرافة او التربية حفظك الرحمن بحفظه بالتوفيق إن شاء الله 👍🏻👌🏻,Happiness
424,الله يعطيك الصحة يا ولدي تحيا الجزاءر,Happiness
425,هذا الدزيري حر وصريح 😂 الله يعطيك الصحه والعافيه خويا ما شاء الله عليك هذو هما اولاد الجزائر هذو هما الرجال 💪 تحيا اولاد بلادي الله يسترهم من العين والحسد الحاسدين والحاقدين ؟؟ يكفينا شرهم وشر اعمالهم وامثالهم يارب وتحيا حنا ❤❤❤ جزائريه وافتخر ببلدي الجزائر الحبيبة ديما تاج فوق راسنا وبشهداءنا الابرار الاحرار رحمهم الله وأسكنهم جنة الفردوس الأعلى One two three viva l'Algérie 🇩🇿🇩🇿🇩🇿🇩🇿🇩🇿🇩🇿🇩🇿🇩🇿,Happiness
426,في الجزائر كل ولاية عندها عادات و تقاليد في اللباس الأكل الزواج كل شيء ربي يحفظ جميع أولاد و بنات المغرب العربي,Happiness
427,أحسن حاجة في الفيديو هو صاحب القناة الله يبارك فيك راجل بمعنى الكلمة ربي يحفظك ويكثر من امثالك وتحية لكل المغاربة الاحرار,Happiness
428,أول مرة انشوف قناتك عجبتني التربية ومغربي حر الله يبارك ربي يحفظكم خاوتنا لمغاربة,Happiness
429,كلامو صحيح ماشي كفكف الالعقلية بين الجزائر وتونس,Happiness
430,الله يبارك فيك انسان خلوق,Happiness
431,الجزائر قارة يا اخي تعدد اللهجات و الاكلات و اللباس الخ,Happiness
432,عندو الحق رحت التونس وشفت كلشي صحيح والجزاءرية في تونس تاخد راحتها فاللباس بصح كي تلحق للحدود الجزائرية تتبدل اللبسا 90درجة,Happiness
"433,""كلامه صحيح،لأنهم سرقوا كل شيء من بلدان الجوار،من فن وتقافة وتراث،إذا دهبتم إلى الشرق الشمالي الجزائري سوف تجدون اللهجة التونسية والأكل واللباس والتقاليد تونسية وإذا دهبتم إلى الجنوب الشرقي الجزائري فسوف تجدون اللهجة الليبية والأكل ليبي واللباس ليبي وحتى التقاليد والعادات ليبية ونفس الشيء في الغرب الجزائري كل شيء مغربي،الأكل واللباس واللهجة التقافة كل شيء مغربي وحتى الغناء والطقوس مغربية،الشيء الوحيد الذي ورثوه من أمهم فرنسا هو اللغة الفرنسية"",Happiness"
434,انا جزائرية وكنت مانحبش المغاربة غير ايوب ورضا وادريس مي كي شفت هدا المتربي الله يبارك وليت نحب المغاربة ومن دوكا حانولي نتبعك دايما,Happiness
435,السلام عليكم ورحمة الله وبركاته يا أخي بارك الله فيك ممكن كم من رجل يرى صور تلك المرأة المتبرجة و يفتن إمحها بارك الله فيك لعله تكون لك سيئة جارية كل مرة رجل يراها ... الله يوفقك يا أخي🎀,Happiness
436,صاخب القتلة متربي الله يبارك عليه ❤,Happiness
437,هذا المغربي مول القناة ما شاء الله عليه يرحم الي ربوه تحياتي من الجزائر,Happiness
438,الشعب الجزائري و التونسي والمغربي لهم ميزات غير عادية الله يبارك علينا ويحفظنا من العين,Happiness
439,لكم منى الف تحية ومليون سلام ياصاحب القناة إن شاء الله يكونوا كيفك اخواننا المغاربة احنا من زمان إخوة,Happiness
440,بارك ألله فيك بالتوفيق إبني❤الجزائر 🇩🇿,Happiness
441,ما شاء الله هذا الشاب المغربي طيب وخلوق الله ابارك,Happiness
442,كيفكم انتم دزيريا اامڨملين كلكم جبورا حشا لي ميستهلش,Happiness
443,الله يبارك على ولدنا😂😂,Happiness
444,شكرا لك على هاذ الفيديو فالقيمة وبالتوفيق,Happiness
445,بسم الله...اول مرة أرى شاب صاحب القنات متربي ما شاء الله اتمنا ان يكون اخوانا المغاربة ان يكونوا مثلك . ساتبعك من الجزاير سلامي الحار لك و اذا كانوا أمثالك فلهم الف سلام ..تحياتي ..ابن الشهيد القلم المسموم الجزايرى..❤,Happiness
446,الله يبارك عليك خويا عندك الزين يهبل ❤,Happiness
447,انا نقلك اللحية هيا لافرق بين التونسي والجزاير,Happiness
448,احلى لايك من جزايرية بالتوفيق,Happiness
"449,""انت شخص طيب، ماشاء الله خويا تستاهل كل الدعم والتشجيع، بالتوفيق 😊❤من الجزائر"",Happiness"
450,انا مرا وندير الساكوشة وندخلها لداخل كي نخرج من الجزائر اختي نخاف على الباسبور,Happiness
451,ملا علاش هاربين لتونس 😂😂😂تكذب راهي 🤣🤣🤣,Happiness
452,ما شاء الله تبارك الله,Happiness
453,محلاه بازولك حلو برشا بالتونسي❤,Happiness
454,وين,Happiness
455,وين,Happiness
456,لي يشحد مصاري أشرف منك ومن اللباس ألي أنتي لبساه حسب ضني,Happiness
457,انو اوروبا و اني امريكا و اني تونس... تعيش لوطنيه لعندك اختي لعزيزه كل وحد عندو لوطنيه كيفك بش يقول بلادو احسن مليوم مره من الكرة لارضيه 😅ربي يحميكم خوتنا السورين و يحفض سوريا نحبكم برشا ❤❤,Happiness
458,تونس ترحب بجميع السوريين الأوضاعهم طيبة و المحتاجين .. إلي مرت بيه سوريا من حروب و أزمات ماهوش شوي .. أحنا التوانسا نقدر الضروف و نساندو جميع أخوتنا من كل البلدان الإسلامية و هذا واجبنا.. الحمد لله الآن سوريا في وضع جديد و متفائلين انو سوريا ترجع أحسن من قبل .. بالتوفيق,Happiness
"459,""اعلام المجاري مايحيب كان حثالة المجتمع ، خسارتك ياتونس"",Happiness"
460,ما شاء الله متابع من الجزائر ❤,Happiness
461,ما شاء الله❤,Happiness
462,ماشاء الله الله يبارك,Happiness
463,بسم الله وما شاء الله,Happiness
464,وين,Happiness
465,نتامتربي كيماهاك مشي تونس لكل جبري ❤حيوان❤,Happiness
466,كنت فيها ما شاء الله .,Happiness
467,ربي يحفظ تونس بلد وشعب شعبها مضياف الله يبارك جيت العام الي فات ناس ماشاء الله من الجارة الجزائر 🇩🇿🇩🇿🇩🇿🇩🇿 الشكر والعرفان الي الشعب التونسي 🇹🇳🇹🇳🇹🇳 حفظكم الله وسدد خطاكم,Happiness
"468,""كيف تقرن إعفاء الشعب من شراء الأضحية و افطار رمضان ، اول حاجة هو لم يلغي شعائر العيد بل أعفى شعبه من الأضحية هدا العام للظروف الجوية وعدم توفير العدد الكافي من الأضحيات لكافة الشعب ، والشعب فرحان وهيروح يصلي ويحتفل بعيد الاضحى عادي جدا ، مرة ثانية خليك في بلدك وملكش دعوة بالحجات دي"",Happiness"
"469,""سيب تونس و بورقيبة يعيشك ،و ما تنساش المفتي متاع الازهر حلل على الهواء لعب promosport يعني افتى في القمار بدون سبب .."",Happiness"
470,هاد وين في تونس,Happiness
471,طفتر بخل كيفك كبير في عمرك تفطر مكش حاجم من روحك و دز في بدنك فيق على وضعك ياراجل,Happiness
472,مبروك مبروك رجال و نص ترتد,Happiness
473,تونس يمكن مراضعين مع ابو لهب..عيطو لسفير ديالنا اخوي من.ديك البلاد وقطعو العلاقات..راهم ايهود فلباس عرب,Happiness
474,لا يمثلون تونس ودليل انو لي يذكر فيهم بتوبة تونسي الله يبارك فيه,Happiness
475,يا خاوتي انا عايشة في تونس و الله يصومو كي احنا و صلاة التراويخ نسا و رجال و حتى صغار التهجد و النسا موجودين حتى صلاة الجمعة نسا و بنات و رجال ما شاء الله عليهم الي يفطر رمضان موجود في كل دولة لكن كاين لي متخبي و كاين لي يجهر و ربي موجود على الكل اتقو الله في انفسكم,Happiness
"476,""و بعدين ؟ أحنا في تونس ماناش مجتمع قبيلة كيفكم ، فمّا الّي يصوم و فما الي مايصومش بلاش نفاق مجتمعي كيف لي عندكم في دولكم. فينا المسلم و فينا غير المسلم و عندنا حرّية الضمير منصوص علاها في دستورنا. انا شخصيا لست مسلم و أفطر رمضان لانه لا يعني لي شيء، اصدقائي مسلمين يصوموا عادي و عايشين مع بعضنا بالباهي. في تونس تحب تصوم انت حر ، تحب تفطر انت حر و الكلها مجبورة بإحترام غيرها حسب القانون و دستورنا المدني."",Happiness"
477,قولو لهم برافو عليك لاتصومو احسن والي صام ماشي راجل خلوهم تاكلهم النار يستاهلو مالهم صغار او جاهلين او قاصرين كل واحد قد الحمار يستاهلون جهنم اقول لكم فطرو الصوم يتعبكم 😏😏😏,Happiness
478,انا نفطر رمضان و أنا حر و أفتخر انني في تونس لأن بلد يحترم بقية معتقدات ...أنا ملحد تفرض عليا الصيام مو لباس ؟ انت صيم علي روحك و انا نفطر و حر ...إحترم معتقدات أخري تحترم ...,Happiness
479,برافو عليك يا حر بارك الله فيك,Happiness
480,تونس تشبه برشا لليونان,Happiness
481,ما شاء الله على تونس وخيرات تونس انت بتذكرني باماكن واوقات كانت كتير حلوة عشتها بتونس شارع الحبيب بورقيبة والمارشي سنترال والسوق العربي كل هالاماكن زرتها قبل الكورونا شكراً الك,Happiness
482,إسمها الجمعية التونسية للسياحة موش للسيّارات,Happiness
483,روحك خفيفة وعفوية لذلك نجحت بالتوفيق,Happiness
484,ويثبت التونسي دائما انه ملك الللباقة تبارك الله على حذاقتنا و تربيتنا و كلامنا الحلو ان شاء الله رمضانك مبروك انت وكل متابعينك,Happiness
"485,""في الدنيا نحسك حاجة أخرى ،حشام مع التونسيات"",Happiness"
486,رمضانك مبروك وربي معاك,Happiness
487,والله احسن برشا من المسلسلات بالتوفيق my freind,Happiness
488,ياحمى رمضان مبروك ماي فراد,Happiness
489,رمظانك مبروك شكرا على المحتوى الراقي,Happiness
490,عجبتني هاو بومعيزة ههه إن شاء الله رمضانكم مبروك,Happiness
491,رمضانك مبروك محمد اللي قلت عليه العلوش والهبرة 34 هاذيكا نقطة بيع متع شركة اللحوم,Happiness
492,Hello hello رمضانكم مبروك,Happiness
493,نشالله رمضانك مبروك 🎉❤,Happiness
494,ياسر متربي الله يبارك خويا لعزيز,Happiness
495,واصل خدم باهي ❤❤❤ورمضانكم مبروك❤❤,Happiness
496,رمضانكم مبروك,Happiness
497,تونس مزيانة وباهية برشا برشا تحياتي من الجزائر نحبوكم بزاااف بزاااف❤❤❤,Happiness
498,🇹🇳🇸🇦🌹🫶عيدكم مــبـارڪ🫶🌹🇸🇦🇹🇳 احفاد الصحابه المرابطين والموحدين قلوب الرجال وعزة الاسلام اخواننا بتونس الحبيبه اهلنا رجال الصمود والنخوة والشهامة 🫶🇹🇳🇸🇦🇹🇳🇸🇦🇹🇳🇸🇦🇹🇳🇸🇦🫶العزة للّٰه ثم رجال الاسلام والعروبه اهلنا اخواننا التوانسه ايه نعم اي وربّٰ الكعبه يشهداللّٰه انتم رجال الصمود وغيرة وحمية الاسلام يعيشكم تحيا تونس والجزائر وليبيا دمار لدول الكفر وعزة لنا وغزة والمسلمين🇸🇦🫶🫶حبكم بقلوبنا اللّٰه اكبر اللّٰه اكبر اللّٰه اكبر لااله الااللّٰه اللّٰه اكبر اللّٰه اكبر وللّٰه الحمد,Happiness
499,ما شاء الله تلك الحي أغلى من ميزانية الجزائر المنكوبة التي تعاني من الطوابير و الجوع و الاحياء المهمشة القصدرية الهشة 😮,Surprise
500,جمال ونظافة وأصالة ما شاء الله,Happiness
501,الله يبارك تونس تسخف ربي يحفظها ويحفظ عبادها,Happiness
502,تونس أحلا علم عندي ❤❤❤,Happiness
503,تونسيه و افتخر باهي ❤❤❤,Happiness
504,أنا تونسية تونس بلادي ياسر مزيانة❤,Happiness
505,يا جزائري..لماذا تذهب إلى كنيسة سيدي بوسعيد اصلا ..نحن التوانسة مسلمين كيفك..لا نريدك ان تزورها ..فاهم والا ماكش فاهم,Anger
506,نحب تونس برشا برشا,Happiness
507,ما شاء الله تبارك الرحمن عليكم ناس طيبين ملاسين انا من الجزائر يحبوني و دارو فيا الخير كل الاحترام والتقدير إليهم ❤❤❤رجالة صح,Happiness
508,سلام أشنحوالك لباس ننصحك إيجا إلى شربان وجرب كسكروة عمك علي هون أمام محطط اللواج,Happiness
509,جرب ملاوي حسونة صفاقس بنين ياسر,Happiness
510,صحة وبالشفاء بالتوفيق ولد بلادي كمل في النجاح الحمدلله❤,Happiness
511,جرب كسكروت food في مدينة باجة حاجة روعي ❤❤❤,Happiness
512,جرب الأنتيكا في المهدية والله حاجة عالمية,Happiness
513,الطحين كان جا عبد 😂😂😂الشعب التونسي,Happiness
514,🫶🇹🇳🌹🇩🇿🫶عيدكم مــبـارڪ🫶🇱🇾🌹🇸🇦🫶 تونس الفخر العزة والصمود للاسلام واخواننا اهلنا التوانسه والنعم واللّٰه الرجال الاخوان والأهل🫶🇹🇳🇸🇦🫶حفظكم اللّٰه يعيشكم اللّٰه اكبر اللّٰه اكبر اللّٰه اكبر لااله الااللّٰه اللّٰه اكبر اللّٰه اكبر وللّٰه الحمد,Happiness
515,ما شاء الله على بلادي ❤🇹🇳,Happiness
516,من مصر نحب تونس برشا ببرشا خييي ❤,Happiness
517,وين صفاقس ❤❤أنا صفاقسية😢,Happiness
518,حيا الله تونس الخضراء واهلها الطيبين نحبكم برشا برشا يامدللين اخوكم سامح من مصر,Happiness
519,نطقت صح مبروك❤😂,Happiness
520,نقطة كل شي صح أنا تونسي,Happiness
521,أنا من تونس ننصحك تجربة الهريس بنين برشا أما عندكم بش تكون حار❤❤❤,Happiness
522,ايعيشك,Happiness
523,لا برافو عليك جد انت اكثر واحد اتكلم على تونس سكرا❤❤ و الولايات صح🎉,Happiness
524,سبحان الله دولة كله لا تساوي ولاية وله اربع وعشرين ولاية ما شاء الله تحية من السودان 🇸🇩,Neutral
525,برافو عليك تونس 🇹🇳 الغالية,Neutral
526,وين المهدية😢,Sadness
527,تونس في الخريطة تجي كان جرد بوسة خالة 😂,Happiness
528,كلهم صح يا بطل فين جماعة تونس,Neutral
529,انا قبالي وقلبي امازيغي ماشي جزائري وعاشت جمهورية القبائل الامازيغية حرة مستقلة ظالمة ولا مظلومة ورايسها فرحات وعاصمتها تزي وزو والجزائر مغربية وفلسطين إسرائيلية وجمهورية القبائل امازيغية واحب التونسيات ماشي التونسيين,Anger
530,تطا وين القاره 1 هي مدنين القاهره 2,Neutral
531,صفاقس وين أنا من تونس,Neutral
532,باهي انا من تونس احسنت🎉🎉🎉❤❤,Happiness
533,انا تونسي والله باهي,Happiness
534,كلامك سليم ❤ في النطق ما شاء الله عليك 👍🌹,Neutral
535,أنا من تونس وما شاء الله عليك في نطقهم أحسن من التونسيين أصلا,Neutral
536,و الله اعشق تونس بحبكم برشا حبايبي 🇸🇩🤍🤍,Happiness
537,نطقك صح ما شاء الله 🎉🎉,Happiness
538,برافو عليك قريتهم صح🇹🇳🇹🇳👇🏻,Neutral
539,تحياتي من الجزائر الي تونس الشقيقة نحبوكم برشا برشا 🇩🇿♥🇹🇳,Happiness
540,لا يجوز للرجل لباس الأساور في اليدين أو العقود في الرقبة أو الأقراط في الأذنين تبعا للرسول صلى الله عليه و سلم 🤲🏻 .,Neutral
541,ما شاء الله على ولد بلادي أساطير ❤😍,Happiness
542,برافو قيس شقير وكامل الفريق👏 ضحكتونا وزهيتونا🤣 بالتوفيق إن شاء الله 🤲,Happiness
543,تمثيل ما شاء الله أخوكم من الجزائر,Neutral
"544,""هذا كوميديا و لا خلي، ملي بدا و انا نضحك، و الله ما ديتها فيكم يا توانسة ضحكوني،حتى صاحبي ماهر تونسي كي قالي عليه مامنتوش، تحفة و مبروك"",Happiness"
545,احلى سيتكوم شفتو وقتلني بالضحك هاذ العام ... مبروك من 🇩🇿,Happiness
546,أخراج واعر تمثيل محترف برافو عليكم خاوتنا توانسة تحيا كبيرة لكم وصحا رمضانكم 🇹🇳 ❤️ 🇩🇿,Happiness
547,من غير مسلسلت تونس في رمضان مدرنا والو,Disgust
548,أحلى تحية لأحلى توانسة خدمة شابة بزاف الله يبارك خوكم من الجزائر,Happiness
549,مبروك المبدع كريم الغربي مرة أخرى النجاح لهذا السيتكوم ضحكتني برشة,Happiness
550,مسلسل تونسي موش للتوانسة. ما ضحك حتى تونسي,Disgust
551,أنا كيفك,Neutral
552,بلطي الله يبارك,Neutral
553,ضحكت من قلبي ربي يخليكم,Happiness
"554,""يا حسرة على تونس و على برامجها و مسلسلاتها ، توا كان لمسوطة و قلة الاحترام."",Disgust"
555,ياخي موش طلعوه فيلم وتونس لكل تفرجت فيه,Disgust
556,بحكم جداتي تونسية نتفرج في التوانسة اما التونسة لي يتكلمو من ⭕ على الجزايريين نقلهم اتربو رانا كيفكيف تونسي و لا جزايري ماكانش فرق كبير في البهامة و قلة التربية . الكره زرعتو فرانسا القحبة في قلوبكم و مزالكم تبعو فيه,Disgust
557,مت من الضحك مبروك المسلسل جميل جدا متشوقة اشوف باقي الحلقات😂😂❤🇹🇳,Happiness
558,رمضانكم مبروك,Neutral
559,عاش النادي الصفاقسي,Happiness
560,انا انحب النادي الصفاقسي css,Happiness
561,الأفريقية دولة احسن فريق في تونس🎉,Happiness
562,النادي الافريقي و نجم الساحلي و الصفاقس و منستير و جميع الأندية الأفريقية تحت الصفر بنسبة للترجي,Disgust
563,مبروك الترجي رابحة,Happiness
564,الترجي الرياضي التونسي ❤️💛🖤🎉🎉🎉,Happiness
565,علاش الجزائر يماك باش تغلبنا تونس🖕🖕🖕🇩🇿🇩🇿🇩🇿🖕🖕🇩🇿♥️♥️♥️♥️♥️♓♓♓,Anger
566,انا تونسي و احنا مستحيل نعملو هكا❤❤,Happiness
567,ختك مشي تونس تغلب الجزائر,Disgust
568,تونس تغلب الجزائر عندك خيال واسع,Disgust
569,أنا من تونس يزي من كذبك 😮😅😅😊😊😮😮😮,Disgust
570,ختك كيفاش تونس تغلب الجزائر,Disgust
571,علاش تونس وليبيا و الجزائر والمغرب اخوة,Happiness
572,عندك تغظب تونس حص رك تخوف😂😂😂🎉,Happiness
573,يزي بلا عطي تونس الجعانة ماتغلبناش,Disgust
574,نتا راك مهبول صح كيفاش تونس تقلب الجزائر,Disgust
575,انا تونسية و مستحيل نعملوا هكا ❤❤,Happiness
576,أنا تونسيا و من المهدية ربي يخليكم,Neutral
577,تحيا السعودية راني نحبكم برشا من تونس,Happiness
578,تونس ديمه الكلام عندك يقول وش😂😂😂,Happiness
579,تحية من السعوديه لاهلنا واحبابنا في تونس الخصراء مرحبابيكم ايعيشكم اشنوا حوالكم خوتنا في تونس احنا باهين انتوما باهين زادا ههه قداش باهين خوتنا بتونس انتوما باهين برشا عسلامه باش نقولكم نحن من السعودية باش نحبكم برشا 🇸🇦❤️🇹🇳,Happiness
580, آخر شي بكلمة تونس كلها شين شين شين,Disgust
581,حرفياً تونس كل شي اخر حرف ش,Disgust
582,اين تونسيه كان باش نحكي مع واحد مصري,Neutral
583,أيديهم في المحليات... سلام القدس الشريف عليكم... من المحله الكبرى.. كثير التحايا لأفضل خلق الله على الكوكب أهلنا بغزه الباسله غزه هاشم الاباء والصمود والتحدي العربى... ولو أن العرروبه اصبحت متصهينه,Happiness
584,انا من الجزائر نحبك بزاف نهدرو كيفكم,Happiness
585,والله مانحكيووش هكا في تونس,Disgust
586,اذا كان انا مصري وبفهم لغه تونس.,Happiness
587,😂😂 يضحك برشا برشا,Happiness
588,أنا تونس ❤ كيفك😊,Happiness
589,علاه تونسيين يقولو اقعد واقف😅,Happiness
590,انا تونسيه ونحب برشا وساعات احب 🎀🎀❤️❤️🎀🎀❤️❤️🇵🇸🇵🇸❤️❤️🎀🎀🇵🇸🇵🇸❤️❤️🎀🎀,Sadness
591,لصاحبه القصه : الله يوفقك وعيشي حياتك انا فكرت انه رح تتزوجي راشد😂 المهم الله يسعدك فحياتك ويحفظلك سما ❤,Happiness
592,اناحتكلم بي الجزائر وشراكم لباس بيكم ههه😊😊😂😂❤🎉,Happiness
593,يعني انا من تونس وسبحان الله بفهم مصري وكل اللغه العربيه ما شاء الله,Neutral
594,تونس بلادي عندنا كلام غريب❤🇹🇳,Happiness
595,فهمت المصري التونسي ما فهمت شي,Happiness
596,جيش السلخ #كيفكم ساڨا#,Happiness
597,ممكن حد تونسي عندي سؤال مهم,Sadness
598,انا من تونس و نحب لهجتنا برشا,Happiness
599,أنا تونسية والله الأمر بضحكني برشا 😂,Happiness
600,تونس حتى انتم عندكم الشرموله 💜💜💜🇱🇾🇱🇾,Neutral
601,😢 مافهمت شي بس فيه شي غريب تونس اول مره اسمع تردي زايد هزي 😢,Happiness
602,دمك خفيف اوى ما شاء الله,Happiness
603,جزاءر لي تتقول اقعد واقف مشي تونس,Happiness
604,انا تونسي اسمي روان انا انحبك برشا برشا تحية الى مصر ام الدنيا🥰,Happiness
"605,قعود مشي / قاعدين عم نمشي بالسوري 😂 tamam كلمه تركيه يعني حسنا ب سوريا ؛ كيفك؟ تمام تعال . تمام اوك ؟ تمام طيب ؟ اممم تمام 😋 و كلمه طيب طيب يعني ؛ لذيذ . حسنا . كويس . لطيف . 😍💔,Neutral"
606,ههه ما شاء الله عليها المصريه تظحك,Happiness
607,أنا بعرف عبارتين بالتونسي... حتى فما شي = حتى ولا شي ع اللخر = على الآخر,Happiness
608,اقسما باله تونس🇹🇳 عندها كلمات يضحك😂😂😂,Happiness
609,موش لها الدرجة من البهامة التونسية نفدلك معاكم 😂😂😂,Disgust
610,للتونسيين ايش يعني نجم احنا عندنا مشهور 😂😂,Neutral
611,ههه الله يبارك طفلة هدي عسل مقطر,Sadness
612,أقعد واقف تعنا حنا الجزائريين ماشي كلمة تونسية 🇩🇿💪🇩🇿🇵🇸,Happiness
613,هذي ماشي لغة تونس هذي لغة الجزائر 🇩🇿,Happiness
614,اول مرة نشوف بني آدم يعيش في زنقة كلها كلاب 😂😂😂 أنا من مصر و نموت علي تونس و عندي برشا عباد من برشا ولايات في تونس. نحبوكم برشا 😂😂😂,Happiness
615,إخوتنا الى فى تونس إش معنا بسطرمه عندكم 😅,Happiness
616,أقعد واقف دزايرية مشي تونسي 🇩🇿❤🇹🇳,Happiness
617,يعني إيه بسطرما بالتونسي فين الشتيمة في كده,Happiness
618,ما فهمت ولا شي من التونسية,Happiness
619,😂😂😂 ما شاء الله على ابداع,Disgust
620,مسخرة يا عيشة يعيشك العب يا سمك,Disgust
621,ههه فديو عواوته100 مرة ومكرهتش والله غير ممتلة الله يبارك 💓😍,Happiness
622,ضحكتيني و الله يبارك نفس كلامنا في المغرب,Happiness
623,حضرتك في أي مكان ما عندي توا مرحبا كيفك شو عم تساوي شي من ٩ من مرحبا كم الثانية انتي يا شو أخبارك ايه بس ما اعرف,Disgust
"624,""ما شاء الله يا بلاد المسلمين . و بتزعلوا من الغرب ، لنا الله وحسبي الله ونعم الوكيل"",Sadness"
625,برافو عليك فديواتك يقتلو بضحك,Happiness
626,لا يجوز للرجل لباس الأساور في اليدين أو العقود في الرقبة أو الأقراط في الأذنين تبعا للرسول صلى الله عليه و سلم 🤲🏻 .,Disgust
627,ما شاء الله على ولد بلادي أساطير ❤😍,Happiness
628,برافو قيس شقير وكامل الفريق👏 ضحكتونا وزهيتونا🤣 بالتوفيق إن شاء الله 🤲,Happiness
629,تمثيل ما شاء الله أخوكم من الجزائر,Happiness
"630,""هذا كوميديا و لا خلي، ملي بدا و انا نضحك، و الله ما ديتها فيكم يا توانسة ضحكوني،حتى صاحبي ماهر تونسي كي قالي عليه مامنتوش، تحفة و مبروك"",Happiness"
631,احلى سيتكوم شفتو وقتلني بالضحك هاذ العام ... مبروك من 🇩🇿,Happiness
632,أخراج واعر تمثيل محترف برافو عليكم خاوتنا توانسة تحيا كبيرة لكم وصحا رمضانكم 🇹🇳 ❤️ 🇩🇿,Happiness
633,من غير مسلسلت تونس في رمضان مدرنا والو,Happiness
634,أحلى تحية لأحلى توانسة خدمة شابة بزاف الله يبارك خوكم من الجزائر,Happiness
635,مبروك المبدع كريم الغربي مرة أخرى النجاح لهذا السيتكوم ضحكتني برشة,Happiness
636,مسلسل تونسي موش للتوانسة. ما ضحك حتى تونسي,Happiness
637,أنا كيفك,Neutral
638,بلطي الله يبارك,Happiness
639,ضحكت من قلبي ربي يخليكم,Happiness
"640,""يا حسرة على تونس و على برامجها و مسلسلاتها ، توا كان لمسوطة و قلة الاحترام."",Sadness"
641,ياخي موش طلعوه فيلم وتونس لكل تفرجت فيه,Happiness
642,بحكم جداتي تونسية نتفرج في التوانسة اما التونسة لي يتكلمو من ⭕ على الجزايريين نقلهم اتربو رانا كيفكيف تونسي و لا جزايري ماكانش فرق كبير في البهامة و قلة التربية . الكره زرعتو فرانسا القحبة في قلوبكم و مزالكم تبعو فيه,Happiness
643,مت من الضحك مبروك المسلسل جميل جدا متشوقة اشوف باقي الحلقات😂😂❤🇹🇳,Happiness
644,رمضانكم مبروك,Neutral
645,أنا زادا نحب يولي عندي قوة خارقة متاع سوبر مان البطل الخارق التونسي نحب نولي كيفو يعيشكم حققولي هالأمنية كهدية للعيد ميلادي اسمي مريم البليدي تونسية وعلوية 😢😢😊😊😊❤❤❤🦸🏻‍♀️🦸🏻‍♀️🦸🏻‍♀️😭😭😭🥹🥹🥹🥰🥰🥰🇹🇳🇹🇳🇹🇳🇹🇳,Happiness
646,توانسا فالتمثيل هاربين الله يبارك ❤❤❤,Happiness
647,توا انتم التونسه عرفينكم ديوثين بصح علاه زيدو تثظبتونا هذا,Anger
648,احب تونس برشا 🇹🇳🇸🇦❤❤,Happiness
649,ما شاء الله تبارك الله اول مره اشاهد دراما تونسية والله ابداع في كل شي.. سيناريو.. تمثيل.. تصوير.. مونتاج.. تحياتي لكم من دولة السودان الجريحة 💔 🇹🇳❤🇸🇩,Happiness
"650,""كان كاش ماصرى لتونس متقولوش، كنا نتفرجو معاكم"",Neutral"
651,بدني قشعر اللطف كان الحلم يولي حقيقة 🎉🎉🎉 علاش لا كان انخرجوا السوبر تونسي الي فينا ونفيقوا مالحلم 😁😁😁,Happiness
652,بحب اللهجة التونسية برشا انا سوداني,Happiness
653,ههه رمضان بلا مسلسلات تونسية ماهوش رمضان 🇩🇿,Happiness
654,برافو عليكم توانسة عندهم ما يقولوا في الكوميديا,Happiness
655,الله يبارك صراحة اخراج هوليودي و ميزانية كبيرة للسلسلة.. كل التوفيق للاخوة التوانسة و صح رمضانكم,Happiness
656,صحة شربتكم متابعكم كل سنة من ليبيا طرابلس تحيه للشعب تونسي والجزائري والمغربي🇹🇳🇱🇾🇲🇦🇩🇿 وكل سنة رمضانكم مبروك رمضان 2024/3🎉,Happiness
657,هذي تونس اللي كيفاش يحب يراها كل تونسي 😂❤❤❤,Happiness
658,تونس اذا صرالتلها حاجة اعرفو السبة هاذ المسلسل 😂😂😂🇩🇿🇹🇳,Happiness
659,جو كان تونس تولي هكا😍😍,Happiness
660,جو كان تونس تولي هكا😍😍,Happiness
661,ههه ههه زعمة تونس تولي هكا😅,Happiness
662,ههه مش نرمال برافو عليكم تشكيلة تقتل 😅😂😂😂,Happiness
663,تونس رانا جيران فكونا من تمسخير والله كون يقيسكم صاروخ افريقيا الكل تروح علاه علاه هك,Sadness
664,يا تونس علاه علاه هك 😭 😂😂😂 بصح الحق يقال الحلقة روعة ❤,Happiness
665,حلقة تعمل أكثر من 127 ألف في 5 ساعات ما شاء الله يعني سلسلة ناجحة جداً جداً,Happiness
666,اش خص ياربي كان تونس تولي هكا غير الله يهلك صحاب الشر,Happiness
667,مرحبا بيك عندنا في تونس 😂❤❤❤🎉🎉,Happiness
668,فلوس تونس كل ماشي ناس فناين من دول اخرى نحنا موش لقينا شنيا بش نصرفو,Happiness
669,سلام كيفك يا جعلك دائما إن شاء الله بإذن إن شاء الله أننا أننا سمحت لنا من زعيم قلت مثلا شايف أنت معك وحدة بس بس صلاة خلاص اسمعي أنا❤,Happiness
670,كنت حاضر الحفلة بصراحة من غير انحياز كانت حفلة خرافية و كانت الأكثر جماهيرية بتعليق من ادارة المهرجان اقسم بالله انا تعبت و نجوى ما شاء الله نشاط و حيوية و تربية و تعرف تتعامل مع الجمهور و صوتها احلى بمراحل من التسجيل ❤️قرطاج يليق بنجوى فقط,Happiness
671,ما شاء الله فكرة عبقرية ان الجمهور يغني مع الفرقة الرائعة بقيادة مايسترو الإبداع والفن بودشار 🏆👏👏👍🎼🎼💯,Happiness
672,ما شاء الله الشعب التونسي ذواااق .و الحفله كانت ملكيه بكل اامقاييس❤,Happiness
673,ما شاء الله والله أكبر عليك السي أمين. كل التقدير والاحترام للفنان المغربي المتجدد,Happiness
"674,""ابداع ، رُقيّ ، بهجة استمتاع. الموسيقى يمكن أن تكون علاجا فعالا لاضطرابات المزاج ما شاء الله على الميسترو بودشار للأسف ما حضرتلوش في قرطاج وفات التذاكر . و نفس النهار اللي راجعة للغربة يعمل حفلة في امستردام وما نخلطش😊 ربي يوفقوا وين ما مشى وباذن الله نحظرلو برفوا عليك ❤"",Happiness"
675,ما شاء الله. الله يبارك فيك يارب,Happiness
676,مبروك عليك نجاح الحفل,Happiness
677,تبارك الله ما شاء الله عليكم🎉🎉🎉,Happiness
678,ماشاء الله عليك السي أمين بوديشارت المايسترو الراقي المتواضع المغربي ♥ أقول كلمة حق في جميع ماقدمته لجميع العرب في تسيير فن طربي نظيف شكرا شكرا شكرا .❤❤❤الله يعطيك الصحة شكرا لجميع العازفين و العازفات على مختلف الآلات الموسيقية أتمنى لك ولدي مستقبلا زاهر اللهم آمييين آمييين آمييين يارب العالمين.,Happiness
679,حضرت حفل الرباط اول مرة بعد محاولات للتعرف على كيفية اقتناء التذكرة وكانت فرحتي تزداد كلما اقترب موعدالحفل ...ما شاء الله عليكم قدمتم فنا راقيا واسعدتمونا كل اعضاء الفرقة الموسيقية اكفاء وعلى راسهم المايسترو سيد أمين شكرا لكم والى اللقاء,Happiness
680,ما شاء الله عليكم شكرا لك شكرا❤❤,Happiness
681,دمت دائما متألقا بالتوفيق,Happiness
682,شكرا لك سي أمين على مشاركة هذه الحفلة مع الجمهور الذي يستطيع الحضور وبالتوفيق دائما,Happiness
683,ألف مبروك للعملاقه التي علمتنا الحرف قبل الكلمه والأبداع الراقي وهذا فضل الله عز وجل وفضلها الباذخ الكريم شكراً لاتكفي نحبكِ حتى النخاع أستاذتنا الغاليه والحبيبه كم أنتِ رائعه يكل تقاصيلك لاأعلم كيف أجمع شتات الحروف ولكن أعي حيداً كيف تصغينها لتجعلينها لوحه فنيه تترجم نفسها من نثر للخروف حبيبتنا الغاليه أنتِ فوق هام السحب مكانك ونحن لم نتعدى القفزه الأبداعيه بحرف راقيه أيتها العملاقه 💙🌪️⚡️🩶💞🥰🕌,Happiness
684,باحسد الجمهور على ها الحفلة العظيمة والرايعة تباركالله وما شاء الله كل شيء رايع ربي يباركلها ويفرحها كيف ما فرحتنا ❤ تونس ولادة تونس بنساها ورجالها تبقى شامخة 🇹🇳❤❤❤,Happiness
685,ابدعتي بنت بلدي ما شاء الله الجمهور التونسي شو حلو ومحب ومثقف ❤,Happiness
686,ما شاء الله ع جمال التونسيات ❤❤❤,Happiness
687,فنانة تعرف ترحب بجمهورها و تعرف تقدم فرقتها الموسيقية و تشكرهم و تشكر جمهورها و هي واقفة و تحكي معاه و تغنيله غناية الختام كاملة مش تخلي الفرقة تعزف و تخرج كيف ما يعملوا برشا فنانين و هذه حركة نشوف فيها برشا قلة ذوق و قلة احترام للجمهور.. جمهور رحبت به في الدخول و بداية الحفل و ودعته و انحنت له احتراما... راااقية برشا يا صولا الف مبروك يا أيقونة الشرق ❤❤❤,Happiness
"688,""حفلة رائعة بأتم معنى الكلمة، برافو عليكي يا أيقونة الشرق"",Happiness"
"689,""مش عارف هشكرك ازاي على شغلك و عملك ده اللي منضبط فيه، و متفاني فيه، فعلاً انت بتعمل شغل جبار مشكور مليون مرة عليه، شاهدت الحفل لايف و اتمنيت انه حد ينقله عاليوتيوب عشان بجد كان حفل خرافي و جميل جداً و متنوع و من زمان ما شفت اصالة بالتوهج هذا و حفل كامل ما شاء الله و جمهور البلد الشقيق تونس ما شاء الله عليه على طول مبتسمين و مبتهجين ❤ شكرا جزيلاً يحيى و ل اصالة و للجمهور التونسي و لمهرجان قرطاج على هالتحفة الفنية."",Happiness"
690,منذ متى تلبس نساء تونس الحولي من جيهة وحدة ( السبولة ) إنها طريقة لبس الحولي في ليبيا أما تونس فمن الجهتين ... !! ومنذ متى تلبس نساء تونس السروال تحت الحولي! فهذا غير موجود في ارشيفم بينما تلبس نساء ليبيا السروال تحت الحولي وهو قطعة أصيلة في اللباس التقليدي الليبي.,Happiness
691,تحياتي لك خويا بالتوفيق,Happiness
692,من السودان كيف حالكم لباس 🇹🇳🇸🇩,Happiness
693,الراب التونسي برشا جامد 🇪🇬🇹🇳,Happiness
694,اول مرة نسبع بيه الرابار هدا الله يبارك صوت وكلام موزون تخياتي خويا 🇩🇿 ❤,Happiness
695,للمرة ال1000 نعاودها يا جونيييور يعيشك خويا ستيييل هذا بالظبط بعد نحبووو نسمعوووه كل دقيقة يعيشك ركز كيما رام الله الاغاني الجاية 👿🩶👿,Happiness
696,الله يبارك ❤ربي يحفظك,Happiness
697,ما شاء الله 🫶🏼❤️,Happiness
698,الله يبارك,Happiness
699,❤وين,Neutral
700,الله يبارك,Happiness
701,الله يبارك ❤️🇩🇿❣️,Happiness
702,الأغنية هذي عقدتني هذاي حسان كرتوشة مش جينيور. قنابل 💣💣💣 ملا كعبة منين جيتهم وين كنت متخبي😂😂😂,Happiness
703,باه تبان. ...لاازم طيح فالكلام دير غنيات ...تعبيهم بالسبان مشني كيفك ...يا انسان انت رباك السيستام ... وانا رباوني دروس طارق السويدان الفرق او كلار. ... ماكان لاه تحوس... انت تحلم بكاليفورنيا ...وانا نحلم بالفردوس ...هذا جوابك قبل ما تزيد من كرش ماماك DK,Anger
704,مبروك 14vuتستحق اكثر وخي,Happiness
705,حبيتك جنيور كيفك حارق في نمسا من ٢٠٠٦,Happiness
706,يخويا والله غير الله يبارك الجزائري معاك ❤❤❤ اتهل فيروحك,Happiness
707,عمرو 23 الله يبارك العالمية في كاش غام,Happiness
708,مبروك عليك خويا قدرت تدخل لقلوووب الجزائرين 🇹🇳🇩🇿❤ الووو لامشين خصتنا خدمة مع العم جونيور,Happiness
709,الله يبارك,Happiness
710,الرابور الوحيد في تونس لي يعجبني . ليزوووم بالتوفيق لك من الجزائر🇩🇿🇩🇿🇩🇿🇩🇿🇩🇿,Happiness
711,مانا قولنا سوسة تجيب كان رابور كاسح,Neutral
712,الله يبارك,Happiness
713,🇩🇿🇩🇿 حسان بالتوفيق خويا🇹🇳,Happiness
714,كي تجي تشوف تونس العميقة تشوف دزاير فيها سبحان الله وينعتولنا فالtv الشواذ علا اساس هاذوك يمثلو التوانسة المغني هذا الدم لي يمشي فيه يمشي في عروقي الجماعة تشوف فيها راب انا نشوف فيها قطعة فنية كي تع بيتهوفن كي الدريل كي ليركس حاجة متكاملة ربي يوصلك للعالمية لان هاذي الموسيقى تقيسنا كل كمغاربة خصوصا وكعرب على العموم والله بالتوفيق,Anger
715,الله يبارك تحيا تونس,Happiness
716,و الله يعطيك الصحة يا معلم ❤,Happiness
717,الله يبارك كاين منها,Happiness
718,علاش تسب في تونس سب حكومته يا جبان🤬🤬,Anger
719,شيكور الله يبارك صوتك راو واصل عند لعرب للأمام,Happiness
720,زوز أغاني كسر الدنيا ورجع واحد كيفي متربي على دوبل كانو يسمع الراب بالتوفيق اما نقصلنا ملكلام لخايب خل انربو صغارنا على المبادئ هذي كيف متربينا مع لطفي دوبل كانو❤,Happiness
721,الله يعطيك الصحة من عند خوك الجزائري 🇩🇿🇩🇿❤️❤️😍😍👌👌🇹🇳🇹🇳🇹🇳,Happiness
722,الله يعطيك الصحة من عند خوك الجزائري 🇩🇿🇩🇿❤️❤️😍😍👌👌🇹🇳🇹🇳🇹🇳,Happiness
723,برازيل عندها نيمار جونيور و تونس عندها حسان جونيور ❤,Happiness
724,الله يبارك,Happiness
725,تونس تجيب كان الرجال اغاني الراب التونسي وحدها ❤️🇹🇳🇹🇳🇹🇳,Happiness
726,الراب التونسي واعر كاسح برشا ❤,Happiness
727,تحياتي القلبية من الجزائر يعطيك الصحة بالتوفيق ❤,Happiness
728,طيب يا صاحبي رام الله وين رحت نابلس,Happiness
729,بالتوفيق يا ابن الخضراء,Happiness
730,الجزائر 🇩🇿 تونس 🇹🇳 خص واحد مسبش الدولة وين راه 😉 🇲🇦,Neutral
731,تحيا راب الجزائري و راب تونسي رابو قوة الله يبارك,Happiness
732,مبروك الأغنية ترند🥵 اما نقص من كلام الزايد فما صغار تتفرج😊,Disgust
733,ياخويا ملا rappeur تحميل سوسة و مبروك اللقب يا ساحلية تحياتي المكشخة تعيش❤,Happiness
734,الله يبارك❤❤❤,Happiness
735,الله يبارك هدا هو الراب تاع صح تحية من الجزائر 🇩🇿,Happiness
736,🇩🇿 في الصفوف الاولى ناس تونس نحبكم برشا ♥,Happiness
737,على خطى لطفي دوبل كانو برافو عليك هذا هو الراب الحقيقي يحكي على المعاناة 🇩🇿🇩🇿🇩🇿🇩🇿🇩🇿🇩🇿🇩🇿🇩🇿🇩🇿🇩🇿🇹🇳,Happiness
738,تونس تدعم فالمثلية برافو عليك عندو حق ❤,Disgust
739,علاه شعملتلك تونس,Anger
740,اول حاجة تجينا مزيانة من سوسة ❤❤❤,Happiness
741,تحية قصرينية فرشيشية كبيرة من الارض الحرشة واصل ديما صاحبي ومايفهمك كان ولد حومة كيفك,Happiness
742,❤️ 0:32 👑مبروك 1M 👑❤️❤️❤️❤️,Happiness
743,ظاهرلي ما فماش منك 40 على خاطر كون فما 40 كيفك راه راب في لأعلى,Happiness
744,مبروك 1مليون 🔥👏🏼🇱🇾☄,Happiness
745,ما شاء الله عليك فنان انت فايت بالراب بقوه الله عليك خطيره الراب اسطوره بالرجوله اخويا جدا قوي في الراب استمر بالتوفيق😯🔥,Happiness
746,درابو تونس و الدزاير 💪💪💪❤ بورجولية برافو و الله كاسحين رجال سوسة و نشاالله مبروك عليكم البطولة في الكورة و البطولة في الراب,Happiness
747,الله يبارك رابر فكرني في لطفي دوابل كانو,Happiness
"748,""مبروك 100, 💯 K"",Happiness"
749,سوسة تدعم المثلية موش تونس,Anger
750,الف مبروك 100K يااا JUNIOR 🎉🎉❤️🎇🎆🎆🎊🎊🎈🎈✨,Happiness
751,مبروك على ١٠٠الف مشترك خلال فتره بسيطة جدآ وعقبال مليون مشترك وربي تستاهل (طرب مافي منه اثنين في تونس🔥) تحياتي لك من سلطنة 🇴🇲,Happiness
752,100 الف متابع مبروك>>,Happiness
753,و علم تونس 🇹🇳 وين ؟؟؟,Neutral
754,عيدكم مبروك معلم خويا ❤❤❤,Happiness
755,جونيور الظاهرة ستيلو يسيب في ليميسيل 2 تيتر بمسيرة رابورات عندهم عوام تحية من الجزائر 🇩🇿 رجال خانها الزمن ✌️ بالتوفيق,Happiness
756,الله يبارك,Happiness
757,مبروك 100الف,Happiness
758,الرابور التونسي الوحيد لي حسيت برسالتو و كيفاش يلحقها ما يهمو ولا شي 🤫👌,Happiness
759,عيدك مبروك ❤❤❤ اقسم بالله العظيم معلم خويا الغالي واصل هذا هوا الراب الصحيح ❤❤❤,Happiness
760,مبروك عليك بوهدمة (الحبس)!,Fear
761,ما جابت راپورات كان سوسة 🙏❤️,Neutral
762,الله يبارك تحياتي لكم اخوكم من الجزائر واحيااا فلسطين الحبيبة وعاشت فلسطين الحبيبة,Happiness
763,❤❤ الله يبارك عليك واصل,Happiness
764,وين كنت نتيا 😮 موهبة خويا الله يبارك رانا معاك ❤😊,Happiness
765,عيدكم مبروك❤,Happiness
766,😮الله يبارك 😮🇩🇿🇩🇿🇩🇿🇩🇿🇩🇿❤❤❤,Happiness
767,المرأة إلي تقعد تستنى في راجل أكثر من عام علاقة شرعية أو أكثر من شهرين تعارف قبل الخطبة هي امرأة غبية حمقاء اعطته السكين ليذبحها به وتزيد تقول لا رحت أنت وش بقالي أنت مذلولة ولي كيفك بففف جيبيلي عمر بن الخطاب ولا ابوبكر هنا نستعرف بيك 😜😎🥴,Anger
768,يناثغعبتففف🎉😂❤❤❤يخثغ3ميمعيغسهفعفصنف انا نحب بزاف انا و العائلة تاعي مي كي قالولي خير نشاء الله عليه و سلم و سيرته و الله يبارك ماشي قتلي حتا واحد 😂😂😂🤣😂🤣😂 يميايالبءتل انا في واش خيي انا اسحاق الله و انا نحب نقول لالا,Happiness
769,شكرا لك على المراجعه الممتازه اتمنى لك كل خير بالتوفيق في عملك يا استاذ عباس 🎉👩‍🎓👍🕋🕋🕋💎💎😀😃😃😃🕋🕋🕋🤯🤯🌹🌹🌹🕋🕋🕋 حياتي روعه لانها الرياضيات بجانبي الاساتذه مثل استاذ عباس الاستاذ الجيد الحب الناس ينجحوا لانه طيب القلب❤❤❤,Happiness
770,الله يبارك ❤❤❤🎉🎉🎉,Happiness
771,الله يبارك الله يبارك ❤❤❤,Happiness
772,نلي الله ❤مرحبا مليون مبروك وربنا يتم على كل شيء قدير مرحبا كيفك شو عم تعملي يا ابو محمد وعلى اله 😂🎉مرحبا مليون دولار الى مرحبا ما فضيت دق علي ضروري اليوم في عيد الفطر مرحبا مليون مبروك وربنا يبارك فيك يارب 😊,Happiness
773,ها❤متى ما راح مرحبا كيفك شو عم تساوي شي بس لا تقولي لي انا ما طططمة,Neutral
774,راك قريب لمليون الله يوفقك,Happiness
775,سلام صفا غايا لباس الحمد لله بخيروالله ❤❤❤,Happiness
776,الله يبارك,Happiness
777,متظهرش لهجة مغربية وين الكاف والفواصل,Neutral
778,هذه الاغنيه الف الف حلوه مبروك على هذه الاغنيه الجديده انا احبها كثير كثير❤❤❤,Happiness
779,الله يبارك❤❤😂,Happiness
780,مبروك علينا😊,Happiness
781,فيديو جاب مليون لايك الله يبارك ❤❤❤,Happiness
782,❤❤❤🎉🎉🎉 0:41 😅😅😅😂😂😂❤❤❤الله يبارك 😂😂😂 مشاءالله 😂😂😂❤❤❤,Happiness
783,انا جزائرية و الأغنية تهبل الله يبارك اليوم و انا نشطح فيها حتى نسيت ماطيبتش لعشا هذا وين اني نطيب,Happiness
784,جيلان الله يبارك اختي تحياتي من الجزائر لك🎉🎉 أغنية في القمة❤,Happiness
785,اغنية جميلة ولكن لي مقدمها كارية وصاف لاشكل لا مضمون داك لباس لي لابسة ما علاقته بتقافتنا ؟؟؟,Disgust
786,مبروك. 😂❤🎉🎉🎉,Happiness
"787,""كل ما هو مغربي جميل ، تراث الحان موسيقى كلمات روح مغربية ولا عزاء للانانيش الكراغلة مبروك عليهم موسيقى الواي واي تراثهم الذي يشبههم ومبروك عليه الشيخ نانو والشاب عبدو منار وباقي الانانيش 106..."",Happiness"
788,فيديو مسطي الله يوفقكم😂👌,Happiness
789,300 مليون مبروك عليك 🎉🎉💜👑,Happiness
790,مبروك فرحنا ليك فاش وصلات الأغنية ل 300 مليون 🎉🎉🎉,Happiness
791,اغنية جميلة ما شاء الله ❤,Happiness
792,انا قبايلية مثلك ❤ شكرا الله يبارك لقبليل ليزوم ❤❤,Happiness
793,من الجزائر نقلك ها اختي الصحراء غربية والقفطان مسجل فليونيسكو باسم الجزائر ههه يا خي براهيش كيفك كيف تعليقات متعدبيش روحك الصحراء غربية جد عن جد,Anger
794,ممتاز❤ مبروك😂 عليك,Happiness
795,شابة الله يعطيك الصحة❤🎉😊,Happiness
796,الله يبارك ❤❤❤,Happiness
797,انا كنبغيك مهبول انا وش تينا في المغرب الف مبروك 🎉❤❤❤,Happiness
798,مبروك وصول الأغنية 183 مليون مشاهدة❤❤❤,Happiness
799,الله يبارك اغنية شابه يعطيك الصحة زين ❤❤❤  1:15,Happiness
800,ملاحة لغنايه الله يبارك ربي يقويكم❤❤❤,Happiness
801,انا نحب حاجة هاكا عندو حق الله و ندخل فيه بدماغ حق لأنها دايما فدار يقرا افكاري ث كي كنت صغير ولا كبير في وجهو 🎉🎉🎉ههه والله نحمدو تاع الدار و هاداك لعقاش لي نحبها بزاف هي مدينة طوكيو تاع ام في وجهو كي 136ههم تتتعنننييبيسبععترر ويشد روحو في بلد اخرى راني مع شربة باسكو خلاصت وعندي لعبة ايمبروك كي 🎉 و هو صحبتي 😂😂😂😅😅تلبرؤيييبةونممنتاةنزنننصصض❤❤😂🎉😢😢😮😮😅,Happiness
802,على الاقل لمسنا نوع من الحياء في حفل الزفاف دون عري فاضح يحي الفنان والاب احمد زاهر تحية من المغرب للاسف فنانات مصر غلب عليهم لباس العهر للاسف واكيد ليس الكل نحن دولة اسلامية الحرية ليست هي العري والفساد الحرية ان احترم الاخر احترم رجولة ابي واخي وعمي تمالرجل الاخر الذي حرم الله ان يرى جسد المراة المراة الحرة هي من تستر نفسها اما الجواري والعاهرة هي التي تتعرى امام الاخر,Disgust
803,اعطيني اغنيه بوسطوف واعره ما شاء الله😮,Happiness
804,والو ❤❤❤,Happiness
805,سبحان الله والله حتا كتبانو تما مجموعين غير الزوامل ...من حركاتكم لباسكم...نعسين على كرشكم,Disgust
806,مبروك,Happiness
807,مبروك المليون تستاهلوا 🎉 افضل اغنية ❤😊,Happiness
808,الله يبارك على الغنية ❤,Happiness
809,لباس الحمد الله 😂😅,Happiness
810,أغنية ما شاء الله 😊🎉😢🎉🎉🎉,Happiness
811,الله يبارك وصلة الى 250 مليونv,Happiness
812,الله يوفقك و تحياتي لك و للفرقة تبارك الله الله يحفظكم ❤❤❤,Happiness
813,❤ تحياتي لك من ليببيا 🇱🇾♥ الاغنيه خيال ابداع الله يبارك ❤❤ نحب نهنبك,Happiness
814,وايت ﷲيعيشك انو من متابعينك إشحنلي بليز 2493541816😢😭😭😭,Sadness
815,تهبل الله يبارك ربي يحفظكم انشاء الله يارب ❤❤❤😢😮😅😊,Happiness
816,الفرنسية 🇵🇫 الله الله الله ويحفظك من وين انتي والله العظيم ٥٥ ٥٥ مليون مبروك وربنا يتمم على خير ❤❤❤🎉,Happiness
817,😮😮يعيشك في اغنية شاب 😂😂❤❤😮😊,Happiness
818,تونسية وعاشقة مغربي ربي يخليك ليا رشيد 🇹🇳❤️🇲🇦 سلطان قلبي ربي يجمعنا قريبا حلالي ❤❤,Happiness
819,الله يبارك في الصوت وليدي❤❤ جيبلينا أغنية جديدة❤,Happiness
820,تخيلو الاغنية لوكان جات باللهجة المروكية: آجي دابا ولا كندير ليك دابا الصداع أنا. كنحمق انا كندوي فلوتشورتش أنا كندير لمزيكا كنزيد فلفوليم انا وبلال وخا كيفكرني باللي فات🤣🤣😂😂 فهمتو دابا علاش غناوها بالجزائري. حيث لهجة الكاكا و الواو والواخا والدابا لا تصلح للغناء,Disgust
821,الف الف الف مبروك,Happiness
822,الله يبارك,Happiness
823,ههه😂😂😂مرحبا مليون مبروك 🎉,Happiness
824,مبروك أحب اغنية مهبول لانا ❤❤❤,Happiness
825,واو واو واو اجمل أغنية كل يوم عم ادخل للغنيةشوف عدد المشهدات واو صارت ترند الف مبروك,Happiness
826,لباس عليهم؟ صحاح هاذو,Happiness
827,الله يبارك,Happiness
828,يهبلو الله يبارك ❤❤❤😂😂😂🎉🎉😢😮😮😮😅😅😊😊,Happiness
829,تبارك الله على صوت و على أغنية 🔥.تستاهل أولدي الله يوفقك 🙏💐❤️🇲🇦,Happiness
830,🎉🎉🎉مبروك الزواج,Happiness
831,الله يبارك 💪🏼,Happiness
832,الله يبارك ماشاء الله,Happiness
833,الله يبارك خويا🎉❤,Happiness
834,وجدة الجزائرية🇩🇿 سابقا فيها كل التقاليد الجزائرية🇩🇿 لباس أطباق حلويات من العاصمة البليدة تيبازة سطيف عنابة جيجل قسنطينة بسكرة لغواط المسيلة غرداية تيارت مستغانم معسكر الشلف وهران تلمسان ههه المروك🇧🇩🇲🇦 أضحوكة العالم ههه,Disgust
835,كان عليك في آخر الكليب يكون امام مستشفى لازاري برافو عليك,Happiness
836,٠االللفلفل وة الله يسعدك يارب العالمين الله يسمع ٤٤٤٥ مرحبا مليون مبروك وربنا يتمم على ❤❤❤مرحبا مليون 🎉🎉🎉,Happiness
837,الفرنسية 🇵🇫 الله يسلمك من الشر عنك ي ٥٦ مرحبا مليون مبروك وربنا يتمم على خير يا رب يا قلبي انتي والله ما عندي شي بس ما ادري والله بس ما ادري والله بس ما ادري والله بس ❤❤❤😂❤❤❤الله يسعدك يا قلبي 😢😢😢😮😮مرحبا مليون مبروك 😂مرحبا مرحبا سهم ↔ مرحبا مليون مبروك,Happiness
838,مهبول.غنية. الله يبارك🎉🎉🎉❤❤❤🎉🎉🎉,Happiness
839,مهبول.غنية. الله يبارك,Happiness
840,يا خويا مبروك عيك 209 m 🎉🎉🎉,Happiness
841,الله يبارك صوتك مساء الله ❤ استمروا و ابهرونا بالاغنية الجديدة,Happiness
842,غنية هايلة برافو عليكم ❤❤❤,Happiness
843,اجمل اغنيه في الكوكب ربي يحفظكم كي جبتوها لنا عرس فات الشباب عرس عمي هذا انا سجى الله يبارك عرس كي درنا فيه مهبول انا رحيم نتحا في اول عرس اول اغنيه شابه وانت الروجي الله يبارك ربي يحفظك ربي يحفظك نقول لكم السلام❤,Happiness
844,ههه ضحكني غير داك سائق لومبيلونص باغي غير لامبيلونص ههه هبلتوه نيت 😂😂😂 مبروك النجاح,Happiness
845,1000مبروك عليك النجاح بالتوفيق و ربي يحفظك و يسعدك ❤❤❤🎉🎉🎉 أحسنت انك اثبت وجودك و صوتك برافووو ❤🎉,Happiness
846,الله يبارك 😅🎉❤❤❤😮😅😊😅,Happiness
847,مبروك 200 مليون,Happiness
"848,""wednesday december 25, 2024 برافو عليك خويا lazaro اغنية ديالك راها ف tendence marocain مبروك عليك 201 مليون مشاهد 💋💋💋🇲🇦🇲🇦🇲🇦❤️❤️❤️❤️"",Happiness"
849,الله يبارك اجمل اغنية سمعتها في حياتي ❤❤,Happiness
850,اغنية جميلة راهم قاع بها في لعراس الله يبارك ❤🧿🔥💖,Happiness
851,الله يبارك,Happiness
852,مبروك عليك خويا اغنية مهبول انا ناضية استمر.,Happiness
853,😂🎉 مبروك 👏 غني خير منها,Happiness
854,مبروك🎉🎉🎉❤❤❤😊😊😮,Happiness
"855,""و بلال يفكرني فلي فات 🥴 ما فهمتش الغناية الباسله هذي كيفاش عامله 190 مليون انا وين نمشي للبار نسكر نسمعها، والله اطّيرلي السّكره 🤮"",Disgust"
856,الله يبارك❤,Happiness
857,علاش,Neutral
858,أغنية خطيييرة ريتم وايقاع كتفرحني كينسمعها خصوصا لمورصو لي تكول فيه بلال يفكرني بلي فاات ضربتلي فلقلب اتمنى منك أخي أن تستمر فهاد ستايل جا معاك وما شاء الله على الإخوان لي معاك top top top,Happiness
859,الله يبارك,Happiness
860,أغنية كتحمق. 🎉🎉🎉❤❤❤مبروك,Happiness
861,انترنت غير لباس,Disgust
862,عاودتها شحال من خطرة وماشبعت منها برافو اختكم من الجزائر 🇩🇿 مرحبا مليون مبروك,Happiness
863,الله يبارك,Happiness
864,الأغنية تهبل ماشاء الله مم الكلمات الله يبارك 😂😂😂بالتوفيق,Happiness
865,غنية فشباب الله يبارك❤❤❤,Happiness
866,روعة صوت اداء والفكرة والباس وكل شيء روعة اتمنى ان تبقى المجموعة متماسكة ونشفوهم في اعمال اخرى انشالله جزايرية مرة من هنا بالتوفيق انشالله الف مبروك عالنجاح,Happiness
867,الله يبارك,Happiness
868,الله يبارك عن هذه الصوت❤❤❤من الجزائر تحياالتونسي ❤❤❤وهدى نحبك ونموت عنك ❤❤❤,Happiness
869,الله يبارك فيك هودى اغاني طوب ربي يخليك لينا 😍❤,Happiness
870,هاو وعلاش انا ضد فكرة انه هذي التونسية تدخل في اغانينا الشاوية و السطايفية😢 شفتوا اليوم راها تغني في الستيل الجزائري بلباس تونسي و غدوة ترجع اغنية تونسية لانه المغنية تونسية و اللباس تونسي😢 و كي تقوللهم ستيل جزائري يخرجوا فينا عينيهم,Sadness
871,ما شاء الله هذا الاغنيه❤❤❤😊😊😊🎉🎉🎉,Happiness
872,اغنية في القمة مشألله بالتوفيق 😘😍,Happiness
873,Madame saadallah يعطك الصحة احلوة محلاك ومحلا الباس بالتالق,Happiness
874,محلاك بنت بلادي ألف مبروك نجاح اغنية تهبل والله ممتاز محلاها بحبك برشا اغنية تهبل ماشاءالله ❤❤❤,Happiness
875,أغنية جميلة مشاء الله بالتوفيق ❤,Happiness
876,الله يبارك ❤❤,Happiness
877,الله يبارك ماشاء الله عليك هدى ❤❤❤,Happiness
878,روعة بالتوفيق❤❤,Happiness
879,روعة بالتوفيق❤❤❤,Happiness
880,🎉 الله يبارك درتها في حنة بنتي بردت ڨلبي برڨيص,Happiness
881,لباس تقليدي تونسي و ديكور تونسي و جو تونسي و تزغؤيت تونسي و تفاصيل تونسية 🇹🇳🇹🇳🇹🇳 و الإيقاع دزيري و كلمات معلمها دزيرية ... خلطة باهية مزيانة,Happiness
882,الله يبارك ❤❤❤,Happiness
883,محرمة الفتول جزائرية 😂😂😂 بديتو تسرقو لباس الجزائريات,Anger
884,عجبتني بزاف الغنية برافو و بالتوفيق ❤ تحية ليك من بومرداس 🔥🔥✨,Happiness
885,بالتوفيق 🎉,Happiness
886,بالتوفيق❤❤,Happiness
887,الله يبارك ❤والله مليحة,Happiness
888,بالتوفيق,Happiness
889,بالتوفيق هدهودة❤❤,Happiness
890,الف مبروك حبيبتي🎉🎉🎉,Happiness
891,بالتوفيق 🤍🙏,Happiness
892,بالتوفيق ❤,Happiness
893,بالتوفيق قلبي,Happiness
894,بالتوفيق هدى,Happiness
895,ألف مبروك يا روحي,Happiness
896,ألف مبروك اختي هدى بالتوفيق 🎉🎉,Happiness
897,محلاها العناية.. وصوت ماشاء الله ..بالتوفيق نور شيبة..,Happiness
898,بسم الله ماشاء الله الف مبروك تتربى في عزكم,Happiness
899,روعة يعطيك الصحة بالتوفيق ام بهاءمن الجزائر🇩🇿🇩🇿🇩🇿🇩🇿,Happiness
900,برافو حلوة الأغنية بالتوفيق انشاء الله,Happiness
901,مبروك عليك الغناية ممتازة ديما منور نووور❤❤❤,Happiness
902,الغناية تهبل مبروك ❤️,Happiness
903,برافو بالتوفيق جيش نورس,Happiness
904,مبروك تهبل الغناية❤❤❤,Happiness
"905,""برافو عليك، أغنية جميلة بالتوفيق، من متابعين نورس 🦋💙❤️"",Happiness"
906,مبروك من طرف نورس,Happiness
907,ألف مبروك تهبل الاغنية متابعين نورس 🎉,Happiness
908,ألف مبروك جيش نورس ❤❤❤,Happiness
909,مبروك تهبل الغناية 🎉❤ تيم نورس 🦋,Happiness
910,مبروك من جيش نورس,Happiness
911,❤❤❤اوت عرسي ربي يخليك لي بابا الغالي😘,Happiness
912,الله يرحمك يا بابا اتھنى عليا عايشة لباس عليا كيما عيشتني😢,Sadness
913,ما شاء الله عليك,Happiness
914,هذه الأغنية اهديها الى حبيبتي وعمري وحياتي تعبر عن حبي لها من كل قلبي ربي يخليك ليا يا احلى مرى عرفتها في حياتي الكل,Happiness
915,روعة أغنية إنشاء الله بالتوفيق والنجاح,Happiness
916,❤ ما شاء الله,Happiness
917,ماشاء الله عليك بالتوفيق يارب ❤️,Happiness
"918,""الصوت روعة ما شاء الله، الله يحفظك و يوفقك"",Happiness"
919,انشالله.بالتوفيق,Happiness
920,من اقصي شمال تونس نحبوكم برشا الناس الكل❤❤❤🎉,Happiness
921,روعة ما شاء الله ❤❤❤,Happiness
922,اسطورة قرطاج ربي يوفقك ويعطيك القبول ومحبة الرسول ما شاء الله ابدعت bonne continuation 👌👌👌🌹🌹🌹,Happiness
923,ما شاء الله رووو عة,Happiness
924,ما شاء الله❤😊,Happiness
925,حاجة راقية و قماش حرير...🌹 بالتوفيق,Happiness
926,مبروك محلاها لغنايه,Happiness
927,اغنية جميلة وكذالك الحن و الاجمل الفديوا يمثل اصالت تونس من لباس تونسي اصيل,Happiness
928,الله يوفقك يا رؤوف ماهر,Happiness
929,❤❤الله يباركلك,Happiness
930,❤❤ما شاء الله,Happiness
931,ما شاء الله ما شاء الله على هذه المعجزه الكبيره خطافه❤❤❤😊😊😊,Happiness
932,بالتوفيق وتستاهل كل خير من غير مجاملة,Happiness
933,خويا مشاء الله عليك الله يبارك كان تعملنا حفللة في الرياض السعودية متوحشين الجالية التونسية الربوخ,Happiness
934,ما شاء الله❤❤,Happiness
935,ما شاء الله ربي اباركلك ملا صوت🎉🎉🎉,Happiness
936,برافووو كاملة و الكمال لله. واصل على هذا المنوال اغاني تعرف بثقافتنا و بتراث بلادنا و اللهجة واااو ما شاء الله تخلي الانسان يرفرف,Happiness
937,محلاه مشاء الله عليك انشاء الله بالتوفيق والنجاح يارب,Happiness
938,غناية روعة صوت و كلمات ما شاء الله j'adore ♥️🥰,Happiness
939,ما شاء الله عليك ربي يحفظك ويحميك لعيلتك احلى جنوب 🤍✌️🇹🇳,Happiness
940,ماشالله عليك ولد بلادي تميز الله واحد الله يوفقك يارب,Happiness
941,من اروع الاغاني و اجملها 👍 بالتوفيق,Happiness
942,واصل في style هذا ناجح بااارشا معاك و روعة بالتوفيق,Happiness
943,ما شاء الله على صوتك,Happiness
944,الف مبروك انشاءالله ديما في التألق,Happiness
945,نحبك برشا برشا أنا جزاءرية حاولت نتعلم الهدرة التونسية ❤❤❤😊😊😊🎉🎉🎉,Happiness
946,10M ما شاء الله ❤😍😍,Happiness
947,الغناية هذي ادمان عندي نهار كامل كل ما نحط غناية نمشي لها طول براافو بالتوفيق إنشاء الله رؤوف ماهر و كامل الفريق 💖🇹🇳🇹🇳,Happiness
948,🎉ألف مبروك خويا,Happiness
949,بالتوفيق,Happiness
950,برافو عليك ❤❤❤🎉🎉🎉,Happiness
951,ألف مبروك ❤❤❤يا رؤوف ناشاءالله بل التوفق والنجا ح 😊😊😊❤❤❤😂🎉🎉🎉,Happiness
952,والله الأغنية كل يوم نسمع فيها برافو عليك رؤوف ماهر ولد بلادي مشاء الله عليك 💖💖👍👍👍💗,Happiness
"953,""مشتركة جديدة من الجزائر ،تحياتي خويا رؤوف ، اغانيك بها إصالة بالتوفيق ."",Happiness"
954,🎉ما شاء الله ربي يوفق من أحلى ما نسمع كل يوم🎉🎉🎉,Happiness
955,🎉🎉🎉الف مبروك على نجاح قرطاج❤❤❤🎉🎉🎉,Happiness
956,ما شاء الله 😘 😘 روعة,Happiness
957,ما شاء الله,Happiness
958,رؤوف دائما متألق❤ ما شاء الله 🌹👍,Happiness
959,ياسر محلاها الغناية بالتوفيق ❤,Happiness
"960,""اغنية رائعة كلمات ولحن وصورة واداء،مبرووك ،الف مبروك"",Happiness"
961,بالتوفيق,Happiness
962,ما شاء الله تجيب لنا ريحة لبلاد حتى كي منروحوش ❤❤❤,Happiness
963,الف مبروك 🎉❤❤❤,Happiness
964,أصغر معجباتك تقريب بنتي عمرها سبعة شهور تأكل كان ع غنايتك ههه بالتوفيق ان شاء الله,Happiness
965,الله الله عليك و انت خطفت ڨلوب التوانسة الكل و الوطن العربي ما شاء الله عليك و على الابداع و الاصالة,Happiness
966,الله يحميك ولد بلادي كثر مو المود هذا يمشي معك بااارشا بالتوفيق,Happiness
967,من الجزائر و احب اغاني ماهر رؤوف ما شاء الله مزيد من التالق و النجاج تستاهل,Happiness
968,ما شاء الله ديما ترجع بينا للجذور ان شاء الله ديما متميز بنوعية الاغاني هاذي ❤,Happiness
969,برافو رؤوف ماهر بالتوفيق انشاء الله في قرطاج 👏,Happiness
970,عمل راقي بالتوفيق,Happiness
971,ب❤❤❤برافو عليك يا ولد الجنوب,Happiness
972,المليون الثاني مبروك,Happiness
973,المرة هذه رجعتلك في المليون الثاني هه 💐 الف مبروك نجاح الخطافة يا رؤوف تحية ليك حوماني من حي الشرايحة وطريق بني خداش منورنا و منو مدنين 🎉🎉🎉❤❤,Happiness
974,ما شاء الله رؤوف ماهر محلاها الأغنية نتمنالك مزيد من التألق,Happiness
975,مشاء الله عليك غناية محلاها بالتوفيق إن شاء الله ❤️🥰,Happiness
976,غناية حلوة برشا مبروك❤👏,Happiness
977,ما شاء الله خويا ربي اوفق عسسل كل يوم عاملة بيها جو اني وكنزة,Happiness
978,ماشاء الله ديما مبدع روعة روعة تهبل مبروك نجاح الاغنية ❤❤,Happiness
979,كلمات رائعة توزيع وغناء وصورة ماشاءالله ألف مبروك نجاح الكليب وألف مبروك قرطاج فرحانين برشا أن شاء الله معاك في قرطاج,Happiness
980,بالتوفيق انشالله في باقي أعمالك المستقبلية... كلمات و كليب و لحن ممتازين و اصل و احتفظ بالنقاوة الفنية bon chance 👍,Happiness
981,رائع بالتوفيق دائما,Happiness
982,ما شاء الله 🎉🎉🎉,Happiness
983,حلوة الغناية بالتوفيق..ياريت اعمل معاه فيديو كليب انا زادة 😅😊,Happiness
984,جميل جداً الله يبارك ما شاء الله 🎉❤❤,Happiness
985,تبارك الله على صوتك الحلو والكلمات الراقية صحة لأمك أنها جابت كيفك,Happiness
986,اغنية ممتازة جدا ولباس تونسي و لمسة جيد من لباس قبائلي جزائري في الأغنية رائع .تحياتي إلى الشعب التونسي❤,Happiness
987,روعة الكليب و الأداء و الصوت و الفكرة اصلا ابداااع تمثلنا و تمثل تونس الكل رووف ماهر خلق و اخلاق بالتوفيق,Happiness
988,الغناية تهبل و كلماتها ياسر حلوين و زيد معهم لباس التقليدي و بلادنا و جمالها جات قد قد برافووو ماهر ❤❤❤🇹🇳🇹🇳🇹🇳,Happiness
989,ما شاء الله اغنية روعة و باش تضرب في الصيف و باش نسمعوها في الأعراس الكل بحول الله ❤❤ برافووو رؤوف مبدع كيف العادة🇹🇳🇹🇳,Happiness
"990,""غناية روعة، الله يباركلك بالتوفيق أن شاء الله"",Happiness"
991,مشالله اغنية رائعة و فنان رائع صوت و حضور و احترام بصراحة برافو الفنان الأول في تونس شرف لينا في الجنوب و خاصة مدنين بالتوفيق خطفتنا قلوبنا باغانيك الرائعة 😍😍,Happiness
992,👏الف مبروك 👏 💯صوت روعه💯 ❤ جمال صحراء❤,Happiness
993,ألف ألف مبروك خويا الغالي ❤🌹❤ بالتوفيق والنجاح وتستاهل كل خير 💖🌺💖 خطافة ❤🌹💖🌺💕☘🌷💗🍀💐🔥🌸🌸🌸🌼🌹🌸🌹💜💜💜💓🌼🌸,Happiness
994,ألف ألف مبروك خويا الغالي ❤🌹❤ بالتوفيق والنجاح وتستاهل كل خير 💖🌺💖 خطافة ❤🌹💖🌺💕☘🌷💗🍀💐🔥🌸🌸🌸🌼🌹🌸🌹💜💜💜💓🌼🌸,Happiness
995,ألف ألف مبروك خويا الغالي ❤🌹❤ بالتوفيق والنجاح وتستاهل كل خير 💖🌺💖 خطافة ❤🌹💖🌺💕☘🌷💗🍀💐🔥🌸🌸🌸🌼🌹🌸🌹💜💜💜💓🌼🌸,Happiness
996,ألف ألف مبروك خويا الغالي ❤🌹❤ بالتوفيق والنجاح وتستاهل كل خير 💖🌺💖 خطافة ❤🌹💖🌺💕☘🌷💗🍀💐🔥🌸🌸🌸🌼🌹🌸🌹💜💜💜💓🌼🌸,Happiness
997,ألف ألف مبروك خويا الغالي ❤🌹❤ بالتوفيق والنجاح وتستاهل كل خير 💖🌺💖 خطافة ❤🌹💖🌺💕☘🌷💗🍀💐🔥🌸🌸🌸🌼🌹🌸🌹💜💜💜💓🌼🌸,Happiness
998,ألف ألف مبروك خويا الغالي ❤🌹❤ بالتوفيق والنجاح وتستاهل كل خير 💖🌺💖 خطافة ❤🌹💖🌺💕☘🌷💗🍀💐🔥🌸🌸🌸🌼🌹🌸🌹💜💜💜💓🌼🌸,Happiness
999,ألف ألف مبروك خويا الغالي ❤🌹❤ بالتوفيق والنجاح وتستاهل كل خير 💖🌺💖 خطافة ❤🌹💖🌺💕☘🌷💗🍀💐🔥🌸🌸🌸🌼🌹🌸🌹💜💜💜💓🌼🌸,Happiness
1000,ألف ألف مبروك خويا الغالي ❤🌹❤ بالتوفيق والنجاح وتستاهل كل خير 💖🌺💖 خطافة ❤🌹💖🌺💕☘🌷💗🍀💐🔥🌸🌸🌸🌼🌹🌸🌹💜💜💜💓🌼🌸,Happiness
1001,ألف ألف مبروك خويا الغالي ❤🌹❤ بالتوفيق والنجاح وتستاهل كل خير 💖🌺💖 خطافة ❤🌹💖🌺💕☘🌷💗🍀💐🔥🌸🌸🌸🌼🌹🌸🌹💜💜💜💓🌼🌸,Happiness
1002,ألف ألف مبروك خويا الغالي ❤🌹❤ بالتوفيق والنجاح وتستاهل كل خير 💖🌺💖 خطافة ❤🌹💖🌺💕☘🌷💗🍀💐🔥🌸🌸🌸🌼🌹🌸🌹💜💜💜💓🌼🌸,Happiness
1003,ألف ألف مبروك خويا الغالي ❤🌹❤ بالتوفيق والنجاح وتستاهل كل خير 💖🌺💖 خطافة ❤🌹💖🌺💕☘🌷💗🍀💐🔥🌸🌸🌸🌼🌹🌸🌹💜💜💜💓🌼🌸,Happiness
1004,ألف ألف مبروك خويا الغالي ❤🌹❤ بالتوفيق والنجاح وتستاهل كل خير 💖🌺💖 خطافة ❤🌹💖🌺💕☘🌷💗🍀💐🔥🌸🌸🌸🌼🌹🌸🌹💜💜💜💓🌼🌸,Happiness
1005,ألف ألف مبروك خويا الغالي ❤🌹❤ بالتوفيق والنجاح وتستاهل كل خير 💖🌺💖 خطافة ❤🌹💖🌺💕☘🌷💗🍀💐🔥🌸🌸🌸🌼🌹🌸🌹💜💜💜💓🌼🌸,Happiness
1006,ألف ألف مبروك خويا الغالي ❤🌹❤ بالتوفيق والنجاح وتستاهل كل خير 💖🌺💖 خطافة ❤🌹💖🌺💕☘🌷💗🍀💐🔥🌸🌸🌸🌼🌹🌸🌹💜💜💜💓🌼🌸,Happiness
1007,ألف ألف مبروك خويا الغالي ❤🌹❤ بالتوفيق والنجاح وتستاهل كل خير 💖🌺💖 خطافة ❤🌹💖🌺💕☘🌷💗🍀💐🔥🌸🌸🌸🌼🌹🌸🌹💜💜💜💓🌼🌸,Happiness
1008,ألف ألف مبروك خويا الغالي ❤🌹❤ بالتوفيق والنجاح وتستاهل كل خير 💖🌺💖 خطافة ❤🌹💖🌺💕☘🌷💗🍀💐🔥🌸🌸🌸🌼🌹🌸🌹💜💜💜💓🌼🌸,Happiness
1009,يجننن احلا فنان تونسي الله يبارك عليك تحية ليك من ليبيا❤,Happiness
"2867eb80ea36,"": الرفاهيّة إلي عندك دي محتاجه إنك تفهم إنك رايح وترجع "
ومش لازم وعادي الدين والإسلام مش خلاص
ودي دوله 
ولو الالتزام جايبك خلاص فيها بضان كتير في البلد 
ولا وزير ولا ازعر ولا قرف
أسمع وارجع بيتك
مش أنت العاقل في٨وسطنا أكيد 
x.com/Mosalem97/stat
"…"",Disgust"
4a5783e6ab67,شفتها قرف مررررره بس ملابس وكذا تتغسل مو صاحين رسمي,Disgust
4a5783e6ab67,شفتها قرف مررررره بس ملابس وكذا تتغسل مو صاحين رسمي,Disgust
4a5783e6ab67,شفتها قرف مررررره بس ملابس وكذا تتغسل مو صاحين رسمي,Disgust
"7bf3a74e22f1,""فالذكر يعاني من قرف هذا الحرمان ولكن الامكانيات تخدمه، واسمع شكواهم: ابوي مايبغاني.. امي ماتبغاني.. حتى لو الموضوع فيه خير؟"

والعيال يزقّون على نظرة اهلهم، يتوكلون على الله.

اعمارهم فوق ٢٢+ قدهم رجال. 

وتعامل الاهل: طفلنا المدلل.

"يكبر نتيجة تعاملهم يزعلون منه: استرجل."",Disgust"
fc0bc7ae92ee,يا ابراهيم الناس بتحبك علشان انت ابن ناس ومتربي صح---انا اهلاوي والله وبقولك بلاش المنيسي ده بعد حركة مجلة الاهلى البذيئة دي--بلاش قرف خلينا نرتقى,Disgust
"7bf3a74e22f1,""فالذكر يعاني من قرف هذا الحرمان ولكن الامكانيات تخدمه، واسمع شكواهم: ابوي مايبغاني.. امي ماتبغاني.. حتى لو الموضوع فيه خير؟"

والعيال يزقّون على نظرة اهلهم، يتوكلون على الله.

اعمارهم فوق ٢٢+ قدهم رجال. 

وتعامل الاهل: طفلنا المدلل.

"يكبر نتيجة تعاملهم يزعلون منه: استرجل."",Disgust"
4a5783e6ab67,شفتها قرف مررررره بس ملابس وكذا تتغسل مو صاحين رسمي,Disgust
"7bf3a74e22f1,""فالذكر يعاني من قرف هذا الحرمان ولكن الامكانيات تخدمه، واسمع شكواهم: ابوي مايبغاني.. امي ماتبغاني.. حتى لو الموضوع فيه خير؟"

والعيال يزقّون على نظرة اهلهم، يتوكلون على الله.

اعمارهم فوق ٢٢+ قدهم رجال. 

وتعامل الاهل: طفلنا المدلل.

"يكبر نتيجة تعاملهم يزعلون منه: استرجل."",Disgust"
fc0bc7ae92ee,يا ابراهيم الناس بتحبك علشان انت ابن ناس ومتربي صح---انا اهلاوي والله وبقولك بلاش المنيسي ده بعد حركة مجلة الاهلى البذيئة دي--بلاش قرف خلينا نرتقى,Disgust
49c2f3354a7e,قرف وش ذا اللون,Disgust
"a0d7acaa5d98,""في اي لحظة ممكن اعبر فيها عن نفسي الحقيقة كما هي اتخيل كيف ممكن تتغير نظرات الاشخاص اللي يدعوا انهم يحبوني "
في لحظة انا الشخص اللطيف المحبب لهم وبمجرد مااقول انا ايش ممكن تنقلب الى اشمئزاز ونبذ وقرف 
"افكر جديًا اغير دائرتي الاجتماعية احتاج اشخاص يشبهوني"",Disgust"
"1814c60df01a,""من لهفة"
ألى أشمئزاز حاد! 
"صدقني إلى هذه الدرجة !"",Disgust"
"1814c60df01a,""من لهفة"
ألى أشمئزاز حاد! 
"صدقني إلى هذه الدرجة !"",Disgust"
"60f0e59804b1,""استغفر الرقابة وين الاعلام إلى أين ياااا رب شمسوين وهيج مبتلين بهيج نماذج دخيلك يا ربي "
لا والسياسين متونسين يطلعون والعالم متونس على الي جاي يصير عيب ! 
وين عمي بعض السياسين  والإعلامين وين يردون يوصلون وين !!!!
"محتوى هابط طبقوا عليهم لان فعلاً اشمئزاز وشيء مخجل"",Disgust"
"60f0e59804b1,""استغفر الرقابة وين الاعلام إلى أين ياااا رب شمسوين وهيج مبتلين بهيج نماذج دخيلك يا ربي "
لا والسياسين متونسين يطلعون والعالم متونس على الي جاي يصير عيب ! 
وين عمي بعض السياسين  والإعلامين وين يردون يوصلون وين !!!!
"محتوى هابط طبقوا عليهم لان فعلاً اشمئزاز وشيء مخجل"",Disgust"
e46c47582d01,سبحان الله الشخص اللي كنت اتمنى رساله منه قبل مدة من الزمان صار يرسل لي بكل لهفته، وانا اشوف واتجاهل بكل اشمئزاز.,Disgust
262b93c54c98,الوشم يجعل الناس يشبهون السحالي في جلودهم شيء مقرف جدآ ،الوشم ليس علامة جمال بل عبارة عن عفن,Disgust
"70b471b91b8d,""لتكون اختك هاي وانت العرصة تبعها ؟؟ "
"انا لما يجي حدى بدو يغلط علي لساني اطول منك يا قزم ،بس اما يجي واحد متل مقرف اكيد بدي ادعس بتمو انت ولي متلك ."",Disgust"
"70b471b91b8d,""لتكون اختك هاي وانت العرصة تبعها ؟؟ "
"انا لما يجي حدى بدو يغلط علي لساني اطول منك يا قزم ،بس اما يجي واحد متل مقرف اكيد بدي ادعس بتمو انت ولي متلك ."",Disgust"
81bad26794f9,تكفوننن تكفونننن اذا شفتو شي مقرف بتويتر لا تعلقون لا تسووون كت اعتقوني من المناظر ذي بلكوهم سوو بلاغ لكن لا تخلون غيركم يشوفففففففففففففففف,Disgust
81bad26794f9,تكفوننن تكفونننن اذا شفتو شي مقرف بتويتر لا تعلقون لا تسووون كت اعتقوني من المناظر ذي بلكوهم سوو بلاغ لكن لا تخلون غيركم يشوفففففففففففففففف,Disgust
f3f87c4b113f,انت انسان مقرف ليه ماتبلل انت ايك بلسانك,Disgust
f3f87c4b113f,انت انسان مقرف ليه ماتبلل انت ايك بلسانك,Disgust
"5927f47a8355,""انتصار للاراء مقرف جدًا و الضحية الفريق "

" #الأهلي"",Disgust"
"5927f47a8355,""انتصار للاراء مقرف جدًا و الضحية الفريق "

" #الأهلي"",Disgust"
fa4dca753601,ما احب زحمة الناس بحياتي ولا احب تعدد العلاقات مقرف انك تكون سبيل للرايح والجاي.,Disgust
fa4dca753601,ما احب زحمة الناس بحياتي ولا احب تعدد العلاقات مقرف انك تكون سبيل للرايح والجاي.,Disgust
c546f5291470,يشوفونا ساكتين عنهم.. صارلي موقف مع واحد منهم من الجنسية الشامية بحديقة تعشى هو واللي معه وخلصوا وتركوها والمنظر مقرف ومقزز رز-خبز وعلب ببسي وصوصات وعظام وطلبت منه يشيلها يقول الصباح يجي عامل النظافة واخذت واعطي معه لين وصلت للشيطان الرجيم وجاء الحارس وخلاه يشيلها غصب عنه,Disgust
c546f5291470,يشوفونا ساكتين عنهم.. صارلي موقف مع واحد منهم من الجنسية الشامية بحديقة تعشى هو واللي معه وخلصوا وتركوها والمنظر مقرف ومقزز رز-خبز وعلب ببسي وصوصات وعظام وطلبت منه يشيلها يقول الصباح يجي عامل النظافة واخذت واعطي معه لين وصلت للشيطان الرجيم وجاء الحارس وخلاه يشيلها غصب عنه,Disgust
088687d4a280,تضيع الفري ثرو مقرف مقرف,Disgust
088687d4a280,تضيع الفري ثرو مقرف مقرف,Disgust
89cc8fb807f8,نفسي ينظفون المسبح والله شكله مقرف  #كاريزما92,Disgust
89cc8fb807f8,نفسي ينظفون المسبح والله شكله مقرف  #كاريزما92,Disgust
d37eef5b051b,والله يالفهيد كنا مستبشرين خير فيما تقدم تعبنا من عفن الإعلام الرياضي وقلنا لعل وعسى تستمر وما تنجرف مع من سبقوك ولكن للاسف اصبحت مستفز بشكل مقرف,Disgust
d37eef5b051b,والله يالفهيد كنا مستبشرين خير فيما تقدم تعبنا من عفن الإعلام الرياضي وقلنا لعل وعسى تستمر وما تنجرف مع من سبقوك ولكن للاسف اصبحت مستفز بشكل مقرف,Disgust
"1cc086848e15,""فسيخي حاشر خشمه بين السعوديين ومتربي في زريبه قذره على اللفاظك هذي"
"مقرف"",Disgust"
"1cc086848e15,""فسيخي حاشر خشمه بين السعوديين ومتربي في زريبه قذره على اللفاظك هذي"
"مقرف"",Disgust"
"7cd7d08351a3,""اللون البنفسجي من اجمل الالوان وكان في السابق لون نادر وغالي الثمن, وبس الشخص اللي انتِ بتكرهيه يلبسه صار لون مقرف؟؟ والله محدا مقرف غيرك يا فحبة"",Disgust"
"7cd7d08351a3,""اللون البنفسجي من اجمل الالوان وكان في السابق لون نادر وغالي الثمن, وبس الشخص اللي انتِ بتكرهيه يلبسه صار لون مقرف؟؟ والله محدا مقرف غيرك يا فحبة"",Disgust"
c544bba2337d,التايم صاير مقرف,Disgust
c544bba2337d,التايم صاير مقرف,Disgust
6329cd312874,مايمدين اتهاوش مع احد اكرهه على طول ابلكه تحوم تسبدي منه مقرف مابي اشوف منه رد,Disgust
6329cd312874,مايمدين اتهاوش مع احد اكرهه على طول ابلكه تحوم تسبدي منه مقرف مابي اشوف منه رد,Disgust
1a1b8bfcf54a,على أيش يا حسرة!!! لا ماض مشرف وحاضر مقرف,Disgust
1a1b8bfcf54a,على أيش يا حسرة!!! لا ماض مشرف وحاضر مقرف,Disgust
8318e65c4428,تشابه نطق العمانيين واليمنيين لحرف القاف جدا مقرف,Disgust
8318e65c4428,تشابه نطق العمانيين واليمنيين لحرف القاف جدا مقرف,Disgust
"036311818d84,""فكرة البحث منطقيه قبل تسجلهم ثم تكون بعد سنتين او يكون عندك اسباب منطقيه مثل اقامت مشروع ناجح او الحصول على عمل حتى بدون باحث تقدر تنهي المعونه اما اني اتسلط على المساكين شهريا زيارات مباغته وانتهاك خصوصيه شيء مقرف واما السائل فلا تنهر"
"انت تعديت تنهر انت تتهمه بالنصب والاحتيال"",Disgust"
"036311818d84,""فكرة البحث منطقيه قبل تسجلهم ثم تكون بعد سنتين او يكون عندك اسباب منطقيه مثل اقامت مشروع ناجح او الحصول على عمل حتى بدون باحث تقدر تنهي المعونه اما اني اتسلط على المساكين شهريا زيارات مباغته وانتهاك خصوصيه شيء مقرف واما السائل فلا تنهر"
"انت تعديت تنهر انت تتهمه بالنصب والاحتيال"",Disgust"
2dee7be6f6ec,منظر الذكر عديم الغيره مقرف يجيب لي الاشمئزاز,Disgust
f78da713eeff,منظر الذكر عديم الغيره مقرف يجيب لي الاشمئزاز x.com/wmn_2025/statu…,Disgust
3be538100dd2,الترند ذا اقرف ترند شفته ، عبارة عن تعذيب نفسي للحيوان انتم تدرون ان القطط تخاف بشدة ومشاعر القطط حساسة ؟ ارحموا من في الارض هذه حيوانات ماتقدر تتكلم عن وجعها الداخلي يعني ردات فعل قطط صوروها وكيف يضحكهم خوف قططهم ! بعض البشر حثالة .,Fear
73f57c7d6160,في هذا اللقاء المؤثر بين ميرا أبو جودة وسوزانا قرانوح، خبيرة التجميل والأم لطفلتين، نسمع حكاية امرأة واجهت السرطان بشجاعة وقررت أن تتكلم عنه بلا خوف ولا خجل. من تجربة شخصية مليئة بالألم والإيمان، تتحدث سوزانا عن الخجل الاجتماعي، عن مفهوم الجمال بعد المرض، وعن كيف غيّرها السرطان,Fear
"84b7748975ff,""في هذا اللقاء المؤثر بين ميرا أبو جودة وسوزانا قرانوح، خبيرة التجميل والأم لطفلتين، نسمع حكاية امرأة واجهت السرطان بشجاعة وقررت أن تتكلم عنه بلا خوف ولا خجل. من تجربة شخصية مليئة بالألم والإيمان، تتحدث سوزانا عن الخجل الاجتماعي، عن مفهوم الجمال بعد المرض، وعن كيف غيّرها السرطان "
"pic.x.com/V1TcdCg42O"",Fear"
73f57c7d6160,في هذا اللقاء المؤثر بين ميرا أبو جودة وسوزانا قرانوح، خبيرة التجميل والأم لطفلتين، نسمع حكاية امرأة واجهت السرطان بشجاعة وقررت أن تتكلم عنه بلا خوف ولا خجل. من تجربة شخصية مليئة بالألم والإيمان، تتحدث سوزانا عن الخجل الاجتماعي، عن مفهوم الجمال بعد المرض، وعن كيف غيّرها السرطان,Fear
2c51c327ebef,مع إشراقة الصباح، توكلنا على الله، واطمأنت قلوبنا بذكره، فما دام الله معنا فلا خوف ولا حزن.,Fear
2c51c327ebef,مع إشراقة الصباح، توكلنا على الله، واطمأنت قلوبنا بذكره، فما دام الله معنا فلا خوف ولا حزن.,Fear
2c51c327ebef,مع إشراقة الصباح، توكلنا على الله، واطمأنت قلوبنا بذكره، فما دام الله معنا فلا خوف ولا حزن.,Fear
73f57c7d6160,في هذا اللقاء المؤثر بين ميرا أبو جودة وسوزانا قرانوح، خبيرة التجميل والأم لطفلتين، نسمع حكاية امرأة واجهت السرطان بشجاعة وقررت أن تتكلم عنه بلا خوف ولا خجل. من تجربة شخصية مليئة بالألم والإيمان، تتحدث سوزانا عن الخجل الاجتماعي، عن مفهوم الجمال بعد المرض، وعن كيف غيّرها السرطان,Fear
2c51c327ebef,مع إشراقة الصباح، توكلنا على الله، واطمأنت قلوبنا بذكره، فما دام الله معنا فلا خوف ولا حزن.,Fear
acf31805899d,مستحيل يكون حضن الاهلاوية وهوا مشجع متحيز مع جماعة وقروب ويخاف منهم خوف ويحترم ناس ومايحتاج ناس,Fear
acf31805899d,مستحيل يكون حضن الاهلاوية وهوا مشجع متحيز مع جماعة وقروب ويخاف منهم خوف ويحترم ناس ومايحتاج ناس,Fear
4917dace2a87,ولا خجل. من تجربة شخصية مليئة بالألم والإيمان، تتحدث سوزانا عن الخجل الاجتماعي، عن مفهوم الجمال بعد المرض، وعن كيف غيّرها السرطان,Fear
2c51c327ebef,مع إشراقة الصباح، توكلنا على الله، واطمأنت قلوبنا بذكره، فما دام الله معنا فلا خوف ولا حزن.,Fear
acf31805899d,مستحيل يكون حضن الاهلاوية وهوا مشجع متحيز مع جماعة وقروب ويخاف منهم خوف ويحترم ناس ومايحتاج ناس,Fear
"7985454c3c8f,""صباحٌ تُزهر فيه القلوب قبل الورد،"
وتتنفس الأرواح طمأنينة الرجاء،
فما دام الأمل موصولًا بالله،
فلا خوف من الغد ولا ضيق من اليوم،
اللهم اجعل لنا في هذا الصباح نورًا يهدينا،
"ورزقًا يكفينا، وسعادةً تسكن في أعماقنا لا تزول"",Fear"
"7985454c3c8f,""صباحٌ تُزهر فيه القلوب قبل الورد،"
وتتنفس الأرواح طمأنينة الرجاء،
فما دام الأمل موصولًا بالله،
فلا خوف من الغد ولا ضيق من اليوم،
اللهم اجعل لنا في هذا الصباح نورًا يهدينا،
"ورزقًا يكفينا، وسعادةً تسكن في أعماقنا لا تزول"",Fear"
2c51c327ebef,مع إشراقة الصباح، توكلنا على الله، واطمأنت قلوبنا بذكره، فما دام الله معنا فلا خوف ولا حزن.,Fear
acf31805899d,مستحيل يكون حضن الاهلاوية وهوا مشجع متحيز مع جماعة وقروب ويخاف منهم خوف ويحترم ناس ومايحتاج ناس,Fear
"7985454c3c8f,""صباحٌ تُزهر فيه القلوب قبل الورد،"
وتتنفس الأرواح طمأنينة الرجاء،
فما دام الأمل موصولًا بالله،
فلا خوف من الغد ولا ضيق من اليوم،
اللهم اجعل لنا في هذا الصباح نورًا يهدينا،
"ورزقًا يكفينا، وسعادةً تسكن في أعماقنا لا تزول"",Fear"
"f23b184f9cfc,""ًشيء مؤلم ويدمي القلب اللي نشوفه يصير للاخواننا في الفاشر في السودان ، انتهاكات وعدم خوف من الله "

نسال الله ان ينتقم في من انتهك حرمة دمائهم ويرينا فيهم عجائب قدرته..
#الفاشر_تحت_الحصار 
"#انقذوا_السودان"",Fear"
"7985454c3c8f,""صباحٌ تُزهر فيه القلوب قبل الورد،"
وتتنفس الأرواح طمأنينة الرجاء،
فما دام الأمل موصولًا بالله،
فلا خوف من الغد ولا ضيق من اليوم،
اللهم اجعل لنا في هذا الصباح نورًا يهدينا،
"ورزقًا يكفينا، وسعادةً تسكن في أعماقنا لا تزول"",Fear"
"f23b184f9cfc,""ًشيء مؤلم ويدمي القلب اللي نشوفه يصير للاخواننا في الفاشر في السودان ، انتهاكات وعدم خوف من الله "

نسال الله ان ينتقم في من انتهك حرمة دمائهم ويرينا فيهم عجائب قدرته..
#الفاشر_تحت_الحصار 
"#انقذوا_السودان"",Fear"
"456e68b3170a,""عسى أن يجبرنا الله في كل شيءٍ نقصده"
وألا يمسّنا فزع ولا شك ولا خيبة عسى 
أن يقرّ الله أعيننابماننتظره وأن يُيسّر 
لنا ما يسُرّ قلوبناويرضيها عسى أن نأنس 
ويؤنس بنا ونأمن ويؤمن بنا عسى أن ننال 
ما نودّ،وأن تستقرّ قلوبناوتطمئن عسى 
أن يمُن الله علينا بالسَّكينةوالهدوء
"#ساعه_استجابه"",Fear"
"d0ebc1377522,""عسى أن يُجبرنا الله في كل شيء نقصده "
وألا يمسنا فزع ولا شك ولا خيبة 
عسى أن يقر الله أعيننا بما ننتظره 
وأن ييسر لنا مايسرُ قلوبنا ويرضيها .. 

"#يوم_الجمعة"",Fear"
"d0ebc1377522,""عسى أن يُجبرنا الله في كل شيء نقصده "
وألا يمسنا فزع ولا شك ولا خيبة 
عسى أن يقر الله أعيننا بما ننتظره 
وأن ييسر لنا مايسرُ قلوبنا ويرضيها .. 

"#يوم_الجمعة"",Fear"
"d0ebc1377522,""عسى أن يُجبرنا الله في كل شيء نقصده "
وألا يمسنا فزع ولا شك ولا خيبة 
عسى أن يقر الله أعيننا بما ننتظره 
وأن ييسر لنا مايسرُ قلوبنا ويرضيها .. 

"#يوم_الجمعة"",Fear"
"dc225f560bc5,""عسى أن يجبرنا الله في كل شيءٍ نقصده، "
وألا يمسّنا فزع ولا شك ولا خيبة عسى 
أن يقرّ الله أعيننا بما ننتظره وأن يُيسّر 
لنا ما يسُرّ قلوبنا ويرضيها عسى أن نأنس 
ويؤنس بنا ونأمن ويؤمن بنا عسى أن ننال 
ما نودّ، وأن تستقرّ قلوبنا وتطمئن عسى 
"أن يمُن الله علينا بالسَّكينة والهدوء.."",Fear"
"dc225f560bc5,""عسى أن يجبرنا الله في كل شيءٍ نقصده، "
وألا يمسّنا فزع ولا شك ولا خيبة عسى 
أن يقرّ الله أعيننا بما ننتظره وأن يُيسّر 
لنا ما يسُرّ قلوبنا ويرضيها عسى أن نأنس 
ويؤنس بنا ونأمن ويؤمن بنا عسى أن ننال 
ما نودّ، وأن تستقرّ قلوبنا وتطمئن عسى 
"أن يمُن الله علينا بالسَّكينة والهدوء.."",Fear"
"3b81e2aa0116,""عسى أن يجبرنا الله في كل شيءٍ نقصده، "
وألا يمسّنا فزع ولا شك ولا خيبة عسى 
أن يقرّ الله أعيننا بما ننتظره وأن يُيسّر 
لنا ما يسُرّ قلوبنا ويرضيها عسى أن نأنس 
ويؤنس بنا ونأمن ويؤمن بنا عسى أن ننال 
ما نودّ، وأن تستقرّ قلوبنا وتطمئن عسى 
أن يمُن الله علينا بالسَّكينة والهدوء.. 
"pic.x.com/WtMWEVuZQY"",Fear"
"d0ebc1377522,""عسى أن يُجبرنا الله في كل شيء نقصده "
وألا يمسنا فزع ولا شك ولا خيبة 
عسى أن يقر الله أعيننا بما ننتظره 
وأن ييسر لنا مايسرُ قلوبنا ويرضيها .. 

"#يوم_الجمعة"",Fear"
"dc225f560bc5,""عسى أن يجبرنا الله في كل شيءٍ نقصده، "
وألا يمسّنا فزع ولا شك ولا خيبة عسى 
أن يقرّ الله أعيننا بما ننتظره وأن يُيسّر 
لنا ما يسُرّ قلوبنا ويرضيها عسى أن نأنس 
ويؤنس بنا ونأمن ويؤمن بنا عسى أن ننال 
ما نودّ، وأن تستقرّ قلوبنا وتطمئن عسى 
"أن يمُن الله علينا بالسَّكينة والهدوء.."",Fear"
c8de111949c5,لان شعب اليمن شعب فزعات وهو في اشد حالته فزع مع غزه لله دركم ياهل اليمن,Fear
c8de111949c5,لان شعب اليمن شعب فزعات وهو في اشد حالته فزع مع غزه لله دركم ياهل اليمن,Fear
"dc225f560bc5,""عسى أن يجبرنا الله في كل شيءٍ نقصده، "
وألا يمسّنا فزع ولا شك ولا خيبة عسى 
أن يقرّ الله أعيننا بما ننتظره وأن يُيسّر 
لنا ما يسُرّ قلوبنا ويرضيها عسى أن نأنس 
ويؤنس بنا ونأمن ويؤمن بنا عسى أن ننال 
ما نودّ، وأن تستقرّ قلوبنا وتطمئن عسى 
"أن يمُن الله علينا بالسَّكينة والهدوء.."",Fear"
c8de111949c5,لان شعب اليمن شعب فزعات وهو في اشد حالته فزع مع غزه لله دركم ياهل اليمن,Fear
"94f2764bc825,""#ساعه_استجابه"
اللهم ارحم 
والدي واخي وليد وجميع موتانا وموتى المسلمين. 
والآن هم تحت التراب يرجون رحمتك ومغفرتك
"اللهم استرهم يوم العرض ولا تخزهم يوم يبعثون  اللهم آمنهم من فزع يوم القيامة و اجعلهم آمنين مطمئنين واجعل قبورهم روضة من رياض الجنه."",Fear"
"94f2764bc825,""#ساعه_استجابه"
اللهم ارحم 
والدي واخي وليد وجميع موتانا وموتى المسلمين. 
والآن هم تحت التراب يرجون رحمتك ومغفرتك
"اللهم استرهم يوم العرض ولا تخزهم يوم يبعثون  اللهم آمنهم من فزع يوم القيامة و اجعلهم آمنين مطمئنين واجعل قبورهم روضة من رياض الجنه."",Fear"
c8de111949c5,لان شعب اليمن شعب فزعات وهو في اشد حالته فزع مع غزه لله دركم ياهل اليمن,Fear
"94f2764bc825,""#ساعه_استجابه"
اللهم ارحم 
والدي واخي وليد وجميع موتانا وموتى المسلمين. 
والآن هم تحت التراب يرجون رحمتك ومغفرتك
"اللهم استرهم يوم العرض ولا تخزهم يوم يبعثون  اللهم آمنهم من فزع يوم القيامة و اجعلهم آمنين مطمئنين واجعل قبورهم روضة من رياض الجنه."",Fear"
8fda226a1b62,هو فزع بس ناديكم طقوع ولا ام الكوارث التحكيمية ارتكبها الطريس تجاهل بلنتي عوار طرد الخيبري,Fear
8fda226a1b62,هو فزع بس ناديكم طقوع ولا ام الكوارث التحكيمية ارتكبها الطريس تجاهل بلنتي عوار طرد الخيبري,Fear
c8de111949c5,لان شعب اليمن شعب فزعات وهو في اشد حالته فزع مع غزه لله دركم ياهل اليمن,Fear
"94f2764bc825,""#ساعه_استجابه"
اللهم ارحم 
والدي واخي وليد وجميع موتانا وموتى المسلمين. 
والآن هم تحت التراب يرجون رحمتك ومغفرتك
"اللهم استرهم يوم العرض ولا تخزهم يوم يبعثون  اللهم آمنهم من فزع يوم القيامة و اجعلهم آمنين مطمئنين واجعل قبورهم روضة من رياض الجنه."",Fear"
8fda226a1b62,هو فزع بس ناديكم طقوع ولا ام الكوارث التحكيمية ارتكبها الطريس تجاهل بلنتي عوار طرد الخيبري,Fear
6fae089aaf5e,ان شرطي العالم إذا تحدث ارتجف كل من كان حاضرا و فزع كل من سمع بالحدث ، لو كان يستحي هذا الشرطي ، كيف يدعوا الى حظر الأسلحة النووية على الغير(إيران مثلا) و يجيزها لنفسه بحجة الردع,Fear
6fae089aaf5e,ان شرطي العالم إذا تحدث ارتجف كل من كان حاضرا و فزع كل من سمع بالحدث ، لو كان يستحي هذا الشرطي ، كيف يدعوا الى حظر الأسلحة النووية على الغير(إيران مثلا) و يجيزها لنفسه بحجة الردع,Fear
c8de111949c5,لان شعب اليمن شعب فزعات وهو في اشد حالته فزع مع غزه لله دركم ياهل اليمن,Fear
"94f2764bc825,""#ساعه_استجابه"
اللهم ارحم 
والدي واخي وليد وجميع موتانا وموتى المسلمين. 
والآن هم تحت التراب يرجون رحمتك ومغفرتك
"اللهم استرهم يوم العرض ولا تخزهم يوم يبعثون  اللهم آمنهم من فزع يوم القيامة و اجعلهم آمنين مطمئنين واجعل قبورهم روضة من رياض الجنه."",Fear"
8fda226a1b62,هو فزع بس ناديكم طقوع ولا ام الكوارث التحكيمية ارتكبها الطريس تجاهل بلنتي عوار طرد الخيبري,Fear
13584111d8cf,دايرين يرسلو لينا فزع ولا شنو,Fear
13584111d8cf,دايرين يرسلو لينا فزع ولا شنو,Fear
c8de111949c5,لان شعب اليمن شعب فزعات وهو في اشد حالته فزع مع غزه لله دركم ياهل اليمن,Fear
"94f2764bc825,""#ساعه_استجابه"
اللهم ارحم 
والدي واخي وليد وجميع موتانا وموتى المسلمين. 
والآن هم تحت التراب يرجون رحمتك ومغفرتك
"اللهم استرهم يوم العرض ولا تخزهم يوم يبعثون  اللهم آمنهم من فزع يوم القيامة و اجعلهم آمنين مطمئنين واجعل قبورهم روضة من رياض الجنه."",Fear"
8fda226a1b62,هو فزع بس ناديكم طقوع ولا ام الكوارث التحكيمية ارتكبها الطريس تجاهل بلنتي عوار طرد الخيبري,Fear
"1dbc6d0b5d88,""مَن جَعلَ شَهوتَهُ تَحتَ قَدميهِ"
"فَزعَ الشَّيطانُ مِن ظِلهِ"",Fear"
"1dbc6d0b5d88,""مَن جَعلَ شَهوتَهُ تَحتَ قَدميهِ"
"فَزعَ الشَّيطانُ مِن ظِلهِ"",Fear"
c8de111949c5,لان شعب اليمن شعب فزعات وهو في اشد حالته فزع مع غزه لله دركم ياهل اليمن,Fear
"94f2764bc825,""#ساعه_استجابه"
اللهم ارحم 
والدي واخي وليد وجميع موتانا وموتى المسلمين. 
والآن هم تحت التراب يرجون رحمتك ومغفرتك
"اللهم استرهم يوم العرض ولا تخزهم يوم يبعثون  اللهم آمنهم من فزع يوم القيامة و اجعلهم آمنين مطمئنين واجعل قبورهم روضة من رياض الجنه."",Fear"
8fda226a1b62,هو فزع بس ناديكم طقوع ولا ام الكوارث التحكيمية ارتكبها الطريس تجاهل بلنتي عوار طرد الخيبري,Fear
efd702d753be,في لحظة كانت بتبلعه بس ربي فزع له برحمته,Fear
efd702d753be,في لحظة كانت بتبلعه بس ربي فزع له برحمته,Fear
"1125b81909e7,""اللهم ارحم "
والدي واخي وليد وجميع موتانا وموتى المسلمين. 
والآن هم تحت التراب يرجون رحمتك ومغفرتك
"اللهم استرهم يوم العرض ولا تخزهم يوم يبعثون  اللهم آمنهم من فزع يوم القيامة و اجعلهم آمنين مطمئنين واجعل قبورهم روضة من رياض الجنه."",Fear"
8fda226a1b62,هو فزع بس ناديكم طقوع ولا ام الكوارث التحكيمية ارتكبها الطريس تجاهل بلنتي عوار طرد الخيبري,Fear
6fae089aaf5e,ان شرطي العالم إذا تحدث ارتجف كل من كان حاضرا و فزع كل من سمع بالحدث ، لو كان يستحي هذا الشرطي ، كيف يدعوا الى حظر الأسلحة النووية على الغير(إيران مثلا) و يجيزها لنفسه بحجة الردع,Fear
"67fdf36fdaf7,""ويمضي العُمر.."
ومُرادنا هي السَّكينة في كُل شيءٍ نقصده، في الأماكن،
في الرّفقة.. وفي الأيام
وألّا يمسّنا فزعٌ ولا شك ولا خيبة، أن تغمر الطمأنينة قلوبنا وتحفّه كشيءٍ يحميه..
"هذا دعاؤنا في كُل وقت."""""",Fear"
"67fdf36fdaf7,""ويمضي العُمر.."
ومُرادنا هي السَّكينة في كُل شيءٍ نقصده، في الأماكن،
في الرّفقة.. وفي الأيام
وألّا يمسّنا فزعٌ ولا شك ولا خيبة، أن تغمر الطمأنينة قلوبنا وتحفّه كشيءٍ يحميه..
"هذا دعاؤنا في كُل وقت."""""",Fear"
8fda226a1b62,هو فزع بس ناديكم طقوع ولا ام الكوارث التحكيمية ارتكبها الطريس تجاهل بلنتي عوار طرد الخيبري,Fear
6fae089aaf5e,ان شرطي العالم إذا تحدث ارتجف كل من كان حاضرا و فزع كل من سمع بالحدث ، لو كان يستحي هذا الشرطي ، كيف يدعوا الى حظر الأسلحة النووية على الغير(إيران مثلا) و يجيزها لنفسه بحجة الردع,Fear
13584111d8cf,دايرين يرسلو لينا فزع ولا شنو,Fear
"8d2a260706b4,""#امواتكم_بفرحون_بالدعاء_لهم"

#ساعه_استجابه
اللهم ارحم 
والدي و بدر وجميع موتانا وموتى المسلمين. 
والآن هم تحت التراب يرجون رحمتك ومغفرتك
"اللهم استرهم يوم العرض ولا تخزهم يوم يبعثون  اللهم آمنهم من فزع يوم القيامة و اجعلهم آمنين مطمئنين واجعل قبورهم روضة من رياض الجنه."",Fear"
"8d2a260706b4,""#امواتكم_بفرحون_بالدعاء_لهم"

#ساعه_استجابه
اللهم ارحم 
والدي و بدر وجميع موتانا وموتى المسلمين. 
والآن هم تحت التراب يرجون رحمتك ومغفرتك
"اللهم استرهم يوم العرض ولا تخزهم يوم يبعثون  اللهم آمنهم من فزع يوم القيامة و اجعلهم آمنين مطمئنين واجعل قبورهم روضة من رياض الجنه."",Fear"
13584111d8cf,دايرين يرسلو لينا فزع ولا شنو,Fear
"1dbc6d0b5d88,""مَن جَعلَ شَهوتَهُ تَحتَ قَدميهِ"
"فَزعَ الشَّيطانُ مِن ظِلهِ"",Fear"
"6f6471036c7c,""توقف الصوره على حسب هواك ياهابط ههههه"

جيبها فديو وشوف 

"والله الرياض ظلم ببلنتي هديه لفريقك الهابط حتى ضد الشباب فزع لك الحكم بضربه جزاء اتوقع جبر الخاطر مستمر وتم تجديد الباقه"",Fear"
"6f6471036c7c,""توقف الصوره على حسب هواك ياهابط ههههه"

جيبها فديو وشوف 

"والله الرياض ظلم ببلنتي هديه لفريقك الهابط حتى ضد الشباب فزع لك الحكم بضربه جزاء اتوقع جبر الخاطر مستمر وتم تجديد الباقه"",Fear"
efd702d753be,في لحظة كانت بتبلعه بس ربي فزع له برحمته,Fear
"0d6e220edf56,""عادي يتزوج بالسر ماسوى حرام هذا أولا "

ثانيا المستفيد الوحيد من زواجه بالسر هي عايشه حياتها معه مرتاحه مبسوطه نفقة وبيت وسفر وطلبات مجابه ولافيه شي تغير عليها 

"هو اللي بيجلس طول الوقت مرعوب وخايف لا تدري"",Fear"
8db63058973c,اكيد، مكانه، الحقيقي، في، الملاج،، مرعوب،، مذلول، لامكان، له، فوق، الارض، اطلاقا،,Fear
8db63058973c,اكيد، مكانه، الحقيقي، في، الملاج،، مرعوب،، مذلول، لامكان، له، فوق، الارض، اطلاقا،,Fear
8db63058973c,اكيد، مكانه، الحقيقي، في، الملاج،، مرعوب،، مذلول، لامكان، له، فوق، الارض، اطلاقا،,Fear
2381cd7d2d77,نقول، لك، ايه، المجرام الطاغيه، كاتس، خروجك، من، الملاج،، يجعلك، تشوف، نفسك، وتقدر، تهدد، اليمن، ولاكن، ايام، ماكنت، في، الملاجا، مثل، الخنزير، الممطور، مرعوب، مذعور، مذلول، ايام، القصف، اليمني، والصواريخ اليمنيه، والمسيرات، الى، اسرائيل لم، تتكلم، بكلمه، صح،,Fear
2381cd7d2d77,نقول، لك، ايه، المجرام الطاغيه، كاتس، خروجك، من، الملاج،، يجعلك، تشوف، نفسك، وتقدر، تهدد، اليمن، ولاكن، ايام، ماكنت، في، الملاجا، مثل، الخنزير، الممطور، مرعوب، مذعور، مذلول، ايام، القصف، اليمني، والصواريخ اليمنيه، والمسيرات، الى، اسرائيل لم، تتكلم، بكلمه، صح،,Fear
2381cd7d2d77,نقول، لك، ايه، المجرام الطاغيه، كاتس، خروجك، من، الملاج،، يجعلك، تشوف، نفسك، وتقدر، تهدد، اليمن، ولاكن، ايام، ماكنت، في، الملاجا، مثل، الخنزير، الممطور، مرعوب، مذعور، مذلول، ايام، القصف، اليمني، والصواريخ اليمنيه، والمسيرات، الى، اسرائيل لم، تتكلم، بكلمه، صح،,Fear
8db63058973c,اكيد، مكانه، الحقيقي، في، الملاج،، مرعوب،، مذلول، لامكان، له، فوق، الارض، اطلاقا،,Fear
2381cd7d2d77,نقول، لك، ايه، المجرام الطاغيه، كاتس، خروجك، من، الملاج،، يجعلك، تشوف، نفسك، وتقدر، تهدد، اليمن، ولاكن، ايام، ماكنت، في، الملاجا، مثل، الخنزير، الممطور، مرعوب، مذعور، مذلول، ايام، القصف، اليمني، والصواريخ اليمنيه، والمسيرات، الى، اسرائيل لم، تتكلم، بكلمه، صح،,Fear
62be8ce2181c,حسن مرعوب,Fear
62be8ce2181c,حسن مرعوب,Fear
8db63058973c,اكيد، مكانه، الحقيقي، في، الملاج،، مرعوب،، مذلول، لامكان، له، فوق، الارض، اطلاقا،,Fear
2381cd7d2d77,نقول، لك، ايه، المجرام الطاغيه، كاتس، خروجك، من، الملاج،، يجعلك، تشوف، نفسك، وتقدر، تهدد، اليمن، ولاكن، ايام، ماكنت، في، الملاجا، مثل، الخنزير، الممطور، مرعوب، مذعور، مذلول، ايام، القصف، اليمني، والصواريخ اليمنيه، والمسيرات، الى، اسرائيل لم، تتكلم، بكلمه، صح،,Fear
a5a5a5c2511d,سبحان الله المتعااااص مرعوب منك يا انس اما بشوفك شاب ضغير لاتملك مثل ماهما يملكون من جيش وشرطه ومخبارات عارف رعبتهم ليه عشان انت مش خايف منهم الشعب محتاج كده اقسم بالله الشعب ده لو شال حاجز الخوف هتشوف القزم ده وعصابته علي حقيقتهم نظام هاااش جبان فوووق ماتتصور,Fear
a5a5a5c2511d,سبحان الله المتعااااص مرعوب منك يا انس اما بشوفك شاب ضغير لاتملك مثل ماهما يملكون من جيش وشرطه ومخبارات عارف رعبتهم ليه عشان انت مش خايف منهم الشعب محتاج كده اقسم بالله الشعب ده لو شال حاجز الخوف هتشوف القزم ده وعصابته علي حقيقتهم نظام هاااش جبان فوووق ماتتصور,Fear
8db63058973c,اكيد، مكانه، الحقيقي، في، الملاج،، مرعوب،، مذلول، لامكان، له، فوق، الارض، اطلاقا،,Fear
2381cd7d2d77,نقول، لك، ايه، المجرام الطاغيه، كاتس، خروجك، من، الملاج،، يجعلك، تشوف، نفسك، وتقدر، تهدد، اليمن، ولاكن، ايام، ماكنت، في، الملاجا، مثل، الخنزير، الممطور، مرعوب، مذعور، مذلول، ايام، القصف، اليمني، والصواريخ اليمنيه، والمسيرات، الى، اسرائيل لم، تتكلم، بكلمه، صح،,Fear
bfee0aa25b41,اتمنى يدعس الأهلي دعس عشان يطرد المتدرب محليا  قزم الفريق وخلا كلا يطقطق عليه مرعوب ومرتبك محليا رغم الفريق كلهم اجانب,Fear
bfee0aa25b41,اتمنى يدعس الأهلي دعس عشان يطرد المتدرب محليا  قزم الفريق وخلا كلا يطقطق عليه مرعوب ومرتبك محليا رغم الفريق كلهم اجانب,Fear
8db63058973c,اكيد، مكانه، الحقيقي، في، الملاج،، مرعوب،، مذلول، لامكان، له، فوق، الارض، اطلاقا،,Fear
2381cd7d2d77,نقول، لك، ايه، المجرام الطاغيه، كاتس، خروجك، من، الملاج،، يجعلك، تشوف، نفسك، وتقدر، تهدد، اليمن، ولاكن، ايام، ماكنت، في، الملاجا، مثل، الخنزير، الممطور، مرعوب، مذعور، مذلول، ايام، القصف، اليمني، والصواريخ اليمنيه، والمسيرات، الى، اسرائيل لم، تتكلم، بكلمه، صح،,Fear
3cf55cece2db,مرعوب يا مرعب,Fear
3cf55cece2db,مرعوب يا مرعب,Fear
8db63058973c,اكيد، مكانه، الحقيقي، في، الملاج،، مرعوب،، مذلول، لامكان، له، فوق، الارض، اطلاقا،,Fear
2381cd7d2d77,نقول، لك، ايه، المجرام الطاغيه، كاتس، خروجك، من، الملاج،، يجعلك، تشوف، نفسك، وتقدر، تهدد، اليمن، ولاكن، ايام، ماكنت، في، الملاجا، مثل، الخنزير، الممطور، مرعوب، مذعور، مذلول، ايام، القصف، اليمني، والصواريخ اليمنيه، والمسيرات، الى، اسرائيل لم، تتكلم، بكلمه، صح،,Fear
"552bd32aeb08,""المفروض كان عالمالكي يحط ايده بيد السوداني ويفتخر بالمنجز عالارض ويشكلون تحالف حديدي ياكلون بيه نص البرلمان "

"لكن المالكي مصاب بجنون الزعامة وجدا مرعوب من وجود زعيم ثاني ..للاسف وهذا الي راح يحطم المالكي تدريجيا ويفتت وجوده"",Fear"
"552bd32aeb08,""المفروض كان عالمالكي يحط ايده بيد السوداني ويفتخر بالمنجز عالارض ويشكلون تحالف حديدي ياكلون بيه نص البرلمان "

"لكن المالكي مصاب بجنون الزعامة وجدا مرعوب من وجود زعيم ثاني ..للاسف وهذا الي راح يحطم المالكي تدريجيا ويفتت وجوده"",Fear"
62be8ce2181c,حسن مرعوب,Fear
74581dfe2e1c,هذا، اليهودي، الصهيوني، يهرب، مهرولا، الى، المفاجئهم، خوفا، ورعبا، من، صواريخ والمسيرات، اليمنيه، لوهو، صادق، يرفع، العلم، فوق، السفينه،الا اسرائيليه، في، البحر، ويمشي، نتحداه،، لاكن، كذاب، يهدد، وهو، في، ملاجئه،، مرعوب، مذهول،,Fear
74581dfe2e1c,هذا، اليهودي، الصهيوني، يهرب، مهرولا، الى، المفاجئهم، خوفا، ورعبا، من، صواريخ والمسيرات، اليمنيه، لوهو، صادق، يرفع، العلم، فوق، السفينه،الا اسرائيليه، في، البحر، ويمشي، نتحداه،، لاكن، كذاب، يهدد، وهو، في، ملاجئه،، مرعوب، مذهول،,Fear
a5a5a5c2511d,سبحان الله المتعااااص مرعوب منك يا انس اما بشوفك شاب ضغير لاتملك مثل ماهما يملكون من جيش وشرطه ومخبارات عارف رعبتهم ليه عشان انت مش خايف منهم الشعب محتاج كده اقسم بالله الشعب ده لو شال حاجز الخوف هتشوف القزم ده وعصابته علي حقيقتهم نظام هاااش جبان فوووق ماتتصور,Fear
"76b94132d8d1,""تعلمنا كمشجعين بافاريين ما نهايط "
تعرف ليش ؟ 

لان اولاً ما نشوف اكو فريق ممكن ينافس البايرن بالدوري الألماني بأستثناء دورتموند وايضاً مو دائماً 

ثانيا لان واثقين من فريقنا بالملعب ونعرف راح يدخل الخصم مرعوب ويطلع بنتيجة ثقيلة كالعادة  

"لذلك نتمنالكم التوفيق في المباريات الأخرى"",Fear"
"76b94132d8d1,""تعلمنا كمشجعين بافاريين ما نهايط "
تعرف ليش ؟ 

لان اولاً ما نشوف اكو فريق ممكن ينافس البايرن بالدوري الألماني بأستثناء دورتموند وايضاً مو دائماً 

ثانيا لان واثقين من فريقنا بالملعب ونعرف راح يدخل الخصم مرعوب ويطلع بنتيجة ثقيلة كالعادة  

"لذلك نتمنالكم التوفيق في المباريات الأخرى"",Fear"
3cf55cece2db,مرعوب يا مرعب,Fear
"e6b016fae265,""كلاوچية يخافون "
"غير افتهم شلون تغير وانت مرعوب"",Fear"
"e6b016fae265,""كلاوچية يخافون "
"غير افتهم شلون تغير وانت مرعوب"",Fear"
5d1c028acace,مرعوب من الكمايتة,Fear
5d1c028acace,مرعوب من الكمايتة,Fear
c659609c6b3a,مرعوب انت هلأ؟؟,Fear
c659609c6b3a,مرعوب انت هلأ؟؟,Fear
2726497226c6,أقلكم شي اقسم بالله مرعوب من اختبار الهيئة,Fear
2726497226c6,أقلكم شي اقسم بالله مرعوب من اختبار الهيئة,Fear
434bcfdf35e1,يا عيني.  كان مرعوب خالص.    هو شغل العيال المثليين ده هيخلص امتي,Fear
434bcfdf35e1,يا عيني.  كان مرعوب خالص.    هو شغل العيال المثليين ده هيخلص امتي,Fear
"8ce5a59a14fa,""والله الواحد كان مرعوب ان فاروق جعفر يكسب قدام المتني"

اكتشف اني كنت مغفل كبير
فاروق جعفر نفسه لو كان نجح كان هيبقي عنده دم و دكر عن المتنين اللي ماسكين النادي

"تخيل يجي ف يوم الواحد يقول مرتضي لو كان موجود كان مشي ابن الاحبه اللي ع الخط ده مثلا من بدري"",Fear"
"653cf54c6ba8,""والله الواحد كان مرعوب ان فاروق جعفر يكسب قدام المتني"

اكتشف اني كنت مغفل كبير
فاروق جعفر نفسه لو كان نجح كان هيبقي عنده دم و دكر عن المتنين اللي ماسكين النادي

"تخيل يجي ف يوم الواحد يقول مرتضي لو كان موجود كان مشي ابن الاحبه اللي ع الخط ده مثلا من بدري x.com/Saber_M90/stat…"",Fear"
71dd644e9a41,لا عادي انه قدام يلدز لو مكانش كاين ملك في الصورة و تعاملها معها و هو فرحان و مش شايف شعورها و انها انهانت كان الوضع تمام لانهم من الاساس اعداء و هذا الطبيعي عندهم  و يلدز لازم تتأقلم على العداوة بينهم لي خربت الجلسة و العشاء هي ملك و عائلتها الغير كريمة,Happiness
666183e36489,عزيزي هذا مريض نفسي اللي يتذكر مآسي الناس لما يشوفك فرحان او لما يكون أمامك سفرة طعام.,Happiness
666183e36489,عزيزي هذا مريض نفسي اللي يتذكر مآسي الناس لما يشوفك فرحان او لما يكون أمامك سفرة طعام.,Happiness
666183e36489,عزيزي هذا مريض نفسي اللي يتذكر مآسي الناس لما يشوفك فرحان او لما يكون أمامك سفرة طعام.,Happiness
1850b9199ef1,فرحان بهذه الكرة الارضيه و الحياة السعيدة اللي عايشها؟؟؟؟,Happiness
1850b9199ef1,فرحان بهذه الكرة الارضيه و الحياة السعيدة اللي عايشها؟؟؟؟,Happiness
666183e36489,عزيزي هذا مريض نفسي اللي يتذكر مآسي الناس لما يشوفك فرحان او لما يكون أمامك سفرة طعام.,Happiness
c7d0520066e4,انت فرحان بمجازر الابرياء في السودان,Happiness
c7d0520066e4,انت فرحان بمجازر الابرياء في السودان,Happiness
666183e36489,عزيزي هذا مريض نفسي اللي يتذكر مآسي الناس لما يشوفك فرحان او لما يكون أمامك سفرة طعام.,Happiness
"f8d26bcf7b02,""ناس تفتخر بانجاز بطولة وانت فرحان بالخمسة "
"فرق بين السماء والارض فرع طاقيه"",Happiness"
"765578842087,""ناس تفتخر بانجاز بطولة وانت فرحان بالخمسة "
فرق بين السماء والارض فرع طاقيه 
"pic.x.com/ttIsBRtnts"",Happiness"
666183e36489,عزيزي هذا مريض نفسي اللي يتذكر مآسي الناس لما يشوفك فرحان او لما يكون أمامك سفرة طعام.,Happiness
f07e7451d317,اذا شفت شايب يتكلم اللغة الانجليزية في لقاء عربي فتاكد انه فرحان بنفسه و يعتقد انه مافي احد يتحدث الانجليزية غيره مايدري ان هذا الوقت اصبح الاطفال و المراهقين احسن منه بالانجليزية,Happiness
f07e7451d317,اذا شفت شايب يتكلم اللغة الانجليزية في لقاء عربي فتاكد انه فرحان بنفسه و يعتقد انه مافي احد يتحدث الانجليزية غيره مايدري ان هذا الوقت اصبح الاطفال و المراهقين احسن منه بالانجليزية,Happiness
1850b9199ef1,فرحان بهذه الكرة الارضيه و الحياة السعيدة اللي عايشها؟؟؟؟,Happiness
46561ba6e1f9,لما تشوف شخص فرحان أفرح وياه حشر مع الناس عيد,Happiness
46561ba6e1f9,لما تشوف شخص فرحان أفرح وياه حشر مع الناس عيد,Happiness
c7d0520066e4,انت فرحان بمجازر الابرياء في السودان,Happiness
97331bad09d5,صدقتم... حب الوطن فرض عليا.. صباح الخير وصباح التفاؤل الجميل على حب الوطن والدعاء له من صميم القلب...النهارده عيد.. النهارده يوم الفرح الكبير.. الكل فرحان وسعيد.. ربنا يحفظك ويبارك فيكي ياوطنيه يامصريه ياأصيله أستاذتنا الفاضله,Happiness
97331bad09d5,صدقتم... حب الوطن فرض عليا.. صباح الخير وصباح التفاؤل الجميل على حب الوطن والدعاء له من صميم القلب...النهارده عيد.. النهارده يوم الفرح الكبير.. الكل فرحان وسعيد.. ربنا يحفظك ويبارك فيكي ياوطنيه يامصريه ياأصيله أستاذتنا الفاضله,Happiness
"feb2a1114d75,""بالخمسة "
"فرق بين السماء والارض فرع طاقيه"",Happiness"
a33bd330fdde,فرحان انت ووجهك يعني,Happiness
a33bd330fdde,فرحان انت ووجهك يعني,Happiness
f07e7451d317,اذا شفت شايب يتكلم اللغة الانجليزية في لقاء عربي فتاكد انه فرحان بنفسه و يعتقد انه مافي احد يتحدث الانجليزية غيره مايدري ان هذا الوقت اصبح الاطفال و المراهقين احسن منه بالانجليزية,Happiness
75c07c4bc669,اشوفه فرحان شكله ما تعلم الأدب,Happiness
75c07c4bc669,اشوفه فرحان شكله ما تعلم الأدب,Happiness
f07e7451d317,اذا شفت شايب يتكلم اللغة الانجليزية في لقاء عربي فتاكد انه فرحان بنفسه و يعتقد انه مافي احد يتحدث الانجليزية غيره مايدري ان هذا الوقت اصبح الاطفال و المراهقين احسن منه بالانجليزية,Happiness
46561ba6e1f9,لما تشوف شخص فرحان أفرح وياه حشر مع الناس عيد,Happiness
acf4a789502b,والله داري انك كفو يابو فرحان ولاهي غريبه عليك ياكحيلان بس من باب الطقطقه على د إدريس,Happiness
acf4a789502b,والله داري انك كفو يابو فرحان ولاهي غريبه عليك ياكحيلان بس من باب الطقطقه على د إدريس,Happiness
f07e7451d317,اذا شفت شايب يتكلم اللغة الانجليزية في لقاء عربي فتاكد انه فرحان بنفسه و يعتقد انه مافي احد يتحدث الانجليزية غيره مايدري ان هذا الوقت اصبح الاطفال و المراهقين احسن منه بالانجليزية,Happiness
46561ba6e1f9,لما تشوف شخص فرحان أفرح وياه حشر مع الناس عيد,Happiness
"df73be5f8a5f,""ضربني وجت علطول الدوره قعد سنه يضرب "
على الفاضي يقولون رحت الليل عنده وحضني 
وقلت شوف حبيبي خال جوالي بكى من الظلم 
انا اللي احبك ووانا اغار عليك وانا اشفشفك
تتفرجين نت فليكس اضربك رحت المدرسه 
فرحان بس هو مضايق خال ما مات شفته
"بطريق انا احبه قلك فلات زنا""""."",Happiness"
"df73be5f8a5f,""ضربني وجت علطول الدوره قعد سنه يضرب "
على الفاضي يقولون رحت الليل عنده وحضني 
وقلت شوف حبيبي خال جوالي بكى من الظلم 
انا اللي احبك ووانا اغار عليك وانا اشفشفك
تتفرجين نت فليكس اضربك رحت المدرسه 
فرحان بس هو مضايق خال ما مات شفته
"بطريق انا احبه قلك فلات زنا""""."",Happiness"
"10465e47149b,""حابة نفهم سنغولي علاه راهو فرحان "
"وقرار يقر بتقرير مصير الشعب الصحراوي بما في ذلك مبدأ تقرير المصير. أي تفسير يتجاهل هذا الأساس هو وهم لا سند له في النص الرسمي."",Happiness"
"10465e47149b,""حابة نفهم سنغولي علاه راهو فرحان "
"وقرار يقر بتقرير مصير الشعب الصحراوي بما في ذلك مبدأ تقرير المصير. أي تفسير يتجاهل هذا الأساس هو وهم لا سند له في النص الرسمي."",Happiness"
34ad3ccbec08,اهو ده حال الاخوان لما يعرفو ان فى اى حاجه فيها فايده او يكون الشعب المصرى فرحان,Happiness
"19893f96dd7e,""اهو ده حال الاخوان لما يعرفو ان فى اى حاجه فيها فايده او يكون الشعب المصرى فرحان "
"pic.x.com/SU1BLwCTUI"",Happiness"
"48c99c21f004,""فرحة عارمة تجتاح المغرب من طنجة إلى الكويرة بعد القرار التاريخي لمجلس الأمن بشأن الصحراء المغربية - "
assahafa.com/%D9%81%D8%B1%D
"… #Maroc"",Happiness"
8eda0bf87ba1,اصلاً اللي يصورون كذا تحس المقطع كله تصنع في تصنع وما فيه اي فرحة بالموضوع,Happiness
8eda0bf87ba1,اصلاً اللي يصورون كذا تحس المقطع كله تصنع في تصنع وما فيه اي فرحة بالموضوع,Happiness
8eda0bf87ba1,اصلاً اللي يصورون كذا تحس المقطع كله تصنع في تصنع وما فيه اي فرحة بالموضوع,Happiness
"c73ad3c1d4b1,أنا لست بعد نوع العلاقة التي يجدها الناس جميلة من الخارج ؛ أريد واحدة تُظهر فرحة حقيقية من الداخل.,Happiness"
594736c92c1f,مرحبا.. رجعت لكم بلا تبرير، تقبلون رجوعي؟ أكيد إيه.. وتفرحون بوجودي فرحة تمحو العتب؟ أكيد إيه.. لأني أنا بعد دايم كذا.. ايش سويتوا أمس؟ دعيتوا لي قبل الغروب؟,Happiness
612643edc993,هيرزعنا كومبو تعويم على زيادات اسعار على زيادات رسوم علشان ينكد على المصريين في عز أي,Happiness
"c73ad3c1d4b1,أنا لست بعد نوع العلاقة التي يجدها الناس جميلة من الخارج ؛ أريد واحدة تُظهر فرحة حقيقية من الداخل.,Happiness"
"a8bcb6e91694,""أنا لست بعد نوع العلاقة التي يجدها الناس جميلة من الخارج ؛ أريد واحدة تُظهر فرحة حقيقية من الداخل. "
"pic.x.com/FRqZlMYLf2"",Happiness"
8eda0bf87ba1,اصلاً اللي يصورون كذا تحس المقطع كله تصنع في تصنع وما فيه اي فرحة بالموضوع,Happiness
"c73ad3c1d4b1,أنا لست بعد نوع العلاقة التي يجدها الناس جميلة من الخارج ؛ أريد واحدة تُظهر فرحة حقيقية من الداخل.,Happiness"
594736c92c1f,مرحبا.. رجعت لكم بلا تبرير، تقبلون رجوعي؟ أكيد إيه.. وتفرحون بوجودي فرحة تمحو العتب؟ أكيد إيه.. لأني أنا بعد دايم كذا.. ايش سويتوا أمس؟ دعيتوا لي قبل الغروب؟,Happiness
612643edc993,هيرزعنا كومبو تعويم على زيادات اسعار على زيادات رسوم علشان ينكد على المصريين في عز أي,Happiness
594736c92c1f,مرحبا.. رجعت لكم بلا تبرير، تقبلون رجوعي؟ أكيد إيه.. وتفرحون بوجودي فرحة تمحو العتب؟ أكيد إيه.. لأني أنا بعد دايم كذا.. ايش سويتوا أمس؟ دعيتوا لي قبل الغروب؟,Happiness
594736c92c1f,مرحبا.. رجعت لكم بلا تبرير، تقبلون رجوعي؟ أكيد إيه.. وتفرحون بوجودي فرحة تمحو العتب؟ أكيد إيه.. لأني أنا بعد دايم كذا.. ايش سويتوا أمس؟ دعيتوا لي قبل الغروب؟,Happiness
8eda0bf87ba1,اصلاً اللي يصورون كذا تحس المقطع كله تصنع في تصنع وما فيه اي فرحة بالموضوع,Happiness
"c73ad3c1d4b1,أنا لست بعد نوع العلاقة التي يجدها الناس جميلة من الخارج ؛ أريد واحدة تُظهر فرحة حقيقية من الداخل.,Happiness"
594736c92c1f,مرحبا.. رجعت لكم بلا تبرير، تقبلون رجوعي؟ أكيد إيه.. وتفرحون بوجودي فرحة تمحو العتب؟ أكيد إيه.. لأني أنا بعد دايم كذا.. ايش سويتوا أمس؟ دعيتوا لي قبل الغروب؟,Happiness
612643edc993,هيرزعنا كومبو تعويم على زيادات اسعار على زيادات رسوم علشان ينكد على المصريين في عز أي,Happiness
9872a2a8f2b6,هيرزعنا كومبو تعويم على زيادات اسعار على زيادات رسوم علشان ينكد على المصريين في عز أي فرحة (كعادته دائماً),Happiness
2336fef1248a,هيرزعنا كومبو تعويم على زيادات اسعار على زيادات رسوم علشان ينكد على المصريين في عز أي فرحة (كعادته دائماً)  x.com/ca_shad/status…,Happiness
594736c92c1f,مرحبا.. رجعت لكم بلا تبرير، تقبلون رجوعي؟ أكيد إيه.. وتفرحون بوجودي فرحة تمحو العتب؟ أكيد إيه.. لأني أنا بعد دايم كذا.. ايش سويتوا أمس؟ دعيتوا لي قبل الغروب؟,Happiness
9872a2a8f2b6,هيرزعنا كومبو تعويم على زيادات اسعار على زيادات رسوم علشان ينكد على المصريين في عز أي فرحة (كعادته دائماً),Happiness
4ec5f6980c4c,فرحه الصغار من حقهم   كلن يفرح ع مستواه( كبت السنين يجعل الكهل يفرح لفرح الصغار,Happiness
4ec5f6980c4c,فرحه الصغار من حقهم   كلن يفرح ع مستواه( كبت السنين يجعل الكهل يفرح لفرح الصغار,Happiness
594736c92c1f,مرحبا.. رجعت لكم بلا تبرير، تقبلون رجوعي؟ أكيد إيه.. وتفرحون بوجودي فرحة تمحو العتب؟ أكيد إيه.. لأني أنا بعد دايم كذا.. ايش سويتوا أمس؟ دعيتوا لي قبل الغروب؟,Happiness
9872a2a8f2b6,هيرزعنا كومبو تعويم على زيادات اسعار على زيادات رسوم علشان ينكد على المصريين في عز أي فرحة (كعادته دائماً),Happiness
4ec5f6980c4c,فرحه الصغار من حقهم   كلن يفرح ع مستواه( كبت السنين يجعل الكهل يفرح لفرح الصغار,Happiness
"916c7c8a4712,""يشهد الله انه لم يمسسني شهاده احد مثل صالح وانس استشهد انس قبل رؤيه النصر و استشهد صالح قبل رؤيه اخيه الاسير وقبل اكتمال فرحه النصر "
"ستظلوا ابطالا كتب اسمها في التاريخ"",Happiness"
"c9ade242010f,""يشهد الله انه لم يمسسني شهاده احد مثل صالح وانس استشهد انس قبل رؤيه النصر و استشهد صالح قبل رؤيه اخيه الاسير وقبل اكتمال فرحه النصر "
ستظلوا ابطالا كتب اسمها في التاريخ 
"pic.x.com/GhfLNVPznb"",Happiness"
4ec5f6980c4c,فرحه الصغار من حقهم   كلن يفرح ع مستواه( كبت السنين يجعل الكهل يفرح لفرح الصغار,Happiness
"916c7c8a4712,""يشهد الله انه لم يمسسني شهاده احد مثل صالح وانس استشهد انس قبل رؤيه النصر و استشهد صالح قبل رؤيه اخيه الاسير وقبل اكتمال فرحه النصر "
"ستظلوا ابطالا كتب اسمها في التاريخ"",Happiness"
"b072aa561416,""إنجاز بحجم التاريخ وعظمة الحضارة ، و فرحة تستحقها مصر بكل فخر .."
#القاهرة #مصر
⁦#visit_Egypt⁩
"⁧#المتحف_المصري_الكبير"",Happiness"
"6e7a0e375bb9,""إنجاز بحجم التاريخ وعظمة الحضارة ، و فرحة تستحقها مصر بكل فخر .."
#القاهرة #مصر
⁦#visit_Egypt⁩
⁧#المتحف_المصري_الكبير 
"pic.x.com/HWtYii2q0t"",Happiness"
"b072aa561416,""إنجاز بحجم التاريخ وعظمة الحضارة ، و فرحة تستحقها مصر بكل فخر .."
#القاهرة #مصر
⁦#visit_Egypt⁩
"⁧#المتحف_المصري_الكبير"",Happiness"
43c92348d54d,النمط المكتوب للمؤلف جذاب وغني بالمعلومات. أنا سعيد جدًا بقراءة مقالك عن طريق الخطأ. Bertie Manzie,Happiness
"0f623df4ba53,""عن ابو سعيد الخدري رضي الله عنه قال:"

كان #رسول_الله ﷺ إذا استجد ثوبا، سماه باسمه؛ عمامة، أو قميصا، أو رداء، ثم يقول: اللهم لك الحمد، أنت كسوتنيه، أسألك من خيره، وخير ما صنع له، وأعوذ بك من شره، وشر ما صنع له.

حديث صحيح
صححه الالباني
"واخرجه ابوداود 4020"",Happiness"
"0f623df4ba53,""عن ابو سعيد الخدري رضي الله عنه قال:"

كان #رسول_الله ﷺ إذا استجد ثوبا، سماه باسمه؛ عمامة، أو قميصا، أو رداء، ثم يقول: اللهم لك الحمد، أنت كسوتنيه، أسألك من خيره، وخير ما صنع له، وأعوذ بك من شره، وشر ما صنع له.

حديث صحيح
صححه الالباني
"واخرجه ابوداود 4020"",Happiness"
"0f623df4ba53,""عن ابو سعيد الخدري رضي الله عنه قال:"

كان #رسول_الله ﷺ إذا استجد ثوبا، سماه باسمه؛ عمامة، أو قميصا، أو رداء، ثم يقول: اللهم لك الحمد، أنت كسوتنيه، أسألك من خيره، وخير ما صنع له، وأعوذ بك من شره، وشر ما صنع له.

حديث صحيح
صححه الالباني
"واخرجه ابوداود 4020"",Happiness"
47e32f4bb93f,عملك الشاق على وشك أن يتم سداده - حظا سعيدا! أنا سعيد جدًا بقراءة مقالك عن طريق الخطأ. Taylor Gretzinger,Happiness
47e32f4bb93f,عملك الشاق على وشك أن يتم سداده - حظا سعيدا! أنا سعيد جدًا بقراءة مقالك عن طريق الخطأ. Taylor Gretzinger,Happiness
"d90051725761,""عملك الشاق على وشك أن يتم سداده - حظا سعيدا! أنا سعيد جدًا بقراءة مقالك عن طريق الخطأ. Taylor Gretzinger "
"pic.x.com/lRhWPmcKaO"",Happiness"
"0f623df4ba53,""عن ابو سعيد الخدري رضي الله عنه قال:"

كان #رسول_الله ﷺ إذا استجد ثوبا، سماه باسمه؛ عمامة، أو قميصا، أو رداء، ثم يقول: اللهم لك الحمد، أنت كسوتنيه، أسألك من خيره، وخير ما صنع له، وأعوذ بك من شره، وشر ما صنع له.

حديث صحيح
صححه الالباني
"واخرجه ابوداود 4020"",Happiness"
47e32f4bb93f,عملك الشاق على وشك أن يتم سداده - حظا سعيدا! أنا سعيد جدًا بقراءة مقالك عن طريق الخطأ. Taylor Gretzinger,Happiness
"f6cb4e7c05c6,""بحضور الكثيري.. إتمام مراسم تسليم واستلام قيادة انتقالي حضرموت بين القائم بأعمال رئيس الهيئة الجديد الأستاذ محمد باتيس، والرئيس السابق العميد الركن سعيد المحمدي. "

"التفاصيل لاحقًا.."",Happiness"
"f31ca821d793,""بحضور الكثيري.. إتمام مراسم تسليم واستلام قيادة انتقالي حضرموت بين القائم بأعمال رئيس الهيئة الجديد الأستاذ محمد باتيس، والرئيس السابق العميد الركن سعيد المحمدي. "

التفاصيل لاحقًا.. 
"pic.x.com/tW8c643b3U"",Happiness"
"f6cb4e7c05c6,""بحضور الكثيري.. إتمام مراسم تسليم واستلام قيادة انتقالي حضرموت بين القائم بأعمال رئيس الهيئة الجديد الأستاذ محمد باتيس، والرئيس السابق العميد الركن سعيد المحمدي. "

"التفاصيل لاحقًا.."",Happiness"
3ee67cde1f52,أنت في الاتجاه الصحيح لتحقيق النجاح. حظ سعيد! حكمتك هي اتجاهي. شكرًا لك. Rolanda Voorhees,Happiness
"8d7642903e3d,""أنت في الاتجاه الصحيح لتحقيق النجاح. حظ سعيد! حكمتك هي اتجاهي. شكرًا لك. Rolanda Voorhees "
"pic.x.com/6NuGwYDxYa"",Happiness"
3ee67cde1f52,أنت في الاتجاه الصحيح لتحقيق النجاح. حظ سعيد! حكمتك هي اتجاهي. شكرًا لك. Rolanda Voorhees,Happiness
406b41e567ad,الله يرحمك يا سعيد عقل لما قال وين بيدعس الفلسطيني احرق الأرض كرمال ما تنبت حشيش لأنن جنس عاطل,Happiness
406b41e567ad,الله يرحمك يا سعيد عقل لما قال وين بيدعس الفلسطيني احرق الأرض كرمال ما تنبت حشيش لأنن جنس عاطل,Happiness
3ee67cde1f52,أنت في الاتجاه الصحيح لتحقيق النجاح. حظ سعيد! حكمتك هي اتجاهي. شكرًا لك. Rolanda Voorhees,Happiness
406b41e567ad,الله يرحمك يا سعيد عقل لما قال وين بيدعس الفلسطيني احرق الأرض كرمال ما تنبت حشيش لأنن جنس عاطل,Happiness
92af886edb19,م طبيعي يضحك,Neutral
79a046283c17,يعيال صياح طربون واللي معه موب طبيعي والله,Neutral
79a046283c17,يعيال صياح طربون واللي معه موب طبيعي والله,Neutral
79a046283c17,يعيال صياح طربون واللي معه موب طبيعي والله,Neutral
59bcecc6323f,ابن متعة وعميل ويفتخر يتمتع بنساء الحشد طبيعي يكره تشرين,Neutral
372336923133,الحروب والبلاد بسبب دعم بلدكم الخايس للصدام حرب 8 سنين وحرب الكويت والارهاب والتفجير ور2003 بفتوايكم خاليا العراق بدا يتعافى ويرجع طبيعي,Neutral
59bcecc6323f,ابن متعة وعميل ويفتخر يتمتع بنساء الحشد طبيعي يكره تشرين,Neutral
59bcecc6323f,ابن متعة وعميل ويفتخر يتمتع بنساء الحشد طبيعي يكره تشرين,Neutral
79a046283c17,يعيال صياح طربون واللي معه موب طبيعي والله,Neutral
59bcecc6323f,ابن متعة وعميل ويفتخر يتمتع بنساء الحشد طبيعي يكره تشرين,Neutral
372336923133,الحروب والبلاد بسبب دعم بلدكم الخايس للصدام حرب 8 سنين وحرب الكويت والارهاب والتفجير ور2003 بفتوايكم خاليا العراق بدا يتعافى ويرجع طبيعي,Neutral
372336923133,الحروب والبلاد بسبب دعم بلدكم الخايس للصدام حرب 8 سنين وحرب الكويت والارهاب والتفجير ور2003 بفتوايكم خاليا العراق بدا يتعافى ويرجع طبيعي,Neutral
372336923133,الحروب والبلاد بسبب دعم بلدكم الخايس للصدام حرب 8 سنين وحرب الكويت والارهاب والتفجير ور2003 بفتوايكم خاليا العراق بدا يتعافى ويرجع طبيعي,Neutral
79a046283c17,يعيال صياح طربون واللي معه موب طبيعي والله,Neutral
59bcecc6323f,ابن متعة وعميل ويفتخر يتمتع بنساء الحشد طبيعي يكره تشرين,Neutral
372336923133,الحروب والبلاد بسبب دعم بلدكم الخايس للصدام حرب 8 سنين وحرب الكويت والارهاب والتفجير ور2003 بفتوايكم خاليا العراق بدا يتعافى ويرجع طبيعي,Neutral
"eb15e8e31c4d,""العالم يحكمه الغرب"
منظماته العالميه الأمم المتحدة مجلس الأمن 
هيئاته العالميه
موسساته
اعلامه
"كل شي.. طبيعي وبديهي الي يحصل"",Neutral"
"eb15e8e31c4d,""العالم يحكمه الغرب"
منظماته العالميه الأمم المتحدة مجلس الأمن 
هيئاته العالميه
موسساته
اعلامه
"كل شي.. طبيعي وبديهي الي يحصل"",Neutral"
79a046283c17,يعيال صياح طربون واللي معه موب طبيعي والله,Neutral
59bcecc6323f,ابن متعة وعميل ويفتخر يتمتع بنساء الحشد طبيعي يكره تشرين,Neutral
372336923133,الحروب والبلاد بسبب دعم بلدكم الخايس للصدام حرب 8 سنين وحرب الكويت والارهاب والتفجير ور2003 بفتوايكم خاليا العراق بدا يتعافى ويرجع طبيعي,Neutral
bc73ad270cfe,اللي يعتاد على التعامل بقلة الذوق يشوف الأمر طبيعي بالنسبة له، والمشكلة مدري متى راح يتعلمون الذوق في تعاملهم؟!,Neutral
bc73ad270cfe,اللي يعتاد على التعامل بقلة الذوق يشوف الأمر طبيعي بالنسبة له، والمشكلة مدري متى راح يتعلمون الذوق في تعاملهم؟!,Neutral
79a046283c17,يعيال صياح طربون واللي معه موب طبيعي والله,Neutral
59bcecc6323f,ابن متعة وعميل ويفتخر يتمتع بنساء الحشد طبيعي يكره تشرين,Neutral
372336923133,الحروب والبلاد بسبب دعم بلدكم الخايس للصدام حرب 8 سنين وحرب الكويت والارهاب والتفجير ور2003 بفتوايكم خاليا العراق بدا يتعافى ويرجع طبيعي,Neutral
fa5917310e4a,شي طبيعي ، بس شكلك بترد اتابع الدوري الأوروبي  ، ويا هذا الفريق,Neutral
fa5917310e4a,شي طبيعي ، بس شكلك بترد اتابع الدوري الأوروبي  ، ويا هذا الفريق,Neutral
79a046283c17,يعيال صياح طربون واللي معه موب طبيعي والله,Neutral
59bcecc6323f,ابن متعة وعميل ويفتخر يتمتع بنساء الحشد طبيعي يكره تشرين,Neutral
372336923133,الحروب والبلاد بسبب دعم بلدكم الخايس للصدام حرب 8 سنين وحرب الكويت والارهاب والتفجير ور2003 بفتوايكم خاليا العراق بدا يتعافى ويرجع طبيعي,Neutral
"0583b3b6afe4,""بالضبط"
"تحامل ماهو طبيعي من سامي والله"",Neutral"
"0583b3b6afe4,""بالضبط"
"تحامل ماهو طبيعي من سامي والله"",Neutral"
372336923133,الحروب والبلاد بسبب دعم بلدكم الخايس للصدام حرب 8 سنين وحرب الكويت والارهاب والتفجير ور2003 بفتوايكم خاليا العراق بدا يتعافى ويرجع طبيعي,Neutral
"8ade27b37ff4,""قبل مواجهة الرياض لعبت مع استقلال دوشنبه يوم الاربعاء في يلو آسيا "
طبيعي تلعب السبت 

قبل مواجهة الفتح لعبت مع الزوراء يوم الاربعاء في يلو آسيا 
طبيعي تلعب السبت 

قبل مواجهة الحزم لعبت مع غوا يوم الاربعاء في يلو آسيا 
طبيعي تلعب السبت 

"ولا تبي تلعب الاربعاء والجمعة ؟ وتصييح"",Neutral"
"8ade27b37ff4,""قبل مواجهة الرياض لعبت مع استقلال دوشنبه يوم الاربعاء في يلو آسيا "
طبيعي تلعب السبت 

قبل مواجهة الفتح لعبت مع الزوراء يوم الاربعاء في يلو آسيا 
طبيعي تلعب السبت 

قبل مواجهة الحزم لعبت مع غوا يوم الاربعاء في يلو آسيا 
طبيعي تلعب السبت 

"ولا تبي تلعب الاربعاء والجمعة ؟ وتصييح"",Neutral"
"eb15e8e31c4d,""العالم يحكمه الغرب"
منظماته العالميه الأمم المتحدة مجلس الأمن 
هيئاته العالميه
موسساته
اعلامه
"كل شي.. طبيعي وبديهي الي يحصل"",Neutral"
bc73ad270cfe,اللي يعتاد على التعامل بقلة الذوق يشوف الأمر طبيعي بالنسبة له، والمشكلة مدري متى راح يتعلمون الذوق في تعاملهم؟!,Neutral
"346c2aec0059,""لأنك باختصار مانتي مستعدة "
وهذا شعور طبيعي 
"كنسلي كل شي لين تكونين مستعدة بنسبة ٩٥٪ انك تتزوجين وقد مسؤولية هذا الزواج"",Neutral"
"346c2aec0059,""لأنك باختصار مانتي مستعدة "
وهذا شعور طبيعي 
"كنسلي كل شي لين تكونين مستعدة بنسبة ٩٥٪ انك تتزوجين وقد مسؤولية هذا الزواج"",Neutral"
bc73ad270cfe,اللي يعتاد على التعامل بقلة الذوق يشوف الأمر طبيعي بالنسبة له، والمشكلة مدري متى راح يتعلمون الذوق في تعاملهم؟!,Neutral
fa5917310e4a,شي طبيعي ، بس شكلك بترد اتابع الدوري الأوروبي  ، ويا هذا الفريق,Neutral
"3c56e81619a4,""القطفان كثير الحساويه مدري عنهم "
لكن الجنوب برضو كثيرين وانا اي كلاس ادخله القى عالاقل ثلثه اذا مو نصه جنوبيين
"معروفين الجنوبيين بكثرتهم شيء طبيعي يكونون كثيرين بجامعة معينه"",Neutral"
"3c56e81619a4,""القطفان كثير الحساويه مدري عنهم "
لكن الجنوب برضو كثيرين وانا اي كلاس ادخله القى عالاقل ثلثه اذا مو نصه جنوبيين
"معروفين الجنوبيين بكثرتهم شيء طبيعي يكونون كثيرين بجامعة معينه"",Neutral"
"0583b3b6afe4,""بالضبط"
"تحامل ماهو طبيعي من سامي والله"",Neutral"
7a99093a1b77,شي طبيعي في الحروب يكون فيه أسرى من الطرفين ولا فيه شي جديد تتكلم عنه والحوثيين وليس اليمنيين الأوفياء هم من اعتدوا على الحدود السعوديه وأمن سلاح الحدود ومن حق السعوديه الرد وبعدها طلبت الحكومة الشرعية المسانده والدعم من  التحرير عدن وبعض المحافظات اليمنية وأنت تهرف بما لاتعرف,Neutral
7a99093a1b77,شي طبيعي في الحروب يكون فيه أسرى من الطرفين ولا فيه شي جديد تتكلم عنه والحوثيين وليس اليمنيين الأوفياء هم من اعتدوا على الحدود السعوديه وأمن سلاح الحدود ومن حق السعوديه الرد وبعدها طلبت الحكومة الشرعية المسانده والدعم من  التحرير عدن وبعض المحافظات اليمنية وأنت تهرف بما لاتعرف,Neutral
"8ade27b37ff4,""قبل مواجهة الرياض لعبت مع استقلال دوشنبه يوم الاربعاء في يلو آسيا "
طبيعي تلعب السبت 

قبل مواجهة الفتح لعبت مع الزوراء يوم الاربعاء في يلو آسيا 
طبيعي تلعب السبت 

قبل مواجهة الحزم لعبت مع غوا يوم الاربعاء في يلو آسيا 
طبيعي تلعب السبت 

"ولا تبي تلعب الاربعاء والجمعة ؟ وتصييح"",Neutral"
"670961702e0e,""الحكم مستقعد لكوليبالي تعرف ما يسوي أخطأ حنون على الجميع.. "
"اتفق معك لا يستحق حتى كرت اصفر ليه أحمر حتى لو قص رجل الحارس طبيعي الوضع دفع واضح.. لا عاد يجيبون هذا الحكم ليه يظلمه مسكين اااااخ اااااخ طفشنا من الحكام"",Neutral"
"670961702e0e,""الحكم مستقعد لكوليبالي تعرف ما يسوي أخطأ حنون على الجميع.. "
"اتفق معك لا يستحق حتى كرت اصفر ليه أحمر حتى لو قص رجل الحارس طبيعي الوضع دفع واضح.. لا عاد يجيبون هذا الحكم ليه يظلمه مسكين اااااخ اااااخ طفشنا من الحكام"",Neutral"
"b9f1b395a0bb,""تلعب السبت "

قبل مواجهة الحزم لعبت مع غوا يوم الاربعاء في يلو آسيا 
طبيعي تلعب السبت 

"ولا تبي تلعب الاربعاء والجمعة ؟ وتصييح"",Neutral"
885579f90b37,والله تعبت من النسيان مب طبيعي أبدا,Neutral
885579f90b37,والله تعبت من النسيان مب طبيعي أبدا,Neutral
1b307920590f,حركة مدربهم امس يوم لاعبهم انطرد شيء مب طبيعي التصنع ألف!!!,Neutral
1b307920590f,حركة مدربهم امس يوم لاعبهم انطرد شيء مب طبيعي التصنع ألف!!!,Neutral
"5e0ba5057dc0,""كميه الغباء الي صادفتها متعبه بشكل مو طبيعي "
"وصل مرحلة ان شوي ويفتي بالدين"",Neutral"
"5e0ba5057dc0,""كميه الغباء الي صادفتها متعبه بشكل مو طبيعي "
"وصل مرحلة ان شوي ويفتي بالدين"",Neutral"
0ff5eb6176c5,هوا طبيعي انو من امس نايمه؟ اكيد لا,Neutral
0ff5eb6176c5,هوا طبيعي انو من امس نايمه؟ اكيد لا,Neutral
dc0fdda50db8,الله يلوم الي يلومك طبيعي وضعك دامك شفتيه بهالقرب انا مقدر اتخيل حتى كيف بيكون شكله اخخخ ياقلبي,Neutral
dc0fdda50db8,الله يلوم الي يلومك طبيعي وضعك دامك شفتيه بهالقرب انا مقدر اتخيل حتى كيف بيكون شكله اخخخ ياقلبي,Neutral
234071ae9cf5,لا يختلف في الطعم الاسود فيها سكر أكثر الاخضر حموضه الاحمر سكر معتدل,Neutral
996e83f9fda7,محمد خير الشعال رجل الدين القذر المتطرف الذي يتطاول على النساء في خطبه وكان يحرض ضد من يختلف معه ويحمل فكر متطرف رغم انه اشعري .. تم طرده من المسجد واهانته من قبل التكفيريين باعتباره سني اشعري معتدل,Neutral
"88e9e3a62b9a,""محمد خير الشعال رجل الدين القذر المتطرف الذي يتطاول على النساء في خطبه وكان يحرض ضد من يختلف معه ويحمل فكر متطرف رغم انه اشعري .. تم طرده من المسجد واهانته من قبل التكفيريين باعتباره سني اشعري معتدل "
"pic.x.com/kmXa9sDjAp"",Neutral"
996e83f9fda7,محمد خير الشعال رجل الدين القذر المتطرف الذي يتطاول على النساء في خطبه وكان يحرض ضد من يختلف معه ويحمل فكر متطرف رغم انه اشعري .. تم طرده من المسجد واهانته من قبل التكفيريين باعتباره سني اشعري معتدل,Neutral
101ec71512b6,ماينفع معكم انسان معتدل لابد واحد يعرفكم قيمتكم,Neutral
"98b8df7ae595,""القبيلة/  شمرية"
المدينة /  حايل
 العمر/ ٢٩
الطول /١٦٢
الوزن/٧٧
الوظيفة / لا يوجد
"الجمال /"",Neutral"
101ec71512b6,ماينفع معكم انسان معتدل لابد واحد يعرفكم قيمتكم,Neutral
101ec71512b6,ماينفع معكم انسان معتدل لابد واحد يعرفكم قيمتكم,Neutral
996e83f9fda7,محمد خير الشعال رجل الدين القذر المتطرف الذي يتطاول على النساء في خطبه وكان يحرض ضد من يختلف معه ويحمل فكر متطرف رغم انه اشعري .. تم طرده من المسجد واهانته من قبل التكفيريين باعتباره سني اشعري معتدل,Neutral
101ec71512b6,ماينفع معكم انسان معتدل لابد واحد يعرفكم قيمتكم,Neutral
"98b8df7ae595,""القبيلة/  شمرية"
المدينة /  حايل
 العمر/ ٢٩
الطول /١٦٢
الوزن/٧٧
الوظيفة / لا يوجد
"الجمال /"",Neutral"
"60c59d45626c,""القبيلة/  شمرية"
المدينة /  حايل
 العمر/ ٢٩
الطول /١٦٢
الوزن/٧٧
الوظيفة / لا يوجد
الجمال /   معتدل
لون العرق/  ابيض
المؤهل العلمي/ جامعي
"الحالة الاجتماعية/مطلقه معاها بنت"",Neutral"
"60c59d45626c,""القبيلة/  شمرية"
المدينة /  حايل
 العمر/ ٢٩
الطول /١٦٢
الوزن/٧٧
الوظيفة / لا يوجد
الجمال /   معتدل
لون العرق/  ابيض
المؤهل العلمي/ جامعي
"الحالة الاجتماعية/مطلقه معاها بنت"",Neutral"
101ec71512b6,ماينفع معكم انسان معتدل لابد واحد يعرفكم قيمتكم,Neutral
"60c59d45626c,""القبيلة/  شمرية"
المدينة /  حايل
 العمر/ ٢٩
الطول /١٦٢
الوزن/٧٧
الوظيفة / لا يوجد
الجمال /   معتدل
لون العرق/  ابيض
المؤهل العلمي/ جامعي
"الحالة الاجتماعية/مطلقه معاها بنت"",Neutral"
cb6ec8b67b39,والله البنية ماعرفها بس مرات يطلعلي حسابها واشوفها محترمة وخطابها معتدل.  لكن اللي متأكد منه ان هذا الساقط وكل ساقط يروحون جوا نعالها هي وكل بنية قذفوها وطعنوا بيها ، الماعندهم غير الطعن بالاعراض ولد الزفرة شروگية معدان,Neutral
cb6ec8b67b39,والله البنية ماعرفها بس مرات يطلعلي حسابها واشوفها محترمة وخطابها معتدل.  لكن اللي متأكد منه ان هذا الساقط وكل ساقط يروحون جوا نعالها هي وكل بنية قذفوها وطعنوا بيها ، الماعندهم غير الطعن بالاعراض ولد الزفرة شروگية معدان,Neutral
101ec71512b6,ماينفع معكم انسان معتدل لابد واحد يعرفكم قيمتكم,Neutral
"60c59d45626c,""القبيلة/  شمرية"
المدينة /  حايل
 العمر/ ٢٩
الطول /١٦٢
الوزن/٧٧
الوظيفة / لا يوجد
الجمال /   معتدل
لون العرق/  ابيض
المؤهل العلمي/ جامعي
"الحالة الاجتماعية/مطلقه معاها بنت"",Neutral"
cb6ec8b67b39,والله البنية ماعرفها بس مرات يطلعلي حسابها واشوفها محترمة وخطابها معتدل.  لكن اللي متأكد منه ان هذا الساقط وكل ساقط يروحون جوا نعالها هي وكل بنية قذفوها وطعنوا بيها ، الماعندهم غير الطعن بالاعراض ولد الزفرة شروگية معدان,Neutral
9e8334548b4c,الجو معتدل بالخيمة وبرا ساقع نونة حسب الارصاد الخاصة فيا,Neutral
9e8334548b4c,الجو معتدل بالخيمة وبرا ساقع نونة حسب الارصاد الخاصة فيا,Neutral
101ec71512b6,ماينفع معكم انسان معتدل لابد واحد يعرفكم قيمتكم,Neutral
"60c59d45626c,""القبيلة/  شمرية"
المدينة /  حايل
 العمر/ ٢٩
الطول /١٦٢
الوزن/٧٧
الوظيفة / لا يوجد
الجمال /   معتدل
لون العرق/  ابيض
المؤهل العلمي/ جامعي
"الحالة الاجتماعية/مطلقه معاها بنت"",Neutral"
cb6ec8b67b39,والله البنية ماعرفها بس مرات يطلعلي حسابها واشوفها محترمة وخطابها معتدل.  لكن اللي متأكد منه ان هذا الساقط وكل ساقط يروحون جوا نعالها هي وكل بنية قذفوها وطعنوا بيها ، الماعندهم غير الطعن بالاعراض ولد الزفرة شروگية معدان,Neutral
"bca05eff01ac,""هذا الخبر علم 2006...قبل الدعم و قبل كل ما نشاهده الآن..."

كان خالد مشعل هو عراب الاتفاق الايراني الحمساوي..
فجاة صار الحيه هو الحية..و خالد مشعا سني معتدل..

"الجواب هو انا لا اصدق حماس و لا مسرحياتهم"",Neutral"
"bca05eff01ac,""هذا الخبر علم 2006...قبل الدعم و قبل كل ما نشاهده الآن..."

كان خالد مشعل هو عراب الاتفاق الايراني الحمساوي..
فجاة صار الحيه هو الحية..و خالد مشعا سني معتدل..

"الجواب هو انا لا اصدق حماس و لا مسرحياتهم"",Neutral"
"60c59d45626c,""القبيلة/  شمرية"
المدينة /  حايل
 العمر/ ٢٩
الطول /١٦٢
الوزن/٧٧
الوظيفة / لا يوجد
الجمال /   معتدل
لون العرق/  ابيض
المؤهل العلمي/ جامعي
"الحالة الاجتماعية/مطلقه معاها بنت"",Neutral"
cb6ec8b67b39,والله البنية ماعرفها بس مرات يطلعلي حسابها واشوفها محترمة وخطابها معتدل.  لكن اللي متأكد منه ان هذا الساقط وكل ساقط يروحون جوا نعالها هي وكل بنية قذفوها وطعنوا بيها ، الماعندهم غير الطعن بالاعراض ولد الزفرة شروگية معدان,Neutral
9e8334548b4c,الجو معتدل بالخيمة وبرا ساقع نونة حسب الارصاد الخاصة فيا,Neutral
80a619a3279a,حرفيا العلاقات استثمار، الإنسان على قد مايكون معطاء في علاقاته بشكل معتدل وملائم راح يلاقي أن هذي العلاقات تعود عليه بحب مماثل وتقدير ولو بعد وقت طويل. احنا نغذي علاقاتنا اليوم ونكون صالحين مع الآخرين ومع ذلك احنا المستفيد الأكبر في كل شيء نقدمه، واللي يزرع الحُب راح يحصد الحُب.,Neutral
80a619a3279a,حرفيا العلاقات استثمار، الإنسان على قد مايكون معطاء في علاقاته بشكل معتدل وملائم راح يلاقي أن هذي العلاقات تعود عليه بحب مماثل وتقدير ولو بعد وقت طويل. احنا نغذي علاقاتنا اليوم ونكون صالحين مع الآخرين ومع ذلك احنا المستفيد الأكبر في كل شيء نقدمه، واللي يزرع الحُب راح يحصد الحُب.,Neutral
"60c59d45626c,""القبيلة/  شمرية"
المدينة /  حايل
 العمر/ ٢٩
الطول /١٦٢
الوزن/٧٧
الوظيفة / لا يوجد
الجمال /   معتدل
لون العرق/  ابيض
المؤهل العلمي/ جامعي
"الحالة الاجتماعية/مطلقه معاها بنت"",Neutral"
cb6ec8b67b39,والله البنية ماعرفها بس مرات يطلعلي حسابها واشوفها محترمة وخطابها معتدل.  لكن اللي متأكد منه ان هذا الساقط وكل ساقط يروحون جوا نعالها هي وكل بنية قذفوها وطعنوا بيها ، الماعندهم غير الطعن بالاعراض ولد الزفرة شروگية معدان,Neutral
9e8334548b4c,الجو معتدل بالخيمة وبرا ساقع نونة حسب الارصاد الخاصة فيا,Neutral
cefdbd0c6fff,مافيه اكل يسمن بالحياه إذا اكلت بشكل معتدل وتحركت بشكل كافي,Neutral
cefdbd0c6fff,مافيه اكل يسمن بالحياه إذا اكلت بشكل معتدل وتحركت بشكل كافي,Neutral
cb6ec8b67b39,والله البنية ماعرفها بس مرات يطلعلي حسابها واشوفها محترمة وخطابها معتدل.  لكن اللي متأكد منه ان هذا الساقط وكل ساقط يروحون جوا نعالها هي وكل بنية قذفوها وطعنوا بيها ، الماعندهم غير الطعن بالاعراض ولد الزفرة شروگية معدان,Neutral
9e8334548b4c,الجو معتدل بالخيمة وبرا ساقع نونة حسب الارصاد الخاصة فيا,Neutral
3f65fdf531b1,حقد إعلامي صهيوني علي اي نجاح لتيار إسلامي معتدل,Neutral
3f65fdf531b1,حقد إعلامي صهيوني علي اي نجاح لتيار إسلامي معتدل,Neutral
826454615fed,.  لكن اللي متأكد منه ان هذا الساقط وكل ساقط يروحون جوا نعالها هي وكل بنية قذفوها وطعنوا بيها ، الماعندهم غير الطعن بالاعراض ولد الزفرة شروگية معدان,Neutral
9e8334548b4c,الجو معتدل بالخيمة وبرا ساقع نونة حسب الارصاد الخاصة فيا,Neutral
92ed0ed57ea6,المواسم كل سنه تتقدم ما لاحظت رمضان كان الجو بارد الى معتدل عكس سنوات كان حر,Neutral
92ed0ed57ea6,المواسم كل سنه تتقدم ما لاحظت رمضان كان الجو بارد الى معتدل عكس سنوات كان حر,Neutral
9e8334548b4c,الجو معتدل بالخيمة وبرا ساقع نونة حسب الارصاد الخاصة فيا,Neutral
"bca05eff01ac,""هذا الخبر علم 2006...قبل الدعم و قبل كل ما نشاهده الآن..."

كان خالد مشعل هو عراب الاتفاق الايراني الحمساوي..
فجاة صار الحيه هو الحية..و خالد مشعا سني معتدل..

"الجواب هو انا لا اصدق حماس و لا مسرحياتهم"",Neutral"
"6a6616148145,"".....الهجوم على الإسلام بشكل علني للاسف يتم شنه من قبل التيار المحافظ (اللي يزعم انه معتدل) ومن قبل صحفيين وسياسيين واعضاء كونغرس (ناس زي تشارلي كيرك)"

"حاليا العداء للعرب والمسلمين تم تطبيعه في مصادر يتابعها الملايين من الناس العادية، وهذا شي قد يعرض سلامة المسلمين هناك للخطر"",Neutral"
"6a6616148145,"".....الهجوم على الإسلام بشكل علني للاسف يتم شنه من قبل التيار المحافظ (اللي يزعم انه معتدل) ومن قبل صحفيين وسياسيين واعضاء كونغرس (ناس زي تشارلي كيرك)"

"حاليا العداء للعرب والمسلمين تم تطبيعه في مصادر يتابعها الملايين من الناس العادية، وهذا شي قد يعرض سلامة المسلمين هناك للخطر"",Neutral"
"a29ab3547d90,"".."

"الجواب هو انا لا اصدق حماس و لا مسرحياتهم"",Neutral"
80a619a3279a,حرفيا العلاقات استثمار، الإنسان على قد مايكون معطاء في علاقاته بشكل معتدل وملائم راح يلاقي أن هذي العلاقات تعود عليه بحب مماثل وتقدير ولو بعد وقت طويل. احنا نغذي علاقاتنا اليوم ونكون صالحين مع الآخرين ومع ذلك احنا المستفيد الأكبر في كل شيء نقدمه، واللي يزرع الحُب راح يحصد الحُب.,Neutral
"7a08db4e0a3b,""أحمد الشرع في أكثر من مقابلة قال إنه يرفض فكر القاعدة وداعش، وإنه يسعى لبناء """"إسلام معتدل"""" سوري الطابع."

أضف لذلك أن كثير من التقارير التي وصفته بأنه كان في القاعدة لم تصدر عن جهات رسمية أو قضائية، بل عن وسائل إعلامية أو تقارير استخباراتية غير موثقة.

"وفي السياسة، مثل هذه"",Neutral"
3f65fdf531b1,حقد إعلامي صهيوني علي اي نجاح لتيار إسلامي معتدل,Neutral
92ed0ed57ea6,المواسم كل سنه تتقدم ما لاحظت رمضان كان الجو بارد الى معتدل عكس سنوات كان حر,Neutral
"ae8b02f70412,""حلقة حزينة "

"و حزين اني خلصت الدراما"",Sadness"
02990c57e13a,كان آغسطس حزين جداً وسبتمبر خالي تماماً واكتوبر متعب ماذا عن نوفمپر ؟,Sadness
02990c57e13a,كان آغسطس حزين جداً وسبتمبر خالي تماماً واكتوبر متعب ماذا عن نوفمپر ؟,Sadness
02990c57e13a,كان آغسطس حزين جداً وسبتمبر خالي تماماً واكتوبر متعب ماذا عن نوفمپر ؟,Sadness
82d1d3fdc327,هههههه اي اي مسوي حزين مع وجهه,Sadness
"eff2bd349892,""مافي فيس حزين من وين جبتها هذه ؟ "
"اقول خلك على السفرات  بالسيارة واصرف فلوسك على الفنادق والمطاعم والوقود احسن لك وخل النادي لنا"",Sadness"
4a90226079cf,زعلان حزين متضايق مكتئب تذكر أن تشيلسي بيلعب اليوم,Sadness
"995537e200dc,""أسألُ اللهَ تعالىٰ أن يتعافىٰ كل حزين من حزنِه الذي يكتمه عن الناس ولا يعلمه إلا الله، وأن يجبر كلّ مكسور يتظاهر بقوته لغيره، وأن يُفرّج كُربة كل مكروب يدعو الله سرًا وعلانية .."
"اللهمّ دبّر ما نَجهله ويسّر ما نَأملَه، وقَرّب ما نَرقَبه، وتَولّنا يَا رَبّ فيمَن تَولّيت"",Sadness"
bd0dfa7ff44b,الخاروف توماس مسوي حزين,Sadness
82d1d3fdc327,هههههه اي اي مسوي حزين مع وجهه,Sadness
82d1d3fdc327,هههههه اي اي مسوي حزين مع وجهه,Sadness
02990c57e13a,كان آغسطس حزين جداً وسبتمبر خالي تماماً واكتوبر متعب ماذا عن نوفمپر ؟,Sadness
82d1d3fdc327,هههههه اي اي مسوي حزين مع وجهه,Sadness
"eff2bd349892,""مافي فيس حزين من وين جبتها هذه ؟ "
"اقول خلك على السفرات  بالسيارة واصرف فلوسك على الفنادق والمطاعم والوقود احسن لك وخل النادي لنا"",Sadness"
4a90226079cf,زعلان حزين متضايق مكتئب تذكر أن تشيلسي بيلعب اليوم,Sadness
"995537e200dc,""أسألُ اللهَ تعالىٰ أن يتعافىٰ كل حزين من حزنِه الذي يكتمه عن الناس ولا يعلمه إلا الله، وأن يجبر كلّ مكسور يتظاهر بقوته لغيره، وأن يُفرّج كُربة كل مكروب يدعو الله سرًا وعلانية .."
"اللهمّ دبّر ما نَجهله ويسّر ما نَأملَه، وقَرّب ما نَرقَبه، وتَولّنا يَا رَبّ فيمَن تَولّيت"",Sadness"
bd0dfa7ff44b,الخاروف توماس مسوي حزين,Sadness
"eff2bd349892,""مافي فيس حزين من وين جبتها هذه ؟ "
"اقول خلك على السفرات  بالسيارة واصرف فلوسك على الفنادق والمطاعم والوقود احسن لك وخل النادي لنا"",Sadness"
"eff2bd349892,""مافي فيس حزين من وين جبتها هذه ؟ "
"اقول خلك على السفرات  بالسيارة واصرف فلوسك على الفنادق والمطاعم والوقود احسن لك وخل النادي لنا"",Sadness"
02990c57e13a,كان آغسطس حزين جداً وسبتمبر خالي تماماً واكتوبر متعب ماذا عن نوفمپر ؟,Sadness
82d1d3fdc327,هههههه اي اي مسوي حزين مع وجهه,Sadness
"eff2bd349892,""مافي فيس حزين من وين جبتها هذه ؟ "
"اقول خلك على السفرات  بالسيارة واصرف فلوسك على الفنادق والمطاعم والوقود احسن لك وخل النادي لنا"",Sadness"
4a90226079cf,زعلان حزين متضايق مكتئب تذكر أن تشيلسي بيلعب اليوم,Sadness
"995537e200dc,""أسألُ اللهَ تعالىٰ أن يتعافىٰ كل حزين من حزنِه الذي يكتمه عن الناس ولا يعلمه إلا الله، وأن يجبر كلّ مكسور يتظاهر بقوته لغيره، وأن يُفرّج كُربة كل مكروب يدعو الله سرًا وعلانية .."
"اللهمّ دبّر ما نَجهله ويسّر ما نَأملَه، وقَرّب ما نَرقَبه، وتَولّنا يَا رَبّ فيمَن تَولّيت"",Sadness"
bd0dfa7ff44b,الخاروف توماس مسوي حزين,Sadness
4a90226079cf,زعلان حزين متضايق مكتئب تذكر أن تشيلسي بيلعب اليوم,Sadness
4a90226079cf,زعلان حزين متضايق مكتئب تذكر أن تشيلسي بيلعب اليوم,Sadness
02990c57e13a,كان آغسطس حزين جداً وسبتمبر خالي تماماً واكتوبر متعب ماذا عن نوفمپر ؟,Sadness
82d1d3fdc327,هههههه اي اي مسوي حزين مع وجهه,Sadness
"eff2bd349892,""مافي فيس حزين من وين جبتها هذه ؟ "
"اقول خلك على السفرات  بالسيارة واصرف فلوسك على الفنادق والمطاعم والوقود احسن لك وخل النادي لنا"",Sadness"
4a90226079cf,زعلان حزين متضايق مكتئب تذكر أن تشيلسي بيلعب اليوم,Sadness
"995537e200dc,""أسألُ اللهَ تعالىٰ أن يتعافىٰ كل حزين من حزنِه الذي يكتمه عن الناس ولا يعلمه إلا الله، وأن يجبر كلّ مكسور يتظاهر بقوته لغيره، وأن يُفرّج كُربة كل مكروب يدعو الله سرًا وعلانية .."
"اللهمّ دبّر ما نَجهله ويسّر ما نَأملَه، وقَرّب ما نَرقَبه، وتَولّنا يَا رَبّ فيمَن تَولّيت"",Sadness"
bd0dfa7ff44b,الخاروف توماس مسوي حزين,Sadness
"995537e200dc,""أسألُ اللهَ تعالىٰ أن يتعافىٰ كل حزين من حزنِه الذي يكتمه عن الناس ولا يعلمه إلا الله، وأن يجبر كلّ مكسور يتظاهر بقوته لغيره، وأن يُفرّج كُربة كل مكروب يدعو الله سرًا وعلانية .."
"اللهمّ دبّر ما نَجهله ويسّر ما نَأملَه، وقَرّب ما نَرقَبه، وتَولّنا يَا رَبّ فيمَن تَولّيت"",Sadness"
"995537e200dc,""أسألُ اللهَ تعالىٰ أن يتعافىٰ كل حزين من حزنِه الذي يكتمه عن الناس ولا يعلمه إلا الله، وأن يجبر كلّ مكسور يتظاهر بقوته لغيره، وأن يُفرّج كُربة كل مكروب يدعو الله سرًا وعلانية .."
"اللهمّ دبّر ما نَجهله ويسّر ما نَأملَه، وقَرّب ما نَرقَبه، وتَولّنا يَا رَبّ فيمَن تَولّيت"",Sadness"
02990c57e13a,كان آغسطس حزين جداً وسبتمبر خالي تماماً واكتوبر متعب ماذا عن نوفمپر ؟,Sadness
82d1d3fdc327,هههههه اي اي مسوي حزين مع وجهه,Sadness
"eff2bd349892,""مافي فيس حزين من وين جبتها هذه ؟ "
"اقول خلك على السفرات  بالسيارة واصرف فلوسك على الفنادق والمطاعم والوقود احسن لك وخل النادي لنا"",Sadness"
4a90226079cf,زعلان حزين متضايق مكتئب تذكر أن تشيلسي بيلعب اليوم,Sadness
"995537e200dc,""أسألُ اللهَ تعالىٰ أن يتعافىٰ كل حزين من حزنِه الذي يكتمه عن الناس ولا يعلمه إلا الله، وأن يجبر كلّ مكسور يتظاهر بقوته لغيره، وأن يُفرّج كُربة كل مكروب يدعو الله سرًا وعلانية .."
"اللهمّ دبّر ما نَجهله ويسّر ما نَأملَه، وقَرّب ما نَرقَبه، وتَولّنا يَا رَبّ فيمَن تَولّيت"",Sadness"
bd0dfa7ff44b,الخاروف توماس مسوي حزين,Sadness
bd0dfa7ff44b,الخاروف توماس مسوي حزين,Sadness
bd0dfa7ff44b,الخاروف توماس مسوي حزين,Sadness
02990c57e13a,كان آغسطس حزين جداً وسبتمبر خالي تماماً واكتوبر متعب ماذا عن نوفمپر ؟,Sadness
82d1d3fdc327,هههههه اي اي مسوي حزين مع وجهه,Sadness
"eff2bd349892,""مافي فيس حزين من وين جبتها هذه ؟ "
"اقول خلك على السفرات  بالسيارة واصرف فلوسك على الفنادق والمطاعم والوقود احسن لك وخل النادي لنا"",Sadness"
4a90226079cf,زعلان حزين متضايق مكتئب تذكر أن تشيلسي بيلعب اليوم,Sadness
"995537e200dc,""أسألُ اللهَ تعالىٰ أن يتعافىٰ كل حزين من حزنِه الذي يكتمه عن الناس ولا يعلمه إلا الله، وأن يجبر كلّ مكسور يتظاهر بقوته لغيره، وأن يُفرّج كُربة كل مكروب يدعو الله سرًا وعلانية .."
"اللهمّ دبّر ما نَجهله ويسّر ما نَأملَه، وقَرّب ما نَرقَبه، وتَولّنا يَا رَبّ فيمَن تَولّيت"",Sadness"
bd0dfa7ff44b,الخاروف توماس مسوي حزين,Sadness
13cf28e0a4c0,انطباق حزينمابادر و لا رجعنا هذا الشهر,Sadness
13cf28e0a4c0,انطباق حزينمابادر و لا رجعنا هذا الشهر,Sadness
82d1d3fdc327,هههههه اي اي مسوي حزين مع وجهه,Sadness
"eff2bd349892,""مافي فيس حزين من وين جبتها هذه ؟ "
"اقول خلك على السفرات  بالسيارة واصرف فلوسك على الفنادق والمطاعم والوقود احسن لك وخل النادي لنا"",Sadness"
4a90226079cf,زعلان حزين متضايق مكتئب تذكر أن تشيلسي بيلعب اليوم,Sadness
"995537e200dc,""أسألُ اللهَ تعالىٰ أن يتعافىٰ كل حزين من حزنِه الذي يكتمه عن الناس ولا يعلمه إلا الله، وأن يجبر كلّ مكسور يتظاهر بقوته لغيره، وأن يُفرّج كُربة كل مكروب يدعو الله سرًا وعلانية .."
"اللهمّ دبّر ما نَجهله ويسّر ما نَأملَه، وقَرّب ما نَرقَبه، وتَولّنا يَا رَبّ فيمَن تَولّيت"",Sadness"
bd0dfa7ff44b,الخاروف توماس مسوي حزين,Sadness
"1b2e5f32b122,""""""صح قلبي حزين وصح نفسي حزينه"
"بس وصلك غنيمه مستحيل أعتزلها"""""",Sadness"
"1b2e5f32b122,""""""صح قلبي حزين وصح نفسي حزينه"
"بس وصلك غنيمه مستحيل أعتزلها"""""",Sadness"
"eff2bd349892,""مافي فيس حزين من وين جبتها هذه ؟ "
"اقول خلك على السفرات  بالسيارة واصرف فلوسك على الفنادق والمطاعم والوقود احسن لك وخل النادي لنا"",Sadness"
4a90226079cf,زعلان حزين متضايق مكتئب تذكر أن تشيلسي بيلعب اليوم,Sadness
"995537e200dc,""أسألُ اللهَ تعالىٰ أن يتعافىٰ كل حزين من حزنِه الذي يكتمه عن الناس ولا يعلمه إلا الله، وأن يجبر كلّ مكسور يتظاهر بقوته لغيره، وأن يُفرّج كُربة كل مكروب يدعو الله سرًا وعلانية .."
"اللهمّ دبّر ما نَجهله ويسّر ما نَأملَه، وقَرّب ما نَرقَبه، وتَولّنا يَا رَبّ فيمَن تَولّيت"",Sadness"
bd0dfa7ff44b,الخاروف توماس مسوي حزين,Sadness
"9d163489ecfd,""1/نوفمبر 2025"
اللهم اجعل شهرنا الجديد فرجا من كل ضيق ... وقضاء لكل حاجة ... وإجابة لكل سؤال ... وشفاء لكل مريض ... وفرحة لكل حزين ... ورضا وحسن ظن بالله .
  
اللهم اجعل هذا الشهر فاتحة خير لنا ، و بداية أجمل الأقدار ، و حقق لنا ما نتمنى
"اللهم مع بداية شهر جديد اجعله خير وتفريجا"",Sadness"
"9d163489ecfd,""1/نوفمبر 2025"
اللهم اجعل شهرنا الجديد فرجا من كل ضيق ... وقضاء لكل حاجة ... وإجابة لكل سؤال ... وشفاء لكل مريض ... وفرحة لكل حزين ... ورضا وحسن ظن بالله .
  
اللهم اجعل هذا الشهر فاتحة خير لنا ، و بداية أجمل الأقدار ، و حقق لنا ما نتمنى
"اللهم مع بداية شهر جديد اجعله خير وتفريجا"",Sadness"
4a90226079cf,زعلان حزين متضايق مكتئب تذكر أن تشيلسي بيلعب اليوم,Sadness
"995537e200dc,""أسألُ اللهَ تعالىٰ أن يتعافىٰ كل حزين من حزنِه الذي يكتمه عن الناس ولا يعلمه إلا الله، وأن يجبر كلّ مكسور يتظاهر بقوته لغيره، وأن يُفرّج كُربة كل مكروب يدعو الله سرًا وعلانية .."
"اللهمّ دبّر ما نَجهله ويسّر ما نَأملَه، وقَرّب ما نَرقَبه، وتَولّنا يَا رَبّ فيمَن تَولّيت"",Sadness"
bd0dfa7ff44b,الخاروف توماس مسوي حزين,Sadness
"c2676f1ac057,""الإنسان يمر بمراحل عديده ومنها مرحله البرود التام يكون فيها لا هو حزين ولا هو سعيد في المنتصف تصير متبلد احساس لا عاد يهمك شي.."
ويقول الشاعر في هالمرحله :

عادي ولو كل الوجيه افتقدها
 احساسي البارد ذبحني وانا حي

انا وصلت لمرحلة ما بعدها 
"لا تشدني حاجه .. ولا يهمني شي"",Sadness"
"c2676f1ac057,""الإنسان يمر بمراحل عديده ومنها مرحله البرود التام يكون فيها لا هو حزين ولا هو سعيد في المنتصف تصير متبلد احساس لا عاد يهمك شي.."
ويقول الشاعر في هالمرحله :

عادي ولو كل الوجيه افتقدها
 احساسي البارد ذبحني وانا حي

انا وصلت لمرحلة ما بعدها 
"لا تشدني حاجه .. ولا يهمني شي"",Sadness"
bd0dfa7ff44b,الخاروف توماس مسوي حزين,Sadness
13cf28e0a4c0,انطباق حزينمابادر و لا رجعنا هذا الشهر,Sadness
"99b380daf8a3,""الحمد لله عمري ما كنت حزين.."
"بس في شي صاير معاي لو نعرف صاحبي مش راح نسامحه"",Sadness"
"99b380daf8a3,""الحمد لله عمري ما كنت حزين.."
"بس في شي صاير معاي لو نعرف صاحبي مش راح نسامحه"",Sadness"
13cf28e0a4c0,انطباق حزينمابادر و لا رجعنا هذا الشهر,Sadness
"997331780786,""١ نوفمبر "

"كان اغسطس حزين وسبتمبر مُتعب واكتوبر تعيس فماذا عن نوفمبر !"",Sadness"
"997331780786,""١ نوفمبر "

"كان اغسطس حزين وسبتمبر مُتعب واكتوبر تعيس فماذا عن نوفمبر !"",Sadness"
"3bf68fd2589d,""السلام عليكم ورحمة الله وبركاته"
الحياة رواية جميلة
عليك قراءتها حتى النهاية
لا تتوقف أبداً عند سطر حزين قد تكون النهاية جميلة؟ ..
 سعادة الأخرين لن تجيب ضرر 
 وغناهم لن يقلل زرقك.. 
 عش نقياً وتمنىٰ للناس ما تتمناه لنفسك
"أسعد الله أيامكم بكل خير"",Sadness"
"8cb41a1195d5,""السلام عليكم ورحمة الله وبركاته"
الحياة رواية جميلة
عليك قراءتها حتى النهاية
لا تتوقف أبداً عند سطر حزين قد تكون النهاية جميلة؟ ..
 سعادة الأخرين لن تجيب ضرر 
 وغناهم لن يقلل زرقك.. 
 عش نقياً وتمنىٰ للناس ما تتمناه لنفسك
أسعد الله أيامكم بكل خير 
"pic.x.com/CTNUlUzVaZ"",Sadness"
b95d59724e07,هههههههههههههههههههههههه مب حزينة قصدي اني حزين لانها لعبة ممتعة تمنيت اني اطول فيها,Sadness
b95d59724e07,هههههههههههههههههههههههه مب حزينة قصدي اني حزين لانها لعبة ممتعة تمنيت اني اطول فيها,Sadness
"8cc85583cbeb,""#جمر_الوداع "

#إلى_مـتى 
إلى مـتى يـا حُـزنُ القـلم والدموعُ تُـذرف …؟
إلى مـتى يـا صمـت الوجـع والحنينُ ينـزف …؟
إلى مـتى يـا صـرحـاً وشوقـاً بـ الجـراحِ يُـزفّ …؟

… آواه

"#ظمـآي_أنتِ"",Sadness"
b8fa8a99771a,اللهم إني أستودعتك أمي أم أحمد وراحتها فأجعلها أسعد خلقك اللهم أدم عليها نعمة الصحة والعافية واملأ قلبها سعادة وطمأنينة اللهم إني أحبها فيك، فاجعلها من أحبابك وارضَ عنها وبارك لها في عمرها ورزقها وأيامها اللهم أبعد عنها كل حزن وهم، وقرب إليها الخير كله عاجله وآجله يارب,Sadness
b8fa8a99771a,اللهم إني أستودعتك أمي أم أحمد وراحتها فأجعلها أسعد خلقك اللهم أدم عليها نعمة الصحة والعافية واملأ قلبها سعادة وطمأنينة اللهم إني أحبها فيك، فاجعلها من أحبابك وارضَ عنها وبارك لها في عمرها ورزقها وأيامها اللهم أبعد عنها كل حزن وهم، وقرب إليها الخير كله عاجله وآجله يارب,Sadness
b8fa8a99771a,اللهم إني أستودعتك أمي أم أحمد وراحتها فأجعلها أسعد خلقك اللهم أدم عليها نعمة الصحة والعافية واملأ قلبها سعادة وطمأنينة اللهم إني أحبها فيك، فاجعلها من أحبابك وارضَ عنها وبارك لها في عمرها ورزقها وأيامها اللهم أبعد عنها كل حزن وهم، وقرب إليها الخير كله عاجله وآجله يارب,Sadness
b0a26275c3d7,قلتلو شايف لمعة حزن بعيونك؟,Sadness
b0a26275c3d7,قلتلو شايف لمعة حزن بعيونك؟,Sadness
b8fa8a99771a,اللهم إني أستودعتك أمي أم أحمد وراحتها فأجعلها أسعد خلقك اللهم أدم عليها نعمة الصحة والعافية واملأ قلبها سعادة وطمأنينة اللهم إني أحبها فيك، فاجعلها من أحبابك وارضَ عنها وبارك لها في عمرها ورزقها وأيامها اللهم أبعد عنها كل حزن وهم، وقرب إليها الخير كله عاجله وآجله يارب,Sadness
"bb923daee68d,""وأسيرُ وحدي والحياةُ كأنها"
"نغماتُ حزنٍ صامتٍ بفؤادي."",Sadness"
"bb923daee68d,""وأسيرُ وحدي والحياةُ كأنها"
"نغماتُ حزنٍ صامتٍ بفؤادي."",Sadness"
b8fa8a99771a,اللهم إني أستودعتك أمي أم أحمد وراحتها فأجعلها أسعد خلقك اللهم أدم عليها نعمة الصحة والعافية واملأ قلبها سعادة وطمأنينة اللهم إني أحبها فيك، فاجعلها من أحبابك وارضَ عنها وبارك لها في عمرها ورزقها وأيامها اللهم أبعد عنها كل حزن وهم، وقرب إليها الخير كله عاجله وآجله يارب,Sadness
"cc847c2e737d,""مقدرة التيك توك على تقلب حالاتك المزاجية بمقطع يستحوذ موسيقى حزينة وكم بيت قصيد فيه تكسير مجاديف يجدد حزن سابق وذكرى حزينة أو مقطع يغير قرارك ونظرتك عن موضوع معين ويجيب لك كم هائل من الوساوس"
"مقدره مرعبة على العموم"",Sadness"
"cc847c2e737d,""مقدرة التيك توك على تقلب حالاتك المزاجية بمقطع يستحوذ موسيقى حزينة وكم بيت قصيد فيه تكسير مجاديف يجدد حزن سابق وذكرى حزينة أو مقطع يغير قرارك ونظرتك عن موضوع معين ويجيب لك كم هائل من الوساوس"
"مقدره مرعبة على العموم"",Sadness"
b8fa8a99771a,اللهم إني أستودعتك أمي أم أحمد وراحتها فأجعلها أسعد خلقك اللهم أدم عليها نعمة الصحة والعافية واملأ قلبها سعادة وطمأنينة اللهم إني أحبها فيك، فاجعلها من أحبابك وارضَ عنها وبارك لها في عمرها ورزقها وأيامها اللهم أبعد عنها كل حزن وهم، وقرب إليها الخير كله عاجله وآجله يارب,Sadness
4a6c11289c2c,والله حُزن الصديق جددداً مُعدي,Sadness
4a6c11289c2c,والله حُزن الصديق جددداً مُعدي,Sadness
b8fa8a99771a,اللهم إني أستودعتك أمي أم أحمد وراحتها فأجعلها أسعد خلقك اللهم أدم عليها نعمة الصحة والعافية واملأ قلبها سعادة وطمأنينة اللهم إني أحبها فيك، فاجعلها من أحبابك وارضَ عنها وبارك لها في عمرها ورزقها وأيامها اللهم أبعد عنها كل حزن وهم، وقرب إليها الخير كله عاجله وآجله يارب,Sadness
c38a29dbba8f,مافي حال يدوم لا حزن ولا سعادة ف الحمدلله على كل حال,Sadness
c38a29dbba8f,مافي حال يدوم لا حزن ولا سعادة ف الحمدلله على كل حال,Sadness
b0a26275c3d7,قلتلو شايف لمعة حزن بعيونك؟,Sadness
2a142bf8c120,في نبرة حزن بعيونك,Sadness
2a142bf8c120,في نبرة حزن بعيونك,Sadness
"bb923daee68d,""وأسيرُ وحدي والحياةُ كأنها"
"نغماتُ حزنٍ صامتٍ بفؤادي."",Sadness"
"c03611058cfe,"""""" مَن عرف الله أحبَّه ولا بُدَّ، "

ومَن أحبَّه انقشعت عنه سحائب الظُّلمات ، 
"وانكشفت عن قلبه الهموم والغموم والأحزان ، وعمَر قلبه بالسُّرور والأفراح ، وأقبلت إليه وفود التَّهاني والبشائر مِن كلِّ جانبٍ؛ فإنَّه لا حزن مع الله أبدًا """""",Sadness"
"c03611058cfe,"""""" مَن عرف الله أحبَّه ولا بُدَّ، "

ومَن أحبَّه انقشعت عنه سحائب الظُّلمات ، 
"وانكشفت عن قلبه الهموم والغموم والأحزان ، وعمَر قلبه بالسُّرور والأفراح ، وأقبلت إليه وفود التَّهاني والبشائر مِن كلِّ جانبٍ؛ فإنَّه لا حزن مع الله أبدًا """""",Sadness"
"cc847c2e737d,""مقدرة التيك توك على تقلب حالاتك المزاجية بمقطع يستحوذ موسيقى حزينة وكم بيت قصيد فيه تكسير مجاديف يجدد حزن سابق وذكرى حزينة أو مقطع يغير قرارك ونظرتك عن موضوع معين ويجيب لك كم هائل من الوساوس"
"مقدره مرعبة على العموم"",Sadness"
"7d85045eae3b,""١ نوفمبر ٢٠٢٥ "
شهر جديد لانعلم مايُخفيه لكننا نعرف من يُدبره، ونثق به، فاللهم اجعله نهاية كل حزن، وبداية كل عوض لقلوبنا، أجعله بداية فرحةً طال انتظارها، اجعل فيه الشفاء من المرض، والسعادة بعد الحزن، واليسر بعد العسر، يا أرحم
"الراحمين."""""",Sadness"
"017c48d49d29,""١ نوفمبر ٢٠٢٥ "
شهر جديد لانعلم مايُخفيه لكننا نعرف من يُدبره، ونثق به، فاللهم اجعله نهاية كل حزن، وبداية كل عوض لقلوبنا، أجعله بداية فرحةً طال انتظارها، اجعل فيه الشفاء من المرض، والسعادة بعد الحزن، واليسر بعد العسر، يا أرحم
"الراحمين."""" "
"pic.x.com/GafKW0n8Tf"",Sadness"
37b1ba51be8e,للمضي قدما عندما أجد طريقي نحو السلام #فضفضه_مشاعر #خواطر_وأقلام_تُعبر #فضفضه #بوح_الخاطر #حبيت_اقول #مجرد_بوح #عبارات #ترند #خواطر #ذوق #اكتب_مافي_خاطرك #كلمة_ولو_جبر_خاطر #اقتباسات #بوح_المشاعر #بوح_آخر_الليل #حزن #شعر #حب #غزل #كتابات #كلام_من_القلب,Sadness
37b1ba51be8e,للمضي قدما عندما أجد طريقي نحو السلام #فضفضه_مشاعر #خواطر_وأقلام_تُعبر #فضفضه #بوح_الخاطر #حبيت_اقول #مجرد_بوح #عبارات #ترند #خواطر #ذوق #اكتب_مافي_خاطرك #كلمة_ولو_جبر_خاطر #اقتباسات #بوح_المشاعر #بوح_آخر_الليل #حزن #شعر #حب #غزل #كتابات #كلام_من_القلب,Sadness
"31f2dc61acbd,""لا أدري ، رُبما النعيم الحسي (الجنس والخمر) مغري للرجال أكثر ."
أما أنا فأتوق إلى الأمان والسلام واجتماع الأحبة والألفة وانعدام البغضاء والشحناء، أتوق إلى عالمٍ لا سلطة فيه لبشر على بشر
"ولا خوف فيه من أحد ، ولا ظلم ولا قهر ولا غبن ولا حزن ولا فراق ، عالم يطمئن فيه القلب ويرتاح ."",Sadness"
"31f2dc61acbd,""لا أدري ، رُبما النعيم الحسي (الجنس والخمر) مغري للرجال أكثر ."
أما أنا فأتوق إلى الأمان والسلام واجتماع الأحبة والألفة وانعدام البغضاء والشحناء، أتوق إلى عالمٍ لا سلطة فيه لبشر على بشر
"ولا خوف فيه من أحد ، ولا ظلم ولا قهر ولا غبن ولا حزن ولا فراق ، عالم يطمئن فيه القلب ويرتاح ."",Sadness"
"c881f9236af5,""وجع الفقد ما بينتهي، بس بيتغيّر شكله."
كيف نقدر نعيش بعد الغياب؟
احضروا الفيديو، يمكن تلاقوا فيه وجعكم… وشفاءكم. 
youtu.be/qrtNqIwf6WA?si
…

#دة_عصمت_حوسو #استشارات_اجتماعية_نفسية 
"#الفقد #وجع_الفقد #وجع_القلب #الغياب #حزن #تجاوز_الألم #وعي_نفسي #رحلة_التعافي"",Sadness"
"c881f9236af5,""وجع الفقد ما بينتهي، بس بيتغيّر شكله."
كيف نقدر نعيش بعد الغياب؟
احضروا الفيديو، يمكن تلاقوا فيه وجعكم… وشفاءكم. 
youtu.be/qrtNqIwf6WA?si
…

#دة_عصمت_حوسو #استشارات_اجتماعية_نفسية 
"#الفقد #وجع_الفقد #وجع_القلب #الغياب #حزن #تجاوز_الألم #وعي_نفسي #رحلة_التعافي"",Sadness"
e511c310f7ae,لما تكون رايح الشغل وإنت مخنوق بس تفتكر إن آكتر حاجة بتضحك في آثاث البيت هي الكوميدينو,Sadness
7a202c664fae,احس مخنوق من الزنقه,Sadness
7a202c664fae,احس مخنوق من الزنقه,Sadness
7a202c664fae,احس مخنوق من الزنقه,Sadness
d341b5f76aaf,يعلم الله أني حاولت أن أكون مثلكم ، أيها الغارقون في القطيع ، وها أنا يائس ، يائس ومشوه بالكامل ، مخنوق ، وكأنما أحدهم حشر السماوات في حلقي,Sadness
"62d75a7d4e26,""متضايق والصوت من الدمع مخنوق"
"م اعرف اعبر بس والللللله اعاني"",Sadness"
2525736738a2,بقالي يومين بصحي مخنوق من النوم بسبب موضوع كدا خانقني لكن مجرد ما بقعد شويه بهدي و الوضع بيكون تحت السيطره بس انا مش عارف ايه ده,Sadness
d341b5f76aaf,يعلم الله أني حاولت أن أكون مثلكم ، أيها الغارقون في القطيع ، وها أنا يائس ، يائس ومشوه بالكامل ، مخنوق ، وكأنما أحدهم حشر السماوات في حلقي,Sadness
d341b5f76aaf,يعلم الله أني حاولت أن أكون مثلكم ، أيها الغارقون في القطيع ، وها أنا يائس ، يائس ومشوه بالكامل ، مخنوق ، وكأنما أحدهم حشر السماوات في حلقي,Sadness
7a202c664fae,احس مخنوق من الزنقه,Sadness
d341b5f76aaf,يعلم الله أني حاولت أن أكون مثلكم ، أيها الغارقون في القطيع ، وها أنا يائس ، يائس ومشوه بالكامل ، مخنوق ، وكأنما أحدهم حشر السماوات في حلقي,Sadness
"62d75a7d4e26,""متضايق والصوت من الدمع مخنوق"
"م اعرف اعبر بس والللللله اعاني"",Sadness"
2525736738a2,بقالي يومين بصحي مخنوق من النوم بسبب موضوع كدا خانقني لكن مجرد ما بقعد شويه بهدي و الوضع بيكون تحت السيطره بس انا مش عارف ايه ده,Sadness
"62d75a7d4e26,""متضايق والصوت من الدمع مخنوق"
"م اعرف اعبر بس والللللله اعاني"",Sadness"
"62d75a7d4e26,""متضايق والصوت من الدمع مخنوق"
"م اعرف اعبر بس والللللله اعاني"",Sadness"
7a202c664fae,احس مخنوق من الزنقه,Sadness
d341b5f76aaf,يعلم الله أني حاولت أن أكون مثلكم ، أيها الغارقون في القطيع ، وها أنا يائس ، يائس ومشوه بالكامل ، مخنوق ، وكأنما أحدهم حشر السماوات في حلقي,Sadness
"62d75a7d4e26,""متضايق والصوت من الدمع مخنوق"
"م اعرف اعبر بس والللللله اعاني"",Sadness"
2525736738a2,بقالي يومين بصحي مخنوق من النوم بسبب موضوع كدا خانقني لكن مجرد ما بقعد شويه بهدي و الوضع بيكون تحت السيطره بس انا مش عارف ايه ده,Sadness
2525736738a2,بقالي يومين بصحي مخنوق من النوم بسبب موضوع كدا خانقني لكن مجرد ما بقعد شويه بهدي و الوضع بيكون تحت السيطره بس انا مش عارف ايه ده,Sadness
2525736738a2,بقالي يومين بصحي مخنوق من النوم بسبب موضوع كدا خانقني لكن مجرد ما بقعد شويه بهدي و الوضع بيكون تحت السيطره بس انا مش عارف ايه ده,Sadness
7a202c664fae,احس مخنوق من الزنقه,Sadness
d341b5f76aaf,يعلم الله أني حاولت أن أكون مثلكم ، أيها الغارقون في القطيع ، وها أنا يائس ، يائس ومشوه بالكامل ، مخنوق ، وكأنما أحدهم حشر السماوات في حلقي,Sadness
"62d75a7d4e26,""متضايق والصوت من الدمع مخنوق"
"م اعرف اعبر بس والللللله اعاني"",Sadness"
2525736738a2,بقالي يومين بصحي مخنوق من النوم بسبب موضوع كدا خانقني لكن مجرد ما بقعد شويه بهدي و الوضع بيكون تحت السيطره بس انا مش عارف ايه ده,Sadness
"60fb5971ad56,""انا السحاب اللي به رعود وبروق"
تعطي وعطاياها عليهم جزيله
انا لحبيبي حب واحساس وذوق
وانا لعدوي كالسيوف السليلة
لو كان بي جرح من سنين مفتوق
اصبر ولاني بالالم اشتكي به
اضحك ولو صدري من الهم مخنوق
"باسي قوي ودمعتي مستحيله"",Sadness"
"60fb5971ad56,""انا السحاب اللي به رعود وبروق"
تعطي وعطاياها عليهم جزيله
انا لحبيبي حب واحساس وذوق
وانا لعدوي كالسيوف السليلة
لو كان بي جرح من سنين مفتوق
اصبر ولاني بالالم اشتكي به
اضحك ولو صدري من الهم مخنوق
"باسي قوي ودمعتي مستحيله"",Sadness"
7a202c664fae,احس مخنوق من الزنقه,Sadness
d341b5f76aaf,يعلم الله أني حاولت أن أكون مثلكم ، أيها الغارقون في القطيع ، وها أنا يائس ، يائس ومشوه بالكامل ، مخنوق ، وكأنما أحدهم حشر السماوات في حلقي,Sadness
"62d75a7d4e26,""متضايق والصوت من الدمع مخنوق"
"م اعرف اعبر بس والللللله اعاني"",Sadness"
2525736738a2,بقالي يومين بصحي مخنوق من النوم بسبب موضوع كدا خانقني لكن مجرد ما بقعد شويه بهدي و الوضع بيكون تحت السيطره بس انا مش عارف ايه ده,Sadness
e061237263a6,مخنوق بطيزي ماعنده حتى جراة يرد قدام متابعينه,Sadness
e061237263a6,مخنوق بطيزي ماعنده حتى جراة يرد قدام متابعينه,Sadness
7a202c664fae,احس مخنوق من الزنقه,Sadness
d341b5f76aaf,يعلم الله أني حاولت أن أكون مثلكم ، أيها الغارقون في القطيع ، وها أنا يائس ، يائس ومشوه بالكامل ، مخنوق ، وكأنما أحدهم حشر السماوات في حلقي,Sadness
"62d75a7d4e26,""متضايق والصوت من الدمع مخنوق"
"م اعرف اعبر بس والللللله اعاني"",Sadness"
2525736738a2,بقالي يومين بصحي مخنوق من النوم بسبب موضوع كدا خانقني لكن مجرد ما بقعد شويه بهدي و الوضع بيكون تحت السيطره بس انا مش عارف ايه ده,Sadness
05f4b3e4b1af,إلا قبل في نونيز وقبل في المواليد التركي قبل في حارس ماندري وينه الحارس المواليد والا أبقى على البزر كايو هذا مدرب جاي ياخذ العقد فقط مدرب زبال سالم مختفي ومالكوم مختفي نيفيز مخنوق جداً جداً لو ينصاب بتطلع فضايح اشو ان كانسيلو انصاب كان الان الهلال في آخر الترتيب,Sadness
05f4b3e4b1af,إلا قبل في نونيز وقبل في المواليد التركي قبل في حارس ماندري وينه الحارس المواليد والا أبقى على البزر كايو هذا مدرب جاي ياخذ العقد فقط مدرب زبال سالم مختفي ومالكوم مختفي نيفيز مخنوق جداً جداً لو ينصاب بتطلع فضايح اشو ان كانسيلو انصاب كان الان الهلال في آخر الترتيب,Sadness
"62d75a7d4e26,""متضايق والصوت من الدمع مخنوق"
"م اعرف اعبر بس والللللله اعاني"",Sadness"
2525736738a2,بقالي يومين بصحي مخنوق من النوم بسبب موضوع كدا خانقني لكن مجرد ما بقعد شويه بهدي و الوضع بيكون تحت السيطره بس انا مش عارف ايه ده,Sadness
8f003f7afc7c,والله حاشر حاله او بغني بزميره مخنوق ابصر كيف يعني من بطنه جد,Sadness
8f003f7afc7c,والله حاشر حاله او بغني بزميره مخنوق ابصر كيف يعني من بطنه جد,Sadness
2525736738a2,بقالي يومين بصحي مخنوق من النوم بسبب موضوع كدا خانقني لكن مجرد ما بقعد شويه بهدي و الوضع بيكون تحت السيطره بس انا مش عارف ايه ده,Sadness
5d326bc51044,هالفترة ضيقة جدًا جدًا علينا ومسكره من كل جهه وين ما وديت وجهك تسكر وتقفل و الأمور من سيء الى اسوأ  بتعرف شعور أنه ما في أمل تتحسن الأمور وكله رح يخرب ويتتداعى و مو قادر تشوف بصيص أمل بحياتك أنه رح تتحسن أو تتبدل كأنه كل شيء حولك عم يحكيلك رح تضل مخنوق وتعاني وما في أمر رح يريحك,Sadness
"60fb5971ad56,""انا السحاب اللي به رعود وبروق"
تعطي وعطاياها عليهم جزيله
انا لحبيبي حب واحساس وذوق
وانا لعدوي كالسيوف السليلة
لو كان بي جرح من سنين مفتوق
اصبر ولاني بالالم اشتكي به
اضحك ولو صدري من الهم مخنوق
"باسي قوي ودمعتي مستحيله"",Sadness"
14886bef89680677,ميته قهر ههههههههههه تعور القلب فاقعه مرارتها هيا,Sadness
"ad8db486db7b6dbf,""هاذي اخرت انك ماتحافظ ع لاعبينك ١٠٠ مليون ليه مادفعتها للجوير وهو افضل لاعب "
صفية دكتك من نجوم منتخب بكل دم بارد وذحين ندخل ع عاهات ب١٠٠ مليون 

"قهر"",Sadness"
d9e37888935e9edb,قسم بالله قهر قهر,Sadness
b1ed337ad5ca7d8c,واخذ كرت والله قهر,Sadness
003b52a3b076be9d,قهر والله مباريات ٢ ونص كانت تاخذ طفش,Sadness
ae033bff3e243b79,اي نعم قهرهم قهر لدرجة انه ممدد زي الكلب,Sadness
"7eb059731dce7275,""#الدكتور_فهيد_العجمي"
ست سنوات انخى فايز المالكي
والله قهر ماشفت حالتي
اكيد ماني معروف
 انا سعودي وافتخر اني سعودي خدمت للوطن ٢٣سنه
ولدي مريض١٣سنه
الدوله ماقصرت حولوه الى أحسن مستشفى
قطعت مراجعاته سنتين ونص بسبب الديون
علي دين ٢٠٠الف موقفه خدماتي٩٠الف
عندي فواتير
"يارب عجل بالفرج"",Sadness"
602ff92163aa8e25,:) تا ابد قهر,Sadness
fcfc2f20f4e1ecb4,قهر ليت في ارض الخفافيش,Sadness
"8113a5b9103ca052,""هذه ليس دموع جوع ولكن هذه  دموع قهر وخذلان وتواطؤ وخيانه هذه الدموع الغاليه والذي نفسي بيده سوف تدفع هذه الامه الثمن باهظ بسبب سكوتها السودان وغزه يحتاجون الى التحرك على الارض  تحركوا اطفالنا تموت من جوع تحركوا ضد (شيطان العرب) ضد كل من تسبب في هذه الكارثه"
"#الفاشر_تموت_جوعاً"",Sadness"
"ffd1e0ac58af996a,""#شيطان_العرب أو #محمد_بن_زايد "
اللهم اني اسألك باني اشهد انك انت الله الذي لا إله إلا أنت الأحد الصمد الذي لم يلد ولم يولد ولم يكن له كفوا أحد 
ان تذيق محمد بن زايد ما ذاقته هذه المرأة 
وان تقهره وتذله كما قهر وذل بماله المسلمين 
"#المتحف_المصري_الكبير"",Sadness"
"e9699ef1ff825437,""الله يديك البركة ما تقتلني "

ليست مجرد عبارة عابره تسمعها وتنتهي والله قهر وشعور والم مختنق ومتجدد في نفوس من بقى فيهم ضمير حي 

"اللهم ارفع عن الشعب السوداني الطيب والحبيب مع الكل كل شر ومكروه"",Sadness"
"e76f44484aa8e19d,""حالياً شعور عبادي الجوهر يوم قال:"
مشيت من غير ما أوجعك أو أرد لك
 نفس الألم، وبقيت أحبك وأكرهك،
"نصفي رضا ونصفي قهر"",Sadness"
72558c5aca4bc075,قهر قهر قهر يقول تاي هو الي رفض يغنيها عشانها قديمه تمزحح؟؟؟؟,Sadness
c4226ae672b0a274,قهر كان عاجبني انه الاربعاء مره,Sadness
28f52c2417617b3d,قهر الرجال بعينه لجميع الانديه النصراويين في مساحه مستانسين واحد منهم يقول اثق في شخصيه الحكم,Sadness
5be1a77c8da9b1a3,قهر والله,Sadness
7c1dc139c27c7ab0,قهر طورت هذا . بس والله اسطوري,Sadness
"11393547c53c70ea,""موتوا قهر"
#بوخالد
#محمد_بن_زايد 
"#حسان_العبيدلي"",Sadness"
"292a6884fda103ae,""قهر عندي حساسية منه "
"الله يهنيكم و جعله بالعافية"",Sadness"
"b8c7c3a289d73818,""والله قهر جبت ماتيتا زي القطيع و كل من هب و دب "

"اخخخ ليتني صبرت و جبت سيسكو"",Sadness"
c075a4eeedde2672,قهر ماعندي لك فضايح,Sadness
54942ad9ae10be8b,موت قهر ياقوطي والله محد درى عنك,Sadness
"2aa4aa8534399cd5,""صحيح ما تقوله"
الناس حره بقناعاتها ولا يمكن اعادة انتاج اشخاص علي حساب قهر هؤلاء الناس 
"الافضل له ان يبتعد عن الظهور ويتفرغ للعلم"",Sadness"
8054b56a98ce3874,الدوري كله فاقد الرائد 6 نقاط راحت قهر,Sadness
4023eed2468b3307,متى خلصت ؟!! قهر النصر راح يجي تبوك وما احضر له,Sadness
"da85b113f7bdd671,""ما قلت أصبحنا وأصبح الملك لله اليوم"
"قهر بس يلا أمسينا وأمسى الملك لله"",Sadness"
5345004b22cded62,موت قهر ياقوطي,Sadness
"c483cccc707d928b,""ما الوم بعض الدول يوم تخلي موظفيها يصفقون السياح"
"يعني زي ذي قهر والله تروح بدون كم كف يشوه وجهها"",Sadness"
13cd1c77dfca255f,قهر مقدر أتابعها,Sadness
415ac09eb243b465,أتمنى لك النجاح في قهر أحلامك. النجاح هو بالتأكيد في متناول يديك. Seth Canonico,Sadness
59e042820747dac5,جربت الشعور كان جدا سيى اشبه بمرض السرطان الي يأكل جلدك كنت احسني اني اتآكل وانا حيه خاصة كنت وقتها اعاني من مشاكل صحيه كنت ابكي قهر وكأني مسجونه,Sadness
"1bdbfb3a9d861165,""وفي قوة قهر الهوى لذة تزيد على كل لذة"
"#ابن_الجوزي #قهر_الهوى #لذة #ديني"",Sadness"
"cd32e45a04d2caa1,""قَهَر الطبيعةَ صَيْفَهَا وشِتَاءَهَا"
"s"",Sadness"
621c75430759dfeb,قهر طاروا كل الدرافت اللي في هذا الحساب قهرررر كنت حاطه مليون هاشتاق وذبة على هذا اليوم اللي انتظره من سنين,Sadness
827138c99b0af23f,قهر الشرقية بالعادة اول من يشتّي هالمرة تأخرنا,Sadness
"73af39fc2d11baf5,""تريو "
حمادة 
وبندر 
وابو السعد 
"خورااااااااااافي قهر انهم ما راح يصورون ٢٤ ساعة بدون جوال"",Sadness"
"6f72975de625522b,""قهر قهر قهر "
"تشوكو وتشوكي"",Sadness"
"3159ab53bc48301c,""كاني اول مره اسمعها عشقتها"
"بس مافي احد اهديه . قهر."",Sadness"
"55f306846ebced31,""لو حبت النجمه نهر "
طاحت على صدره سنا 

ان مرت الغيمه قهر 
"وان هبت النسمه قهر"",Sadness"
"cc53a29d44308e24,""اعوذ بالله من قهر الرجال والغدر "
"الله يفرج للمستضعفين منهم"",Sadness"
674f070846cdb0d8,الغلط ظلمنا بسيط و ملح الحياة اما ظلم الاهلي قهر والم,Sadness
314f56e67d11e5bf,عندما يبلغ قهر الرجل وألمه مداه ،، تذرف الدموع,Sadness
"f40cb81eca264c2b,""اححححح غيرتي اسمك"
"اف قهر خليك غامضه زي قبل محد يعرفك غيري أنا وكم شخص"",Sadness"
"dcd2a92844a1a2cb,""اوفففف قهر الصدق ياخي حزنت على الوضع وأنا مو قاريها تخيل لو قاريها زيكم."

"ياخي الصين حساسة خلاص مجرد رواية خله يكمل يخوي"",Sadness"
"49a9272e46316fb7,""كل سد تبنيه تركيا يعني قهر جديد على المزارعين والأهالي بالعراق"
 #المياه_ضد_المصالح_التركية
" #حماية_ثرواتنا"",Sadness"
"fb1d7a4a63d6baed,""يضحك من القهر وتحصل معانا سيد الزئبقي "
في ناس تتصنع الزعل وفي ناس تحترق من داخل لكن تبتسم ابتسامه قهر 
"..."",Sadness"
"db8eda5ae08f888d,""اشوف مقاطع حفلة عبدالله المانع مغني كل الاغاني الي احبها"
"بس بس زادوني قهر"",Sadness"
"5b8cc47133cbad25,""اف الا والله قهر"
"اعوضك اليوم"",Sadness"
"3690e2b6006802da,""نَدَمُ الحياة لِمَا جرى  هنا في دمي"

قهرٌ يُقيدني  و يجري في فمي 

صمتٌ  يُسابق وحشة الخسران 
 كي لا أرتمي

تحت اقدام البعاد  بلا حياة
"وحياتي دونِك عَدَمِي"",Sadness"
"ebf19d83c88399a5,""والله قهر"
"بعدل نومي اليوم خلاص"",Sadness"
"1e6239a1a4968a5e,""للأسف جازان لا يوجد فيها نادي"
"اموت قهر وانا كل يوم انزل الحواري واشوف المباريات والتنافس وكمية المواهب الي موجوده مافيه نادي يحتويها صدقني لو فيه كان أقل شي ناديين او ثلاث في منطقة جيزان الان بتشوف نجوم في المنتخب"",Sadness"
"32d250b7148f415b,""ما شوفت استفزاز اكتر من كدة حسبي الله ونعم الوكيل فيهم  اعوذبالله من قهر الناس  "
"إلي الله المشتكى"",Sadness"
b87be911b3b5ab9b,ي قهر كلهم بلطجه ويمسكون اطلق المناصب بالشركات,Sadness
fec6f8434566c4e9,ع اساس صدقنا بالجحش انت وحميرك الي بالمنشن انك سعودي تفشلون من كثر حقدكم مسوين حسابات وتتكلمون بلهجتنا الله يزيدكم قهر وحقد,Sadness
8023ce43b496d202,عشان التراكم اهخ قهر,Sadness
59861eabe3c9ad4a,دااااااموت قهر  من هالعنصريين يموتون من العرب,Sadness
"43b46090285015be,""ما حدا بيعرف قديش الوجع كبير إلا اللي عاشه…"
مدّ إيدك باللي بتقدر عليه، يمكن لقمة منك تكون رحمة لغيرك
"#اعوذ_بالله_من_قهر_الرجال"",Sadness"
06c570b7bc34ec11,اخخخ قهر تمنيت لو شفتهم اكتر بهااحدث,Sadness
8fbed78d54fbb33d,يمهه بموت قهر قصه حلوه تضيع بين اختيار هالممثلين,Sadness
3ac675bb8322e45e,قهر كنت اتمنى تحطه,Sadness
"58678a064711ba83,""شكريه وشيرين اظن عرفوا الحمل بس وبعدها الوفاه الباقي شغل ثلاثي ابليس "
"مش ممكن المشهد قديش قهر ما احقر منهم غير امها وهذا خواتها دخلوا الخط"",Sadness"
c73efae49675b2c4,اووف قهر,Sadness
03a984769c18d77a,أتمنى لك النجاح في قهر أحلامك. أتمنى أن يكون لديك إيمان قوي بنفسك. Lucinda Parr,Sadness
5fb9f23dba64c2ed,والله يا سلام. قهر والله قسد مو طالعه والورقه الكبيرة ب ايدهم  الامريكان نزلو رواتبهم للاشهر القادمه شكلو السالفه طويله جدا جدا,Sadness
4223317791099999732096643259114147205467890253824,قهر ما خوفتك,Sadness
5c3814d25cd2ac43,بحب ياريس يالي موتهم قهر,Sadness
173b1232da1fad45,أتمنى لك النجاح في قهر أحلامك. هذا مقال خاص. Eugenio Flug,Sadness
165777198109bbbb,أتمنى لك النجاح في قهر أحلامك. النجاح في متناول يديك مع تصميمك. Jame Ciesco,Sadness
b452fd5f8492db87,أتمنى لك النجاح في قهر أحلامك. أؤمن بنفسك وأن تكون محظوظًا لقيادتك. Barbra Barbot,Sadness
19708210044fc5b8,يارصاصيه موتي قهر يالفحىبه شوفي كيف الاوروبيه تموت بالسعودي وتتمناه لانه مز ووسيم وانتي يالفحىبه يطقطقون عليك يالرصاصيه وعلى فىبحك,Sadness
"cbbea445203ba638,""متى عمره سكت؟"
جعله يشبع قهر من انتصارات الهلال
"@Alhilal_FC"",Sadness"
d6742845c47990d0,قهر محد صدمها عشان تجلس هي والبسه سوا يتعرفون على بعض,Sadness
986bdfb46ed1f742,بكاء من قهر,Sadness
d438b0016817f445,أتمنى لك النجاح في قهر أحلامك. أنا ممتن لك على صداقتك المتينة. شكرًا لك. Julio Pretzel,Sadness
"66aaa26f48d1eacb,""اقل تذكرة 65 الاف"
واعلى تذكرة 150 الاف

اسعار كارثية 
اوكي ندري بيه الدحيح ويستاهل بس مو هيج
"غير قهر لو عندي فلوس جان رحت"",Sadness"
f0b200c32f790bef,من 11 بس قهر اللي تبث تقفل عليها +++ بكرا يبدأ 10 الصباح ترا,Sadness
"886a19a9f60a4e90,""والله متت قهر على الشاب المتبرع "
"وتعجبت على أمة شلون وافقت يبيع جزء مهم من جسدة!؟"",Sadness"
3f35832ac40f0df3,قهر منتب تجي الرياض الا لمن صرت منيب موجود او مرتبط,Sadness
bbf1559c13b17309,كيف طلعنا بموسم صفري بهذاك الموسم ؟ اقسم بالله قهر للحين اتذكر كيف كان فريقنا قوي,Sadness
bef8abb68f561ed7,يالخدمي شكلك حافظ ومهتم بتاريخ عمك الملكي الله يزيدك قهر ويسود وجهك اكثر سواد منه الان,Sadness
c2b28fae17af05df,موت قهر ياكلب,Sadness
32b7c5cbe1ced4bb,الله يلعنكم ! ليش بلدنكم بحجم قارة و مليئة بأنهار المياة العذبة والله قهر,Sadness
"ca0218e5b3038905,""الرجل :- لأن الله جبر النساء وذكر النساء ان لايحزن والله دائما معها لانها ام وتستطيع تنجب وتبني من جديد زي ملكه النحل  "
اما الرجل 
"الرسول تعوذ من قهر الرجال !"",Sadness"
e03da3254a894ad9,بطلو الطلس ما ناقصين  قهـــــــــــر,Sadness
74275fd39d65136e,ههههههههههههههههههه ممكن هذا اكثر شيء قهر جدتي في كل اللي صار,Sadness
b3900bfbb9bf7d9a,مساء الخير مساء دعس صغير لندن وأي واحد خايف من الدجاج اجرده من تشلساويته اكثر 6 نقاط مضمونة ضد توتنهام اقسم بالله قهر اشوف ناس خايفين نتعثر منهم,Sadness
d4f6c4920c9c4425,وليه تنقهر علشان جلد منفوخ .. اعترف ان الهلال افضل من قواطيك واقوى ودايم يشخط فيكم رايح جاي ..وبكذا تعيش بسعاده ودون قهر وخراط,Sadness
9db255dd4322bd0d,هذا قهر الاطفال الله يسلمك,Sadness
e33b3ee155beaea6,شف كم لايك موت قهر,Sadness
f3e55428651dead8,الله يطول في عمرك ويجعلك نار وشرار على اعدائك ويحقق لك كل ما تتمناه لشعبك العظيم ويزيد اعدائك قهر وغل,Sadness
d056ca96f7ee7c6a,افففف قهر الكونسيلر طالع مره غامق,Sadness
01dc673912489164,يا قهر كيف كذا فرطت فيها,Sadness
22c2ecd8e481e690,قهر وانا اخذ 7 كيلو ب 130,Sadness
84062861baed175d,موت قهر وتفرج يا المشرد وظيفة القهوجي والا اقل منها اشرف منك مو لازم يحلق دقنه لكن انت علمنا عن الي يحلقون لك خلفيتك عشان يتمتعون فيك بالفراش.,Sadness
c82e3ce0a6c776f2,اخوي بسالك انا متردد اخذ من عندهم او لا وقلي هل يتأخرون في ايداع المبلغ او لا الانه هاذا من اهم الاشياء اناس بعض الاحيان نتجبر على التطبيقات عشان الظروف ويجونك ذولي يتأخرون في انزال المبلغ اقسم ب لله قهر ولله يعني انا انحد عليهم عشان مستعجل وذول يتاخرون ؟؟؟,Sadness
dbf714d9a42ec1df,قهر يا اخي,Sadness
e5fd5d3c5224ad76,راح نموت قهر لانو ماعنا متحف عوي احسن لك روحي اشبع طعمية وعيش احسن لك من متحف عوي,Sadness
32f9a977ddb4e6b8,أي قهر وهو آخر 25 سنه محقق 6 بطولات,Sadness
"188bb8798ff34455,""من عيون الكلام :"

«وفي قُوَّة قهْر الهوى لذةٌ تزيد على كلِّ لذَّة»

ابن الجوزي -صيد الخاطر-

 لقاء لذة قهر الهوى 

 الشيخ : #سامي_هوساوي

انضم لقناة المنشورات 
t.me/segnshhsssenss
"…"",Sadness"
"a2811211bd558f54,""تغير الكاتب والنقله اللي سواها شيء جنوني الحلقه كأنه مسلسل جديد حدث مـوت ارجان وسجن سليم شيء رهيب وطبعاً كالعادة هاندا تثبت نفسه بالساحة بتمثيله الرائع"

المسلسل ابداً مايستاهل النزول هذا لا بالسيناريو القدم ولا الجديد اتمنى يرتفع والله قهر هالمسلسل يتوقف
"#AskVeGoezyası"",Sadness"
bf916ca8db2ba80e,قهر ما فهمت الذبه الزق، مب لما يحمي لاعب الدكه يجي عند الركنية,Sadness
"810181e2b4abe7df,""هههههه "
الاخونجية مضروبين ع الراس ف كل مكان
"الله يزيدكم قهر على قهر وذل ع ذل"",Sadness"
"1508f01d3cfebd12,""انا والله لساني طويل وجارح اذا رديت"

بس يمكن الصدمة وخيبة الامل 
جابت لي قهر

الان هم بعيد ما اقدر اطولهم

"ولا مابقصر فيهم"",Sadness"
"5c6bfa2bd8528e7c,""اعوذ بالله من ضيق الخاطر و قلة الحيلة وغصة القلب"
اللهم ارح قلبي و لاتحملني مالا طاقة لي به
اللهم اني اعوذ بك من قهرٍ يؤلمني وفكرٍ يقلقني
و اعوذ بك من كسرة النفس و حزن القلب
و اعوذ بك من املٍ يتلوه خيبة و ثقة يتلوها خذلان
اللهم اني وليتك امري فلا تجعلني احتاج الا لك وحدك
"#يارب"",Sadness"
"0303cd6a94624875,""لا أستطيع نسيان هذا المشهد .. قهر ما بعده قهر "
يا ربّ يا ربّ سامحنا و أرحم ضعفنا و عجزنا و قلة حيلتنا.
#أنقذوا_الفاشر 
"#الفاشر_ثباد"",Sadness"
f4867cd0c193b067,واحنا كمصريين فرحانين ببلدنا بافتتاح #المتحف_المصري_الكبير فيه عالم موازي اخر من اعدائنا اعداء مصر كارهي وطننا كارهي رئيسنا اللي بشتغلهم احهزة مخابزات الاعداء دول مقهورين وحزانه يارب زدهم قهر وحزن وخذيهم وفرح #مصر والمصريين وسعدنا واحفظ بلدنا وجيشنا ونصرنا #مصر_تنتصر_على_الجميع,Sadness
f79cad71611f2974,قهر راح علي,Sadness
2c246fc0a8457171,أتمنى لك النجاح في قهر أحلامك. أنا ممتن لمقالك العميق. Chad Doubet,Sadness
91017332af953894,هذي القصص الي بتجيني كل يوم قهر,Sadness
7212fc1a11861d48,قهر الرجال,Sadness
7ef15d163e53c8f0,قهر بتاخذ 5 الاف والله واجد اقدر اخذ فيها كابرس صابونه وفطور,Sadness
"491a6700d0a60408,""ايفنت التصوير قهر لو مايكون بشكل دائم مره حلووو "

"لو يعطونا الكاميرا حقت الايفنت مثل قينشن"",Sadness"
"b719328fe5c28795,""بعيدا عن خرطي ولاد بوتقبة "
"لأسد ناصر بوريطة الذي قهر 800 جنرال جزائري بمزانية الدفاع 25 مليار دولار سنويا و خسارة 900 مليار دولار في 50 سنة على البوليساريو"",Sadness"
"be2a14a8b0a78f79,""محبته منذ الصغر"
تدعو محبه للفخر
وتهدي عدوينه قهر
"كم عين منه باكيه ؟"",Sadness"
f30c934a31def761,الله يديم ضحكته وسعادته وانجازاته والله يحرق اعدائه ويزيدهم قهر وغيض منه يارب العالمين,Sadness
fc1e5db7c48592d5,قهر لسى ماجتني,Sadness
b23539be1b71d1d5,الله يزيدكم قهر وغبن ومرض انه سميع مجيب,Sadness
860d1239859dbc98,قهر ليت القوت معه,Sadness
"66904d6c78a225ad,""الله لا يصبحكم بالخير إلا من اختار من عباده الطيبين"

"مرزوقة السيلانية أنت يهودي عربي متخفي، واليهود الغرب يحبوني، موت قهر يا كلب."",Sadness"
377731cd1c4991cc,الأسد ناصر بوريطة الذي قهر 800 جنرال جزائري بمزانية الدفاع 25 مليار دولار سنويا و خسارة 900 مليار دولار في 50 سنة على البوليساريو,Sadness
121dda4b539b3ac7,قهر الرجــــــال,Sadness
808da8875d854b5c,قهر ما يستاهلون,Sadness
8b6e73bc8e013331,والله انكم ميتين قهر وحقد وغبن من داخلكم وتبردون مافي انفسكم بالكذب والفوتشوبات ههههههههههه,Sadness
0e02a590cbee9784,شفتتتي اخ قهر مره,Sadness
f9e982adb38c0910,ياخي قهر زارفهل,Sadness
b722a6602709d81e,الرجولة والمواقف لا تقاس بالمظاهر يا هذا.#محمد_بن_سلمان قول وفعل وعن نفسي فهو يذكرني بجده الملك عبد العزيز الذي قهر البريطانيين بذكائه وحكمته وحنكته..واليوم هاهو الشبل الألمعي الفذ #محمد_بن_سلمان يضع بصمته في كل المجالات وتزدهر به السعودية.ولا ادري ماكل عذا الحقد على المملكة,Sadness
"31f2dc61acbdf38d,""لا أدري ، رُبما النعيم الحسي (الجنس والخمر) مغري للرجال أكثر ."
أما أنا فأتوق إلى الأمان والسلام واجتماع الأحبة والألفة وانعدام البغضاء والشحناء، أتوق إلى عالمٍ لا سلطة فيه لبشر على بشر
"ولا خوف فيه من أحد ، ولا ظلم ولا قهر ولا غبن ولا حزن ولا فراق ، عالم يطمئن فيه القلب ويرتاح ."",Sadness"
"011270af73fce37d,""انا صارت معي في قناتي صرت واجد تنبيه"
بعدها اكتفيت بدون إضافات ولا اي شي اسويه في قناتي
حتى انا مرة نزلت خطبة الحرم واحد بلغ الشي الثاني فيه مقطع نشرتها على المقطع هي منتشرة فيه واحد بلغ
"احس قهر الي يتعبون على قناتهم يتفاجئ في بلاغ او اقفال القناة بذات إذا كانت لهم سنوات فيه"",Sadness"
"ad2e1ff0c825eb1f,""داهيه ذا الاصلع قهر النصراوية في انفسهم "
"وعلى فكره باقي بيجيكم الدور الثاني"",Sadness"
1c18e1df4adf6a57,ياخي والله قهر 🫩 ابي اشوف بينهم تعاون,Sadness
12ea89cc754fb75c,قهر عاد مدامه هيسونق ليتكم جمعتوا 01z مره وحده,Sadness
"f86d4af14132fe81,""صيرو ستان لواحد يبيض الوجه حتى بالهوشات ما يلقون عليه شي والاعداء يدافعون عنه "
"اسم الله عليه وين امه تحصنه العجيز بموتون قهر"",Sadness"
c7c2f25bc12ff122,موت قهر ياخائن ياوجه ابن فهره هذا وجه السعد درع البلد سيدك وتاج راسك,Sadness
"5422fd6b0301a482,""من قهر ألايام د.م. شهلاء "

لِتلكَ الَّتي فوقَ نهدِ السِّحاب
وقَلبٌ لَها مِثلُ فَجرِ الشَّبَاب
شُعُورٌ طَهُورٌ لِإِحسَاسِها
ومَجدٌ لهَا فَوقَ نَهدِ الشِّهَاب
لَها فِي مَسافَاتِ رُوحِ االمَدَى
مَسارَاتُ نَجمِ وَقَلبٌ مُثَاب
إذا طَلَعت بزَغَت أَشمُسًا
"وإِن حدَّثَت فَتحَ الكَونُ بَاب"",Sadness"
7a1acefd0c052c51,قهر من بداية اللعبه كنت انتظر الخرشه اللي بتجي اههخخخ,Sadness
10d694d8c938ba28,ايع باع العقليات والله قهر ولعبت نفسي,Sadness
"957a5d12ea37a3d1,""اولادي ماخلوهم يصورون مع الأطفال لانهم مو لابسين مو قهر بالله "
"انا اول وحده طلبت وكان عندي اشتراك بالعضويه عشان يصير توصيل سريع مع ذالك انا اللي تأخر وكل اللي طلبو بعدي وصلتهم قبلي ليش تعمدتو تخلون طلبيتي؟؟ ؟؟؟مش حرام عليكم"",Sadness"
49860e1f49a486ff,محنة ان حد تكلم قالواةد شاحذ وانوحد سكت متنا قهر والم انهم يفقدونا وطنيتنا وكفاح الاماجد لاعلاء كلمة المغضوب عليهم والضالين  ويمكن يحذفوها من الكتاب ما يسير باليمن والسودان وقبله سوريا مر أين العسل  .,Sadness
58dc10c6ee7da109,صح انا حاسدكم مره ياربي قهر عندهم شماريخ ونار وحنا ماعندنا ياحظكم اقوى ناس بالعالم,Sadness
5fc2b2e32986efc9,امانه انه قهر كم زنبيل ههههههههههههههههه,Sadness
9d766a83c09714f1,قهر زوجي ماعنده بنات بالدوام ليت عنده عشان يجيبون له اكل,Sadness
"67bc998e825dd062,""حفيده فلكي ومؤرخ حسب ما اذكر وفي فترة احداث كينقدوم "

"قهر تمنيت هارا يعطي هالقصص حقها ولو بشكل بسيط"",Sadness"
"fce034aae232dadd,""أوف "

"قهر ليته يتترجم"",Sadness"
e162c43f2d4bb121,الله يرحمها يارب حبيبتي  راحت مطرح ما في لا ظلم و ولا وجع ولا قهر، راحت لعند اللي أحن عليها من الدنيا ونحنا كلنا عالطريق. الله يصبر قلبك ع غيابها وتضللي بصحتك وتذكريها بكل خير  الله يقويكي يا قلبي,Sadness
ae664b2ed752f548,ونت مسوى فيها  انك  تحب تقول الحقيقة وانت عارفهم وعارف وش قصدهم خلهم يموتون قهر لكن الله يذكر القرشي والله انه عرفلك صدق,Sadness
"e00c51ea5138c63c,""قامو بنفسهم يلقون التحيه لا صدق انتو عشتو الدور مدري مين مسوي لكم و لمفضلكم gaslighting صدق عايشين في فقاعة مساكين"
المهم كلنا نعرف لو كان العكس ومختارين حقكم سفير ما سكتو بس عشان جيدي هو السفير قاعدين تصيحون قهر
"المهم كملو وانتو تصيحون هو قاعدة يكمل كونسراته فالتوب"",Sadness"
7148a380a282dc56,بس قهر والله كان ودي اتلذذ بدعس مورانت,Sadness
47439d5b6a7d19a1,القيادة الحقيقية تكمُن فى قيادة النفس... وليس في قهر الآخرين,Sadness
11b1d8caac19c4ff,كيف تزعل قبل ما تفهم قهر,Sadness
ee3fdc899ec1ae3e,قهر مافيه للشيون شي طيب ههههههههههههه,Sadness
4de15ddaeff85e36,الحواجب بعدين خربتها عبى اخر شيء قهر قهر,Sadness
7a33db69d35189c4,صدقت فهو قهر الزواف وولاد فرنسا,Sadness
79cd1ed98e9f93ab,هههههه الله يزيدك قهر وحسرةوهذا كيف بنظركاو رخمه ما تقول كلمة الحق,Sadness
"e8ef5c4f3ccee1c7,""الغرب في صدمة.. يريد قهر واحتلال الشعوب دون تدخل من أحد."
واشنطن بوست:
" فنزويلا طلبت على وجه السرعة من الصين وروسيا وإيران معدات عسكرية."",Sadness"
1d40a03b62344a77,موت قهر اهل الشام غسان  منا ازديون اتحدا ابوك تنكر معارك قحطان كلها بسوف قحطان رفع  الاسلام  دخلت الاسلام بسيوفهم قال النبي اقبلو البشرى يا بني تميم قالو بشرتنا فأتنا اي غنيمه وفلوس فعرض عنهم فجأء اهل اليمن قال اقبلو البشرى يا اهل اليمن قالو قبلنا من دون كلام فرق بيننا,Sadness
437fc72226ebfcbb,والنعم ب محمود حسنات والنعم ب سيدك عبدالملك . موت قهر ياللي تطبل مقابل صحن فول من القرموشي,Sadness
6e3d012cae013b68,أتمنى لك النجاح في قهر أحلامك. أنا ممتن للرؤى العميقة التي شاركتها. Donn Cardone,Sadness
0dfd6c57db2fc725,والله قهر وباطل نسال الله السلامه,Sadness
"6eb147a695f10df6,""مصيره مصير سلوبيدان ميلوشفيتش"
"باذان يموت قهر"",Sadness"
8f4aa5e3e47de99c,قهر تو تستجاب دعوتنا طولت مره,Sadness
"b949abd5611f6edc,""يا الله شو قهر.. لمين هالرفات واهلهم بعرفوا باستشهادهم!"

"#غزة"",Sadness"
e267371d788da03a,قهر قهر صراحه مراااا بتنهار ما خذت لايك,Sadness
42bf39484bdc83db,لو كان قاهر كان قهر الصهاينة اللي سلمهم أرضه تسليم اهلي يا عبيط احسن مايلقح زي النسوان بالكلام أما احنا فرعنه لايخصك احنا اصل العرب يا ك، ل ،ب,Sadness
"5b767d8c7522bf34,""قطع رزق الفقير ماهو إنجاز، هذا قهر وظلم بيّن!"
#إقالة_الراجحي_مطلب_وطني 
#الضمان_الاجتماعي_المطور 
"#اقالة_وزير_الموارد_البشرية"",Sadness"
"cdf3ec243586b15b,""اللهم ونعوذ بك من قهر الرجال "
"#أنقذوا_الفاشر"",Sadness"
"fd9385b98d5632f7,""تجنن ادماااااان مرره "
"بس قهر لي كم شهر ساحبه عليها مدري ليه"",Sadness"
67c855ff64d0348d,أتمنى لك النجاح في قهر أحلامك. معرفتك كنز. شكرًا لك. Norberto Rebeles,Sadness
"f0c2f789f585e20a,""خريف نيويورك -سويت نوفمبر ..هالفلمين من اساطير نوفمبر …اشوفهن من 2003 ومايمر نوفمبر اذا مو اشوفهن الفين مرة واشبع قهر عليهن…"
دراما رمانسية تراجيدية حد النخاع…
بالفلمين يموتن وينونا رايدر وشارليز ثيرون 
"#نوفمبر"",Sadness"
"6aed47860b87c31d,""الكلب يبقى كلب وصفته النباح "
أولا يا حثالة نحن نتبع الدليل 
والشيخ ربيع رحمه الله وغفر له وجزاه الله بالحسنى قهر كل المبتدعة وفند اباطيلهم وخصوصا الكلاب امثالك كلاب النار وقد تحدى كل المبتدعة الظالين 
"طبعا فاقد الشيء لايعطيه فاتهموه بالكذب والبهتان لانهم لاشرف ولامروءة"",Sadness"
"9241cc8ef5dff8f9,""وبعدين مع أمة العوز الفرعونية؟ هم لقوا بتصريح الرئيس الشرع فرصة ليطلعوا كل قهر وفقر السنين والاهانات الي عاشوها مع السيسي ؟"
"#مصر #السيسي"",Sadness"
"c7084f4a4bcd9326,""ويكند وقاعده من الصبح "
عشان اسوي ريوق حق ابوي 
"وبعدين ما ادخل الجنه اففف قهر"",Sadness"
363f0e4561e9b58a,قهر كان لازم يكون كل وحدة بوقت مختلف,Sadness
"927b8cbeaaf9c03d,""اصبحنا وأصبح الملك لله"

"صارت فعاليات وانا نايمه بموت قهر الحين الحق على ايش"",Sadness"
52c5655f4ae50468,أتمنى لك النجاح في قهر أحلامك. استمر في السعي لتحقيق التميز. Craig Straugh,Sadness
44bc1ead5fc5af7f,ان شاء الله باريس رح يكتسح بايرن ميونخ لو بركولا ما ضيع ولا فرصة ياليت انصاب بركولا ولا دوي اخ قهر لكن ان شاء تصير زي كذا,Sadness
220fe0d9db867b35,صياح هذا المعتوه دليل قهر وإنهزام امام مايكتب من حقائق وإفشال شماعتهم التي ضاعت وسط وعي عالمي وإلمام بحقيقتهم التي حاولو يخفوها بالتضليل والغرف الالكترونية والإعلامية المأجورة   نقول له قد تشتري أقلام قذرة لكن سوف تهزمها الحقيقة المسنودة بواقع و لن تستطيع إنكارها مهما حاولت,Sadness
0cb7a611d139430a,ترى اغلبهم كذا حتى جيل الطيبين يلف ويدور لين ياخذ ذهبها ولا يرجعه طبع فيهم يكرهون يشوفون مع المرأه اي منفعه فلوس ذهب. بيت وظيفه يموتون قهر,Sadness
27d8b5cd306ffa94,كل مااااااااااااااابي اهونهااااا بسسس هي م تتهون والله الاشيااااااء اللي جالسه تصير م تتهون تزيدني قهر ووجع والله,Sadness
485c1328d00268ce,قهر ياخي ماترد ابي اقيم النودز,Sadness
54c63e6e5d90c005,بين ركام الجنوب تسير كيلومترات لتصل إلى بليدا وتغطي جريمة قتل إبراهيم سلامة ثم إلى كونين واستهداف إبراهيم رسلان.. بين الدمار تشق الطريق إلى النبطية حيث اعتصم أهالي الأسرى في سجون الاحتلال.. هناك حكاية أخرى.. قهر وصبر من نوع آخر يتشاركه الجنوب مع فلسطين,Sadness
"be753d65d133985a,""#استقالة_ادارة_الاتفاق_مطلب "
#الاتفاق
@sammisehal
 
@hatimalm
 
@omarb2020
 
@CoachSaad8
 

ان حكينا ندمنا وان سكتنا قهر 

حسبي الله ونعم الوكيل 

"اللهم ارنا فيهم عجائب قدرتك"",Sadness"
3629762afcf0f70f,للجماهير الهلاليه سجلو واحد حسد وقهر ومحروق وبيموت قهر,Sadness
eae90125c2435e29,أتمنى لك النجاح في قهر أحلامك. هذه المقالة هي نفسا الهواء النقي. Floyd Lai,Sadness
"ab7be9746488b068,""يا أخي والله قهر"
اشلون مفوضية الانتخابات 
تسمح لهذا الطائفي بالترشح في الانتخابات
"ظافر العاني صوت من الأصوات الطائفية في العراق..............."",Sadness"
263bedf810f5def9,البرنامج اللي اتابع فيه للحين مانزل الحلقة مترجم وربي قهر اشوف التايم كله يمدحها الله يقلعه من برنامج,Sadness
db87443f99c639c8,إن حكينا ندمنا وإن سكتنا قهـر,Sadness
de65cb8d7bb1ac2b,يموتون قهر لو حقق بطولة,Sadness
1265fe2e09b1c81a,بيكفي يلي مرق فيه وانا كمان بكفينا قهر.عقبال الباقين .الحمدالله ع وجود أشخاص حدي عم يساعدوني ليسافرو كلابي ويعيشوا بقا مرتاحين,Sadness
f05a331aa092b977,أتمنى لك النجاح في قهر أحلامك. هذه المقالة تحفز الفكر. Yahaira Mildren,Sadness
ef4feb3e796dc8b3,أتمنى لك النجاح في قهر أحلامك. أنا ممتن لك على صداقتك المتينة. شكرًا لك. Toney Blyler,Sadness
"cd837086cc983e77,""قهر الرجال"
"#السودان"",Sadness"
b79856dc64358d75,الله ينزل غضبه ومقته على من قهر الرجال,Sadness
28b6743b510769d1,والله ياثامر هو في اليابان ما يعرف الهلال لولا اليدين الخبيثه جربه وحرضوه على الهلال ورشوه ما يدري  عن شي بس مثال ما قال فهد العتيبي اهديناه وفي قهر داره هو ومخلفات اوراوا الله ينتقم منهم أشد الانتقام,Sadness
65d78c6a94495a26,هوفف قهر دخلت اداب راحت علي,Sadness
142a2299a4f0781f,اكثر شي يقهرني لما أشوف احد مظلوم ولا اقدر اسوي له شي بمممممموت قهر,Sadness
"a551afe9e6d080b9,""بدون فحص DNA سعودي واضح  ويشبه للي يقول انه ابوه بعد "
"والله يتكلم من قهر الضعيف ينرحم الصدق"",Sadness"
07793974f4dbe74e,قهر عرقي مو موجود,Sadness
"e1e5039f7973aeeb,""#كاريزما92"
الشباب لا هم الي ريحو ونامو 
ولا هم الي عاشوا الريالتي 
اقسم بالله فعلا قهر 
"@n_alghamdi"",Sadness"
a5435ad012cfdae8,اقسم بالله قهر تلقين من بث تلفزيون اللي مب شغال ولا من السويري اللي خرب ابو صباحيه,Sadness
854547bd4b52ce3e,قهر من تحكيم ظلم أمام النصر,Sadness
4ee6777281086af7,أتمنى لك النجاح في قهر أحلامك. أنا ممتن للرؤى العميقة التي شاركتها. Rosalba Gihring,Sadness
6d089510362d5f1c,القريب صار له دو اكبر قهر,Sadness
7887c089b99900cd,اعوذ بالله من قهر النساء احس ودي افحط,Sadness
6deb4fdd35ed541f,والله قهر,Sadness
"099b0a3f42234742,""من قهر سيُقهر "
ومَن ضر سيُضر 
ومن ظلم سيُظلم ومن عاب ابتلي، 
فإن الله يُمهل 
ولا يُهمل
#سبحانه
"#R"",Sadness"
"07dab8b86faa8a52,""يالله قهر الرجال هذول مش بشر هذول مش مسلمين"
"ليش مانوقف معهم مثل باقي الشعوب"",Sadness"
"b0fd3f517821360c,""مبروووك أعطيت التحكيم الفاشل والفار الظالم براءة من قهر الجمهور الملكي"

مبروك اصطف مع من ظلم الأهلي

"انت بطل"",Sadness"
"bc1304784f1a9b1d,""""""وفي قوة قهر الهوى لذة تزيد على كل لذة"""""

"ابن الجوزي | صيد الخاطر"",Sadness"
646015256ac4c825,أتمنى لك النجاح في قهر أحلامك. شكرا على المعرفة التي قدمتها. Reda Cashwell,Sadness
"286254d23576a4fa,""قَهَر الطبيعةَ صَيْفَهَا وشِتَاءَهَا"
"5"",Sadness"
bbf755500311ea55,قهر كم يريح القلوب,Sadness
"a84609c2bf68e245,""بعد ما الكابتن زيزو قهر مشاعرها بقت مريضه نفسيا"
"#zamalek #الزمالك #ارض_الزمالك_"",Sadness"
7df8dc5cbf744363,هيك خبر عادي يمرّ؟وين الإعلاميين اللي ما بيتركو موضوع الا وبيحكو فيه؟!اذا الحكومة عم تشتغل على ملف القنيطرة عمهل بسبب الظروف يجو الاعلاميين يهمشوها عالآخر ويسلموها للاحتلال عطبق من دهب!! اقسم بالله قهر،دائماً القنيطرة خارج حسابات الجميع انتو حرفياً سلمتوها لإسرائيل من دون ما تحسو,Sadness
"64618a81ac27c09e,""بموت قهر طلبت بنطلونين اونلاين اثنينهم اديداس ولمن وصلوا طلعوا بوليستر ما قرأت الدسكربشن حسبته قطن "
"من قوة الطفرة طلبتهم أقساط كنت متحمسة ومن قوة الحماس ما قرأت وش نوعه انهرت"",Sadness"
f973694c70a6b975,قهر ما جاب صور لعصام,Sadness
2c8901dcb91faec8,لا قهر طيب انتظر علي وعزيز,Sadness
21fbf4177bf061b4,الحين عاد ذاك اللي ف كل سالفة و موضوع حاشر نفسه و كأنه المتحدث الرسمي للوطن  بيموت قهر,Sadness
"fd65b38c39c5d233,""عنماذا.   تبحث.  يا عميل الموساد. ؟"
عن معلومات. ؟
"ما في إلا.   شنابل. وجزمات.  موت.  قهر."",Sadness"
164da0298be4f378,لا ليه بس قهر ياخي بنفس توقيت مباراة النصر مباراة تشلسي ضد توتنهام,Sadness
"46d2c6bee4cb1f28,""موت قهر نحب دول الخليج كافه بدون استثناء"
اللهم احفظ الخليج وارزقه نعمه الامن والامان والخير
"عاشت عمان وعاشت دول الخليج وعاش اهلنا في دول الخليج في رخاء وامن وتقدم"",Sadness"
43dfb499bd2cee33,أتمنى لك النجاح في قهر أحلامك. مقالك هو إضافة قيمة إلى الأدب. Hannelore Alarcone,Sadness
0659a5aba31fd027,ندري هذا الكلام من النسويات المنحطات ومن على شاكلتهم وحياة هؤلاء حياة العناء والشقاء والضياع بس يجعلون من انفسهم سعادة وهم والله في ضيق لايعلم به غير الله اخذينهم الغرب محتوى يسوقونهم على كيفهم علشان قهر المسلمين في دينهم وبراءتهم لذا جعلوهم كالحمامات والبيارات اعوذبالله,Sadness
4a4650951457f208,ماجد الطياره شكلها قاهرتك قهر موب طبيعي,Sadness
2d11347909428b85,ان حكينا ندمنا وان سكتنا قهر,Sadness
"05fd3f3f631babb3,""صدقتِ والله بو ناصر  "
لو فعلاً طبقنا هذا الحديث في تعاملاتنا، ما كان صار ظلم، ولا قهر، ولا حسد.
كلمة “لا ضرر ولا ضرار” تختصر دين وأخلاق وعدل في جملة وحدة،
"لكن للأسف الناس تحفظها.. وما تعيشها"",Sadness"
e8063434e83a9503,هههههههههه أحمد طلعت شخصيته مره حلوه بس قهر في نهاية البرنامج #كاريزما92,Sadness
8ad36745cbf52aa6,طيب قهر ما احقت عليها,Sadness
19dffef5c6dd59d8,أتمنى لك النجاح في قهر أحلامك. لقد أثريت رؤى عميقة حياتي. شكر. Malcolm Turlich,Sadness
"36e8ffec6f36905d,""عندي قناعة"
انه اغلب اليمنيين الي ولدوا وعاشوا حياتهم خارج اليمن
ما عندهم اي غيرة او قهر على بلادهم ابدا 
وبعدين تتراسلوا في التلجرام
"بوتات؟"",Sadness"
"6dd29ea8435604ff,""ليش ما نفصخ مثلهم؟ بجد قهر! "

"يعني يا بقره ما عندك حل وسط يا نفصخ يا ومهلوسين؟ المخ الخياس."",Sadness"
bcb8d34e6b723d33,يارب أنت وحدك تعلم ما أخفيه بـ قلبي و تعلم ما في صدري و اعلم انك تسمع ضجيج قلبي و شتات افكاري ، اللهم اني اعوذ بك من قهر يؤلمني و من فكر يقلقني ، يارب اجبر قلبي و ارح بالي و يسر لي امري,Sadness
4a2394a8cf3abe2e,قهر سلمان راح قبل يعطيهم منوم,Sadness
"3cfb1f643a4626bf,""قَهَر الطبيعةَ صَيْفَهَا وشِتَاءَهَا"
"J"",Sadness"
52874b8fa70e080b,اللهم العن الامارات ومن اتبعها قهر قهر,Sadness
e40b7b4a68db9c38,و تحبه و زوجته تصحى من الغيبوبة مرا قهر انو جيمري طرف ثالث,Sadness
f2efaea3caa5e54d,اي والله قهر الله ينتقم منهم ومن اللي يدعمهم,Sadness
"d2533c390ae8ed66,""كلامه من ناحية الرزق والبركة صحيح "
بس لاتتزوج الا وانت جاهز ماديًا عشان ماتحرج نفسك وكرامتك قدام بنت الاجواد ، ربي بيرزقك وبيعطيك من فضله ولا اقصد الفوقيه او اي شي بس لو كنت كاشير ماينفع تفتح بيت حتى على اقل المهور 
"قهر الرجال شي حذر منه الرسول"",Sadness"
d2d3caf9e9082c70,مع فجر اليوم .. أعوذ بك يا رب من قهر يؤلمني ومن هم يحزنني ومن فكر يقلقني,Sadness
"69132304bc88eeea,""قَهَر الطبيعةَ صَيْفَهَا وشِتَاءَهَا"
"9"",Sadness"
408bf57ef9b41be1,أتمنى لك النجاح في قهر أحلامك. معرفتك هي هدية أحترمها. شكرًا لك. Claudio Singo,Sadness
"ab39e153286a3050,""غير لو اني بمكانه مستحيل اخذ كروه"
"الا اطلع قهر 22 سنه براسها، للخليها تلعن خرامنائي صبح ومسيه،"",Sadness"
"43b912b808020c8a,""ما عارفين شو بدّكم تعملوا ….حقيقة "
ضياع ، قهر، حقد ، 
منيح فيه هل وزير حتي تعملوا شي شغله 
"احسن ما تضلّوا بال ما خلوّنا"",Sadness"
7997df0ddb48eaa8,اصرف نظر واشبع قهر,Sadness
"5f6f10f56be95eb0,""قهر كنت مشتهيه ببسي مع فطوري لعلي كنت حاطته بالفريزر وجمد منجد<?"
"وفتحته رغماً عن ذلك وتكبكب علي وصار طعمه حلاوة ببسي وصامله اشربه المشكى لله صدق"",Sadness"
cb1f705f4a1b1bed,والله يا انك مقهور وباذن الله يزيدك قهر من الهلال وكل شي يفعله الهلال,Sadness
"0252bd6db498ddd0,""موت قهر "

"هم هم"",Sadness"
"2dd65a0047f0dea1,""تعمل المليشيا الحوثية على خلق بيئة من الخوف وعدم الثقة بين السكان لأنها تحمل فكرًا ومشروعًا طائفيًا دخيلًا على المجتمع اليمني ووجودها وشرط بقائها هو الصراع الدائم ولهذا تختلف الحروب وتمعن في قهر المجتمع"
"#الاختطافات_الحوثيه."",Sadness"
c95ed6b85357250f,موتو قهر,Sadness
"4a9678baeacd3396,""حتى لخريف المدن أوراقه الصفراء التي تتساقط عبر السنوات تباعا بفعل الإهمال ..فحين السياسة لا تروي بل بالعكس هي على مدار السنوات تأخذ كيف ليعجب أحد اذا ما قهر المدن جفاف وحدث التصحر ؟! .."
إن كل شيء وله صلاحية انتهاء بما فيه الكلام السياسي فارغ الفعالية..
"#أخبرني_الرجل_العجوز"",Sadness"
aa5b2d28a4fa900b,قبل ما تدخل صحي فكر الف مره موضوع انهم يدقون عليك بأوفك يقولون داوم بكره والله قهر,Sadness
"cd0c7900f2ece877,""اشفق على اي انثى مخليه رغباتها الحٍنسيه على العلن، اي احد يوصل لها ويشوفها ويستمتع برقتها "
"امووت قهر لانها مو مستوعبه الاهانه الي حاطه نفسها فيها والمستنقع اللي هي فيه ، هالتصرف ما استنكره على الجنس الاخر لان ٦٠٪ منهم بهايم ويتبعون شهواتهم..لكن انتي؟ انتي ليه"",Sadness"
ecbc0c5b51b116d6,أتمنى لك النجاح في قهر أحلامك. أنا ممتن للرؤى العميقة التي شاركتها. King Arendz,Sadness
014d268393620bee,أتمنى لك النجاح في قهر أحلامك. أنا ممتن لمقالك العميق. Dede Tartt,Sadness
659755f9aa0fec5a,قهر كنت با ارد عليه,Sadness
2915659321bfb196,قهر ما كان ب زماننا,Sadness
"e913c18aaa97a973,""ي سعود"
غفى بصدري عتاب ، م عاد للحكي
"قيمه ،،والله م كان صمتي تغاضي كثر م كان قهر ي سعود  .."",Sadness"
ad01bfb6c88083c7,أتمنى لك النجاح في قهر أحلامك. لديك ما يكفي من المهارات والحظ لتجاوز. Ivory Pomella,Sadness
"6d191794b3c1e365,""واضح ياديوث انك مقهورررر "
"موتو قهر يامشردين"",Sadness"
"4d3f7d853e676868,""السلام على الكرام .. "

"من قهر الخروج من البطولة ماكو نوم .. محاسبة الادارة والجهاز الاداري والفني مطلوب .. جم سنه نلعب البطولة ونخسرها؟ .. المحترفين اللي عندنا مو أحسن من اللاعبين المحليين.. هاردلك شغل.. تلاحقوا على الفريق راحت """"أسهل بطوله"""" ! "
"@azizashour"",Sadness"
24b654b5f5de860c,أتمنى لك النجاح في قهر أحلامك. مقالك جيد -مكتوب. Elvie Tessner,Sadness
0a13bad898e850aa,أتمنى لك النجاح في قهر أحلامك. النجاح في متناول يديك مع تصميمك. Hosea Keppler,Sadness
"318c3b61e0f49fd0,""كلنا عتبانين عليه انتهى البرنامج ولا قال الا كم من قصيدة حارمنا من هالابداع والله قهر"

"#حمد_العتيبي | #كاريزما92"",Sadness"
5501374b7a27d5f4,قهر مقفله حسابها,Sadness
da019ce4357fbc71,أتمنى لك النجاح في قهر أحلامك. حظا سعيدا للنجوم. Jodee Guhl,Sadness
1f4c61b4132a4dba,أبو تاوة  تراك تطق صورة  أنت عارف إنك مقهور ترى هذا يزيدك قهر دارين إنك مقهور تطق صورة مسكين,Sadness
91071ff4fed2ad73,أتمنى لك النجاح في قهر أحلامك. أتمنى لكم أفضل الأشياء عند متابعة النجاح. Carlo Philpot,Sadness
"2566d0189e485758,""شفت كذا مقطع مو راضي وعلى الأكيد ماهو تعالي كثر ما انه قهر على مركزه الثابت سنوات اتمنى بالشتوية يفكونه لاعب باقي عنده شغف يقدم ويملك الخبرة والقيادية متى ماعطيته ثقة الله يوفقه افضل حل له ولنا "
x.com/__hem24/status
"…"",Sadness"
53839a16b02ce5a4,قهر والريحه تصبغ علطول,Sadness
"cf1780637834828a,""أنتهى البرنامج ولا قال إلا كم قصيدة "
"والله قهر بسمع قصايده ليه كذا"",Sadness"
9dee73308395f36f,اخ ليه انا اخر من يشوفه قهر فين تتابعون قبلي مايصير,Sadness
"c42bf07d1972f2b1,""بيان صادر من معاناة المحبة والسنين"
 ياضيق صدرك ي السنين وياكثر هذا الغياب

 تحين ساعات الزعل متى سعادتنا تحين
" إما قهر ولا صبر ولا كبر ولا عتاب"",Sadness"
"031b2c6d737f28f7,""احب صباح السبت بس قهر موعد نومي "
"احب الصباح بشكل عام وصباح السبت بشكل خاص"",Sadness"
de473d8d9533795b,ليه ما فيه اخطاء قهر,Sadness
"4135737db322897b,""يمني وفرحان بقاتل مجرم "
وتقول انه قهر الاخوان 
انت شخص مريض ان مع #رص 
"انت عار عاليمن"",Sadness"
838a8bd61a7fb403,اي والله قهر,Sadness
"b6adeccac8071b97,""يمكن لازمين على حكومتنا لزمه"
"يعني قسم بالله قهر شنو هاي الخسة والنذالة من حكومتنا الله ينتقم منهم دنيا واخره"",Sadness"
8de43128a7d7c4fa,قهر نسيت ارجع لها من وقتها,Sadness
"86186b67937971fc,""وازيدك من الشعر مش بيت ...كمية قهر بزيادة !"
حماس ....هي الحركة الاسلامية السياسية  الوحيدة اللي كان الها نشاط في الجوامع !
يعني كان بامكانهم يجمعوا فلوس مثلا !
كان بامكانهم يكونوا موجودين ويحكوا عن حالهم حماس عادي داخل الجوامع !
"وانت عارف حركة مثل حماس شو ممكن كان تسوي بتأثيرها"",Sadness"
"3536fd22c1598579,""تدري القهر واكبر قهر؟"
لا صرت فاقد لك عمر
وانا انتهى عمري معك
 ماهي سنه ولا شهر
ظنيت قلبك حبني
يبيني قد ما انا ابيك
يا للأسف خدعتني
"قل لي انا شسويت فيك؟"",Sadness"
7210287e722ef552,المعني الحرفي لقهر الرجال ، اللهم اني اعوذ بك من قهر الرجال يارب,Sadness
46f420998d7b17c6,صدقني بعد لتموت قهر,Sadness
eca059a527df41a9,شفته قهر ياليت اخذته من معرض الكتاب,Sadness
6923a778535ed24a,هههههه  شو بتحبو تضحكو على حالكم ليش وانتو عارفين كلمة بري الي ماشيه ورءيسنا  عون الرب يحميهم طقو قهر وعووو اد ما بدكم,Sadness
"6ae9648edd735549,""الله يشفيك اولا "

ثانيا ابتعدوا عن قهر المسلم عشان محد يدعي على احد و يزعل بعدين 

"الله يهدي القلوب"",Sadness"
"bb1dcdf31e01360c,""اقص يدي اذا مو انت شيعي "
"تموتون قهر اذا احد مدح دين الإسلام وما تبون احد يمدح غير ديانات الفرس"",Sadness"
"e34d3c3930673b7d,""من ضر سيُضر "
من قهر سيُقهر 
ومن ظلم سيُظلم

الدنيا دواره الله يُمهل ولا يُهمل
و كل ساقي سيُسقى بما سقى

"دعوة المظلوم """"حسبي الله ونعم الوكيل"""""

تعلق بين السماء والأرض وينظر لها الله ويقول:
وعزتي وجلالي لأنصرنك ولو بعد حين

"حسبنا الله ونعم الوكيل"",Sadness"
"8b1b77d2e1f6ca00,""عندنا زواج اليوم يارب ابي ارقص عليها بموت قهر لو ماغنتها "
x.com/ntiy56/status/
"…"",Sadness"
"992a2b93036647c7,""بموت ضحك قبل الوفاه كان يكتب تغريدات اذكروني بخير ان رحلت يعني لاشفتوها وانا ميت بتزيد العاطفه يااااخي والله ميته "
وع وع ليه يسوون بأنفسهم كذا 
"يقهر لأني كنت اتابعه من كل حساباته قهر اني ضفت اشكال كذا تفو"",Sadness"
31cf214b48ab1c17,لدي افكار جميلة بس والله قهر أشاركها معاك,Sadness
085836377d49b39d,ابو جهل قهر وقتل الطفل في السودان واليمن وليبيا,Sadness
3b4c95d8cb7da783,شتتها  عالطرف اقل شي ابتعدت ٣٠ متر عن المرمى ههههههه وين اسيست هذا عقبها تناقلوها لاعبي الهلال ولا ٧ تمريرات  . شعرفك بالكوره والا مجرد قهر وتغريده تببي منشنات,Sadness
b0fd5ed7c57231e2,قهر ر ر ر ر,Sadness
"f2b8afa068aa4b00,""اعوذ بالله من ضيق الخاطر وقلة الحيلة وغصة القلب، اللهم ارح قلبي ولا تحملني مالا طاقة لي بـــه"
"اللهم اني اعوذبك من قهر يؤلمني وفكر يقلقني واعوذ بك من كسرة النفس و حزن القلب اعوذبك من امل يتلوه خيبة وثقة يتلوها خذلان اللهم اني واليتك امري فلا تجعلني احتاج الا لك وحدك ياربي"",Sadness"
9595b714a5907b94,هنوي تفاحتين.. كل تبن وموت قهر وقلنالك صرت مفلس حتى في تغريداتك ونصيحة مني روح عند خوالك وخلهم يصرفوا عليك بدل ما عايش عيشة المتشرد الذليل.,Sadness
358abd3000bc9d86,قهر فاتتني 3:14 اليوم,Sadness
"5035db82cc9e9612,""youtube.com/shorts/EQIBcOc"
… 
"مساعد هنا بس قهر ماطلعوه كثير"",Sadness"
"4db2cf3a65c84f36,""قهر الرحيل يعصر القلب، إليك بعض العبارات الجميلة:"

"- """"قهر الرحيل يترك جرحًا ينزف ذكريات، لكنه يعلمنا قيمة اللحظات."""""
"- """"في قهر الوداع، ندرك أن الفراق ليس نهاية، بل بداية للحنين الأبدي."""""
"- """"الرحيل قهر يغمر الروح، لكنه يزرع في القلب بذور الصبر والأمل."""""
"- """"قهر الرحيل كعاصفة تمزق"",Sadness"
891e069cd04eaa4a,عباره عن قهر الرحيل,Sadness
259e0545eb32ab8b,قاعدة العب ومن اليوم اخسر وتو دخلت قيم وتيم تهاوش وخسرنا الجنقل لانه زعلان من داعم   دمعتي نزلت من قهر  تعبت مره كل ماادخل قيم اخسر  المشكلة وين الجنقل كان ضدي ويوم كنت معه زعل وخسرنا,Sadness
"5099904dd7818d52,""تجاوزت مليشيا الحوثي أساليب المستعمرين في قهر المواطن اليمني وإنهاكه جوعًا وترهيبًا وتعذيبًا في السجون والمعتقلات"
#اليمن
#الاختطافات_الحوثيه
"#الحوثي_عدو_اليمنيين"",Sadness"
1a044449f1c9ef51,قهر والله باقي نص ساعه و أخلص الحلقة,Sadness
514f07f25efcdbe1,منجد يحتاج له ممارسه بس قهر لو كملتي حتى يعطي طاقه حلوه,Sadness
3497c7881f8a0042,أتمنى لك النجاح في قهر أحلامك. النجاح مباشرة أمام عينيك. Walter Beylotte,Sadness
30894b0f3b0bdfbd,تعبانه يارب سخرلي عبدالعزيز بن فهد يارب كل يوم بكا و قهر,Sadness
"a686a33394d18f53,""#الهلال_الشباب"
"ماشفتها قهر"",Sadness"
"313017c656b0dfb8,""النصر والله قاهرهم قهر "

كأن اخذ مكانهم 

"طيب اعرض تغريدتي على حلقتكم"",Sadness"
"5decf82c689e6147,""إلي بالي بالك انهبلو على ما فيهم من قهر  واحباط "
"موضوع الطياره مثل ما قال الكبتن عبدالله الغامدي  لا يملكها الهلال وإنما اتفاق بين ناس والهلال لوضع شعار  والوليد يعتبر الداعم الأول للهلال ومالك طيران ناس"",Sadness"
f4d22906e1d0f87d,ياخي كيف وصلنا لهاذي المرحلة والله قهر,Sadness
de62b36d7b68c9ca,قلنا لكم حب الاتفاق من خلف شاشات فقط ليه فوق هم الرطوبه قهر,Sadness
b1374e59ac3f23a5,يع قهر,Sadness
45be0cb048e9d301,قهر مالحقت عليه توفى واني انولدت ١٩٩٩,Sadness
2f34b4b6100ee189,أتمنى لك النجاح في قهر أحلامك. أنت مصمم على تحويل الحظ إلى النجاح. Leo Ciarrocchi,Sadness
0b82e1f6ea9b7e08,قهر مافيه بلنتي هدية من الحكم,Sadness
38472652c1070a0b,يخي قهر قهر,Sadness
"6e5505caf6e9c02e,""اقسم بالله هذا كلامه "

ولما جيت قابلت اللي بتسوي المقابله اقسم بالله طول الوقت تخزه ووجهها منصدم يوم شافتني منقبه 

عرفت تبي كاشفه 
ورفعت بلاغ ولا شفت اي تواصل ولا رد!
للامانه بكيت قهر مو عشان وظيفه
"عشان اسلوبها ونظراتها لي والحال اللي وصلنا له"",Sadness"
869897c1f7d56b56,قهر فكيته,Sadness
13f2b1baae38e04c,قهر ليتها انا,Sadness
"ff19219a27a8ba85,""@SamiAlJaber"
" والله قهر راح عمري وانا اشبح لك بكل مكان طلعت ماتستاهل ادعم الفريق اوانطم"",Sadness"
"a2e77d7b5e76d3c9,""أعوذ بالله من قهر الرجال "
"الله لايشمت عزيز النفس"",Sadness"
"69a1a9d0f9c8d5b9,""د.وفاء خرجت تستلم حوالة،رجعت جثة في #صنعاء.خمسة ذئاب بشرية ترصّدوا امرأة وحدها،قاومتهم فقتلوها وسرقوا المبلغ."
"أي مدينة هذه؟أي بشر هؤلاء؟صنعاء اليوم لا تسكنها أرواح،بل أشباح.جوع، فقر، قهر،وانفلات.هذه #جريمة شيطان.وفاء ليست أول ضحية،لكنها صرخة.العار لكل من سكت وغطّى على المليشيات."",Sadness"
42437b59b41274b2,ههههههههههههههه انته فيبك شي حانب لايكون وانت وصغير برشو لك في لامارات حقدك يبان قهر في جوفك واجد لايكون لك مقطع عاده,Sadness
"e4f672c8bf3fc471,""الواضح انك ما تدري وش السالفه بس بتسولف"
"عيونه و انفعاله و ارتجاف صوته كلها من ضغوطات و قهر المظلوم و هذا هو اب """"حاضر"""" لاطفاله و اشكالهم صحيه و نظيفه مافيه علامات اهمال او تقصير بحقهم"",Sadness"
37178441b622fecf,أتمنى لك النجاح في قهر أحلامك. حظا سعيدا للنجوم. Nickolas Loewer,Sadness
5acc620986d4b9f8,والله قهر نستنى حتى الظهر وقصة عشق ترجم مسلسلات الجمعة الفاشلة,Sadness
1f199a74c70fc530,مو بيدنا قهر الدنيا دمرنا,Sadness
76652f78de4c1d25,قهر ان ايبوكي بالعماله سوت جيدي,Sadness
640cce7cfda8bd4c,قهر طلعو فاصل,Sadness
"040733714593a89c,""اسمعي. صار عندنا ثلاث بيوت في الشام معد  نرجع عل الدير  موتي قهر وا اي ابن حلوه مثلك يفتح اثمو ال. نشقو شق "
x.com/yamanamouri/st
"…"",Sadness"
75ea5657346bbbba,ميتين قهر قاهركم صقر  سوريا,Sadness
"531fe66d3a496626,""والله قهر "
"أنا راحت علي تذاكر مباراة النصر ونيوم وجالسه أدور تذاكر ودخلت مباراتنا مع الفيحاء انصدمت باقي تذاكر ما انباعت"",Sadness"
"cb6c17068f7cb9fa,""ضغط "
فحس 
"قهر"",Sadness"
a0a777640f01eec5,أعوذُ بالله من ضيق الخاطر وقلة الحيلة وغصة القلب، اللهم أرح قلوبنا ولا تحملنا ما لا طاقة لنا به. اللهم انى أعوذ بك من قهر يؤلمني.. وفكر يقلقني وأعوذ بك من كسّرة النفس والخذلان ومن حزن يأكل القلب بصمت.. وأعوذ بك من أمل يتلوه خيبه وثقة يتلوها انكسار ..,Sadness
4d26630629eccc00,قهر ماقلت سالفت رمضان التراويح,Sadness
"f0db59097f994641,""ما عاد تعرف هو ألم هو حزن هو فقد هو عذاب هو قهر هو وجع هو غبنَّ هو معاناة هو إنتظار!"
"الواضح إنهٌ جميعهم مُرَّ وبس."",Sadness"
"e8004eef0cb2bc2e,""قهر ٢١ مليون شخص ترحم عليه بالأخير يطلع حي"
"لو انا مكانه بتمنى اني مت صدق"",Sadness"
b3f0d6acd4f1297c,أتمنى لك النجاح في قهر أحلامك. أتمنى أن يكون لديك إيمان قوي بنفسك. Katie Raethke,Sadness
e3017db626fbded4,الله يطول في عمر ولي عهدنا الأمير المحبوب محمد بن سلمان ويزيدكم قهر و الم مهما حاولتم إخفاءه إلا أننا نراه في كل حرف تكتبونه,Sadness
"db628dfda732305f,""اين غيرة ورجال اليمن "

"الحوثي ينتهك أعراضهم ويذلهم   هل ماتت الغيره  او لا يوجد رجال  شرفاء  ؟ والله قهر  القبائل اليمنيه في وضع المتفرج   الموت دون الكرمه  والشرف  فخر وعز"",Sadness"
"92e6a9966301c765,""يشبع قهر "
"هاي العالم مو مال هيج انسان"",Sadness"
a9959e54e617627d,طيب قهر سويت اكل جديد ولذيذ اليوم وماوثقته,Sadness
dd52eda686417a51,ان شاءالله بس والله  قهر و شي يغبن,Sadness
"9e611ca7bce06126,""ما بين [ قهر الرجال ] وبين [ كيد الحريم ]"
دنياي جادت بصبرتها وحلتيتها

غنيت فيها قصيدٍ من سمعبه يهيم
ولا قدرت انشره .. خوفٍ على صيتها

قد فر من ظلمة الادراج بيتٍ يتيم
اهل المدينة تزين به حـوانـيـتها

"صح لسانك واعتلى شأنك"",Sadness"
156adbca7636ab32,صار عاددي اخيه قهر والله ! بس عااااااادي,Sadness
62a21848e5112b95,إلا تضيف ومحد طلب رايكم والله يزيدكم قهر,Sadness
4dfa6c5b9d5ce2e3,صح صح قهر مره خلاص هونت,Sadness
880156790459db30,قهر نسيت وش كان ببالي من كلام لان شحنت جوالي بس الزبده انو ذا الموضوع اهخخخ عُقدتي والله يخارجني من غير شر .,Sadness
"b5b91479029f91d9,""توني جايه بقول قهر ليتني منقطه "
اشوى مانقطت 
"الواحد لازم ياخذ حذره"",Sadness"
"90d911afd17786cb,""قهر والله ما نراه في السودان "
السودانين ماعمره هاجموا احد ولا ضرو احد فلماذ كل هذا الحقد على السودان 
السودان بلد مسالم بلد العلم بلد الشهامه 
"اللهم انصر اخواننا السودانين على من يحاول تفكيكهم وقتلهم"",Sadness"
"2ab60f3c99e6abbe,""#الهلال_الشباب"
"قهر ماشفتها توقيتها مو حلو"",Sadness"
0258fddb61d8222d,كانت نيتي اتنمر على احد فيكم بس قهر نقطوا كل الناس الا الي في بالي,Sadness
701917b61a245d00,أدري أنه قهر حتى انا مقهور بس شو نسوي,Sadness
"24095336256241eb,""بايجي يوم والزايدي بيكون مكان الضبيبي ويومها بايتمنى الزايدي لو انه جلس محبوس في المهره كان اشرف له وبايموت قهر."
الدنيا دواره ومن رضي على نفسه يستاهل.
"كلهم حذيان وساهموا في إفقار الناس وظلمهم والقتل والدماء وبايجي يوم يذوقوا من نفس الكاس."",Sadness"
c076e91f78768175,يا رب أنت وحدك تعلم ما أخفيه بقلبي، وتعلم ما في صدري، و تسمع ضجيج فكري، فاللهم إني اعوذ بك من قهر يؤلمني و من فكر يقلقني، يا رب اجبر قلبي..,Sadness
c205ddf9eef9591c,أتمنى لك النجاح في قهر أحلامك. فهمك العميق هو بوصلة في رحلة الحياة. شكر. Saturnina Hornbeck,Sadness
d7dba83450992192,ياجماعة أنا ما بحكي لا تسبوه بالعكس يلي يغلط عليكم أغلطوا عليه بس لما تيجوا تسبوه لا تقولوا يا مصري وكذا احكوا ب أسمه ترا احنا مالنا دخل فيه اقسم بالله قهر هذا ما يمثلنا اصلا واللي بيقول ليش تحكي سعودي انا أصلي سعودي,Sadness
cb0609a0203529c3,نموت في شيوخنا ومانبدلهم موت قهر,Sadness
a51233ee9d4deb54,قهر كنت مجهزه كوستم هتلر بس ما انعزمت على هالوين,Sadness
02e513d1266b36f0,قهر المرتزقه اليوم,Sadness
"aebbcb647bace4e7,""مشيت من غير ما اوجعك واردلك نفس الالم"
"وبقيت احبك واكرهك نصفي رضا ونصفي قهر"",Sadness"
ce6e1cb42bd1981c,جيمفورث كنت ادورهم ومالقيتهم قهر,Sadness
a116d66098c3d5e0,قهر جيت على الأخير,Sadness
"ce2fb1c2ec5fb157,""هذه الصورة """"قتلتني"""" عندما رأيتها لأول مرة، ملامح ألم مع قهر مع عجز"",Sadness"
3761b02fbbe03f63,موتي قهر وغبنه ياللي تنابحين على تاج راسك,Sadness
"2f401650fa86df71,""لو حَبَّت النّجمه نَهر"
طاحت على صدره سَنا

وإن مرّت الغيمه قهر
وإن هبّت النسمة قهر

ولو رمى طفلٍ حَجر
"عكّر مواعيد الهنا"",Sadness"
805cd2f095ee7278,ياناس ياعالم تكفون انتم يالهوامير ياخي ارفعوا هاشتاقات حرام ورب الكعبه لاعبين بدون اي شخصيه قياديه زي ناصر وكنو وسالم تنحط على كتفهم الشاره ونيفيز ما ياخذها قهر والله,Sadness
2c57427b877a8a8e,انطردت والله قهر,Sadness
"a07b1f8b20863109,""""""من قهر سيُقهر ، ومن ضر سيضر ، ومن ظلم سيظلم، ومن عاب ابتلى، فإن الله يمهل ولا يهمل"",Sadness"
ceaba6b85f6e8f0b,يا جعل كل لحظة قهر عشتها معك، ترجع لك أضعافها في أغلى ناسك.,Sadness
"fa57f347fcbc82a4,""أيتام بشار وزميرة "

فديو سمعناه مرات ومرات مافيه شيى مستخبي 
وبعدها اعلن انه رفض ينضم لبشار 
فطرد حماس من سوريا 
" أيتام بشار يموتون قهر جتكم خيبة"",Sadness"
50272797aa92e4f9,ياخي حسافة اخلاقك العالية ياعثمان على هالاشكال ما تعرف تجاريهم وتقول كلام البنات مهم حاله حال الباقي عشان يموتون قهر,Sadness
8eccaa4932ac8146,قهر كنت متحمسة له,Sadness
863e98b36697bf99,غبنه احسب صدق قهر,Sadness
4bd1e6da25e97333,قهر حمستني.,Sadness
539f3e0881bdf68d,موووووت قهر,Sadness
6728d46286c5c054,قهر ولله,Sadness
620c834e5985d932,قهر ياعمري الله يشفيها يارب,Sadness
"78d0e420bf76a4ee,""يا زمان العجايب وش بعد ما ظهر"
كل ما قلت هانت جد علمٍ جديد 
إن حكينا ندمنا وإن سكتنا قهر
"بين قلبٍ عطيب وبين راس عنيد"",Sadness"
"4fcd564b8f53b2fb,""قهر "
دكتوره بجامعه صنعاء 
"كليه الطب"",Sadness"
f129860cb4a2114a,موت قهر ، أيها الغبي,Sadness
20e1650bfb671b27,موتوا قهر..سوريا اصبحت حرة ..انبحوا بقدر ماتشاءون ...حجارة تكفي لاسكاتكم,Sadness
"96ee5b5b101fa299,""وربي يافينيي قهر المشكله اني ادري لو رجعت "
"بكون احسن من يستقبلها ولا كأني كنت زعلانه"",Sadness"
"10ff02d374fa3bd4,""لو حبت النجمه نهر ، طاحت على صدره سنا "
"إن مرت الغيمه قهر ، وإن هبت النسمه قهر"",Sadness"
"c8d25ddd83aaa71e,""سهم متروك قهر مشروك عدل مشبوك عظمة تلو كرم جمعه مسفوك جاري داري عندها مملوك ممحق مشقوق قربه مشكوك مال كتاب نظمه محبوك زاني متعالي حكمه مضحوك قود سياسة العبيد جعله مفروك دحض قواعد الظلم ساير المفكوك ضغم عقول فهم بطون ندره مصكوك حامل سموم عقيدته ممسوك وحد غرد بعقد السلوك."
"زخرف يا"",Sadness"
2d81520f15a9e194,فعلاً والله من اكثر الاشياء اللي المفروض ماتتكلم فيها الاشياء اللي الشخص ماله يد فيها او اللي يكرهها فنفسه لانك بتزيده قهر وغبنه ويمكن يقعد معه هالشي طول عمره,Sadness
9909d6118af21093,اعوذ بالله من قهر الرجال,Sadness
dbc8f1fe7ea05c43,الحمد لله الذي قهر عباده بالموت,Sadness
117dc7f6ffc5ed24,قهر ليته سجل بأول جوله كان بيكون سجل بكل جولات الدوري,Sadness
"e25aa31d593f9d44,""قهر "
"راحت الفعاليه عليّ"",Sadness"
"f1602fe26e9735bc,""قسم بالله الي صاير في التايم شي يكسر الخاطر"
ويضيق الصدر صرنا في زمن الرجال يستحي
ويحافظ على نفسه ولا يرمي نفسه عرضه للكل
ماحكينا الا من قهر لاتصيرين حلاوه مكشوفه لكل
"اسأل الله ان كان ابتلاء ان مع هالساعه يرفع عنكم هذا الابتلاء اسأل الله ان يستركم فوق والارض وتحت الارض ويوم العرض"",Sadness"
1069ab493a180ba6,دايما في اهم مناسبة عندك شعرك مايضبط وفي أزفت مناسبة وماتهمك شكلك يضبط قهر قهر والله,Sadness
f1fb7e030bb0a509,احد سراويل نشيمورا. يلطم عليه قهر,Sadness
aa98048aad5665c4,قهر مافكرت فيها,Sadness
b8429134a3222b59,اخخ قهر عاد المواقع والله اوفر بس شي ان فيه حلوه والله ويوصلون بسرعه هالفتره,Sadness
"6a6f4b665b6c4bc2,""وعدكم ترامب أيها التحريفيون التعديليون.. بعد إبادة غزة تريدون قهر الصحراويين"
الآن سيفهم العرب كيف يستلهم نتنياهو من الاحتلال المغربي أفكاره
"ابحثوا عن الأخطاء السبع"",Sadness"
9a24bd115292d8c2,قهر وش يعني اجل,Sadness
1506e86a9cda193f,أعوذ بالله من قهر الرجال,Sadness
"68344edaebb69f7d,""صاحب المنشور يافندم بايموت قهر "
باتجيها الدوووررههههه
"عادها بتطالب بدم افتهان لليوم"",Sadness"
"35f891bf0f6e7274,""اللهم انتقم منه وممن دعمه "
اللهم سلط عليهم جنداً من جندك ياقوي ياعزيز

في قلوبنا قهر وغبن على أهلنا في السودان العزيز لايعلم به  إلا الله

اللهم إليك نشكو ضعف قوتهم وقله حيلتهم وهوانهم على الناس
حسبنا الله ونعم الوكيل
حسبنا الله ونعم الوكيل
"حسبنا الله ونعم الوكيل"",Sadness"
53e857914248c160,قهر لو انك مو موجود افضل,Sadness
"38cf78fdbcbe1320,""آمين آمين"

طبيعته التواضع والبساطة 
"يزيل عمن يقابله رهبة الأستاذية وهو الأستاذ لأجيال بلا شك"",Fear"
"9107f612df7dc222,""رهبة"
"فهو ليس مجرد مبنى، بل هو حلم تحقق، وصورة مستقبلية تليق بعظمة الحضارة المصرية، تجمع بين فخامة الماضي وروعة الحاضر."",Fear"
b21606dcd8d9cc79,رهبة واحترام الحضارة المصرية  الملك توت عنخ امون  مجدنا يعود للحياة ،,Fear
"02f78db1bb398940,""تيهيونق إنسان مشاعره جياشه واضحه لا يخبيها لا يستحي منها قرين فلاق بحق وحقيقي"
سواء الي يحبهم من أصحابه يوم يعطيهم نظرات كأنهم أكثر شي يحبه بالعالم
"أو يوم مشاعره تفيض لأنه أشتاق للستيج وأنه يكون مغني مع إنه قابل الفان أكثر من مره بس الستيج له رهبه عنده"",Fear"
"871d47845ca32efb,""ينرحمون"
"عاده سنويه قبل كل ديربي تجيهم رهبه وخوف ويبدون يتفلتون في تويتر"",Fear"
"46a67850822f1454,""كان الله في عونكم يا اتحاديه"
"كل سنه قبل الديربي تجيكم رهبه غريبه وتبدون تتفلتون في تويتر ومنكم كثير الي يعلنها وينبطح"",Fear"
"a19c00e0edf0aad3,""#صوت_الأمة| المسلة المُعلقة تزين المتحف المصري الكبير.. تجربة بصرية نادرة تمزج بين رهبة التاريخ ودهشة التكنولوجيا"
#المتحف_المصري_الكبير
"soutalomma.com/1194901/"",Fear"
3298abaf7bf7d45b,كون انج تروحين صالون للعزا معناتها ماعندها احساس بالموت هذي عندها نظرة الناس لشكلها اهم، بأي نفس رايحه اتزين وعندها حالة وفاة! والاخت أنتقدت شي فعلا مقزز وقمنا نشوف هوالات بالعزاءات ، لكل مقام مقال ،اذا انتي وغيرج شفتوه عادي لا ترى كلش مو عادي، الموت له رهبه وحشمه,Fear
6aca2b89a5c2df1d,حين تزور المتحف الكبير، تشعر وكأنك تخطو داخل صفحات التاريخ الحيّ، فتغمرُك رهبةُ المكان وجلالُه، وتعيش لحظات استثنائية أمام روائع المصريين القدماء، أولئك الذين جعلوا من الحجر مادةً طيّعة تُجسّد عبقريتهم وخلود فنّهم.,Fear
d84181e5309cf7d4,تحمل على الأكتاف وتلقي الرهبة على الأمم فآحذروا أن تتشبهوا بالغرباء وتأخذكم منها رهبة إذا رأيتم الجموع أمامها ووراءها يسجدون لها بل قولوا في قلوبكم لك يا سيد ينبغي السجود فإن ملاكي معكم وهو يعنى بنفوسكم,Fear
"77f40387c2213a2b,""أعتقد أن من أخص المشاهد القارعة الرادعة، التي تنطق بها الأفواه تضرعا وتسبيحا، وترتعد لها مكنونات القلب رهبة وخضوعا وخشية وإخباتًا؛ رؤية المنتكسين بعد هدى، والمهتدين بعد ضلال!"
"إذ تثور في النفس الكثير من المشاعر المستفيضة! ما بين رهبة من دقيق عدل الله، ودهشة من عجيب حكمته، وفأل"",Fear"
"b0da795ef8242462,""إن قوماً عبدوا الله رهبة، فتلك عبادة العبيد، وآخرون عبدوه رغبة فتلك عبادة التجار، وآخرون عبدوه محبة وشكراً فتلك عبادة الأحرار الأخيار."
"#زين_العابدين #الحكمة_اليمن"",Fear"
"4cdbc747d7d4c2b5,""يوم قلت لامي "
قالت 
تعوذي من ابليس وصلي واقري قرآن 
هذا الكلام قبل سنه ونص
وللان اعاني من نفس الاعراض
"وعندي رهبه من مادة معينه معلقتها بالمستوى الثالث وانا الحين بالمستوى الخامس"",Fear"
1d36d2f659f52b73,في أرض لاتعرف الصمت كان هو وحده القادر على إسكاتها رونالدو الاسم اللذي حول ضجيج الكامب نو الى رهبةٍ خالدة,Fear
"a97f84c3eaccda32,""احذروا  الإشراك مع الله  في الدعاء وسائر أنواع القرب (توسل  تقرب  اذكار  اعتماد وتوكل  رغبة رهبة..الخ) كلها لو صرف منها شيء واحد لغيره جل جلاله الواحد القهار فإن الإنسان على خطر عظيييم  فالله لا يرضى أن يُشرك معه أحد"
"اتقوا الله وانصرفوا عن هذه المشاهد"",Fear"
263e8a27d7420fc0,الزحمه لان في حمير نفسها والا احد عاقل يوقف بنص الطريق ! أصلا رهبه الطريق و الناس كفيله بنسف اي فكره إنسانيه تخطر ببالك .. ومع ذلك وقفت .. الله يعين أهلها احس الموقف ذا يوضح قد ايش هي بارده و تجلط,Fear
"713f206885286104,""وإن سألوك عن مصر "
قول لهم لا تشبه غيرها رهبة وهيبه وعظمة لاتقارن 
"عجيبة غريبة فريدة وأم الكون"",Fear"
890b940f8b273716,أمیرالمؤمنین علي (علیه السلام)- فَتَبَارَك الَّذِي یَسْجُدُ لَهُ مَنْ في السَّماواتِ وَ الْأَرْضِ طَوْعاً وَ کَرْهاً وَ یُعَفِّرُ لَهُ خَدّاً وَ وَجْهاً وَ یُلْقِی بِالطَّاعَةِ إِلَیْهِ سِلْماً وَ ضَعْفاً وَ یُعْطِی لَهُ الْقِیَادَ رَهْبَةً وَ خَوْفا.,Fear
"246d267a7649f15b,""قبل الفجر وأنا أمشي في الحارة شفت مشهد قبض قلبي"
إسعاف واقف عند أحد البيوت بإضاءاته اللي تزيد الموقف رهبةً وعُتمة

المشهد نبش الذاكرة واستحضر فجر الاحد قبل ثمان سنوات

مشهد الاسعاف شايل جدتي و طالع من بيت ابوي

انا جاي بعد ما بلغني عمي بوفاتها عليها رحمة الله و الاسعاف يغادر

"من"",Fear"
"53fc724392124c86,""ماودييي احلففففف ولكننن لو ابوعبير الي منفذ البلنتي هدفففف عيال الغربية فيهم سطاوة تاريخيه ولاتجيه رهبه او خوف يعني حاسم لوتعطيه بلنتي بنهائي كأس العالم سجله وهو يضحك "
"@Abu_abeer16"",Fear"
"414ec2a760020c0c,"""""" أحب فكرة العودة الساكنة في كل شيء ،العادية بعد صخب السعادة ،الرضا بعد جزع التغيير ،سكينة المعرفة بعد رهبةِ الجهل وصولاً إلى شارع الحي المألوف بعد الطرقات الواسعة """"."",Fear"
"3a4b7848ad98fa16,""كُل حزنٍ قبل فقدك كان هيِّنًا"
و  كُل ألمٍ كان بسيطًا
لا شيء على الإطلاق يشبه رهبة موتك لا شيء

اللهم ارحم أبوي برحمتكَ التي وسعت كلَّ شيء
"يا أكرم الأكرمين"",Fear"
"549c84d5902e38ab,""صرخة مسجورةً على باب عوفر / قلتها في زوجتي الأسيرة "

-1
زرتُ المحاكم والحديدُ سياجُها
فتزلزلتْ من رهبةٍ أوتاري

لما رمتني بالدموع كأنها
شمسٌ تسيلُ بنارِها أشعاري

فاهتزَّ قلبي مثلَ كل مدينةٍ
قُصفتْ بنار عدوِّها الغدّارِ
"#أشرف_حشيش"",Fear"
"6cd38e3eccb74652,""أنا ضد هذا النوع من المقابلات، أصلا الشخص جاي وهو متوتر من ولاشي( رهبة المقابلة)."
" لك وله ثلاث شهور في اول الوظيفة تدربه وتعلمه ولك الأثر والاجر وهذا دور اي منظمة بذات لحديثي التخرج"",Fear"
"2080172400d81ec7,""هههههههههههههههههه "
 اهم شي صوت الباكقراوند على موضوع التاتو تحس رهبة 
كل ديجي يحاول يستنقص من الثاني 
واحد يحاول يبني شخصية ومافي فايده اخررطي  والثاني عقدة النقص واضحه عليه 
"الله يهديكم"",Fear"
"75384adc6abb255c,""""""السلام عليكم يا إخوان، بموت بعد شوي بس انتظروا أفضحه"""""

 حرفيًا كذا صرنا؟ والله صار الموت يمشي مع دراما وتفاعل ورياكشنات، لا رهبة، لا احترام، كله مزاح وتفاعل. زمن غريب، نضحك على أشياء المفروض توقفنا لحظة نسكت فيها.

"ما أقول غير الله يسامح الي كان السبب."",Fear"
"3b3bfa6e5d5c0f78,""أمیر المؤمنین علي(علیه السلام):-"
"فَتَبَارَك الَّذِي یَسْجُدُ لَهُ مَنْ في السَّماواتِ وَ الْأَرْضِ طَوْعاً وَ کَرْهاً وَ یُعَفِّرُ لَهُ خَدّاً وَ وَجْهاً وَ یُلْقِی بِالطَّاعَةِ إِلَیْهِ سِلْماً وَ ضَعْفاً وَ یُعْطِی لَهُ الْقِیَادَ رَهْبَةً وَ خَوْفا."",Fear"
"5902537f6b3ea07c,""فأنت َ بعيدٌ"
وأنت َ قريبٌ
تساويتَ  عندي
كبيتٍ من الشعرِ يملأُ صمتي
وتمنعني رهبةٌ أن أقوله .

"- لميعة عمارة"",Fear"
"646c4934c7b6ec02,""تسعة أعشار العظمه تسكن في مصر والعشر الاخير يطوف العالم نهاراً ثم يعود ليبيت ليلته في مصر"
 وان سألوك عن مصر قل لهم لا تشبه غيرها، رهبة وهيبة و عظمة لاتقارن
 عجيبة غريبة فريدة وأم الكون 
#مصر_أم_الدنيا  
#المتحف_المصري_الكبير 
#Egypt_IS_Calling 
"#grandegyptianmuseum"",Fear"
"acc29fed897dd691,""دائماً أعاتب نفسي لهذا الشعور، وتعتريني رهبةٌ أشكك فيها من صدق نيتي. "
لكني أضع لومي على قلقي،
"والله لطيف."",Fear"
"e53326a362357f5d,""بينما الجميع يقف خائفًا مرتعبًا"
كيندو يقف امام الوجود المظلم وينظر اليه دون رهبة او خوف…..
"#فورتنايت"",Fear"
"9bd9c5e90e4b5c1f,""{وَمَا النَّصْرُ إِلَّا مِنْ عِندِ اللَّهِ الْعَزِيزِ الْحَكِيمِ}آل عمران(126)"
2-{ وَإِن يُقَاتِلُوكُمْ يُوَلُّوكُمُ الْأَدْبَارَ ثُمَّ لَا يُنصَرُونَ}آل عمران(111)
"3-{لَأَنتُمْ أَشَد رَهْبَةً فِي صُدُورِهِم منَ اللهِ ۚ ذَٰلِكَ بِأَنهُمْ قَوْمٌ لَّا يَفْقَهُونَ}الحشر(13)"",Fear"
"5157635412d1f5ac,""ليلة البيان"
كنا جلوسًا حول المذياع، والليل يثقل القلوب.
"ما إن سمعنا الصوت يقول """"أيها الشعب الجزائري…"""" حتى تجمّد كل شيء."
كانت الرعشة في الجسد، لا من برد نوفمبر، بل من رهبة الميعاد.
لم نعرف إلى أين نمضي، ولا ماذا ينتظرنا،
"لكننا علمنا أن الرجوع خيانة، وأن الموت أهون من الصمت."",Fear"
"8d669d85a8629baf,""بنت اختي شافتنا نتهاوش اخر الهوشه قالت لاتنسون اللايك والاشتراك  "
"هالجيل مافيه اي رهبه وخوف كل شي عندهم مزح"",Fear"
"cbb881b5e4dbf325,""تغريدات رقله الهلال كابوووووووووسك "
النصراوي يعتف ان الهلال حتى وبينك وبينه ٣٧٣ نقطه يسبب لك رهبه وتتصافق ركبك لاقرب منك

"والله الحشره انك تدفع ٧٣٧٤٦٤ مليار وتقابل مدرب ماله ٣ ايام ويرصك ويكرشك من بطولتك الثانيه بالموسم"",Fear"
"ddc2f69b101616d1,""بناء مهارات العرض والإلقاء بثقة"
وتجاوز رهبة الجمهور 
#مهارات_عرض
wa.me/966598879420
#الهلال_الشباب 
"#كاريزما82"",Fear"
ed0c2c9cfcb78c67,(تشُتت،خوف،أمل،ضياع،رهبة،سعادة ،),Fear
"d995ae409048f48c,""لماذا نرى أُناسنا مايلاحظون مدى روعة شخصياتنا خلاف ذلك حين نذهب لمجتمع لم تسبق لنا رؤيتهم من قبل، نشوف قد أيش مبهورين فينا.."
هل 
الإعتيادية تفقد هذا اللمعان الموجود في داخل كل شخص فينا بالتواجد حولهم دائمًا؟ 
"أم هي رهبه من تكبر الإنسان وغرورة إذا عرف أنه هالقد ساطع حولهم؟"",Fear"
c0a1fc39ec991006,عندما تتكلم الرجال، لا تُبالي بلوم اللائمين، فتهتزّ القاعات هيبةً، وترتجف الأبدان رهبةً، حتى لو كانت أمريكا التي يرتعد منها العبيد، لكنها تقرأ ألف حسابٍ عندما يزؤرون.,Fear
"6d25f5e14e59621e,""أعظَمُ أسبابِ الرَّاحةِ في التَّعامُلِ معَ النّاسِ مُعاملَتهُم لله، لا طلباً لِمَودَّتِهِم ووَفائِهِم، ولا رهبةٍ مِن إساءَتِهِم."
"| إبنُ تَيميّة رَحِمهُ الله -"",Fear"
"99156246db0cfb3b,""عندما تقرأ لابن تيمية تشعر ان كل الكلام يُنسى ويذهب الا كلام هذا الرجل، له وقع غريب يستفز الفكر ويُحدث في العقل رهبة ودهشة فهو كمن لمس شيئا من السر الإلهي في البيان"
"سبحان الذي خلقنا وخلق ابن تيمية"",Fear"
9219af6667a80faf,ات مستغرب ليه انا اعرف نادي بيقولك عندي مبادئ وجايب لجان تهاجم الكل عشان يعمل رهبه وبلطجه للكل,Fear
"02fd546fc5896430,""جملة قوية ومؤثرة، تجمع بين رهبة العدالة الإلهية وسكن الطمأنينة للمظلوم."
"تجعل الظالم يخاف من تأجيل الحساب، وتمنح المظلوم يقينًا بأن الحق لا يضيع أبدًا"",Fear"
"50c5492c41dbfff8,""اللون البني الداكن هو صوت الأرض حين تفتح أفواهها"
أما ذوبان الأشكال فهو رهبة اللقاء الحق.
هنا لا بشر هنا الأرواح تعود لأصلها حيث التلاق لكل الذين تفرقوا في الظلام وأعادهم النور .

"قراءة """"مر من هنا""""."",Fear"
"ed07af37f1e99567,""""""اللهُم إني أسألك سلامًا ما بعده كدر، ورضى ما بعده سخط، وفرحًا ما بعده حزن""""."",Anger"
"036e42181143c05a,""رُبّ كلمة أردت بصاحبها سبعين خريفا في نار جهنم"
فكيف بما تتمنينه
-آمالاً قد تودي بك إلى سخط الله،وقد تموتي عليها،وقد يدركك ملك الموت عليها،فتجمعين من شهود الخلق عليك في هذه التغريدة وبين عقوبة الله الأعظم من شهود الخلق
"-لاتغرك قدرتك على تجاوز الحدود فالله أقرب إليك من حبل الوريد."",Anger"
b4839f67a46b5294,سخط على الشروكية المجوس .,Anger
58c5c1db1bbc04bb,وَإنَّ الْعبْدَ لَيَتَكلَّمُ بالْكَلِمَةِ مِنْ سَخَطِ اللَّهِ تَعالى لا يُلْقي لهَا بَالًا يهِوي بهَا في جَهَنَّم,Anger
2f379965cda164b7,اللهمّ إنّا نَسألُكَ سلامًا ما بعدَهُ كدر، ورضا ما بعدَهُ سخط، ونعوذُ بِكَ مِن تَعبِ الرّوح، وأرقِ الشُّعور، وشُحُوبِ الأيّامِ وكَسرِها .,Anger
"a9c4b01025178533,""يظل #سامي_الجابر  ذو عقلية صائبة وفكر رياضي  محنك  أبى من أبى و  سخط من سخط "
"وفُضت أفواه كل من يحاول ان يقلل من الهلال"",Anger"
"1458a7dc959a8640,""اللهم إنا نسألك سلاماً يروي أرواحنا فلا يتبعه كدر،"
ونسألك رضاً يملأ قلوبنا فلا يعقبه سخط،
"ونسألك فرحاً يغمر أيامنا فلا يزوره حزن."",Anger"
"76f3b700cbeb59ea,""وضع مسروقات الزكاه لعدم سخط امريكا وفساق الترفيه"
ا احمد الراجحي
س سلمان ال سلمان
اسر وتجميد
ي يزيد الراجحي
كذب  وتظليل
قَالَ أَمَّا مَن ظَلَمَ فَسَوْفَ نُعَذِّبُهُ ثُمَّ يُرَدُّ إِلَىٰ رَبِّهِ فَيُعَذِّبُهُ عَذَابًا نُّكْرًا (87)
" ْ تحصل له العقوبتان، عقوبة الدنيا، وعقوبة الآخرة"",Anger"
4c86fe90a23339ec,ساخطين اومها سخط لدرجة مشبوهة!,Anger
"3c1f6e7c38aa0037,""من سُخطِ القدر، ولعنةِ الحياة،"
أن تُحب امرأةً مرتبكة،
لا تعرف من أين تلمس قلبها
ولا في أي الأحوالِ تُحبك.
تشرعُ لك الأبوابَ بيد
وتُغلقها بالأخرى وهي تنتفض .
تأتيك بحرارةٍ كأنها قادمة من شوقٍ قديم،
ثم تخفتُ حد الانطفاء.
تراكَ ملاذها في وجهِ الحياة،
ثم تراها تخذلك،
"لتثبت لنفسها"",Anger"
90ffa2817a109824,إنَّ العَبْدَ لَيَتَكَلَّمُ بالكَلِمَةِ مِن رِضْوانِ اللَّهِ، لا يُلْقِي لها بالًا، يَرْفَعُهُ اللَّهُ بها دَرَجاتٍ، وإنَّ العَبْدَ لَيَتَكَلَّمُ بالكَلِمَةِ مِن سَخَطِ اللَّهِ، لا يُلْقِي لها بالًا، يَهْوِي بها في جَهَنَّمَ.,Anger
e297514b07712ed7,«إنَّ العبدَ ليتكلَّمُ بالكلمةِ من رضوانِ اللهِ لا يُلقي لها بالًا، يرفعه اللهُ بها درجاتٍ، وإنَّ العبدَ ليتكلَّمُ بالكلمةِ من سخطِ اللهِ لا يُلقي لها بالًا، يهوي بها في جهنمَ»,Anger
cc60eb71e91a6362,مود الظهاري عندي يسخط فوق سخط الظهريه نفسها,Anger
f21614e1051fb570,لعل الله سخط عليه في هذه الكلمة التي تأللا على الله بها فأصله واعمى قلبه وختم عليه,Anger
98812345aa067c70,لازم يواجهوه بكل شي ويتركوا عنهم المجاملات عشان يعرف انه فيه سخط من الاتحاد والجمهور.,Anger
"52a573ae7d676c9f,""كُلنا ذاكَ الذي تجري به #الأقدار بين خيرٍ وشـر ، وفرحٍ وحزن ، وعطـاء وحرمان"
فمن رضي فله الرضـا 
"ومن سخط فلا خيرًا استعجل ولا شرًا دفع"",Anger"
"1f2a0b5b8ae701f2,""أعباد المسيح لنا سؤال ---------- نريد جوابه ممن وعاه"
إذا مات الإله بصنع قوم ------------ أماتوه فما هذا الإله
وهل أرضاه ما نالوه منه ------- فبشراهم إذا نالوا رضاه
وإن سخط الذي فعلوه فيه -------- فقوتهم إذا أوهت قواه
وهل بقي الوجود بلا إله -------- سميع يستجيب لمن دعاه
"ابن القيم_"",Anger"
"9b10502cdbe3d580,""الظلم وضع زكاة المسلمين لعدم سخط امريكا واستراضاهم بفساق الترفيه"
وَأَمَّا الَّذِينَ آمَنُوا وَعَمِلُوا الصَّالِحَاتِ فَيُوَفِّيهِمْ أُجُورَهُمْ ۗ وَاللَّهُ لَا يُحِبُّ الظَّالِمِينَ (57)
" بالله وملائكته وكتبه ورسله والبعث بعد الموت وغير ذلك مما أمر الله بالإيمان به"",Anger"
40c8ce73ec9b3e84,عن أبي هريرة رضي الله عنه: أن النبي صلى الله عليه وسلم قال: إنَّ العَبْدَ ليَتكَلمُ بالكَلِمَةِ مِن رِضْوانِ اللَّهِ، لا يُلْقِي لها بالًا، يَرْفَعُهُ اللَّه بها دَرَجاتٍ، وإنَّ العَبْدَ لَيَتَكَلَّمُ بالكَلِمَة مِن سَخَطِ اللَّهِ، لا يُلْقِي لها بالًا، يَهْوِي بها في جَهَنَّمَ.,Anger
"a2d15e83cd75494e,""ا احمد الراجحي"
تبرئه الاهلاك
 رريما
ادخار مسروقات عدم سخط امريكا واسترضاهم بالافساد
اثباتات التخضيع والتكويع

ه هيا

وَيَقُولُونَ مَتَىٰ هَٰذَا الْوَعْدُ إِن كُنتُمْ صَادِقِينَ (٣٨)
"وكذلك الذين كفروا يقولون:"",Anger"
"749bffc8205901ab,""من أرضي الناس بسخط الله سخط الله عليه وأسخط عليه الناس "
"إشرب يا معرض"",Anger"
"c806faab10849ba3,""سبحان الله فعلاً "
"فمن رضى فله الرضى ومن سخط فله السخط"""""",Anger"
"13682f8d377d2a4f,""ولا تحسبن الله غافلاً عما يعمل الظالمون "
وإنه لخير إن شاء الله ،،، فالله هو المدبر ولا يخفى عليه 
شىء فى الأرض ولا فى السماء فالعدل لا يرضى إلا العدل 
"اللهم لا سخط على قضاءك ولكن نسألك اللهم اللطف فيه"",Anger"
"3dffdfa4deca4b25,""قد تفيد التحقيق "
لكن هي أحلام، سوف تنتصر الصحراء الغربية بإذن الله
"وصحراء غربية اطلسية بإذن الله، رضي من رضي وسخط من سخط"",Anger"
"a29e54f373736933,""""""اللهُم إني أسألك سلامًا ما بعده كدر، ورضى ما بعده سخط، وفرحًا ما بعده حزن"""". "

"وصبااااح الخير للجميع"",Anger"
"ef26ce9283bbde59,""واقلك الناس مش رح توقف حرام بالعكس رح تزيد فإشتري نفسك وبكفي هبل"
ومن علامات الساعة الكبرى هو خسف في المشرق والمغرب وخسف في جزيرة العرب وسببها انتشار الفساد في الأرض 
"قي نفسك من سخط الله"",Anger"
"3d6de8e1d25d0cd2,""هالوين عراقي.. ظاهرة تتسلل للمجتمع وتثير سخط المواطنين"

"#UTV_عراق"",Anger"
1a23bd9b05e71853,﴿تَرَىٰ كَثِيرًا مِّنْهُمْ يَتَوَلَّوْنَ الَّذِينَ كَفَرُوا ۚ لَبِئْسَ مَا قَدَّمَتْ لَهُمْ أَنفُسُهُمْ أَن سَخِطَ اللَّهُ عَلَيْهِمْ وَفِي الْعَذَابِ هُمْ خَالِدُونَ﴾,Anger
"e7bab78393b5961a,""اللهم يا واسع الرحمة، يا من إذا دُعيتَ أجبت، وإذا سُئلتَ أعطيت، نسألك في هذا الصباح المبارك أن تغسل قلوبنا من الهموم، وتغمرنا بعفوك ورضوانك، وترزقنا من واسع فضلك ما تقرّ به أعيننا."
"اللهم اجعل يومنا هذا فاتحة خير، ودوحة فرج، وميدان بركة، وساعة قبول، ورضًا منك لا سخط بعده يا أرحم"",Anger"
"8578ff4717c09915,""""""اللهُم إني أسألك سلامًا ما بعده كدر، ورضى ما بعده سخط، وفرحًا ما بعده حزن"""". #يارب_كلنا_كلنا"",Anger"
"de2a32c1cfc3361d,""اللهم يامن وسعت رحمته كل شىء ويا من لا يعجزك شىء فى الأرض ولا فى السماء  نسألك رضاك الذى لا سخط بعده  وقربك الذي لا بُعد معه  وسكينتك التى تملأ قلوبنا طمأنينة وسلام  "
اللهم آمين 
"صباح الخير"",Anger"
54b6c7357897416b,حين يأذن الله بقبض روح المجرم الكافر تبدأ لحظة لا رجعة بعدها لحظة تخرج فيها الروح من جسد من عاش ظالما أو مستكبرا أو محاربا لدين الله فتأتي ملائكة غلاظ شداد لا رحمة في وجوههم يحملون كفنا من نار وحنوطا من جهنم ويجلسون عند رأسه ويقولون اخرجي ايتها الروح الخبيثة الى سخط من الله وغضبه,Anger
"693924bdea69db5c,""اسأل الله العظيم رب العرش العظيم  أن يسعده ويوفقه ويبارك له"
في صحته وعافيته، ويرضى عنه
اللهم قر عينه بما يتمنى ويريد وارضى عنه رضاء لا سخط بعده أبدا.

 #جابر_عثرات_الكرام
"@allmouchaan"",Anger"
"1e801943226cfad6,""ومما تسعى إليه، وإن سألت الله شيئاً فاسأله أن تتفق مشيته مع مشيئتك، وأن يكون مرادك هو نفسه قدرك، لأن الله ربّ الخير لا يمنع خيراً ولا يأتي بِشَر. """"اللهُم إني أسألك سلامًا ما بعده كدر، ورضى ما بعده سخط، وفرحًا ما بعده حزن""""."",Anger"
"035217fd4a67394c,""اللهم ارزقنا إيمانًا لا ريب فيه ورزقًا لا جحود فيه وقلبًا لا قسوة فيه وصحة لا سقم فيها ورضوانًا لا سخط فيه.. يا رب لاتحرمنا من أمنيةً تُفرحُ قلوبنا وتوبَةً تَجلي هُمومنا وَفرجاً يكشـفُ الكَـرب عنا..."
                   ... آمين يا رب العالمين...
"     #صباح_الخير_والسعاده"",Anger"
"ce6f95848c6c9a41,""#ابن_سليمان"

"اللهمَّ أسعد قلبه، وقرّ عينه بكلّ ما يتمنّى، وارضَ عنه رضا لا سخط بعده، ووفّقه في أموره كلّها، واجعل له من كلّ همٍّ فرجًا، ومن كلّ ضيقٍ مخرجًا، ومن كلّ بلاءٍ عافية، اللهمَّ ارزقه سعادةً لا تزول، وصحةً لا تحول، وحقق له أحلامه، واملأ أيامه بالرضا والبركة والطمأنينة،"",Anger"
6e12affddb800a9f,سخط الله عليكم,Anger
"1a3d39781d717995,""مابعدالشرأمريقي من سخط الله"
تربين علي ياعلي ياحسين 
ولم يتربين على يا الله 
إذا الرسولﷺيقول (يافاطمة اسأليني من مالي ما شيئتي لااغني عنك من الله شيئا)
فكيف تتوسلون بأهل القبورالذين لم يحموا انفسهم فكيف يمدون غيرهم بالنفع
انتم ومشركي مكة سواء تدعون خلق الله من دونه
"اتباع المجوس"",Anger"
c72208877055d161,اسأل العظيم ربّ العرش العظيم أن يشفيها شفاء لا يغادر سقما وان يجعل ما أصابها نوراً وطهورا ويجمع لها بين الاجر والعافيه ورفعة لها في الدرجات ولنعلم ان الله إذا احب عبداً أصاب منه فلترضى بأقدار وتعلم انه خير فمن رضي فله الرضا ومن سخط فعليه السخط وهي من أهل الرضا بإذن الله تعالى..,Anger
"cbbb5f9a69504139,""صلاة الفجر"
تجعلك في ذمــة الله
سنتها: ركعتين قبل الصلاة

اللهم ارزقني صلاة الفجر حاضرًا وارزقني بعدها نورًا في الوجه وسعةً في الرزق، وبركةً في الوقت ورضًا منك لا سخط بعده أبدًا
"#الحمدلله_دائماً_وابداً"",Anger"
"114f1f2f4d8b569f,""كل إنسان يعتقد أنه مُبتلى أكثر من غيره ."
و الحقيقة أن كلًا منا لديه ما يعانيه و يعكر صَفْوَهُ 
هي أقدار كُتبت بحلوها ومرها فلا بد أن نكون بين شُكر وصَبر 
"فمن رضي فله الرضاومن سخِط فله السخط"""""
فالحمد لله شكرًا و امتنانًا و اقرارًا بفضله و اعترافًا بعظيم كرمه

"صباح الرضا"",Anger"
"c41b9f127d9b6a27,""صلاة الفجر"
تجعلك في ذمــة الله
سنتها: ركعتين قبل الصلاة

"اللهم ارزقني صلاة الفجر حاضرًا وارزقني بعدها نورًا في الوجه وسعةً في الرزق، وبركةً في الوقت ورضًا منك لا سخط بعده أبدًا"",Anger"
2ed2d78f35aed4df,شفت تغريده واحس لو ضحكت عليها بيجيني سخط الدنيا والاخره,Anger
"75e3065e25630ccf,""""""رِضا تام، ولو أن الأيام لا تسير كما أحبّ، أو كما أَشتهي، أو كما ينبغي عليها أن تكون، لكنني وحيث أكون هنا؛ أجلس برضا لا ينتابني فيه سَخط، ولا جزع، رضا من خسر كل الأشياء وملكَ نفسه، الحمدُ لله"""""",Anger"
6dacba025a753357,ابتلعتوا الحنش يا دويلة الإمارات، وهذه المرة لن تسلم الجرة. فصوت الثكالى والمظلومين والأطفال ليس بينه وبين الله حجاب، وسيصيبكم سخط الله، فقط انتظروا.,Anger
971b535a6944c211,وإنَّ العَبْدَ لَيَتَكَلَّمُ بالكَلِمَةِ مِن سَخَطِ اللَّهِ، لا يُلْقِي لها بالًا، يَهْوِي بها في جَهَنَّمَ.,Anger
7ea27b534266bc97,عليك سخط الله الله عزوجل من امر بغطاء الوجه وفرضه ع نساء المؤمنين اذا انت خارجة من ملة الاسلام فلا يعنيك الامر يانجسه,Anger
160a30ed63857870,اعوذ بالله لا تكوني حول فئة بشكل ذا حتى لو مجبوره عشان لما يجي سخط ربك عليهم مايصيبك .,Anger
c9291ea46e18d92c,...أما منذ الإنقلاب علي عهد الله و رسوله بداية قرن 19 وقعت السيبة زوكو الصهيونية الدولية(كما وقع في قرن 10 تركيا)إلي يومنا هذا من فساد و سفك دماء شعوب العالم...يريد القرد أو الخنزير عباد لخرا الشيطان الصهيوني إبادة أحرار الأمة بأمريكا كما فعل بفرنسا...هدف سخط لعنة الله,Anger
5aa9b2480683cb23,لاحول ولا قوة إلا بالله، اللهم إني أبرأ من حولي وقوتي وتدبيري إلى حولك وقوتك وتدبيرك، لا إله إلا أنت لا يعجزك شيء وأنت على كل شيء قدير، فيارب آتنا من خير الدنيا ونعيم الآخرة ، وبدل كل حال شقاء كتبته إلى سرور ورضا لا يعقبه سخط ~,Anger
c13efa3fb88de0cf,والذي نفسي بيده أنك ستُسألين، ألا سخط الله وغضبه عليك.,Anger
"aeb63026034268e4,""احس بتناقض اكثر من سعاده أو حزن "
مرات ماأعرف إذا اللي أحسه حقيقي أو اوهام 
يمكن فعلاً وهم    
بس ليه كل مره يجيني وسوسه بأذني ويقول شعورك كذبه
"وش سخط التوهان والتشتت اللي بيوصل لقاعي هذا"",Anger"
"2b69c97bbd246916,""برمجة خطاب محمد السادس مباشرة بعد صفعة تمديد مجلس الأمن لولاية بعثة الأمم المتحدة لتنظيم الاستفتاء بالصحراء الغربية """"المينورسو"""" هدفه امتصاص سخط العارفين بالسياسة وتمديد سبات الغافلين والمغفلين في الداخل المغربي عبر تقديم القرار على أنه """"نصر مزعوم""""."

#الجزائر
"#الصحراء_الغربية"",Anger"
"9caae010990c14bc,""""""اللهُم إني أسألك سلامًا ما بعده كدر، ورضى ما"

 بعده سخط، وفرحًا ما بعده حزن

#تصبحون_على_ما_تتمنون
"#لولو"",Anger"
"4c951ce1c2bc4a7c,""احسنت قال الرسول"
من رضى فله الرضى 
ومن سخط فله السخط
"اللهم اجعلنا كن اهل الرضى والخير"",Anger"
"490376132437392f,""اسأل الله العظيم رب العرش العظيم  أن يسعده ويوفقه ويبارك له"
في صحته وعافيته، ويرضى عنه
اللهم قر عينه بما يتمنى ويريد وارضى عنه رضاء لا سخط بعده أبدا..
 #جابر_عثرات_الكرام
"@allmouchaan"",Anger"
"e2857c5901ac8a22,""قال صلى الله عليه وسلم :"
مَن حالَت شفاعتُهُ دونَ حدٍّ من حدودِ اللَّهِ فقَد ضادَّ اللَّهَ ،ومَن خاصمَ في باطلٍ وهو يعلمُه ،لم يزل في سخط اللَّه حتَّى ينزِع عنهُ ، ومن قال في مؤمنٍ ما ليسَ فيه أسكنَهُ اللَّهُ رَدغةَ الخبالِ حتى يخرج ممَّا قال
"رواه أبو داود وصححه الألباني"",Anger"
"c2dcaacf2afb492a,""– الافلام الاباحية ليست شهوة عابرة، بل معصية تغضب الرب، وتسخط الجبار، وتطفئ نور القلب، وتقسي الفطرة، وتفتح ابواب العذاب في الدنيا قبل الاخرة"
كم من عبد اذل، ووجه اظلم، وقلب اغلق، بسبب نظرة لم تغض، وشهوة لم تكبح
"فالحق نفسك قبل ان يقال: سخط الله عليك"",Anger"
"42a42faa5cd60652,""ماشاءالله تستاهل كل خير كثر الله خيرك "

"اللهُم إني أسألك سلامًا ما بعده كدر، ورضى ما بعده سخط، وفرحًا ما بعده حزن""""."",Anger"
"942a93efd66e070a,""اللهُم إني أسألك سلامًا ما بعده كدر، ورضى ما بعده سخط، وفرحًا ما بعده حزن..."
"#يارب"",Anger"
"f997d839f5064d6c,احذر ذنب الخلوات ومشاهدة المحرمات؛ فإنه من أسرع الطرق لجلب سخط الله عليك. تكرار النظر للمقاطع الإباحية يقتل الإيمان ويزرع قسوة في القلب لا تُزال. تذكر أن الله يراك، واقطع هذه العادة المهلكة. تب الآن؛ لا تؤجل الندم.,Anger"
"11a1d4a8bf99ac2c,""#ابن_سليمان"

"اللهمَّ أسعد قلبه، وقرّ عينه بكلّ ما يتمنّى، وارضَ عنه رضا لا سخط بعده، ووفّقه في أموره كلّها، واجعل له من كلّ همٍّ فرجًا، ومن كلّ ضيقٍ مخرجًا، ومن كلّ بلاءٍ عافية، اللهمَّ ارزقه سعادةً لا تزول، وصحةً لا تحول، وحقق له أحلامه، واملأ أيامه بالرضا والبركة والطمأنينة…"",Anger"
37c14552bd229d92,اللهمَّ أسعد قلبه، وقرّ عينه بكلّ ما يتمنّى، وارضَ عنه رضا لا سخط بعده، ووفّقه في أموره كلّها، واجعل له من كلّ همٍّ فرجًا، ومن كلّ ضيقٍ مخرجًا، ومن كلّ بلاءٍ عافية، اللهمَّ ارزقه سعادةً لا تزول، وصحةً لا تحول، وحقق له أحلامه، واملأ أيامه بالرضا والبركة والطمأنينة، واصرف عنه كل,Anger
"21b2ad017faed077,""ابن_سليمان"

"اللهمَّ أسعد قلبه، وقرّ عينه بكلّ ما يتمنّى، وارضَ عنه رضا لا سخط بعده، ووفّقه في أموره كلّها، واجعل له من كلّ همٍّ فرجًا، ومن كلّ ضيقٍ مخرجًا، ومن كلّ بلاءٍ عافية، اللهمَّ ارزقه سعادةً لا تزول، وصحةً لا تحول، وحقق له أحلامه، واملأ أيامه بالرضا والبركة والطمأنينة،"",Anger"
"1c020ed5ff9d0e4c,""#سامي_الجااابر_يطقطق_على_انزاغي"
ولو سَخِطَ امرؤ يُولَى جميلاً
"vيy4"",Anger"
810f6225d71d8684,1515-  عن النبيّ ﷺ قَالَ: إنَّ الْعَبْدَ لَيَتَكَلَّمُ بِالكَلِمةِ مِنْ رِضْوَانِ اللَّهِ تَعَالى مَا يُلقِي لهَا بَالًا يَرْفَعُهُ اللَّه بهَا دَرَجاتٍ، وَإنَّ الْعبْدَ لَيَتَكلَّمُ بالْكَلِمَةِ مِنْ سَخَطِ اللَّهِ تَعالى لا يُلْقي لهَا بَالًا يهِوي بهَا في جَهَنَّم,Anger
ccff63a2843bd033,إذن الكرة دبا فملعب البوليزايو لي خرجات قبل يومين كتهدد بالإنسحاب من المفاوضات وربما حمل السلاح ضدنا... لكن هاد الأمر غتكون عندو عواقب وخيمة ، كتصنيفها كمنظمة إرهابية مثلا  (مع ترامب كولشي ممكن) ، وهاد الأمر عيكون عندو أثر على الجزائر لي كتحتاضنهم تا هي ، سخط المجتمع الدولي,Anger
"44822ee6aa0a493e,""وتحسبونه هينا وهو عند الله عظيم "
"ويقول رسول الله صلى الله عليه وسلم ان العبد ليتكلم بالكلمه من سخط الله لا يلقي لها بالا يهوى بها في جهنم"",Anger"
"ea27319a23b3b1da,""والمقاصد تختلف"

١- يدعو للرضاء بالقدر والصبر (من رضي فله الرضى ومن سخط فله السخط)

"٢- ان لا تقول الكلام السيئ حتى لا تجذبه ثم يحصل، وان تقول الكلام الجيد """"انا حلو انا حلو انا حلو حتى اصير حلو"""" هذا هبد بامتياز"

"واضح انهم بعيدين كل البعد عن بعضهم ولا؟!"",Anger"
"feba612a057418cc,""اللهم إني أسألك سلاما ما بعده كدر ورضى ما بعده سخط وفرحا ما بعده حزن ."""""",Anger"
"019efe6294424962,""ههههههههههههههههههههههههههههههههههههه"
السخط هو عدم الرضى بالقدر بس انك تقول مت جاني سرطان وانا كذاب لا مو سخط
"هههههههههههه والله لو الشيخ مبارك ماتطلع منه هالفتاوى"",Anger"
"78ddfce8e44cda84,""والنصر لا يأتي إلا بعد الصبـر والصبر امتحان المؤمنين "
فمن صبر ظفر ومن سخط سقط
"          بعون الله قربت"",Anger"
bb9a63c214140340,لا حول ولا قهوة إلا بالله.. العالم ايش صاير فيها؟ ليه تغش زبائنك ببضاعة رديئة بعدين يدعون عليك وتنتشر سمعتك السيئة بين الناس وتذهب بركة رزقك وتنال سخط ربك..,Anger
"82903a37a093ea77,""حديث الرسول عن الفأل الحسن"
وحديث من سخط له السخط
كلها تدور حول هالموضوع
وعلم الطاقه والشركيات مالها دخل
"الاسلام يوضح لنا قوانين الحياه مانحتاج علوم الشركيات عزيزي والاسلام مو دين بسيط عشان تتوقع انه مايناقش هالاشياء"",Anger"
"7e1bfb04bc1177d8,""قال صلى الله عليه وسلم"
(يوشك إن طالت بك مدة أن ترى قوما في أيديهم مثل أذناب البقر يغدون في غضب الله ويروحون في سخط الله)
"صحيح مسلم...7374"",Anger"
"4dff1153dbd1663f,""قال ﷺ:"
«تَعِسَ عبدُ الدينار، وعبدُ الدِّرهم، وعبدُ الخميصة، إن أُعطي رضي، وإن لم يُعطَ سخط»
(صحيح البخاري)

المعنى:
من جعل المال غايته رضي إن أُعطي وسخط إن مُنع فهو عبد للدنيا لا لله
"السعادة ليست في ما نملك بل في قلبٍ راضٍ وقناعةٍ بما قسم الله ."",Anger"
5a41aa89533d7347,عايزة اكتبها هنا في العلن بس ما حقدر والله حأكتمها في نفسي واقول سخط الله الامارات,Anger
"8fa12381ad305f7a,""عن عائشة رضي الله عنها أنّ رسول الله"
صلّى الله عليه وسلّم قال :

(( منِ التمسَ رضىٰ الله بسخط النّاس؛
رضي الله عنه وأرضىٰ عنه النّاس،  ومنِ
التمسَ رضىٰ النّاس بسخط الله؛ سخط
الله عليه وأسخط عليه النّاس )) .

"| ( رواه ابن حبّان في صحيحه )"",Anger"
5ef8c1940b67e864,سخط عام من ابناء عدن والجنوب من بعض التصريحات التي يحاول المتطرفين من حزب الاصلاح الاخونجي وعلامهم نسب الارهابي المدعو أمجد خالد الى عدن وتلميعه انه قائد المقاومة الجنوبية ونقول لهم ان هذا الارهابي ومن يدفع به هم جزء اساسي من الارهاب ولا ينتمي الى عدن واهلها.,Anger
04bd84fee7f2419c,عن النبيّ ﷺ قَالَ: إنَّ الْعَبْدَ لَيَتَكَلَّمُ بِالكَلِمةِ مِنْ رِضْوَانِ اللَّهِ تَعَالى مَا يُلقِي لهَا بَالًا يَرْفَعُهُ اللَّه بهَا دَرَجاتٍ، وَإنَّ الْعبْدَ لَيَتَكلَّمُ بالْكَلِمَةِ مِنْ سَخَطِ اللَّهِ تَعالى لا يُلْقي لهَا بَالًا يهِوي بهَا في جَهَنَّم,Anger
"a477053304d1a6f4,واعلمْ أنَّ للكلمةِ التي تصدرُ منك تبِعاتٍ وأثرًا؛ فإمّا أن ترفعك، وإمّا أن تهوي بك. قال النبي ﷺ: «إنَّ العبدَ ليتكلَّمُ بالكلمةِ من رضوانِ الله لا يُلقي لها بالًا، يرفعه الله بها درجاتٍ، وإنَّ العبدَ ليتكلَّمُ بالكلمةِ من سخطِ الله لا يُلقي لها بالًا، يهوي بها في جهنم».,Anger"
dffd1f301984ca34,اذا هذي مشكلتك لا تتوقعين ان كل الناس مثلك انا و بعيلتي و اقاربي ناس تكشف و تتزين و ناس تغطي و تتستر .. المسألة حرية شخصية بس الظاهر انتو عندكم الحرية بخلع الحياء و سخط الرب او بلاش!,Anger
5656a8d95affe45f,هذا الي اعجبني ان مابا ماكابروا على القرار ولما شافوا سخط قراء المانجا والفاهمين بالعمل عرفوا غلطهم و غيروا المخرج على طول و جابوا مخرج كان كفؤ ل هذي المهمة وزي ماقلت ما اكتفى انه يكون مجرد بديل بل اعاد صياغة كل شيء يخص الانتاج وطلع لنا بنتيجة تاريخية,Anger
"7280a1249faa660f,""واحسرتنا على بشاعة المنظر"
كل هذة الدماء تكون لعنةعلى من تسبب بدمار السودان
"سخط الله سيحل على المنطقة باكملها بسبب سكوت كل الدول على هذة الجرائم"",Anger"
ca31d883189a4bc3,توصلت “قسد” إلى اتفاق مع قوات “الصناديد” بريف الحسكة عقب توتر داخلي إثر مداهمات ضد أبناء عائلة الهليل في قرية كرهوك، يقضي بإعادة السيارات والأسلحة المصادرة والتنسيق المسبق قبل أي إجراء أمني داخل مناطق “الصناديد”، مع التشديد على منع تكرار التجاوزات وسط سخط شعبي متزايد.,Anger
3bcad1092e35b79a,واضح الندم والحسرة من سخط ماما فرنسا على الكراغلة وأنت طبعا منهم. عقلها سينفجر,Anger
"400a6006cf75a353,""لو يعلم ذلك الشقى كم من الأوزار و الأرواح حملها فى عنقة بهذه الأمنية و تلك الكلمات بسيطة العدد عظيمة العاقبة إن لم يتب و يستغفر الله و إن لم يتقبل الله توبته!!!"
إن الرجل ليتكلم بالكلمة من سخط الله لا يلقي لها بالا فتهوى به فى جهنم سبعين خريفاً
"أعاذنا الله و إياكم"",Anger"
"0dbff421198c32de,""""""ولو علمنا الغيب، فقط لو علمناه، لاستكثرنا من الخير، وما مسّنا السوء. "
"ولذلك لا نعلمه، ليميز الله الصادقين بصدقهم، وليمتحن الله صدق الإيمان بالغيب، فمن رضي فله الرضا، ومن سخط فله السخط، وإن القدر سيجري على كل حال، والله غني عن العالمين"""""",Anger"
"95c06cff099105ea,""للاعتداء ليلة أمس الخميس،أثناء تواجده في معسكر المليشيا بمديرية قشن،من قبل عناصر مقربة من قائد المليشيات بالمهرة  المتطرف “عبدالله سديف الجدحي”"
"وأوضح المصدر أن “السماحي”أصيب بكسور متعددة في جسده نقل على إثرها إلى المستشفى وهو في حالة حرجة،وسط سخط واسع بين عناصر مليشيا “درع الوطن"",Anger"
"eb543d94d77c8433,""يقول ﷺ: (إن العبد ليتكلم بالكلمة من سخط الله ما يلقي لها بالًا يكتب الله له بها سخطه إلى يوم يلقاه) "
ليتهم يحطون بالهم عند كل حرف يقولونه ويدرون انه ألسنتهم وأيديهم الي يكتبون فيها بتشهد عليهم يوم القيامه، او بتشهد لهم 
"الله يهديهم ولا يبلانا يارب"",Anger"
14384c24c6d64364,سخط الله على المغرب هذه هي الاستفادة,Anger
"2b130366aa03318b,""لا تضع نفسك تحت سخط الله ومقته  .... "
وعلينا وعليك بتقوى الله تعالى  وحُسن الخُلق والقول السديد  ...
" هذا وسلامتكم ."",Anger"
"3549b3505d390966,""الاسباب الي ذكرتها هي فقط اسباب دعم الامارات للمجازر في السودان امام الملئ وبدل الوقوف علي حق  تقرر انك تدعم مجازر الحكوكة وكانهم اله هينزلون عليك سخط اذا عارضتهم "

"والله عبادة الحكام قبل الله هو اسوا داء اصاب الامة"",Anger"
"50afb254c7185fef,""استغفر الله واتوب إليه"
وهل رضا الوالدين يعني سخط رب العالمين؟؟؟
اذا امرها بالصلاه ماتصلي وهو بيفهم من نفسه 
"اما انها تصلي كذا هذي مدري وش اقول عنها"",Anger"
530114c7c988bccd,سخط على البشرية كلها,Anger
"fc93df7265d36c24,""قال الإمام ابن الجوزي رحمه الله :"

فكم أفسَدت الغيبة من أعمالِ الصالحين ،
وكم أحبَطت من أجور العاملين ،
وكم جَلبت من سَخَطِ ربِّ العالمين.

"التذكرة في الوعظ(١ / ١٢٤)."",Anger"
34d38ffb054287f4,قال رسول الله صلى الله عليه وسلم:(يَكونُ في هذه الأُمَّةِ في آخِرِ الزَّمانِ رِجالٌ-أو قال: يَخرُجُ رِجالٌ مِن هذه الأُمَّةِ في آخِرِ الزَّمانِ-معهم أسْياطٌ كأنَّها أذنابُ البَقرِ، يَغدونَ في سَخَطِ اللهِ، ويَروحونَ في غَضَبِه)يا طبيق دماء الابرياء في رقبتك وعند الله تجتمع الخصوم,Anger
6b227d74fff26988,تصريحات نارية من المناظل ابو نواف يبدو ان وراء الأكمة سخط شعبي كبير ضد الأنقتالي,Anger
"6462a700b4e6cd37,""امين الله يرحم والدين على الطيب ربوك "
"اسال الله لك سعاده لايعقبها شقاء وغنى لايعقبه فقر ورضى لايعقبه سخط وعفوا وعافية ومعافاة في الدين والدنيا والآخرة ."",Anger"
47c44a1af663fc4c,هي وش سو السودانين فيهم شعب طيب امين لا حول ولا قوة الا بالله ما يخافو من سخط الله عليهم,Anger
"45c5ca882d5ef533,""يارباه!"
مشاعر وأحاسيس مختلطة تعتورني الآن وأنا أشاهد اللقطة.
لا أدري ما هو إحساسك هشام ؟
"ولا أدري بالضبط كيف كان إحساسه على الكرسي، وكيف هي انفعالاته حينها، هل هي أحاسيس سخط مشوبه بثورة وجدانية عارمة، أم رضا واستكنان، أم أنها أحاسيس البرود تجاه تلك الوقائع الماضية، والمحيطة"",Anger"
"87ec13bb915d0197,""#فهد_المولد "
"اللهم إن هذا عبدك فهد المولد بين يديك غافلاً وغائباً عن الحياة وأنت تملك حياته وموته اللهم أخرجه من غيبوبته إلى حال الإفاقة كما أخرجت يونس من بطن الحوت اللهم رده إلينا من حال الغيبوبة إلى حال الإفاقة من غير أذى ولا سخط إنك على كل شيء قدير"",Anger"
cd0c5a65ef6bd0e6,اللهم اجزِ والديّ خير الجزاء، وارضَ عنهما رضا لا سخط بعده #يوم_الجمعة,Anger
"007eba0e48cbcce8,""وهذا من معجزاته الشريفة."

"و يأتي الملحد المستهلك الذي يبلغ الثلاثين، مثلًا، ولكن سخط الله عليه فأهمّه وأغمّه حتى صار شكله وكأنه فوق الثمانين، وفوق ذلك كله، لا يشبع امرأة في فراش."",Anger"
b3ec94991ac9c305,اللهم في يوم الجمعة إني أسألك سلاماً مابعده كدر ورضاً مابعده سخط وفرحاً مابعده حزن,Anger
"1a3d4bce7dd8c8db,""اللهم ارحم فاطمة، واغفر لها،"
اللهم اجعلها من أهل الفردوس الأعلى،
اللهم اجعل قبرها نورًا، وارضَ عنها رضا لا سخط بعده أبدًا،
اللهم آنس وحدتها، وارفع درجتها، واجعل الجنة دارها وقرارها
#يوم_الجمعة 
"#ساعه_استجابة"",Anger"
"4b4f82fb7e91728b,""يا رب، أبي كان أطيب القلوب وأصدقها، اللهم اجعل مثواه الجنة، وامنحه سكينةً دائمة، واغسله من خطاياه بالماء والثلج والبرد، واجعل وجهه منوّرًا يوم يلقاك، وارضَ عنه رضا لا سخط بعده أبدًا"

" #ساعه_استجابه"",Anger"
"5de028fc05bba97f,""من سخط الله على البعض، بأنه يجعله يسعى للذنوب، وذاك حال من يكذب وينصر الدولة الظالمة القاتلة."
لو سكتي عوض هذا الكذب الفاضح لكان أفضل لك.
"لا ينكر أحد تورط إمارات في المكائد ضد الدول العربية وأولها السودان إلا مدلس كاذب."",Anger"
86cdd3c31c9ae57b,النفسية تحتاج تبنيد لان ممكن ابدا سخط عالبشرية,Anger
"fb16de40d78197d6,""ربي يامن قلت  وقولك  الحق(ادعوني أستجب لكم) أن تنظر البنا نظرة رضآ لايعقبها سخط               أبدآ ، و تلبسني ثوب العافية لاينزعه عني مددا ، و تُبعد عاك الهم والغم أبدآ وتجعلني من أهل الفردوس حجالأعلى "
"اللهم يا كريم يا ذا الجلال والإكرام نسألك أن تكسينا حلل السعد والمهابة"",Anger"
"59db696f8e9d1344,""─━━⊱⊰━━─"
اللهم في آخر ساعات
هذا اليوم المبارك•
اغفر ذنوبنا، ويسّر أمورنا•
وقرّبنا إليك قربَ المحبوبين•
 وارضَ عنا رضًا لا سخط بعده•
واجعل ختام جُمعتنا
مغفرة ورحمة وبركة. آآآمًيَن
.ـ٨ـﮩﮩ٨ـــــ𝖆𝖉𝖆𝖒ـــــﮩ٨ـﮩﮩ٨ـ.
#ادمـ ٨ـﮩﮩ٨ــ
"#جمعة_مباركة"",Anger"
"17ec3e85e0333ede,""هذا التصريح يصب لصالح العدوان"
عندما يسمع الشعب هذا الكلام وينتظر لتنفيذ الاتفاق وفي الاخير ولا يوجد شئ 
هنا يزيد الشعب سخط على هذه المواعيد ك مواعيد عرقوب
"والافضل أن القيادة تزمن وتحدد تنفيذ الخارطة واذا العدو يحاول يتهرب ليكسب الوقت لصالحه هنا نشعلها حربا لا تبقي ولاتذر"",Anger"
"093e89cdbdb55362,""لاحول ولاقوة الابالله العلي العظيم"
والله العظيم لو لم يتحرك اهل العراق لهدم وتدمير شر الفتن ونشر الدعارات التي تدخل من الإيراني في العراق والله العظيم سينزل سخط الله عليكم جميعاً
"كما نزل بقوم لوط وعاد وثمود وقوم صالح عليه الصلاة والسلام"",Anger"
"58e66a3f222f57ca,""اذا كان هذا الكلام حقيقي "
فهذا أفضل مافعلته القيادة 
لأن المماطلة وتضييع الوقت يصب لصالح دول العدوان فهم مراهنيين لتفجير الشعب من الداخل 
ويستغلوا حالة الشعب وما فيه من سخط واحتقان بسبب تأخير حقوق وما يمر من حصار وأزمات خانقة 
وكل يوم والشعب يعاني أكثر 
"حان الان انتزاع حقوقه"",Anger"
"9897267ce0904512,""ده رد  لاى واحد بيشكك او بيقلل من المتحف "
المصرى الكبير 
احنا فعلا قدام حاجه كبيره اتعملت مش لازم ديما يكون فيه سخط على كل حاجه لا لما نشوف لعبه حلوه نقول عليها حلوه 
x.com/Moody_7amdy/st
"…"",Anger"
"df52969c8d41a2a0,""عن أنس بن مالك رضي الله عنه، أن النبي صلى الله عليه وسلم قال: "
"“إن عِظَم الجزاءِ مع عِظَم البلاءِ، وإن الله تعالى إذا أحبَّ قومًا ابتلاهم، فمن رضي فله الرضا، ومن سخط فله السخط”"",Anger"
e8b7737d3a82a66e,رضا تام، ولو أنّ الأيام لا تسير كما أحب، أو كما أشتهي، أو كما ينبغي عليها أن تكون، لكنني وحيث أكون هنا، أجلس برضا لا ينتابني فيه سخط، ولا جزع,Anger
09e89c26978e7710,قال الرسول صلى الله عليه وسلم: «إِنَّ الْعَبْدَ لَيَتَكَلَّمُ بِالْكَلِمَةِ مِنْ سَخَطِ اللهِ، لَا يُلْقِي لَهَا بَالًا، يَهْوِي بِهَا فِي جَهَنَّمَ,Anger
7469acf8dc245593,{ لَبِئْسَ مَا قَدَّمَتْ لَهُمْ أَنْفُسُهُمْ } هذه البضاعةَ الكاسدة، والصفقةَ الخاسرة، وهي سخط الله الذي يسخط لسخطه كل شيء، والخلود الدائم في العذاب العظيم، فقد ظلمتهم أنفسهم حيث قدمت لهم هذا النزل غير الكريم، وقد ظلموا أنفسهم إذ فوتوها النعيم المقيم,Anger
"12f4a6c3bde26f8b,""تنزلات المنابر"

تَرَىٰ كَثِيرًا مِّنْهُمْ يَتَوَلَّوْنَ الَّذِينَ كَفَرُوا ۚ لَبِئْسَ مَا قَدَّمَتْ لَهُمْ أَنفُسُهُمْ أَن سَخِطَ اللَّهُ عَلَيْهِمْ وَفِي الْعَذَابِ هُمْ خَالِدُونَ (80)
"{ تَرَى كَثِيرًا مِنْهُمْ يَتَوَلَّوْنَ الَّذِينَ كَفَرُوا } بالمحبة والموالاة والنصرة"",Anger"
0417c486554b06ee,اللهم حاسبهم بعدلك لا برحمتك وكان تأمر الخالق انه يسوي شي الي تبيه قله ادب مع خالقك مثل قال النبي ﷺ:إن الرجل لَيتكلّم بالكلمة من سخط الله لا يُلقي لها بالًا يهوي بها في النارأبعد ما بين المشرق والمغرب وإن الرجل لَيتكلم بالكلمة من رضوان الله لا يُلقي لهابالًا يرفعُه الله بهادرجات,Anger
f82613b5fa743aa8,اللهم ارزقنا إيماناً لا ريب فيه، ورزقاً لا جحود فيه، وقلباً لا قسوة فيه، وصحة لا سقم فيها، ورضواناً لا سخط فيه,Anger
bdfc3dfa5ed7027c,يا لطيف، يا لطيف، يا لطيف، ألطف بِي بلطفك الخفي، وأعني بقدرتك، اللهم إنّي أسألك سلامًا ما بعده كدر، ورضى ما بعده سخط، وفرحًا ما بعده حزن، اللهم املأ قلبي بكلّ ما فيه الخير لي، اللهم اجعل طريقي مسهلًا وأيامي القادمة أفضل من سابقاتها,Anger
"541b40896693b2ef,""اللهم إني أستخيرك في أموري كلها فقرب إليَّ كل خير وأبعد عني كل شر، اللهم إني أسألك أياماً مبشره وهموماً راحله وقلباً مطمئناً، اللهم إني أسألك سلام ما بعده كدر، ورضىٰ ما بعده سخط، و فرحاً ما بعده حزن، اللهم اجعل طريقي مسهلاً وأيامي القادمة أفضل من سابقاتها"
"#يوم_الجمعة"",Anger"
884fd40939395feb,انتقام سخط,Anger
365af9e820103246,اللهم  ارض عنا رضا لا يعقبه سخط وامنحنا من رحمتك ما يطمئن به القلب وتستنير به الروح,Anger
4fc2e08c8ed24cd1,اللهم اجعلني على خطاهم أسير، وبنورهم أستنير، واجعلني من الذين اتبعوهم بإحسان، كما اتبعوا هم السابقون بإحسان اللهم كما رضيت  عنهم فارضَ عني يارب رضاً لا سخط بعده,Anger
af708082d568661a,تعس عبد الدينار تعس عبد الدرهم …… إن اعطي رضي، وإن لم يعط سخط، تعس وانتكس … صدق رسول الله صلى الله عليه وسلم,Anger
b50b3882ab1897e5,ولا تكونن -أيها الرسول- من الذين كذَّبوا بحجج الله وأدلته فتكون من الخاسرين الذين سخِطَ الله عليهم ونالوا عقابه.,Anger
f5e532a70f3d3079,وَ عن النبيّ ﷺ قَالَ: إنَّ الْعَبْدَ لَيَتَكَلَّمُ بِالكَلِمةِ مِنْ رِضْوَانِ اللَّهِ تَعَالى مَا يُلقِي لهَا بَالًا يَرْفَعُهُ اللَّه بهَا دَرَجاتٍ، وَإنَّ الْعبْدَ لَيَتَكلَّمُ بالْكَلِمَةِ مِنْ سَخَطِ اللَّهِ تَعالى لا يُلْقي لهَا بَالًا يهِوي بهَا في جَهَنَّم رواه البخاري,Anger
62fe1d036fedaff6,يا مرحبا يا عبدالله ، جماهير الأندية الكبيرة ما ترحم أبد لو يضيع هجمة في مباراة مهمة بطريقة إستعراضية متأكد الجمهور بياكله أكل وبيتوتر ويندمر .. الإنتقاد في البدايات أجمل من سخط النهايات ، وبالتوفيق لأبو الشامات وللملكي بعيداً عن ماطياز الحمار,Anger
1c88c7ee0ce2c2a6,اللهم اجعلنا من أقرب عبادك إليك، وأكرمنا بنور وجهك، واجعلنا ممن شملتهم رحمتك، وعمتهم مغفرتك، ورضي عنهم رضا لا سخط بعده.,Anger
8dd168e7405c685a,الحقيقة ان مصدر سخط الشمطاء على الرجال وعلى خالقها هو انه لم ينظر لها أحد على أنها امرأة ولم تعش خيالاتها المكذوبة فمن هو الابخر الذى يتحرش بتلك الدميمة,Anger
"3eb849818be10913,""يشهدون الزور الذي اودى بارواح الاطفال في غزة"
ولا ينتقم منهم الله ولا يخزيهم
حاش لله ان يفلتهم 
"سخط الله و الناس عليهم"",Anger"
"91c9fe8353749462,""صباحكم رضى "
ارضوا بما قسم الله لكم وإياكم  والسخط .
قال الرسول صلى الله عليه وسلم :
"- إن عِظَمَ الجزاءِ مع عِظَمِ البلاءِ، وإن اللهَ – عز وجل - إذا أَحَبَّ قومًا ابتلاهم ؛ فمن رَضِيَ فله الرِّضَى، ومن سَخِطَ فله السُّخْطُ ."",Anger"
e9f885721ea86863,كلهم بيهاجموه وكمية سخط كبيره عليه لانه دايما يتكلم بالمنطق,Anger
"db5e895cb2b5b5da,""اللهم اغفر لقلبي إن يأس، ولساني إن سخط، ونفسي ان ضاقت،اللهُم إغفر لضعفي،وقلة صبري يالله، اللهُم بدّل أقداري إلى أجملها، فإنك القادر الذي لا يعجزه شيء يارب بِك وحدك تطيب الخواطر ومن عِندك وحدك تتحقق الأمنيات يارب إستودعتك أموراً في خاطري فحققها لي يا الله"
#اللهم_أمين
"#صباح_الجمعة"",Anger"
"ec8cac0f5d284e63,""@Mansor416046937"
اللهم كما جبر خواطر الناس بعطائه، اجبر خاطره بكل ما يتمنى، ووسع له في رزقه، وافتَح له أبواب فضلك من حيث لا يحتسب.
"اللهم اجعل عطاياه سترًا له في الدنيا، ورفعةً له في الآخرة، وارضَ عنه رضا لا سخط بعده"",Anger"
"7afcf13eec66c8e9,""الحديث في المجالس عن المشاكل الداخلية!!"
تناول المشاكل التافهة في التواصل الاجتماعي!!

"كيف استغل العد.و الأمريكي ذلك عبر معهد الNDI لإثارة سخط الشعب من القيادة؟!"",Anger"
"47c583f512170151,""فلنكثر من هذا الدعاء في ليلة الجمعة :"
"اللهم يا واسع الرحمة اغفر لنا ولوالدينا ولأحبتنا، واغسل ذنوبنا بماء رحمتك، وبدّل سيئاتنا حسنات، وارضَ عنا رضا لا سخط بعده"""". "

" #جمعة_مباركة #قطع_غيار_تويوتا_الاصلية #بحر_الصلابة #قطع_غيار_تويوتا #فنيين_الرياض #جملة_قطع_غيار #موزعين_الرياض"",Anger"
"343db1d017df0f88,""ياايهاالذين امنوااتقوالله وقولواقولاسديدا"
علاج شافي وافي كافي للجميع
 لهم ولناولكم ولكل من  يدعي إبتغاء وجه الله 
رب كلمةتعلي المرءسبعين درجةمن رضوان الله
ورب كلمةتهوي بالمرءسبعين درك من سخط الله والعياذبالله
والعتيدأوالرقيب ملازم وحاضرلايغيب والله من ورائهم محيط
"والعفومن التطفل"",Anger"
c2457d046abdcb27,رضا تام، ولو أنّ الأيام لا تسير كما أحب، أو كما أشتهي، أو كما ينبغي عليها أن تكون، لكنني وحيث أكون هنا، أجلس برضا لا ينتابني فيه سخط، ولا جزع.,Anger
4dce7af946ef29fb,إن عظم الجزاء مع عظم البلاء ، وإن الله إذا أحب قوما ابتلاهم ، فمن رضي فله الرِضى ، ومن سخط فله السخط الراوي : أنس بن مالك | المحدث : الألباني | المصدر : صحيح الترمذي *,Anger
ccd1ad72421114e1,سخط على كل ماهو شرق أوسطي يحدث الآن,Anger
"d7ce7321a65f3479,""اللهم احفظ لي أمي، واجعلها من السعداء في الدنيا والآخرة، وارزقها الصحة والعافية، وارضَ عنها رضا لا سخط بعده."
"#كن_من_المستغفرين_بالاسحار"",Anger"
ecd8fae7fe33fff3,بل المختصر حكومتكم حرامية وشعب مصر بل الشوارع عايشين وباع نص مصر ولسا جايكم سخط الله بجيشه,Anger
ea33abdfe83ce332,اذا كان الموضوع حقيقي مستحيل يظل سر لان الواضح هناك سخط كبير في اسبانيا منذ ساعة تسليم ليماك مشروع الكامب نو ، و لا زلت اعتقد ان برشلونة سيكون لها ادارة جديدة الصيف القادم,Anger
"4c04f7bd0b58cd29,""قال ﷺ """" من خاصم في باطل وهو يعلم"
" لم يزل في سخط الله حتى ينزع """""",Anger"
"4982c7c17693c069,""#ليلة_الجمعة "

"اللهم إني أسألك سلامًا ما بعده كدر، ورضى ما بعده سخط، وفرحًا ما بعده حزن، اللهم املأ قلبي بكلّ ما فيه الخير لي، اللهم اجعل طريقي مسهلًا و أيامي القادمة أفضل من سابقاتها."",Anger"
"a4963ec0a80bcb3e,""ابراهيم عبد الجواد عبر اون سبورت:"
"احلى حاجة في ماتش الزمالك والبنك الأهلي ممكن تشوفها """"لفة"""" بيزيرا ، لفة مفيش لعيبة كتيرة في الدوري ممكن تعملها وتعادل الزمالك وبعد كده لزمالك مكنش فيه أي شكل من الخطورة"
"فيه سخط شديد من جمهور الزمالك على يانيك فيريرا، مدير فني حتى هذه اللحظة لم"",Anger"
51dcc313ff6eb853,لنقولنها هكذا دون خطام وزمام ومواربة رضي من رضي وسخط من سخط، وإنّا لله وإنا إليه راجعون.. آجرنا الله في مصابنا.,Anger
"2fbd4ff6f1d95429,""مع كل احترامي حبيبتي "
عادي تحترمين النعمه لان مابيها تزول عنك 

"قال ﷺ : """"رب كلمة يقولها العبد لا يلقي لها بالاً تهوي به في النار سبعين خريفاً"""""

"عن أبي هريرة يقول: """"إنَّ العَبْدَ لَيَتَكَلَّمُ بالكَلِمَة من سَخَطِ الله تعالى لا يُلْقِي لها بَالًا يَهْوِي بها في جَهنَّم""""."",Anger"
f66fb64cbbe28bbf,حروق وجهة وايدي من سخط الخيم مات فقعً,Anger
bbcfe59ae1fb3974,في حاله سخط عام علي خلفيه افتتاح المتحف ليست تقليلا من شأن المتحف ولكن صحوه فكريه ثقافيه وزياده في الوعي عند المصريين معناها لم تعد تجدي نفعا المسكنات الوهميه مع الشعب,Anger
7760cb960e420141,سخط الله هذا الوجه,Anger
"ece7e18fb42d73bc,""أَعُبّاد المسيح لنا سؤالٌ نريدُ جوابه ممّن وّعاهُ "
إذا مات الإله بصنع قومٍ أماتوه فما هذا الإله
وهل أرضاه ما نالوه منه فبشراهم إذا نالوا رضاهُ 
"وإن سخط الذي فعلوه فيه فقّوتهم إذا أوهت قواه"",Anger"
"951272b2617be539,""من أعان الظالم على ظلمه يشرك في إثمه ويثقل ميزانه. روى السيوطي بسند صحيح عن ابن عباس أن النبي صلى الله عليه وسلم قال: """"من أعان ظالماً بباطل ليدحض به حقاً فقد برئت منه ذمة الله ورسوله"""". وقال تعالى: """"ولا تتعاونوا على الإثم والعدوان""""، فالإعانة على الظلم حرام وتستوجب سخط الله."",Anger"
"b6dea12702051446,""من كالت هذا المديح لتلك المدينة الإسمنتيّة الجوفاء "

هي ممن يجدون لقمة عيشهم في دهاليز دبي القاتمة و عتمة مراقصها و باراتها التي لا يكاد يخلو مبنى هناك منها 

وهي تجد متعة كبيرة في التسويق لها 

لكن… لو ادخلت التوقيف ثم رحلت لسبب ما
"لأنقلب المديح سخط ولعنة على دبي ومن فيها"",Anger"
"8419c8d7471756ab,""اليوم سمعت وحدة تقول """"من رضي فله الرضا ومن سخط فله السخط"""" وخلتني اعيد حساباتي في اشياء كثير"",Anger"
08ce5aa82c17203c,القضاء يا استاذ نصر الدين الفساد فيه افه تدمر البلد وتعمل على سخط الشعب القضاء القضاء,Anger
18565934cc90d3cd,يومها وريت فيديو لوحدة جنبي وهوب يطلع اللي بعده سخط,Anger
9642b8820d54194f,اخلاق سخط,Anger
"4a568f83bcd3614f,""حسبنا الله ونعم الوكيل اللهم أردنا اليك"
 رداً جميلاً 
إن لم تستحي فقل ماشئت 
"وترقب سخط الله عليكم وعلى مليشيات الجنجويد ولن تكون لكم موطن قدم في هذة الأرض سينبذكم الشجر والحجر والبشر"",Anger"
"353f8b8303728021,"""""" رِضَا الرَّبِّ فِي رِضَا الْوَالِدِ، وَسَخَطُ الرَّبِّ فِي سَخَطِ الْوَالِدِ""""."
"رواه الترمذي، وصححه الحاكم"",Anger"
"d6280387116e80d8,""إنْ طالَتْ بكَ مُدَّةٌ، أوْشَكْتَ أنْ تَرَى قَوْمًا يَغْدُونَ في سَخَطِ اللهِ، ويَرُوحُونَ في لَعْنَتِهِ، في أيْدِيهِمْ مِثْلُ أذْنابِ البَقَرِ."
الراوي : أبو هريرة •مسلم •صحيح مسلم • الصفحة أو الرقم: 2857
خلاصة حكم المحدث : [صحيح]
"التخريج : من أفراد مسلم على البخاري •"",Anger"
301644fab7da782f,اللهم اغفر لقلبي إن يأس، ولساني إن سخط، ونفسي ان ضاقت، اللهم إغفر لضعفي، وقلة صبري يارب، اللهم بدل أقداري إلى أجملها، فإنك القادر الذي لا يعجزه شيء، يارب بك وحدك تطيب الخواطر، ومن عندك وحدك تتحقق الأمنيات، يارب إستودعتك أمورا في خاطري فحققها لي,Anger
"ab852283744d9a21,""قال رسول الله عليه أفضل الصلاة وأتم التسليم "

(إن الرجل ليقول الكلمة
من سخط الله لايلقي لها بالاً 
تهوي به في النار أبعد مابين
المشرق والمغرب)
وقال عليه الصلاة والسلام 
(وهل يكب النار في النار
على وجوههم أو على مناخرهم إلا حصائد 
ألسنتهم)
"(المسلم من سلم المسلمون من لسانه ويده)"",Anger"
"cce3fc712980dfd9,""حتى أمهم فرنسا  ضاقت درعاً من الكراغلة الأنجاس "
"ماذا بعد سخط الأم على أبنائها  ؟ الضياع و لا شيء سوى الضياع"",Anger"
4e6e6eded06d02aa,حالة القصيمي تحتاج إلى دراسة نفسية اجتماعية لتحولاته ، لكن افكاره ضحلة للغاية وغير متناسقة أشبه بحالة سخط على الواقع والدنيا والمجتمع ، لذلك لم يهتم أحد بنقضها أو نقدها أو حتى التعليق عليها,Anger
e6535c9865aa35fe,اختي قبائل المخزن هيا تلمسان ادرار بشار القنادسة وهران تيندوف هم من يعانون من التهميش والعزلة في الجزائر لانهم مغاربة.وهاد سبب سخط نضام العسكر على المخزن,Anger
"e82029677d5365c3,""تنبيه لكل محامٍ ومحامية "

قال النبي ﷺ «مَطلُ الغنيِّ ظلمٌ»
وقال ﷺ«من أعان على خصومةٍ بغير حقٍّ فهو في سخط الله حتى ينزع»

فمن كان قادرًا على أداء الحقوق فأخّرها ظلمًا 
أو أعان غيره على تأخيرها ومماطلة أصحابها
فقد اشترك في الإثم
"ونال نصيبًا من الظلم والسخط."",Anger"
fcdbbe5f37989711,التموقع مصاحب لخطة الحرب الاقتصادية التي يتبعها التنظيم هو الاخطر و ليس العتاد و لا الهجمات المباشرة و سقوط باماكو ليس بالضرورة سقوطا عسكريا بل ممكن يكون انهيار داخلي يتبعه انقلاب عسكري او سخط شعبي يسقط النظام,Anger
bb0b9de0bae5afce,اسأل الله العظيم رب العرش العظيم أن يشفيه ويعافيه ويقوم بالسلامه وهذه الدنيا دار بلاء واختبار المرض والسجن والحاجه كلها ابتلاء من الله للعباد فمن رضي فله الرضا ومن سخط فله السخط والحمدلله على كل حال اللهم اغفر لي ولوالدي وللمؤمنين والمؤمنات الأحياء منهم والأموات يارب العالمين,Anger
0879a051efbb7f32,اعظم عقوبة للانسان هي قسوة القلب ونزع الرحمه منها و علامه على سخط وغضب الله عليهم,Anger
4e77be2cb51cfe2f,اللهم إرزقنا إيمانا لا ريب فيه ورزقاً لا جحود فيه ورضوانا لا سخط فيه و صحة لا سقم فيها,Anger
1f897d01f79dae0e,اللهم العنه و انزل عليه سخط هو و جنوده و كل من يدعمه,Anger
"595ab1ddf08857fb,""{وَعَسَى أَن تَكرَهُوا شَيئًا وَهُوَ خَيرٌ لَكُم وَعَسَى أَن تُحِبُّوا شَيئًا وَهُوَ شَرٌّ لَكُم وَاللَّهُ يَعلَمُ وَأَنْتُم لَا تَعلَمُونَ}"

"هذه الآية تُهذبني كلّ يوم، تدرّبني كل يوم على أن أنسى شيء إسمه سخط وإستياء، وأن أمر المؤمن كله خير."",Anger"
"b009338f10a4b57c,""هل انت مسلم ؟ ألم تعلم ان ربك ليس بظلام للعبيد ؟"
ألم تعلم: إن عظم الجزاء مع عظم البلاء، وإن الله إذا أحب قوما ابتلاهم ، فمن رضي فله الرضى، ومن سخط فله السخط
"تب الى ربك واتق الله وارضى بما قسم الله لك"",Anger"
"2a92a7033b7336a3,""ما أجمل هذا الوفاء يا بنت الأصول، برّ الوالدين نعمة لا تُقدّر بثمن، قال الله تعالى: ﴿وَقَضَى رَبُّكَ أَلَّا تَعْبُدُوا إِلَّا إِيَّاهُ وَبِالْوَالِدَيْنِ إِحْسَانًا﴾ [الإسراء: 23]."
"وفي الحديث الصحيح قال ﷺ: «رِضا الله في رِضا الوالد، وسَخَط الله في سَخَط الوالد» رواه الترمذي."",Anger"
e3b3f427bbeb8938,الدنيامجبوله على النقص وانتم مفتحين عيونكم على السوشال ميديافحرمكم الله لذة الشوق والحب للزوجه الجديدة مخكم مليءبصور النساء.قال رسولاللهصلى اللهعليهوسلم(لايفرك مؤمن مؤمنة ان سخط منهاخلقارضي منهااخر)اي لايبغض.الحياة يكملهاالرضىولاتقارن بنات السوق ببنات المحترمين,Anger
9201106a3bf6d2d2,من رضي فله الرضى ومن سخط فله السخط,Anger
"2ba0b206deab6882,""والد إيمان معتقل! إنا لله"
يارب سلواك على قلب عمو وقلب مريم ووالدتهم ومحبيهم وأقربائهم.

"إن عظم الجزاء مع عظم البلاء وإن الله  إذا أحب قوما ابتلاهم فمن رضي فله الرضا ومن سخط فله السخط"""""

"إنا لله وإنا إليه راجعون، ولا يسمع ربنا منا إلا ما يحب"",Anger"
"18919858fb234391,""متأكدين ....."
دامهم يلقون اللي ينشر فانتظروا
"المزيد وانتظروا سخط الله ."",Anger"
"d5adc379e0c8b15b,""دعاء:"

"اللهم اغفر لقلبي إن يأس، ولساني إن سخط، ونفسي ان ضاقت، اللهُم إغفر لضعفي، وقلة صبري يارب، اللهُم بدّل أقداري إلى أجملها، فإنك القادر الذي لا يعجزه شيء، يارب بِك وحدك تطيب الخواطر، ومن عِندك وحدك تتحقق الأمنيات، يارب إستودعتك أموراً في خاطري فحققها لي."""""
"#صدقة_جارية #الهلال"",Anger"
"d9772a6dde14e871,""قال عليه الصلاةوالسلام """""

[إن الرجل ليقول الكلمة
"من سخط الله لايلقي لهابالا"""""
تهوي به في النار أبعد مابين
المشرق والمغرب]
وقال :
[وهل يكب النار في النار
على وجوههم الا حصائد 
ألسنتهم]
وقال:
"[المسلم من سلم المسلمون من لسانه ويده]"",Anger"
"cfec112c0a65ea24,""طبعاً بوقت الاختبارات ولله سخط لا نهائي "
"بس كمجمل ولله الحياة فيها جميلة مره"",Anger"
33e5346d4ec9fe61,ياتونس مذا فعلتي في نفسك هل هذا سخط نزل عليك,Anger
"f5e50ad93bf0b692,""رب كلمة قالت لصاحبها دعني"
لاتكن أجهل من شخص لايعرف الإسلام 
تكراره لكلمة بسم الله رغم عدم تسجيله 
دليل على رغبة داخلية لديه وإيمان في أي وقت سيظهر
وهو خير من الذي يدعو الله وإذا لم يستجب له (حسب ظنه) سخط وترك الدعاء
"تذكر (مايلفظ من قول إلا لديه رقيب عتيد)."",Anger"
77bf3612bf40c0d7,آن سخط عليكم ابوكم فرنسا شوفو مع ابوكم عثماني أو إسباني,Anger
719e27490052e207,قال رسول الله صلى الله عليه وسلم: ((من يُرِدِ الله به خيرًا يُصِب منه))، وعن أنس رضي الله عنه قال: قال رسول الله صلى الله عليه وسلم: ((إنَّ عِظمَ الجزاءِ مع عِظمِ البلاءِ، وإنَّ اللهَ إذا أحبَّ قومًا ابتَلاهم، فمَن رَضي فله الرِّضَا، ومَن سخِط فله السَّخطُ)),Anger
"53876c4e8c7641cf,""هل يخرج سالما في عقيدته و روحه من منعوا عنه العربية و نما في وسط مفرنس خالص؟"
ما دامت فرنسا صنما يعبدونه،فهم في سخط الله
الإسلام و العربية و العروبة في تضييق خبيث...سياسة فرنسا الإستعمارية ما زالت قائمة و دمارها شغال بفعالية و خبث
"و ما يظلم ربي أحدا..تستحقون ما يفعلون بكم"",Anger"
"08545a5e2092193e,""مايستمتع في قتل المسلمين في السودان "
الا كافر ابن كافر من بيوت الدعارة
"عليهم سخط الله ولعنة الله عليهم"",Anger"
85e973acc4182d55,ان شاءالله يسقط عليكي سخط ربنا يا بنت الزنوه كم بدفعولك عشان تحكي زي هيك يا مرتزقه,Anger
"8320517ec6a691cd,""سبحان يارب  ما أعدلك "
"هذي اللقطه تكررت لكم كثير في المباريات  الحاسمة وخروج مغلوب وكأن العزيز الحكيم سخط على ذا النادي وحارمة الفرح ، نصيحه فتشوا عن الاسباب وعالجوها"",Anger"
"115337a42f2bc34d,""التوازن هو فن القيادة الحقيقي... وعين الرضا هي مرآة الحكمة."
في زحام الطموحات والمشاعر، يبقى الوعي هو البوصلة. لا تجعل لحظة سخط تحجب عنك رؤية الصورة الكاملة.
ارضَ، واطمح… فالجناحان معًا هما من يصنعان التحليق.

لقراءة المقال كاملًا:
"ynz.sa/?p=279548"",Anger"
"dec7f4ff37bed6cd,""جمرةٌ موقدةٌ مَسها أبردُ"
من سخطةِ امرئٍ على نفسهِ

أو

جمرةٌ موقدةٌ مَسُّها أبردُ
"من سَخطِ امرئٍ على نفسهِ"",Anger"
"9234d5de38be6b18,""السعودية تتبنى داعشى سابق ويجب الاعتراف بذلك وبالتالى هذا هو سبب سخط تلك الدول وشنهم للعداء، ليس لأنهم ناكرين بل لأنهم يشعرون بالخيبة من  توجهات المملكة الأخيرة."
من خلال عملي استطيع أن اقول إن الصهاينة راضون عن الجولاني جدا جدا وهذا ما يغضب المصريين.
"#أحمد_الشرع"",Anger"
"9b407dd0c92d94b1,""السعودية تتبنى داعشى سابق ويجب الاعتراف بذلك وبالتالى هذا هو سبب سخط تلك الدول وشنهم للعداء، ليس لأنهم ناكرين بل لأنهم يشعرون بالخيبة من  توجهات المملكة الأخيرة،  وهذا ما لن تراه . "
"من خلال عملي استطيع أن اقول إن الصهاينة راضون عن الجولاني جدا جدا وهذا ما يغضب المصريين."",Anger"
"770443438485320d,""اذا كان قصدك الصهاينه ف اللهم امين بس اذا كان قصدك الهلاليين ف اتق الله و لا تخلي الكوره تعميك عن دينك "

"و قال النبي صلى الله عليه و سلم ( إن العبد ليتكلم بالكلمة من سخط الله لا يلقي لها بالاً تهوي به في النار سبعين خريفاً)"",Anger"
"938394051e29b935,""تشرين الأول "
«سَيَكُونُ الذي قُضِي
سَخِطَ العبدُ أم رَضِي!»
"من الشهور القاسية علي ولكن دائما لطف الله وكرمه حاضر ،فالحمدلله على نعمه الكثيرة ."",Anger"
3098ce3559bdcdde,الإمام الجواد (ع): لا يضرك سخط من رضاه الجور.ميزان الحكمة، ج 2، ص 1100,Anger
"af8c27fbceab6acb,""كلمة في المتخاذلين:"
يا من باعوا المبدأ بثمن الخوف، وغطّوا وجوههم بستار الصمت حين نادى الحق باسمه، ما أقسى أن يكون اللسان عاجزاً حين تتكلم المروءة!
أتخافون سخط البشر وتنسون أن صمتكم يُغضب خالقهم؟
إن الكلمة أمانة، ومن خانها خسر نفسه قبل أن يخسر قضيته.
"#تامين_الوديعه_مطلب_حضرموت"",Anger"
2631304e53f03cac,لا أعرف كيف تحب نفسك يمكن أن تضعف الذات ، وتتسبب في سخط وتؤثر على السعادة الشخصية.,Anger
8c371f78f5e19414,هؤلاء منسييين محرومين لاتكن بقلوبهم ذرة رحمه  سينالوا سخط من  الله وعذاب أليم هذا رد لماذا يطيب بأعمارهم ليعذبهم عذاب شديد الفقير له الله,Anger
"c2f3b8791a09380a,""يا الله ما أروع أن تتقاطع رغباتنا برضاك،"
فنحيا حياةً لا يفسد صفوها ذنب،
ولا يُعكّرها سخط،
نرضى بها عن كل ما كتبت،
"وترضى أنتَ عمّن أيقن أن سعادتَه في قربك لا في الدنيا."",Anger"
"61760819c943543b,""كفاية كذب ونفاق تضليل.."
لقد تم تعريتكم بالكامل امام العالم وكشف دعمكم اللا محدود لهؤلاء القتلة المغتصبين..
اصبحتم محل سخط الجميع..
لكن كل هذا ف كفة حتى لو لم تنصف عدالة الأرض فعدالة السماء موجودة..
ربنا قادر يقتص لكل شخص حقه منكم وسينتصر الحق ولو بعد حين..
"وموعدنا يوم الحساب"",Anger"
339775e5e132b479,المشكله راعي الموالح  جماعته نقلوله  الصورة غلط وعاد هوه على طول عصب وزاد من سخط الجمهور ضد الجالية الهندية بتغريدته بدون ما يتبين بالرغم انه يعرف الدين وحافظ الايه الكريمه .. اذا جاءكم فاسق بنبأ فتبينوا .. صدق الله العظيم,Anger
"21d2e67bd6fc89ed,""الأمر غريب أين الجيش السوداني "
أين برهان النايم 
عن مايحدث من هولاء الخارجين عن القانون لماذا لم يتم دكهم عن بكرة ابيهم 
"عليهم سخط لله حسبي لله ونعم الوكيل"",Anger"
"ce71e3296b618b59,""الله يسوق لك الخير دائمًا بطريقة مبهرة "
"مُحال أن ينساك فكُن راضيًا ومتوكِّلًا على الله وواثقًا فيما عنده مهما ساء بك الحال لا تظن بالله إلا خيرًا كل الأمور تجري في صالحك فللَّه الحكمة البالغة فكن راضيًا بأقدار الله وتذكَّر أنَّ من رضي فله الرِّضا ومن سخط فله السَّخط"",Anger"
"0777517b4a653533,""سَيَكُونُ الذي قُضِي"
"سَخِطَ العبدُ أم رَضِي"",Anger"
"a1e45255ce39e346,""*"""" لما تغضب ربنا علشان ترضى الناس والله ما هيرضوا عنك وهيحتقروك؛ قال النبي ﷺ: (من التمس رِضا اللهِ بسخَطِ الناسِ؛ رضِيَ اللهُ عنه ، وأرْضى عنه الناسَ،*"
"*ومن التَمس رضا الناسِ بسخَطِ اللهِ ، سخِط اللهُ عليه ، وأسخَط عليه الناسَ)*"",Anger"
"a87e6ff887a25f05,""اللهم اجعل عطاياه سترًا له في الدنيا، ورفعةً له في الآخرة، وارضَ عنه رضا لا سخط بعده"""""
#جابر_عثرات_الكرام
"#عِمارة_نجد"",Anger"
"08715bc4c6ed6f4b,""سخطُ الفتىٰ ألظى على نفسهِ"
"من جمرةٍ تلهّبت في الحشا"",Anger"
"3cf559c8dd5ad933,""اسعى "
للخير مهما يكن عليك فعله ولو بكلمة طيبة 
ولا تجتهد للشر  والرذائل والكراهية فإنها 
لا  تجلب لك الا سخط الخالق وكره الناس،.
وتذكر دائما  كلما سعيت لامرا  فيه خير 
لك ولمن حولك ان الله جعلك سببا لذلك 
وانه يسهل عليك الكثير الامور التي تطرأ 
"عليك"",Anger"
"43b4ff6fed15d50b,""اللهم إنا نسألك أيامًا مبشره ، وهموماً راحلة ، وقلوباً مطمئنة ، ورضا منك لا يعقبه سخط ، وجنة عرضها السماواتِ والأرض"
اللهُم اشملنا بعفوِك ومغفرتُك ورحمتك واجعلنا ممّن نظرت لهُم فرضيّت عنهم وكتبت لهم الجنة •••
آميـ يا رب ــــ العالمين ــن
"صبـــاح الخيــر"",Anger"
0c81cb96ac778881,عليك سخط الله يا وقحه اذا عادك تأيدي هذا المجرم  الحقير المنحط السفاح,Anger
"c73582fc0254dd2e,""كم أفسدت الغيبة "
من أعمال الصالحين وكم أحبطت من أجور العاملين
وكم جلبت من سخط رب العالمين
وكم فرقت بين الاحباب والاصدقاء
"والعوائل. فحذرها."",Anger"
"1750e46f0e34575a,""عقوبة هجر الزوجة لفراش زوجها:"
 تلعنها الملائكة حتى تصبح.
 قد يصل الأمر إلى سخط الله عليها حتى يرضى عنها زوجها.
"الرّسام"",Anger"
52c16eec5ad822c6,مش كل الأشياء ينفع مشاركتها مع العامة في السوشيال ميديا و دة مش لسلامتك لوحدك، لسلامة الناس كذلك. فيه أوقات إنت ممكن تختبر فيها أفكار فيها يأس و سخط و غضب أو أفكار بتعزز عندك الميول لسلوكيات تدميرية للذات أو أفكار مُظلمة، الأوقات دي؟ بتكتب أفكارك على الورق و بتشاركها مع شخص آمن،,Anger
528136ad3e38171d,كلامه عظيم و اصلاح كبير لفئة كبيرة من المجتمع الناس هنا متعرفش عنها حاجة ، نفسي الناس اللي معترضة تفهم انهم هم الاستثناء ف مصر و ان كتير اوي من البيوت بتكون فيها الست مطالبة ب ده و عدم قيامها بيه بيعرضها ل سخط كبير اوي ، الله يكون ف عون كل الستات اللي بتعيش ده حقيقي,Anger
"59114dad511353dd,""قال العلامة الشنقيطي - رحمه الله -:"

ضابط الوعظ: هو الكلام الذي تلين له القلوب،
وأعظم ما تلين له قلوب العقلاء؛ أوامر ربّهم،
ونواهيه، فإنّهُم إذا سمعوا الأمر خافوا من
سخط الله في عدم امتثاله، وطمعوا فيما
عند الله من الثواب في امتثاله.

"أضواء البيان (٤٣٨/٢)"",Anger"
a90a44e88e22679a,رضي الله عنه وأرضاه وعليه السلام أمير البرره قتيل الفجرة الخوارج عليهم سخط الله,Anger
"c9bf073e1de62e0f,""*"""" لما تغضب ربنا علشان ترضى الناس والله ما هيرضوا عنك وهيحتقروك؛ قال النبي ﷺ: (من التمس رِضا اللهِ بسخَطِ الناسِ؛ رضِيَ اللهُ عنه ، وأرْضى عنه الناسَ،*"
"*ومن التَمس رضا الناسِ بسخَطِ اللهِ ، سخِط اللهُ عليه ، وأسخَط عليه الناسَ)"",Anger"
"95c48f8786de2a42,""قال رسول الله ﷺ: [ إن عِظمَ الجزاء مع عِظمَ البلاء، وإن الله إذا أحب قوما ابتلاهم، فمن رضي فله الرضى، ومن سخط فله السخط ]. حسنه الألباني في صحيح الترمذي"

"صباح الخير"",Anger"
"ccff43877b637992,""#السعوديه_مفتاح_العالم ؟ باي عالم يحاول الذباب السعودي الترويج له ؟ بهذا الوضع الشاذ عالم الآخرة إنتهى الا من رحم الله"

قريباً نسمع لحظة الانفجار في نجد والحجاز

كمية سخط غير طبيعية في التعليقات
الناس قرّبت تنفجر خلاص!
ويبدو ان ذباب بن شولوم خلصت ميزانيتهم
"#الامارات_مع_السودان"",Anger"
1cf680c3b5660ea3,إن التأخير في التعامل مع القضايا الاجتماعية يضعف معتقدات الناس في الحكومة ، مما تسبب في سخط في المجتمع.,Anger
3701cfea2e04cb1d,تعس عبدالدرهم وعبد الدينار وعبد الخميصة والقطيفة ان اعطي رضي وان لم يعط سخط تعس وانتكس واذا شيك فلا انتقش,Anger
"783e57cacf960f76,""وش كانوا يفكروا الاثنين ذول يوم غردوا التغريدات ذي؟"
"حتى وسلوت في عزه ذا كلام مبالغ فيه اجل تكتيكيًا افضل من كلوب؟ عرفت ليه ربي سخط علينا الحين"",Anger"
466cbb54b2c9d1f6,سخط الله على السعودية والعرب والخليج وايران,Anger
c18eb6577ed9bf85,( مَنِ الْتَمَسَ رِضَى اللَّهِ بِسَخَطِ النَّاسِ ، رَضِيَ الله عَنْهُ ، وَأَرْضَى النَّاسَ عَنْهُ ، وَمَنِ الْتَمَسَ رِضَا النَّاسِ بِسَخَطِ اللَّهِ ، سَخَطَ اللَّهُ عَلَيْهِ ، وَأَسْخَطَ عليه الناس ),Anger
"b18db352b81b86fd,""اللهم لاتحرمنَا أمنيــةً تُفرحُ قلوبنـا ،، وتوبَــةً تَجلي هُمومنـا"
وَفرجــاً يكشــفُ الكَـــرب عنّــــا
أسأل الله :
أن ينظر إليكم نظرة رضا لا يعقبها سخط أبداً
ويلبسكم ثوب العافية لا ينزعه عنكم أبداً
    ويبعد عنكم الهم ويفرج كربتكم
"ويجعلكم من أهل جنة الفردوس الأعلى"",Anger"
"9a503ed53ceeb4f6,""كيتنافسوا بالطبل و الغنى و كيتجاهلوا المنتوج الكروي الرديئ لي خصو يكون مصدر سخط و غضب ماشي احتفال و بهرجة.."

"وقتما كنستوردوا شي ظاهرة sociocultural من برا كنشوهوا باباها أو كنمارسوها sans modération"",Anger"
"44340efe2a6983e5,""قنوت الامام أبى جعفر محمد الباقر عليه السلام:"
"اللهم إن عدوي قد استسن في غلوائه ، واستمر في عدوانه ، وأمن بما شمله من الحلم عاقبة جرأته عليك ، وتمرد في مباينتك ، ولك اللهم لحظات سخط بياتا وهم نائمون ، ونهارا وهم غافلون ، وجهرة وهم يلعبون ، وبغتة وهم ساهون ، وإن الخناق قد اشتد ،"",Anger"
"2aaef3d2d86442c1,""طِبْ نَفْسًا.."
مَن رَضِيَ فَلَهُ الرِّضا، وَمَن سَخِطَ فَلَهُ السُّخْط، وَأَمرُ اللهِ نافِذ...

" #بوح_الخاطر"",Anger"
"0d1dadb58fe97863,""اللهم كما جبر خواطر الناس بعطائه، اجبر خاطره بكل ما يتمنى، ووسع له في رزقه، وافتَح له أبواب فضلك من حيث لا يحتسب."
اللهم اجعل عطاياه سترًا له في الدنيا، ورفعةً له في الآخرة، وارضَ عنه رضا لا سخط بعده
@allmouchaan
#عِمارة_نجد
#انتقائي_سما
"#جابر_عثرات_الكرام"",Anger"
"6f6a67299ada3101,""الحمدلله الذي يمنحنا الرضا حتى وإن كانت الروح غارقة في سخط الأيام"
الحمدلله على تجدد العافية و بقاء النعم 
"الحمدلله دائمًا و أبدًا"",Anger"
33c986bef2f71971,يارب انزل سخط وغضبك يارب جبرائيل وميكاىيل وسرافيل يا واحد يا احد يا فرد ياصمد,Anger
8bd4316d73de5b20,ماذا عن 9800 فرد اللذين وضعو طلباتهم في سفارات موريتانيا ولا تنسى ان اصلك ثكني لا علاقة لك بهذه القضية و لا تتناسى من فعل فيك ما يريد و انت تدافع عنه و صفاها ل باك اللي سخط عليك,Anger
"22e3b65349c2155e,""مفروض يخفض الصوت لكى يستفيد هو ولايثير سخط الاخرين"
"التعقل مررده خير"",Anger"
"6cf3426ce36ee205,""أنت إما مغرض لشخص تشتي تشوهه  أم ممن جندهم الأمريكي والصهيوني والسعودي ضمن الناشطين الذين هدفهم تشويه حكومة صنعاء وإثارة سخط المجتمع عليهم.. "
"حافظ على مكانتك وقيمتك ولا تنشر خبر إلا بأدلة وإثباتات.."",Anger"
"9ee71b3e243f1586,""يابو نواف اي حظ واي كلام ... ليه مايكون سخط من الله "
والله وبالله وتالله لو الدعم اللي حصل عليه النصر لاحد أندية الدرجه الثانيه غير يكوش على كل البطولات 
يابو نواف النادي عليه دعوه مستجابه من الاخير 

يارجل الحظ يعاند مره ومرتين وثلاث لكن مو كل مره 
"حتى الشجر في النادي ماسلمت من"",Anger"
"f0401c4454cfbea2,""دبي كوكب آخر رضي من رضا وسخط من سخط "
x.com/hodajannat24/s
"…"",Anger"
"fc8c24f1b9e325bb,""صاحب الرسالة دي أنا ببغضة فوق ما يتخيل، الناس بقت تعالج النقص ال جواها بأنها تطلعه على غيرها"

"...وإن العبد ليتكلم بالكلمة من سخط الله لا يلقي لها بالا، يهوي بها في جهنم""""."",Anger"
7513eeac719bf602,ثورة المضرطة، قامو من اجل الدنيا و التملك فخابو و سخط الله وجوههم,Anger
a3eb15825abec2e4,اللهم لا تجعل حاجزاً بين دعائي واستجابتك واجبرني جبراً يليق بعظمتك اللهم إني شددت إليك رحالي فيارب اصلحني واصلح حالي اللهم اغفر لقلبي إن يأس ولساني إن سخط ونفسي إن ضاقت اللهم اغفر ضعفي وقلة صبري اللهم إنها ايام فضيلة فلا تخرجني منها إلا مجبور القلب والخاطر.,Anger
"89fd6c274f6b3f30,""شعور التكّاك بعد يوم سعيد لا زال يأزمني"
"هالمرة الحالة متطورة وفيني احساس ودي ابلك كل الناس واحذف كل شي واكسر جوالي سخط غير طبيعي"",Anger"
53bec6a061a18d5c,سخط.,Anger
"467fdeb806110880,""""""إن العبد ليتكلم بالكلمة من سخط الله يزل بها في النار أبعد مما بين المشرق والمغرب"""""",Anger"
a008f18163bef159,اللهم ارزقنا من واسع فضلك، واغمر قلوبنا بسكينتك، وارضَ عنا رضا لا سخط,Anger
"9dc36a07520a70f6,""-"
أسأل ربي الذي قـــال وقوله الحق:
(ادعوني أستجب لكم) 
أن ينظر إليكم نظرة رضآ لايعقبه سخط أبدآ
ويلبسكم ثوب العافية لاينزعه عنكم مددا
ويبعد عنكم الهم والغم أبدآ ..
ويجعلكم من أهــل الفردوس الأعلى آمــين 
احبتي ..
الوتر..
صورة الملك..
المنبـه لـصلاة الـفجر..
"علئ أمن وامـأن"",Anger"
"b9436799aefefe6b,""كان نقشُ خاتم أبي العتاهية:"

«سَيَكُونُ الذي قُضِي
"سَخِطَ العبدُ أم رَضِي!»"",Anger"
"baa9ce36e1b3fd9c,""#TalkAboutSudan"
"اللهم إنا نشكو إليك ضعف قوتهم وقلة حيلتهم وهوانهم على الناس اللهم أنت رب المستضعفين وأنت ربنا وربهم لا إله إلا أنت إلى من تكلهم إلى قريبٍ يتجهمهم أم إلى عدوٍ ملكته أمرهم إن لم يكن بك سخط عليهم فلا يبالون غير أن عافيتك هي أوسع لهم."",Anger"
"2cb367fb7bb493ca,""ماذا حدث في حرب غزة؟"
تركت الدول العربية والإسلامية غزة تقاتل وحدها بل اتهم العديد منهم حماس بالإر.ها. ب
تحالفت أمريكا بقوة مع اسرائيل وبعض الدول الغربية
سلطت الجزيرة الضوء على فضائع الحرب مما أثار سخط الإنسانية الحرة لتعبر بالمظاهرات
"قضمت اسرائيل أجزاء كبيرة من غزة"",Anger"
"28c18abaeaa1d262,""هذه الصورة على مواقع التواصل كانت ليومين وما زالت مدعاة سخط وشتائم لهذين المجرمين وطبعاً اضم صوتي لاصوات المغردين في لبنان وخارجه"
"كنا نتسائل كيف تكون مزبلة التاريخ اليوم وضحت وها هي تحت"",Anger"
b3d646e77265bdb2,-سخط لايجدي-,Anger
282ab574ea4520d6,لا لا أنت ولد عم الحمار وتعرف طبايعه زين ما يمشي الا بالجلد والتعزير وهذا لا يباعد سخط الله على قوم ثمود بأن يسخط عليكم بان تضربون أنفسكم بالأحذية إلى أن تقوم الساعه يا زينبي يا شروكي ياقذر .,Anger
"6d1bdf8b1ca9fb82,""سخط بعد حادثة جبايات جديدة في أبين"

اشترك في مجموعتنا على الواتساب والتيليجرام :
chat.whatsapp.com/GmdMUeukbMHDlD
…
"t.me/AhqafNews"",Anger"
0874ee1ba096313e,تبا على امة خانعه خاضعه ليس لها اي وزن او قيمه في اي حدث عالمي.. حق علينا سخط الرحمن بعد كل مواقفنا الركيكه اتجاه فلسطين والسودان وغيرها من الدول العربية والاسلامية,Anger
"f37598f6f49f6ef3,""سخط بعد حادثة جبايات جديدة في أبين"
YNP _ خاص :
تواصل الفصائل الموالية للتحالف السعودي الإماراتي، فرض جبايات غير قانونية في مناطق سيطرتها.
"وتداول ناشطون، تسجيل فيديو يظهر عناصر من الحزام الأمني التابعة للمجلس الانتقالي،  وهم يعتدون على سائق شاحنة مصري في أحد نقاط الجباية في محافظة"",Anger"
b6718ac789b58043,شاهد.... سخط كبير من أنصار شبيبة الساورة على الحكم بعد نهاية مباراة اليوم امام شبيبة القبائل,Anger
"1036566917ee36b9,""#مساء_الخير_والسعاده "

                                        🪾

                كان نقشُ خاتم أبي العتاهية:

      «سَيَكُونُ الذي قُضِي .. سَخِطَ العبدُ أم رَضِي..!»

                                        🪾

"."",Anger"
"dbe95c7c6d10b36b,""لا تُغضب السوري… إذا غضب، خرج من قلبه كل ما كتمه!"

في مشهد متداول، يظهر أحد المواطنين في نوبة غضب أمام شرطي مرور أو شخصٍ بجانبه، وهو يصرخ قائلًا:
“نريد بشار الأسد، وليس مثل هذا الواحد!” في إشارةٍ إلى الجولاني.

"مشهدٌ يلخّص ما وصل إليه الشارع السوري من سخطٍ على سلطة الأمر"",Anger"
"de76120dd81aec6c,""فرحان بهذا الكلام الذي وضعه الشيطان في عقلك واستفرغه حسابك"

أبشر بوعد رسولهﷺ :
(إن العبد ليتكلم بالكلمة من رضوان الله، لا يلقي لها بالا، يرفعه الله بها درجات،
وإن العبد ليتكلم بالكلمة من سخط الله، لا يلقي لها بالا، يهوي بها في جهنم)
متفق عليه

"هذا سعرك يوم حسابك"",Anger"
"8f56e39d9baa7f8d,""ترى الفضل نسوه ومشوا على أنقاضه"
لهذا ربنا مسلط على المسلمين كل هذا الكم من السخط هذا سخط الله على أمة كانت خير أمة
تأمر بالمعروف وتنهى عن المنكر 

أصبحت تأمر بالمكر وتنهى عن المعروف 
إلا ما رحم ربي طبعاً
"إنما تدعي أنك مظلوم وتظلم هذه لم تكن إلا عند الصهاينة هل أصبحت خير الأمة بني"",Anger"
094533d36d6140ed,وكيما ماماهم فرنسا عطات الاراضي ليهم غاتردهم دبا بأمر واحد منها الجزائر تركع لأنها سخط الام صعب,Anger
"43196cff0c631730,""اللهم لا رادَّ لقضائك ولا سخط على بلائك"
"ارحمه يالله وثبته عند السؤال"",Anger"
"609bf8970fe9c832,""استمرار العلاقات المحرمة راح يخصم كل يوم من رصيدك في السِتر والبركة في حياتك المُستقبلية كلها؛ فأدرِك نفسك الآن وأغلق الباب واستعن بالله عشان الثمن باهظ جدًا في الدنيا والآخرة، وتذكّر إن مافيه مخلوق يستحق سخط الله عليك."

"ومن تاب؛ تاب الله عليه وبدَّل سيئاته حسنات !"",Anger"
"721612ba78af4274,""طبعاً قصدك بشريك الحياة زوجتك أو زوجك يعني !."
هقولك أنا قال ﷺ 
" لا يفرَك مؤمنٌ مؤمنةً إن سخِطَ منْها خُلقًا رضِيَ منْها آخرَ""""."
"وبس يا سيدي"",Anger"
37c58c4e7f0a57c9,We’ve got real space cowboys working out at the Rocket Ranch. No #Halloween costumes necessary!,Sadness
dfeda773418eb94c,BREAKING: Hollywood actress Julia Fox is receiving backlash for wearing a blood soaked Halloween costume of JFK’s wife Jackie Kennedy that she could be seen in during his assassination.,Sadness
"da6a3b90273584c7,""Elon Musk: “I am not working on a phone. I can tell you where I think things will go, which is that we’re not going to have a phone in the traditional sense. What we’ll call a phone will really be an edge node for AI inference with some radios to connect. Essentially, you’ll have"",Sadness"
8e8f562692d4cc89,black flash,Sadness
6861a28b2ff39903,What did she expect?,Sadness
"eb93eba3facd7338,""Wow behind closed doors it seems the whole family is rallying around Andrew. It has been claimed William is so worried about his uncle’s mental health, the King only managed to convince Andrew when he told him “think about what your mother would think, doing this to the"",Sadness"
47ffade8ddf52a4e,for the newly minted 7fig lads - i think the biggest thing you can do for your mentality is to shift away from chasing moonshots like before. 30x on 1K is 30k. 30% on 5M is 1.5M. Focus your energy on compounding your NW over time.,Sadness
"c6ec286991367376,""In 2023, the EU countries with the highest breast cancer screening rates for women 50 to 69 years were:"

 Denmark (83.3%)
 Sweden (83.0%)
 Finland (81.5%)

Lowest:
 Greece (14.5%)
 Cyprus (29.8%)
 Latvia (36.1%)

"(Eurostat)"",Sadness"
"1e9f260a7c747dce,""昨晚和 "
@yummmycrypotato
 以及三位嘉宾，一起把「AI 赛道」从炒作层剥到结构层，
讨论的不只是技术，而是 算力 → 模型 → Agent 背后的权力转移逻辑！

 算力不是硬件，是新的“数字能源”
它正在金融化、资产化，谁掌握算力，谁就拥有 AI 时代的入场券。

 模型之争不是参数之争，是资本之争
"封闭"",Sadness"
"6fee2cf1f231931e,""نوفمبر عظيم.. بدايات خير وبركة"

مقترح : 

"حط نية عامة للشهر  ( استقبال الخير، تخلي لطيف، تعافي ونمو، وفرة واعمال ، تعزيز الوضوح، تقوية علاقاتي)"",Sadness"
"84125ddced98f8d8,""Google says Search AI Mode will know everything about you."

"Google wants 'AI mode' on Search to be as personal as possible, and it'll soon tap into services like Gmail or Drive to know more about you."",Sadness"
77b782be33eab046,Sogar in China kehren sie das E-Auto den Rücken.,Sadness
c18a95985c9e40af,في هذه الحياة تحدث لنا أحداث تؤلمنا، من وسائل علاج هذا الألم أن تتقبله ولا تقاومه، إن فعلت ذلك فسيرتفع ثم ينخفض، أما إذا قاومت الألم ورفضته وأنكرته واتهمت نفسك فإنه سيظل مقموعًا مختبئًا ليظهر من حين لآخر وهنا تبدا المعاناة، ما حدث قد حدث تقبل ذلك، وتقبل معه الألم والحزن والندم،,Sadness
"81038cb3336ef9f3,""Brazil  has the world’s second largest reserves of rare earths, but it still depends on China  for 97% of rare earths!"

Others aren’t much better:

USA : 78%
South Korea : 80%
Germany : 91%

"It will take a decade to wean off Chinese imports… if US/EU spend billions and"",Sadness"
"df9fde9e6b8438ba,""Dreamina 4.0 just changed visual creation forever."

Now featuring text-to-image, editing, inpainting, expansion, and multi-batch generation — all in one model.

Built on Seedream 4.0, it leads the global text-to-image rankings.

"Here’s what you can create with it"",Sadness"
bf87d7dd508080d1,Why Mortgage Rates WON’T Be Coming Down + One Nation’s RISE Continues as Lib-Nats Bleed - FULL Ep432,Sadness
8c0b4445498a0c8d,ماهو علاقة الصداع بالجيوب الأنفية.. فضلوه وطبقوه وانشروه,Sadness
"ecfc0934b25e19d2,""Le duo du futur: en Chine, un chien-robot promène un vrai chien"

"Qui est le meilleur ami de l'homme maintenant?"",Sadness"
"dd0fbb41926edc65,""Un héritage ne tombe pas du ciel. Il est le fruit d'une épargne antérieure, c'est-à-dire d'une somme de renoncements et de privations. "

L'héritage est le fruit de la tempérance, de la modération des pulsions consuméristes.  

"Il est le fruit du sacrifice des jouissances"",Sadness"
"9092eedbab2a6b9d,""(ساعة في اليوم)"

لا تنتظر نهاية الأسبوع لتكافئ نفسك، بل كافئ نفسك يوميًا، اقتطع ساعة من يومك لتفعل شيئًا خارج ما اعتدت عليه، اكسر الروتين، افعل شيئًا محببًا، زر مكانًا لم تزره منذ مدة، أو مارس هواية داخل منزلك، أعد شحن نفسك للغد.
"#اسامه_الجامع"",Sadness"
66b00740826a7462,Scary,Sadness
"7235f12edf86da65,""Start creating contents on X. "

This is my October earnings.

Limitless - $5460
X payout - $1140
Falcon Finance - $438
Hana - $106
PTB - $93
Camp - $61

Made total $7298. 

"This isn't much for most for some, but for me, I need to work for 97 months in my country to get the same"",Sadness"
38fff9c203c182c8,اقرؤوا البقرة فإن أخذها بركة  و تركها حسرة ولا تستطيعها البطلة السحرة ، إليكم سورة البقرة بـ ١٢ صفحة فقط,Sadness
cc093753d08f1380,مازلتُ لا أستوعب كيف يكون الانسان ملتزمًا تجاه الآخرين، بحذافير اللُطف، واتقّاء شرّ ايذاء القلوب، لكنّه مع ذلك لا ينجو من خيبة أو ايذاءٍ او حسرة .,Sadness
"df8e1f1cfd51f960,""مشاعر الإنسان وقلبه أعز ما يملك "
الله لا يجعلنا نبذل قلوبنا ومشاعرنا إلا لمن يقدروها ويحفظوها ويعتزّوا بها.
"المشاعر عزيزة وغالية، الله يجعل قلب الإنسان دايمًا مليان بالعزة، ولا يجعل حسرة الإنسان في البذل في غير محله."",Sadness"
"275816a1f2fb7e5a,""يـارب السماء والأرض يـالراحم الوهاب"
دعيتك وانا : مـن حسرة الذنب متهالك

انـا عبدك الـمـذنـب يا خـلاقّـي التواب
ابي رحمتك تشرق بـعـد ذنـبـي الحالك

ماصليت لـجـل الناس يثنون بالإعجاب 
ماصـلـيـت يا عـالـم خـفـا قلبي إلا لك

ابـي عـونـك في دنياي لا قفلْت الأبواب 
"وابي رحـمـتـك في"",Sadness"
70f666bfdab70d38,حسرةٌ ساكنة في أعماقي، لا تَذوب مع الوقت ولا تهدأ بالحديث.,Sadness
dd283302208220d4,حَسْرة.,Sadness
"c95c8dea632b6e39,""توكَّلتُ في رزقي على اللهِ خالقي"
وأيقنتُ أنَّ اللهَ لا شكَّ رازقي

وما يكُ من رزقي فليس يفوتني
ولو كان في قاعِ البحارِ العَوامِقِ

سيأتي به اللهُ العظيمُ بفضلِهِ
ولو لم يكن مني اللسانُ بناطِقِ

ففي أيِّ شيءٍ تذهبُ النفسُ حسرةً
"وقد قسمَ الرحمنُ رزقَ الخلائقِ؟"",Sadness"
"4cb25114035c1538,""""""أَسَى، أَسَف، أَلَم، إبْتِنَاس، إسْتِياء، إكْتِئاب، تَبَرُّم، تَرَح، تَعَاسَة، جَزَع، جَوَى، حَسْرَة، حُرْقَة، شَجَا.. """""
كلها كلمات لا تصف شيئًا مما شعرتُ حينها.
"وددت، ولطالما وددت، أن لا أودّ، فإذا بتلك الذكرى تظهر مرات عدّة."",Sadness"
"d6436892c72842e2,""ياوردة ٍ ماعاشت الا في دلال "
يغار منها الورد في روضة خريم 

خليتي الترفات ربات الجمال 
حياتهم حسره وعيشنهم جحيم

هذا الصحيح ولا نقاش ولا جدال 
 يدري به العاقل ويجهله الغشيم

اخوك شال الطيب عن كل الرجال 
"وانتي خذيتي الحسن عن كل الحريم"",Sadness"
"0eeecf2aba29cccc,""مشاعر الإنسان وقلبه أعز ما يملك "
الله لا يجعلنا نبذل قلوبنا ومشاعرنا إلا لمن يقدرها ويحفظها ويعتزّ فيها ..
"المشاعر عزيزة وغالية، الله يجعل قلب الإنسان دايمًا مليان بالعزة، ولا يجعل حسرة الإنسان في البذل في غير محله."",Sadness"
"32dd243a8bd607ad,""مشاعر الإنسان وقلبه أعز ما يملك "
الله لا يجعلنا نبذل قلوبنا ومشاعرنا إلا لمن يقدرها ويحفظها ويعتزّ بها.
"المشاعر عزيزة وغالية، الله يجعل قلب الإنسان دايمًا مليان بالعزة، ولا يجعل حسرة الإنسان في البذل في غير محله."",Sadness"
"23345db8fabbf6ce,""افضل الأقوال"
قولة عسى ربي يعين 
"لا غدينا بين حسرة و فرصه فايته ."",Sadness"
"61c0735c792af604,""""""ومن أعجب النعم على الإنسان نعمة النسيان؛ فإنه لولا النسيان لما سلا شيئا، ولا انقضت له حسرة، ولا تعزّى عن مصيبة، ولا مات له حزن، ولا ‌بطل ‌له ‌حقد، ولا استمتع بشيء من متاع الدنيا مع تذكر الآفات."""""",Sadness"
c198dc59d5aba23f,حَسْرَة,Sadness
"a2c2dcf8e9cd0c2b,""مشاعر الإنسان وقلببببببببه أعز ما يملك "
الله لا يجعلنا نبذل قلوبنا ومشاعرنا إلا لمن يقدروها ويحفظوها ويعتزّوا بهااااااااا.
"المشاعر عزيزة وغالية، الله يجعل قلب الإنسان دايمًا مليان بالعزة، ولا يجعل حسرة الإنسان في البذل في غير محله"",Sadness"
"6c93e8d1443acd53,""من يحافظ على قراءة سورة البقرة لمدة طويلة متواصلة سيرى في حياته عجباً، وفي جسده شفاءً، وفي رزقه زيادةً، وفي صدره انشراحاً، وفي عمره بركة."

"قال النبي ﷺ  : """"اقرؤوا سورة البقرة، فإن اخذها"
"بركة، وتركها حسرة، ولا يستطيعها البطلة""""."",Sadness"
"fe76ebdae238bc51,""حبيبتي أرجوك في القلب حسره"
"كافي زعل اشغلتي الفكر هوجاس"",Sadness"
2c413d65a6eca1ae,لا حول ولا قوة إلا بالله العلي العظيم يا حسرة قلبي ويا وجع قلبي عليك يا آسيا، حسبي الله ونعم الوكيل، حسبي الله ونعم الوكيل، آسيا خليفة المراسل الحربي للفرقة السادسة مشاة، نحتسبها شهيدة بإذن الله تعالى، ربنا يربط على قلوبنا جميعًا في ظل هذه الأحداث.,Sadness
a7daa27227bb8788,أرتقيت بنفسى، حيث لا حسره على مغادر، ولا أسفا على راحل، ولا حزنا على كاذب ...,Sadness
4ea498a1bf7fa5c9,ارتقيتُ بنفسي كثيراً حيثُ لا حسرةً على مغادر ولا أسفاً على راحل ، ولا حزناً على كاذب ولا تفكيراً في منافق,Sadness
"7647afad6dc09f30,""ياربِّ اجعل هذا الثقل أجرًا ورفعة,لا وجعًا "
"ولا حسرة,واملأ قلبي بالسكينة والرضا"",Sadness"
"b9319e53538c0e98,""قهوتي اليوم لذيذة الذ شي"
الوصفة: بُن برتغالي 
"الإيحاءات: حزن،تعاسة،حسرة،أسى،انكسار"",Sadness"
5ec669bec8852fd9,مازلتُ لا أستوعب كيف يكون الإنسان ملتزمًا تجاه الآخرين بحذافير اللُّطف واتقاء شرِّ إيذاء القلوب لكنَّهُ مع ذلك لا ينجو من خيبة أو إيذاءٍ أو حسرة,Sadness
"672a049c3712c230,""يا ماخذٍ قلبي ترا الشوق فضاح"
وما عاد باقي في عيوني مسرّه

احن لك كل ماهب ريح الصباح
واشتاق لك في كل ليل و مجره

لا تلومني كان في عيني الدمع طاح
الذكريات هي اللي تزيد القلب حسره

ليتك بقربي مابين الاخذ والراح 
"وتدري بقلبي اللي فاقدٍ صبره"",Sadness"
"bb6403dabe589966,""أعلم يقينًا أن البكاء لا يعيدك "
والكتابة لا تغني ولا تسمن من شوق
لكنك أمي ؛ وإني أتلهف عليك وعلى أيام كنتي معي فيها
وإن لفقدك ثغرة ما سددنا جوعتها
فلا أجد عنك سلوى غير بكائي أو كتاباتي

اللهم استودعتها لديك توكلًا وافتقدتها حسرة ، فأسعدني بحالها
"ونور قبرها بنورك الذي لا ينطفئ ."",Sadness"
"fad102c56e16ce37,""صباح الجنوب"
يا وجه الأرض ... كل الأرض
يا ملامح القمر الحزين
كل الحقول حان بذارها
وأرضك يا وطني نواريها الحنين
نودّع عرسان إلى رحلة الخلود
لتنبت يوما نصرا ورياحين
يا حسرة الأمهات الثكالى
كيف للطم خدودكم أن يستكين
سيبقى الأسود وشاحك حتى حين
#جنوبي_الهوى
"#جنوب_العز"",Sadness"
"f525320f6ce2cf86,""يقول الشاعر"

ياوردة ماعاشت الا في دلال
يغار منها الورد في روضة خريم
خليتي الترفات ربات الجمال
حياتهن حسره وعيشتهن جحيم
هذا الصحيح ولانقاش لاجدال
يدري به العاقل ويجهله الغشيم
ابوك شال الطيب عن كل الرجال
"وانتي خذيتي الحسن عن كل الحريم"",Sadness"
cd0ca6b663f0e979,يقول محمود درويش: أرتقيتُ بنفسِي كثيرًا حيث لاَ حسْرة على مغَادر ولا أسفا على رَاحِل ولا حزنا على كَاذب ولا تفكيرا بمنافِق.,Sadness
0b7d37188b0bba62,مازلتُ لا أستوعب كيف يكون الإنسان ملتزماً تجاه الآخرين بحذافير اللُّطف واتقاء شرِّ إيذاء القلوب لكنَّهُ مع ذلك لا ينجو من خيبة أو إيذاءٍ أو حسرة ..!,Sadness
147d07d75b56ecab,إِنَّ الَّذِينَ كَفَرُوا يُنْفِقُونَ أَمْوَالَهُمْ لِيَصُدُّوا عَنْ سَبِيلِ اللَّهِ ۚ فَسَيُنْفِقُونَهَا ثُمَّ تَكُونُ عَلَيْهِمْ حَسْرَةً ثُمَّ يُغْلَبُونَ ۗ,Sadness
"36bb94577a9b919c,""سورة البقرة من السور اللي الرسول صلى الله عليه وسلم قال عنها"
1-أخذها بركه اى انها مباركه وتبارك لك بكل شئ بحيتك
2-تركها حسره يعني تتحسر يوم القيامة انك ماقراتها لان فضلها ليس بالدنيا فقط أيضا بالآخرة
3-ولاتستطيعها البطله(السحره)
"لايمكن أكبر السحره ان يقدرو على من يقرأها ان يؤذونك"",Sadness"
"7024c55047576b3c,""حسرة سافيتش بعد الفـاول."
"@tnnt3"",Sadness"
"9637de136d1194b2,""ارتقيت بنفسي كثيراً حيث لا حسرة "
على مغادر، ولا أسفاً على راحل، ولا حزناً 
"على كاذب، ولا تفكيراً بمنافق."",Sadness"
"7de35a231482ffd3,""أَيَا حَسْرَةَ القَلْبِ بَعْدَ الرَّحِيلِ"
فَمَا لَذَّةُ العَيْشِ دُونَ الخَلِيلِ

سُقِيتُ مِنَ الحُبِّ مُرًّا وضَيْمًا
وَيُسْقَى سِوَايَ مِنَ السَّلْسَبِيلِ

"— Luvveer"",Sadness"
cf50ef6bbcf8809f,يا حسرة علي العباد,Sadness
"c16cad384e6ab49e,""«لا تنسَ يا هذا، أنَّ موتك حقٌّ لا محالة"
وأنك ستُغسَلُ وتُكفَّن حتمًا
ثم تُترَك وحيدًا في ظلمة قبرك
فلا يُنسيَنَّك صخبُ الدنيا صخب الحشر وربكة القلوب يومئذ
ولا تُعمينَّك ألوانها عن العمل لحياتك الأخرى
"فإذا أنت لمْ تعمل اليوم لك؛ فوا حسرةً عليك غدا»"",Sadness"
"081e450c8f478527,""الرضا بالمعاناة و تحمل الألم اقل تكلفة من حسرة الوداع و معاناة ألم الفراق"

يقول #راكان_بن_ملهي 

راضي يصير الحُب مسرح جريمه 
ولا يصير البُعد حلّ إضطراري

جيتك معي ضحكة ودمعة يتيمه
وفي يسار صدري غربتي وإنتظاري

ما عاد عندي قلب يقوى الهزيمه
"هاتي يدك وأعلن بعدك أنتصاري ."",Sadness"
"5af6e78f693ba1b9,""- دام العُمر واحد"
" """" لا ينقضي حسره """" ."",Sadness"
"04f75034a377f660,""﴿ وأنذرهُم يوم الحسَرة ﴾"
حسرةٌ على وقت قضي في غير رضى ، 
وشباب في العصيانِ قد بلى ، 
ومالٍ عن الحرامِ ما زكى ،
والله المستعان.
" #اكتب_ايه_قرانيه"",Sadness"
"c32891a9f8e3a622,""يا "
مـشاري 

ياليت غــيبتهم مـثـل غيبت الـشمس 
    اللــي تغـيب اليوم ،،، وتـبين بـــكــرة 

..
ولكن غيبتهم مثل غــيبــة  الامس
       الامس راح وما بقى غير حــســرة 

"م…"",Sadness"
"609accd7a1fe3397,""من فضل سورة البقرة "
قال النبي ﷺ:

«اقرؤوا سورة البقرة، فإن أخذها بركة وتركها حسرة»

«إن الشيطان ينفر من البيت الذي تُقرأ فيه»

«من قرأ آخر آيتين منها في ليلة كفتاه»

«سورة البقرة وآل عمران تحاجّان عن صاحبهما يوم القيامة»

"لاتنسون الوتر والصدقة ب الي تقدرون عليه"",Sadness"
3aa83c2640c230c5,أكثر الناس حسرة المستهزئون بالحق،فرحة قصيرة يليها ندم طويل(يا حسرة على العباد ما يأتيهم من رسول إلا كانوا به يستهزئون),Sadness
"919018aad60a3d0c,""يا حسرةً على الحروف .."
لو كانت أقمارا سابحة ..
لترقد في سماء من:
لا يحتاج لحرف ..
بل يقرأ خط الروح ..
فيلتقط قصيدة الوجع ..
"من بين سطور الصمت..!"",Sadness"
"d308c07f446f7950,""تأهل الهلال"
خسارة النصر وطلوعه من كأس الملك
"حسرة وحزن وتعاااااااسة جيسوس"",Sadness"
"49ea624e269240c4,""يا رب"
ألا تضيع أعمارنا سبهللا
ألا نغبن يوم التغابن
"ألا نكون من أعظمهم حسرة يوم الحسرة"",Sadness"
"f79d1556dbd2527f,""فزّت عيون الظبي بعيون البصيرة والبصر"
تشبع فؤادك من مشاعرها بذيل الملعقة

اشوف في نظراتها حسرة وتهديد وحذر
وطرفها الفتان لا غمض على جرح انطقه

"مشعاف"",Sadness"
"317c32251924e8cc,""الحسد حسرة للحاسد، وسقم للجسد وضعف في النفس .."
 فالحاسد همه دائم، وغمه لا يزول ..
وهو من أخبث الطباع ..
"نعوذ بالله من الحسد والحاسدين !"",Sadness"
"974313ad249fcea6,""ياوردةٍ ماعاشت الا في دلال"
يغار منها الورد في روضة خريم 

خليتي الترفات ربّات الجمال
"حياتهن حسره وعيشتهن جحيم"",Sadness"
1a63912f91706b9c,الوضع حسرة على حسرة,Sadness
"db91a726fd1730d6,""تذكير لقراءة سورة البقرة تطبيقاً لقول الرسول ﷺ """"اقرأوا سورة البقرة فإن أخذها بركة وتركها حسرة ولا تستطيعها البَطَلة""""."

اللهم أرزقنا فضلها وبركتها وافتح لنا بها أبواب الخير والرزق والسعادة واجعل هذه الصفحة صدقة جارية لي ولوالدي ومن قام بنشرها من بعدي.

"سورة البقرة- صفحة ٣٥"",Sadness"
"b6640e9915f452cd,""فرحة الحكومه و المستر "
حسرة الدون المعتاده ضدنا
تسكيت رايكو وسط أرضهم

"تفاصيل تنشرى و مقطع ماتمل من مشاهدته"",Sadness"
024e36dadac29845,بعيني حسرة ودها بس تنظره .,Sadness
"a20ce733d8c4becb,""عمي الذي أهدته كفّاي للكفن"
"فيا عزة المُهدى..ويا حسرة المُهدي"",Sadness"
"16f6da46b0467408,""تذكير لقراءة سورة البقرة تطبيقاً لقول الرسول ﷺ """"اقرأوا سورة البقرة فإن أخذها بركة وتركها حسرة ولا تستطيعها البَطَلة""""."

"سورة البقرة فى مصحف التهجد  بتكون ١٢صفحة كبيرة ممكن تقسموها على مدار اليوم بعد كل صلاة صفحتين وقبل النوم صفحتين وهتخلص معاكم بسرعه وفضلها فى حياتكم عظيم"",Sadness"
"aef2afa8f7fcb393,""«قَلَّما يخلو إنسان من صبوة أو صبابة، أو حسرة على فائت، أو فكر في مُتمنّى، أو خوف من قطيعة، أو رجاء لمنتظر، أو حزن علىٰ حال، وهذه أحوال معروفة، والنّاس منها علىٰ جديلة معهودة»."

"- الإمتاع والمؤانسة، التَّوحيديّ."",Sadness"
"c3b29493bb6a95af,""غلبني زماني ياحبيبي .. ورحت بعييد "
مراح الأسير اللي يساق لـ مكان أسره 

اقول المفارق دمع محجر ولوّااح إيد 
واثر من كسره البعد ما ينجبر كسره 

ترى كلّ ليله عشتها معْك ليلة عيد 
"ماحسيت فيها لين راحت علي حسره"",Sadness"
"2564b82dbf079a8f,""هذه الأيام أعيشها كنصيحة على لسان محمود درويش رحمه الله"
حينما قال:
"اعتنق الصمت، ولا تأخذ الناس على محمل الجّد ولا تأخذ الحياة على عاتقك، ولا تبالغ في عاطفتك، ولا تُرضي أحدًا رغمًا عنك"""""
ويقول :
"ارتقيت بنفسي كثيراً حيث لا حسرة على مغادر، ولا أسفاً على راحل، ولا حزناً على كاذب."""""",Sadness"
"592b8dc50599b9c6,""سووا اي شي بالناقصصص"
 الا حقوق الناس واعراض الناس والكلام بالناس 
"ربي بيعقبك فيها حسره"",Sadness"
"7e7d721345a991f3,""يا اللي ظلمت الناس  زورٍ وبهتان   "
ما تدري إن الظلم  تاليه  حسره؟   

اللي بنيته من  خداعٍ وبهتان  
يرجع على راسك  ندم فوق صخره

"- شجون المطيري"",Sadness"
98c5cd39da1a44f2,حسرة باستوني على الفرصه,Sadness
"49f3f5eed230205a,""حبيبتي ارجوك"
في القلب حسره كافي زعل
" اشغلتي الفكر هوجاس"",Sadness"
"01cbdd31e72b16fe,""نعمة النسيان"
قال ابن القيم :
( ومن أعجب النعم عليه نعمة النسيان؛ فإنه لولا النسيان لما سلا شيئا، ولا انقضت له حسرة، ولا تعزى عن مصيبة، ولا مات له حزن، ولا بطل له حقد، ولا استمتع بشيء من متاع الدنيا مع تذكر الآفات، ولا رجا غفلة من عدوه ولا فترة من حاسده )
"مفتاح دار السعادة ٢/٧٨٨"",Sadness"
b52b0919c0099e58,اتأمل وجهك واتخيل حسرة أمك عليك..,Sadness
"c64096fba0d499ae,إنَّني أتساءل بكل حسرة وأنا أُشاهد هذا المقطع؛ إذا كان هذا حال الفسيخيات مع السُيَّاح، فماذا كان حالهن مع الجنود المستعمرين لهم، مثل الهنود والبنجال الذين كانوا في فترة أصحاب سُلطةٍ وسيادة على المصارية؟ والله المستعان …,Sadness"
"22484fd795b203ab,""تذكير لقراءة سورة البقرة تطبيقاً لقول الرسول ﷺ """"اقرأوا سورة البقرة فإن أخذها بركة وتركها حسرة ولا تستطيعها البَطَلة""""."

"اللهم أرزقنا فضلها وبركتها وافتح لنا بها أبواب الخير والرزق والسعادة واجعل هذه الصفحة صدقة جارية لي ولوالدي ومن قام بنشرها من بعدي."",Sadness"
"40f42a90a779edd3,""بعض معرفته شرف "
"والبعض معرفته حسره"",Sadness"
"b31bded9a1ebaa5d,""عدة أيام قضيتها نحيب و حسره .. الآن وقت نفض الروح و العودة من جديد "
"انتهت الدراما"",Sadness"
"ece699813056884a,""«ليس في القيامة أشدُّ حسرةً من رجلِ عَلَّمَ النَّاس علمًا فعملوا به ولم يعمل هو به؛ ففازوا بسببه وهلك هو»."

"سيدنا حاتمٌ الأصمّ"",Sadness"
"8e67a4ca174cf289,""نمْ في أمانِ اللهِ، فالدنيا غَدَتْ"
كسَرابَ ظل خادعِ الأبعادِ

ما نالَ منكَ الموتُ إلا حسرة
أمّا الرجاءُ فساكنٌ بفؤادي

يا قبرُ، خُذْ ما كانَ زينَ حياتِنا
فالمُلْكُ للهِ العظيمِ الهادِي

نبكي ونَعلمُ أنّ دمعَ عيونِنا
"لن يُرجِعَ الأباء و الاجداد"",Sadness"
66f4bd9ea1cbb8b0,أشقّ ما يعرض للمرء في رقاد ليله، أن يسطع في منامه طيف محبوب قد غاب، فيغشاه من البِشر ما يذهب بلبّه، ويحسب أنّ الوصال قد عاد بعد انقطاعه، وأنّ الليالي جادت عليه بما بخلت به فترة من الزمن. فإذا استيقظ من نومه، انقلب الحلم حسرة، وكان الصحو أشدّ عليه من المنام.,Sadness
f67e41b3a95883e6,يا حسرة على الجزائرية متزوجة وقالها دوري ودارت,Sadness
74634e80793d03b1,اقرؤا سورة البقرة يوميًا فان اخذها بركة وتركها حسرة سوف تعمل على تنظيف نفسك وبدنك من كل هم وغم وحسرة مع تاج الذكر والاستغفار انت سوف تعيش نعيم وراحة لم تعهدها من قبل الحمدلله,Sadness
"457b225cbe73bf11,""تتعاتب ظلالنا"
ونرتجف عتمة
فلا نحتكم لليل
ونمد ريشنا
صباحاً وعمراً
وجناحا

وتتبارى
الغيمات على تلالنا
فنتركها تتغارق بللها
ولا زدنا المطر
حسرة او نواحا

وان استجارت
الزهور بسلالنا
تبادلنا الانفاس
غراماً و اهواس
تعانقنا اريجاً ونفاحا
━━━⊱⊰━━━
#خيانة_مغلفة
#رسالة_اليوم
"3/2"",Sadness"
4ca4a3b892541f9f,يا حسرة على الزواج,Sadness
"2bab15245c085b6a,""لڪي لا تندم في معاملتڪ مع الخلق؛ "
عاملهم لذات الله لا لذاتهم، ف ارجُ الله فيهم ولا ترجوهم، وخاف الله فيهم ولا تخافهم، 
وأحسن إليهم لذات الله لا لذاتهم
وبعد ذلڪ لن يڪون في روحڪ ندم
ولا في قلبڪ حسرة ولا في نفسڪ ندامة
لأن صفقتڪ مع الله
"والله في عون العبد ما ڪان العبد في عون أخيه"",Sadness"
db0004d3efbd14e0,أتمنى لو ماكانت تسلل... خليهم يحسوا بالظلم... شوف حسرة رونالدو... كان هدف.. ضربة ماسكيرانو من الظهر,Sadness
"8458a350aab0a0e8,""ـاﻟﻟهُم ﺻَل وﺳﻟّم ﻋﻟىٰ ﻧﺑﯿنا ﻣُﺣﻣد "
" #ليله_الجمعه"",Sadness"
"fa3e2f0a4d8a2682,""من زَعّلك .. فِي عيونِك السّود نظْره"
 لا شفتها حسّيت بالحزن والياس

من زعّلك طاحَت من اللِّيل قمْره 
وخلا الطرِيق مِنْ المواعيد والنّاس

حبيبتي أرجُوك فِي القلْب حسرةِ
"كافِي زعل أشغلتي الفِكْر هوجاس"",Sadness"
7fa889005ce3efb6,يابخت اللي ياخد قلبي وحِنّيتي ، ويا ألف حسرة عَ اللي خسرني,Sadness
"da33f1536fb7c1e1,""حبيبتي يا مدينة"
متزوقة وحزينة
في كل حارة حسرة
"وفي كل قصر زينة"",Sadness"
"f8257ed5f7896c95,""فيا قلبُ لا تحزن لما فاتَ وانقضى"
فمَن أدمنَ الأحزانَ زادَ تألُّما

ومَن أَلِفَ الشكوى إلى الناسِ زادَهُ
دوامُ التشكّي حســرةً وتندُّمــا

"د.ماجد عبدالله"",Sadness"
"79b7ab04503c5ef2,""“يا حسرة العبد حين يُفرّط بركعتين قال فيهما من لا ينطق عن الهوى:"
«لهما أحبّ إليّ من الدنيا جميعًا».”

"- سنة الفجر."",Sadness"
"91bebb766754dccd,""تذكير لقراءة سورة البقرة تطبيقاً لقول الرسول ﷺ """"اقرأوا سورة البقرة فإن أخذها بركة وتركها حسرة ولا تستطيعها البَطَلة""""."

اللهم أرزقنا فضلها وبركتها وافتح لنا بها أبواب الخير والرزق والسعادة واجعل هذه الصفحة صدقة جارية لي ولوالدي ومن قام بنشرها من بعدي.

"سورة البقرة- صفحة ٣٨"",Sadness"
"c443e63370697df2,""يبي يجي لك يوم ويعينك معين"
"وتدله عقب حسرة منام الفراشي"",Sadness"
"b83337a3e0f0caec,""تخيييييييل!"
يالله،
"ألّا نموت من حسرةِ الشوق والحنين."",Sadness"
"c975f0591722811d,""يا ليلُ خفّفْ من لظى بركاني "
صار التوجع والأسى عنواني 

إذ كانَ حبُّكَ نجمةً يغزو المدى 
خَبَتِ الضياءَ وظلَّ في وجداني

وتظنُّ أنَّ الوقتَ يُخمدُ حسرة 
كانت تُحرِّقُ مهجتي وكياني

ما عادَ يُجدي في الغيابِ تظاهُرٌ
فالشوق يُفضَحُ في المدى أركاني 

في صمتِ نافذتي تسيلُ ملامحٌ
"كانت"",Sadness"
092ef1076168bcec,اسمعوا ياعالم ياناس السياسيين العراقيين يحاولون تخفيض سعر البيرة حتى الناس تنتخبهم ...؟؟؟الشعب العراقي حسرة عليه كيلو اللحم حسرة عليه يعمل عملية في مستشفيات العراق التي تلتهب من الغلاء والسياسيين يردون يرخصون البيرة ...لله درك ياعراق,Sadness
"255fa31d0ebb9cd3,""اذكر بنت معي بالقروب بالجامعة الاحظ بركة وتيسير عجيبين في حياتها ما شاء الله تبارك الله، المواقف اللي شهدتها لو بحكيها بصير كني أبالغ، بعد فترة صرنا نمون على بعض وما صدقت اسألها لو فيه سر، قالت """"سورة البقرة أخذها بركة، وتركها حسرة، هذا قوله ﷺ، وهذا الشيء الوحيد اللي ما قد تركته"""""",Sadness"
"d995d014b0ee26e4,""تكسّرت على حائط الصّمت"
               صرخاتي 
"#بوح_الخاطر"",Sadness"
193b2cdc4a33d687,حسرة القلب الرهيف,Sadness
"be54ec024f518d33,""من زعلك لو هو انا بالله شوفيني مره "
وانا اعتذر للتبر للدر للماس
ابعتذر لنجومها في المجره
وللما القراح اللي شربته من الكاس
حبيبتي ارجوك فالقلب حسره
كافي زعل اشغلتي الفكر هوجاس
والله لو تدرين هالحب جمره
بين الضلوع تشب من حر الانفاس
"غديت طفل ضايع فيه عبره"",Sadness"
59634a489aadc260,أف أف يا حسرة,Sadness
"79c85e0ff2e31811,""من يحافظ على قراءة سورة البقرة لمدة طويلة متواصلة سوف يرى في حياته عجبًا، وفي جسده شفاءً، وفي رزقه زيادةً، وفي صدره انشراحًا، وفي عمره بركة."
"قال -صلى الله عليه وسلم-: """"اقرؤوا سورة البقرة، فإنّ أخذها بركة، وتركها حسرة، ولا يستطيعها البَطَلة""""."",Sadness"
"50b3b9e0f24b1131,""من تذوَّق لذََة القرآن وأنسَهُ ونعيمَهُ، "
"أيقنَ أنَّ بذل العُمرِ في غيرهِ حسرة وندامة"",Sadness"
"5d2fc84217f88010,""أشعل فؤادي حَسره "
بأعيانَ مثل الجمّره 
فـ كيف لاهي سمراء 
"فاقت جمال الغزلان"",Sadness"
"9bb58241cd7b6593,""والله حسرة"
"شلون ما نحيي مولدها بجوار مرقدها الشريف!"",Sadness"
"b20db584bf6b3221,""أ يَألَمُ قلبك أم تعوّدت الغياب! "
قُلّي بالله عليك: تنام الليل من دون كابوسٍ يسلبك ملذّات الأحلام؟
تستحم من دون أن تشعر بجلدكَ ينادي عليّ؟
تحتسي قهوتك من دون أن تستوقفكَ حسرةٌ في الفنجان؟
تُمشّط شعركَ وتتعطر أمام المرآة من دون أن تلمح صوتي؟
قُل لي بقليلٍ من الصدق:
"كيف تبتسم؟ أ من"",Sadness"
"f4ba21f8ed036bd5,""ما دريت إن الـفقد سابق خطاي"
يا حسرة اللي ما تهيّأ لـِـوداعك!

ياليتني في لحظة البوح ماخفت
"وماتت حقيقة حب مالقى شهود"",Sadness"
373c01739182ee1a,يا حسرة علينا.,Sadness
"277a376f0ed19e29,""«لا تنسَ يا هذا، أنَّ موتك حقٌّ لا محالة"
 وأنك ستُغسَلُ وتُكفَّن حتمًا
 ثم تُترَك وحيدًا في ظلمة قبرك
 فلا يُنسيَنَّك صخبُ الدنيا صخب الحشر وربكة القلوب يومئذ
 ولا تُعمينَّك ألوانها عن العمل لحياتك الأخرى
 فإذا أنت لمْ تعمل اليوم لك؛ فوا حسرةً عليك غدا»

"#رسالة_اليوم"",Sadness"
"55308fda3131c536,""بدوي وصفن بليل وتذكر أصباه.."
جر حسره حته النوگ بجاهه وياه..
"#دارمي"",Sadness"
"7c9ecf5daec70969,""أصبحنا وأصبح الملك لله"
#السلام_عليكم_ورحمة_الله_تعالى_وبركاته
أسأل الله العلي العظيم الرحمن الرحيم أن لايضيق قلوبكم حسرة ولا خيبة ولا وجع وأن يكتب لكم الخير والرزق ويحقق امانيكم ويصلح احوالكم ونيتكم 
#صباح_الخيرᅠ 
"#جمعة_طيبة"",Sadness"
"8e6c66bdd6907cbf,""""""ربي ارجعني اعمل صالحاً"""" هي جزء من الآية الكريمة في سورة المؤمنون، حيث يطلب الإنسان في لحظات الاحتضار أن يُعاد إلى الدنيا ليعمل عملاً صالحاً. إنها تعبر عن حسرة من فرط في طاعة الله، لكنها دعوة للعمل الصالح في الحياة قبل فوات الأوان، لأن هذا الدعاء لا يُستجاب بعد الموت."",Sadness"
"b93da78521fb015b,""صباح الخير أما بعد؛ "
فإن الواحد منا لا يهون عليه طي الصفحات بسهولة، ولا يقدر علي تقبل أحلامه الضائعة دون أن يفقد جزءًا من قلبه معها، 
رؤية الأشياء علي حقيقتها انتصار، لكنه مؤلم يأكل صاحبه حسرة علي كل أمل كاذب 
ف ياربّ، 
"إذا قدرت لنا معرفة حقيقة الأشياء، ف ارزقنا قبولها علي حالها"",Sadness"
"3000202fe8ad0481,""تذكير لقراءة سورة البقرة تطبيقاً لقول الرسول ﷺ """"اقرأوا سورة البقرة فإن أخذها بركة وتركها حسرة ولا تستطيعها البَطَلة""""."

اللهم أرزقنا فضلها وبركتها وافتح لنا بها أبواب الخير والرزق والسعادة واجعل هذه الصفحة صدقة جارية لي ولوالدي ومن قام بنشرها من بعدي.

"سورة البقرة- صفحة ٣٩"",Sadness"
"6338a3aa5b88433a,""لم يعد الواحد منا يعرف أيبكي لتلك الذكريات حسرة عليها أم يضحك فرحا لمغادرتها!! "
"لقد جعلونا لا نعرف أنحارب تلك الذكريات أم نقف أمام محطاتها متأسفين!!"",Sadness"
"5ff855dcca77180e,""#سحب_جناسي "
#الاعمال_الجليله 
#التبعيه 

*
"سيمضي كل شيء.. وتبقى صحائفنا شاهدة: ﴿ونكتب ما قدّموا وآثارهم﴾، فاحرص أن تترك أثرًا يبقى نورًا لك بعد رحيلك، لا حسرةً تُتلى عليك"",Sadness"
2aa293015c650a82,حسرة علينا نقول كلمة وتنفهم غلط,Sadness
"7d0609fc49333061,""الصداقة كالحُبِّ إن قصر أحد الأطرافِ"
 قلة التوازن والانجذاب تجاه الآخر
وكُلمَا سارعت فِي الإهمالِ فستجني حسرة وندامة فمَتى مافسدت الصداقةِ وفقدت رونقهَامرة تلو الأخرى فلن تعود كما السابق

 وليس في الصداقةِ مسافات؟ فالبعد
بعد حقيقة في فحواه الكنايةِ والمجاز!

"      ،،"",Sadness"
"c6276252577347d3,""تذكير لقراءة سورة البقرة تطبيقاً لقول الرسول ﷺ """"اقرأوا سورة البقرة فإن أخذها بركة وتركها حسرة ولا تستطيعها البَطَلة""""."

اللهم أرزقنا فضلها وبركتها وافتح لنا بها أبواب الخير والرزق والسعادة واجعل هذه الصفحة صدقة جارية لي ولوالدي ومن قام بنشرها من بعدي.

"سورة البقرة- صفحة ٤١"",Sadness"
"d5fe113d42d301b8,""أنجبت مصر مفكرين وأدباء وأطباء وعلماء ، وأكاديميين نبغاء في شتى الحقول؛ نالوا إعجاب وتقدير العالم المتحضر، ولكن هؤلاء جميعاً لا وزن لهم عند الرعاع والدهماء ممن يصفقون ويطبلون لكل مهرج وانتهازي دجال، فحكم مصر أسوأ السياسيين وأسوأ العسكر!"
"يا حسرة على مصر!"",Sadness"
"f1b089547bdb67f5,""إبصارُ الأشياءِ على حقيقتِها انتصارٌ لكنّه مؤلمٌ؛ يأكلُ صاحبَه حسرةً على كل أملٍ كاذبٍ، و كلِ جهدٍ ضائعٍ.. "

فـإن قدَّرتَ لي معرفةَ حقيقةِ الأشياءِ،
ارزقني طاقةَ التحمُّل،
و قُدرة القبول
"واكتب لنا الخيرَ حيثُ كانَ ثُمَّ ارضِنا به"""""",Sadness"
e118ead847311891,يكسرني هذا الوجود، كأن كل ما قد ركضت من أجله، تحوّل اليوم مشهده الى سراب، ولا أثر واضح لخُطواتي التي تحاول، وليس لي من كل هذا، إلا حسرة ونَدبه عالقه في عمق قلبي,Sadness
"cdd4384de3b62ce7,""انا في عينيها ذبت "
و ابتليتُ

لا تقولوا أنِّني .
من هوى حبي  ارتويتُ 

ها انا أعزف اشعاري لها
فشجاني اللحنَ حتى..
أَنِّي مِن لَحني بكيتُ 

كم أضأئت لفؤادي أملأ
شمعةً روحي أضَائتْ
وانطفيتُ 

تمضي ايامي بدونك
حسرةً
أنفشُ الشعر فيهن
ريثما
نبتَ الحُب ورودًا 
"فاتيتُ"",Sadness"
"0c554b39ea5f3493,""أنتِ يا كُل الدَواوين "
المؤرَّخة! 

أُباهِي بكِ 
أنا حَسرةُ القصَائدِ المَكتوبة عَلى
"عجَلة."",Sadness"
"b16c547ec1108274,""توكلتُ في رزقي على الله خـالقي"
وأيقنـتُ أن اللهَ لا شك رازقي

وما يك من رزقي فليـس يفوتني
ولو كان في قاعِ البحارِ العوامقِ

سيأتي بـه الله العظـيمُ بفضلـه
ولو لم يكن مني اللسـانُ بناطقِ

ففي أي شيء تذهبُ النفسُ حسرةً
وقد قسّم الرحـمنُ رزقَ الخلائقِ

"الإمام الشافعي رحمه الله"",Sadness"
3133515d1c8269df,الله يجعلها حسرة دايمه وياخذ حق الهلال منهم الله يجعل من نوى الهلال بالسوء ترجع له اضعاف مضاعفه,Sadness
"24ebf05fb60fc7ec,""شاهد حسرة عطاف وألم  ممثل النظام العسكري بعد الهزيمة التي تلقاها على يد في قضية #الصحراء_المغربية."
"الجميل هي تلك القهقهة العفوية."",Sadness"
"86aec898a526e1aa,""من زعلك؟ طاحت من الليل قمره"
لو هو انا ،بالله شوفيني مره 

وأنا أعتذر للتبر ،للدر،للماس
أبعتذر لنجومها في المجره

حبيبتي أرجوك في القلب حسره
كافي زعل اشغلتي الفكر هوجاس

والله لو تدرين هالحب جمرة 
"بين الضلوع تشب من حر الأنفاس"",Sadness"
"0190b1a6fd41b66a,""يا من تحاصر الفاشر وأهلها، إنهم أحفاد علي بن دينار، والحق منصور ولو جئت بالآلاف من المرتزقة الأجانب ودفعت لهم مليارات الدولارات، والله ستكون هذه الأموال حسرة عليك وعلى من شايعك في الدنيا والآخرة"

#أنقذوا_الفاشر #الفاشر_تموت_جوعاً #دارفور #الفاشر_تحت_الحصار 
"#Darfur #AlFashir"",Sadness"
"705845a1133e586c,""#يمـــه هواي #بچـّوني "
يمــه هواي #جرحوني 

وحــگ ريحــة #حنانچ عذبوني
ابسكتـه ابچي بلايه #صوت

ابگلبي حسـرة لو #امـوت 
"حتــة ميحسـون اذا #شـافوني"",Sadness"
cbc799c9df15ba69,فيا عزة المهدى ويا حسرة المهدي.,Sadness
cad1e7de7d166691,حسرة بنزيما هههههههه,Sadness
"1ef791ad1a58e138,""هذي الحركه المفروض جيهان يسويها "
"بتقعد في قلبي حسره لو ماسواها هذاني علمتكم"",Sadness"
"45942082046b2be1,""أنتِ كالشمس "

تبّدتْ لنا إِذ غابت الشمس والتقت
على الأرض من أقطارها ظلماتها
فأشرقتْ الدنيا جميعا بوجهها
بليلة سعد لا يَضِلُّ سراتها
وَسارَت كثيرًا جَلسُها وَرَفيقُها
فقطّع قلبي لمحها والتفاتها
يُناجونَها دوني فيّا لكِ حسرة
"تُعَذِّبُ نفسًا جَمَّةً حسراتها."""""

"-العباس بن الأحنف."",Sadness"
"e81b2dd97382d68f,""يقول ابن القيم رحمه الله :"
" ومن أعجب النعم على الإنسان نعمة النسيان،  فإنه لولا النسيان لما سلا شيئا، ولا انقضت له حسرة، ولا تعزّى عن مصيبة، ولا مات له حزن، ولا ‌بطل ‌له ‌حقد، ولا استمتع بشيء من متاع الدنيا مع تذكر الآفات"",Sadness"
"9aaca49ec65667c6,""""""يمّا هدّوا دارنا"""".. حسرة شاب فلسطيني بعد تدمير منزل عائلته في قطاع #غزة "
"#الجزيرة_مباشر"",Sadness"
"d8fec4c4442eecce,""ارتقيت بنفسي كثيراً حيث لا حسرة على مغادر، ولا أسفاً على راحل، ولا حزناً "
"على كاذب، ولا تفكيراً بمنافق ."",Sadness"
"0213ec23bb6de849,""قد صحبتُ اللَّيلَ، والليلُ اكتئابٌ وارتياعُ "
ظُلُمات الصمتِ لا ينفذُ فيهنَّ شُعاعُ
حسرةٌ تطوى على أخرى.. وَهَمٌّ وضَياعُ
وأحاديث لها في النّفس هَدٌ ونِزاعُ 
"#محمود_شاكر"",Sadness"
"c8df975a430901a1,""""""تحرك يا أمير"""".. حسرة الفقد تفجع امرأة بعد قصـ ـف إسرائيلي أمس لوسط قطاع غـ ـزة"

"#الجزيرة_مباشر"",Sadness"
"a0be314225d2ea83,""ما نراه يحدث لإخواننا المسلمين في كل مكان من قتل وتشريد وتجويع يوجب علينا أن نعتبر ونفكر في الأسباب التي كانت وراء ما يحدث لكي نعتبر."
والله إننا نتعذب بمشاهدة هذه المناظر التي تحزن كل مؤمن بحب إخوانه المسلمين ، وقلوبنا تكاد تتمزق حسرة وحزنا وأسى.

"اللهم فرج على إخواننا في كل مكان"",Sadness"
"a30326a64c7d2c83,""تذكير لقراءة سورة البقرة تطبيقاً لقول الرسول ﷺ """"اقرأوا سورة البقرة فإن أخذها بركة وتركها حسرة ولا تستطيعها البَطَلة""""."

اللهم أرزقنا فضلها وبركتها وافتح لنا بها أبواب الخير والرزق والسعادة واجعل هذه الصفحة صدقة جارية لي ولوالدي ومن قام بنشرها من بعدي.

"سورة البقرة- صفحة ٤٣"",Sadness"
"a5d6613e1e13d95f,""تذكير لقراءة سورة البقرة تطبيقاً لقول الرسول ﷺ """"اقرأوا سورة البقرة فإن أخذها بركة وتركها حسرة ولا تستطيعها البَطَلة""""."

اللهم أرزقنا فضلها وبركتها وافتح لنا بها أبواب الخير والرزق والسعادة واجعل هذه الصفحة صدقة جارية لي ولوالدي ومن قام بنشرها من بعدي.

"سورة البقرة- صفحة ٤٠"",Sadness"
"c03cfe53208b0b85,""يا دمعتي إذكري و ذَكِّري عاشقاً "
من حسرةٍ مرَت به و يأسٌ و مللْ

عدنا و عاد اللقاء و عاد لي الامل 
"حيث الهوى والصفاء والعناق والقُبل"",Sadness"
fecebd27834ae08d,اليوم الـ braids مالتي حسره من حسره,Sadness
1b47c2c7bee9bb44,حسرة القلب خسارة أما الطلاق فهو مجرد قطعة من الورق !,Sadness
"620b2e4179c4414d,""كثير ومنها مرثية ابن الرومي في ولده اللي مطلعها :"

بكاؤكُما يشْفي وإن كان لا يُجْدي
فجُودا فقد أوْدَى نَظيركُمُا عندي

بُنَيَّ الذي أهْدَتْهُ كَفَّايَ للثَّرَى
فَيَا عِزَّةَ المُهْدَى ويا حَسْرة المُهدِي

ومرثية الشريف الرضي في والدته :

"كَم عَبرَةٍ مَوَّهتُها بِأَنامِلي"",Sadness"
"514880a5d289d961,""ماعلى الجحود حسره وحسايف "
"الردي لالقى غيرك نسى خيررك ….."",Sadness"
3727edb8e7ffad0f,حسره عليا وعلى بختي  المتجوزه قاعده مع جوزها والخاطب قاعد مع خطيبته وأنا قاعده مع ستي أم امي  كل شويه تسألني أنتي بنت مييين حد يناولني حجرين طوب الطم علي وشي بيهم,Sadness
"4c062591d07ff91a,""قال ﷺ : "
"اقرَؤوا سورةَ البقرةِ، فإنَّ أَخْذَها بركةٌ، وتركَها حسرةٌ"""""",Sadness"
"90fdf97eea99f8ad,""الله لا يوفقك ولا يوفق قناتك عساك بخسارة تموتكحسرة وقهر و تموت أحبابك عليك من شدة الحزن ،الله يبتليك بقهر و حسرة في قلبك"
الله لا يوفقك يا رب 
"@abumalih"",Sadness"
"efa5f9ad055f4c9d,""وَمُختَلِسٍ بِالطَرفِ مَا لا يَنالُهُ"
قَريبًا بِحالِ النازحِ المُتَباعِدِ
وَفي نَظَرِ الصادي إِلى الماءِ حَسرَةٌ
إِذا كانَ مَمنوعًا سَبِيلَ المَوارِدِ.
"العباس بن الأحنف"",Sadness"
"b8d098d9050e4440,""تذكير لقراءة سورة البقرة تطبيقاً لقول الرسول ﷺ """"اقرأوا سورة البقرة فإن أخذها بركة وتركها حسرة ولا تستطيعها البَطَلة""""."

اللهم أرزقنا فضلها وبركتها وافتح لنا بها أبواب الخير والرزق والسعادة واجعل هذه الصفحة صدقة جارية لي ولوالدي ومن قام بنشرها من بعدي.

"سورة البقرة- صفحة ٤٥"",Sadness"
"27fe394536a3ef36,""مخيم جباليا يا حسرة القلب، نفس الشارع خلال فترة حرب الإبادة"

Jabalia camp, what a heartbreaking sight, the same street during the period of the war of extermination.

"#GazaBeforeAfter"",Sadness"
"3a6ed53fc12a0ab8,""""""يَا حَسْرَةً عَلَى العِبَادِ.."""""",Sadness"
f00be7e9c00a175b,حسرة جالينو بعد التعثر,Sadness
"26388067a2ad24a3,نصيبك هو ما تسعى له ويتيسر إليك؛ فإن لم يتيسر فذلك عين الجواب، وأما السعي فتؤجر عليه ويُجنبك حسرة الندم؛ لكنه لا يضمن النوال.,Sadness"
"022935c3ff863926,""لعنة الإعتياد وجهتنا المحتومة في الحياة .. "
إما أن تصلها بضمير مرتاح لأنك حاولت
إلى ما فترت كلّ قواك
أو تصلها بندم و حسرة ترافقك ما حييت 
«ولك حريَّة الطريق»
"#راقت____لي"",Sadness"
"e44ffdf0f37d4c55,""فرويد بكل حسرة يقول :"
« التدخين شر لا مفر منه،
لمن عجز عن إيجاد شريك يُقبِّله، يحتضنه و يشعر به »
وفروغ فرخزاد غردت قائلة :
ربما تعني الحياة إشعال سيجارة،
ساعة الخدر اللّذيذ، فيما بين ذروتين،
من الحب الشَّبِق.
وفي فيلم الحريف كان يعلم أبوه بموت أمه،
"« كلنا هنموت .. معاك سيجارة؟ »"",Sadness"
f99682a31baabdc0,+منزل اربع منشورات تخرط مدري تزرb بيهن(مع جل احترامي لمتابعيني والقارئين) كل عقلك اقراهن ، خليها حسرة بكلبك ادري بيك تريد واحد يريحك،  بس اني ما ادور...گحاا,Sadness
"dd819aba0556fd5a,""إلى من يهمه الأمر:"
#NAME?

" لا أعرف بصراحة ما هي الكلمات المناسبة والواجب قولها وكتابتها بحيث تساعد على التلطيف والتخفيف قليلاً"",Sadness"
"55eb3af010368855,""عن أبي عبد الله -عَلَيهِ السّلام "
 أنّه قال: « ما اجتمع في مجلسٍ قومٌ لم يذكروا الله - عزّ وجلّ - ولم يذكرونا، إلا كان ذلك المجلسُ حسرةً عليهم يومَ القيامة،
 ثم قال: قال أبو جعفر  عليه السلام :
إنَّ ذكرنا من ذكرِ الله، وذكر عدونا من ذكرِ الشيطان 

#زينب_الكبرى 
"#مولد_السيدة_زينب"",Sadness"
b43485da679aa668,اقسم بالله حسرة وخذلان,Sadness
"67e1175875fb0e0c,""سورة البقرة وآل عمران من السور العظيمة بالقرآن."

"فإنَّهما يأتيانِ يَومَ القيامةِ كأنَّهما غَمامَتانِ أو غَيايَتانِ أو فِرقانِ من طَيرٍ صَوافَّ تُحاجَّانِ عن صاحِبِهما"""". "

"اقْرَؤُوا البَقَرةَ؛ فإنَّ أخذَها بَرَكةٌ، وتَرْكَها حَسرَةٌ، ولا تَستطيعُها البَطَلَةُ""""."",Sadness"
"b13e20ea34f88b6f,""هل فيه جملة غنائية أكثر حسرةً و حزناً من "
يا شال الهوى غطيه … يا نسيم الأطبّا داويه
"و تحاسبي ياغربة عليه … بكّيني و اضحكي ليه"""""
"!!"",Sadness"
"269511c0b897cc65,""إذا بِتَّ تطوي في ضلوعك ضِيقةً"
وأقبلَ كلّ الهمّ نحوكَ وارتمى
وأدبرَتْ الآمالُ مِن بعدِ قُربها
وأوشكَ دمعُ العينِ أن يتكلّما
فيا قلبُ لا تحزن لما فاتَ وانقضى
فمَن أدمنَ الأحزانَ زادَ تألُّما
ومَن أَلِفَ الشكوى إلى الناسِ زادَهُ
"دوامُ التشكّي حسرةً وتندُّما"",Sadness"
"db3102815df9fe1f,""نسا ما قال 5 سنوات ضوئية "
" .. ... هذا راه وزير يا حسرة"",Sadness"
"3ee180c62dc4fa9b,""في حسرة وحيرة؟"
علق طلبات أبنائه…
على الجدار…
"الشهاده وحدها لا تكفي لتلبيتها."",Sadness"
"143fc2839ed87811,""الأصل في النسيان زوال التأثر رغم التذكر .. "

ويقول ابن القيم عن نعمة النسيان: 
"ومن أعجب النعم عليه نعمةُ النسيان، فإنه لولا النسيان لما سَلا شيئًا ، ولا أنقضت له حسرة، ولا تعزَّى عن مصيبة، ولا مات له حُزن ، ولا بطل له حقد ، ولا أستمتع بشيء من متاع الدنيا مع تذكر الآفات"",Sadness"
d6de4c2928a97ff5,صحفيين تافهين وطبعا انفعال فيني ركز الاهتمام على رد الفعل وليس الفعل نفسه,Anger
2befba51be0f3e8e,لحظة انفعال واحدة كفيله تظهر كل الغضب ولحظات السكوت والهدوء الخارجي الكداب من وجهة نظري لحظة واحده بتدشمل كل حاجه ويقولوا عليك عصبي بقى,Anger
b304df994a065b21,احنا بدون انفعال التفكير لك عليه ، شحاله بانفعال,Anger
6a57c4180a007c19,احذر أن تقرر قراراً وأنت في حالة انفعال في الحزن والفرح، الانفعال يحجب التفكير السليم .,Anger
f45f970a3a6a167a,اللي يكذب يروح النار انفعال مدرب الهلال على تدخل كوليبالي لأنه يعرف تمام المعرفة أنه تدخل يستوجب الطرد وحتى تكون صادق لماذا لم تقل ان انفعال المدرب قبل حتى ان يتخذ الحكم قرارة وحتى قبل أن يشاهدها فلا تحاول تصنع إثارة فقط,Anger
"17ac8e10df3fd2c1,""كلمات تُلامس الحقيقة بكل أبعادها فكم من وجعٍ في القلب كان سببه انفعال لحظة!"
"الحياة أثمن من أن نهبها لمن لا يستحق، والهدوء في وجه الغضب ليس ضعفًا، بل قوة من يعرف قيمة قلبه وصحته وسلامه الداخلي.."",Anger"
"355e291a1f2a6485,""دكتور عبدالله الغذامي،"

كلماتك — كعادتك — لا تكتفي بأن تُعبّر، بل تُفكّر.
تفتح في المعنى نوافذ تُطلّ منها اللغة على ذاتها، وتُعيد تعريف العلاقة بين الكلمة وصاحبها.
حديثك عن الحلم، والعمل، والقدس ليس مجرد انفعال وجداني، بل بنية فكرية تُعيد الاعتبار للربط بين المعرفة والهوية.

"ففي"",Anger"
"26c47b827fe0822f,""صباح الخير."

"احذر أن تقرر قرارًا وأنت في حالة انفعال في الحزن والفرح، الانفعال يحجب التفكير السليم."",Anger"
"d6aa0e200cff76a0,""البلوك عالارض : انفعال وتسرع وقلة حكمة وبصيرة "
التفاحة بالفردوس : خبث نوايا ومؤامرة وهي أسطورة ورمز لأسباب أخرى خارج معرفة كل الأفكار والعقول والأرواح 
أما أنا : اعتزلت الغرام في الأرض مع ملحم بركات 
"أما في السماوات : ببقى شوف  كيف يتدبر الأمر هو ؟"",Anger"
"12153b38e65645ac,""سبحان الله اول شي حاولي تسكتين قد م تقدرين لان والله السكوت أفضل شي بحياتك كلها"
ثاني شي حاولي اللي يقولك لااا مو عروس لا مو حلو لا ولا ويحاول ينتقد
ردي بكل برود وقولي صح 
"ولا اوك وجه نظرك انو مو عروس احلى واحلى مع ضحكه خفيفه بدون اي انفعال ولا رفعه صوت"",Anger"
"1bb41ba356966b42,""صباح الخير."

"احذر أن تقرر قرارًا وأنت في حالة انفعال في الحزن والفرح، الانفعال يحجب التفكير السليم.#صباحيات"",Anger"
"6bf3e12f26cd0376,""صباح الخير."

احذر أن تقرر قرارًا وأنت في حالة انفعال في الحزن والفرح، الانفعال يحجب التفكير السليم.

#اسامه_الجامع

"#صباحيات"",Anger"
dde75f7b9f6b48ec,انفعال طبيعي يُشاهد في كل ملاعب العالم من كل المدربين حول العالم، شفت على سبيل الذكر لا الحصر سيميوني، وغوارديولا، ولويس انريكي، وجيسوس، وحتى المقلب كانافارو يوم كان متدرب مع النصر، كان يحاول إظهار جانب الحماسة والانفعال رغم إنه من جنب التدريب.. الظاهر خلف الحساب غباء أصفر,Anger
"0bdf98037897917d,""صباح الخير."

احذر أن تقرر قرارًا وأنت في حالة انفعال في الحزن والفرح، الانفعال يحجب التفكير السليم.

"⁧#اسامه_الجامع⁩"",Anger"
"c0413c08110e80cb,""صباح الخير."

احذر أن تقرر قرارًا وأنت في حالة انفعال في الحزن والفرح، الانفعال يحجب التفكير السليم.

"#اسامه_الجامع"",Anger"
"33c2ca2e39b8b34a,""أستاذي الطيار عبدالله.. وفيت وكفيت في المعلومات اللي وضحتها.. ورفع الله قدرك .. "
للأمانة عجبني ردك على الردود السلبية من البعض ..من غير اي إجابة جارحة عليهم ..
او انفعال في الرد عليهم حتى التوضيح لا يأخذ منحنى أخر...

"تحياتي لك على توجعك"",Anger"
431e098af1c866fb,القرارات الكبيرة لا تُتخذ في لحظة انفعال بل في أوقات الهدوء التام,Anger
94cd727d770ca625,اولويات ، كل الموضوع انه اولويات ، بس تدرك هذي الجمله كل انفعال بداخلك بيهدى ، كل عتب محشور بحلقك بيتبخر,Anger
f055ae4c83bba988,اللقطة هذي والله مانيستها اتذكر انفعال الجمهور زين وماكان واضح من الناقل التلفزيوني ان ماني لحاله لكن البزر البرازيلي كان له رأي اخر المشكلة كان شايفه وماني يطلب الكورة بعد,Anger
"f2cc535a9d7fb9d5,""وش اللي يثبت انه غاضب !"
"شخص واقف ويسولف مع شخص ثاني ولا فيه اي بوادر غضب او انفعال !"",Anger"
"04c3754cf2d03cca,""وين الناس البتودع الشهور و تستقبلها؟"
"كلموا نوفمبر براحه براحه و بدون انفعال ..."",Anger"
028c0763eef44db5,ادري لذلك الله يسامحك حبذا لو تحذفها،،، لعله انفعال اللحظه,Anger
23dfb9810e2fa38a,فيه مشهورة كانت مطلقة امس شاركت في النساء السعيدات نتائج أفعال رجال يفعلون تزوجت الله يوفقها كانت تحرض البنات على الرجال و كل محتواها سب و انفعال في الرجال تغريداتها القديمة,Anger
940a17d0f8447a0d,أن شاءالله يحكم لناديك ونشوف شجاعته هل بيقدر يصيطر على أنفعال المنتهي ويطرده,Anger
"1e03f801e2816c77,""بس قلي كلمتين.."
كوليبالي وساديو:
زودوها حبتين!! 
المفروض ينطردون من زمان ..أو يتوقفون بتراكم البطاقات .
" وإنزاغي وجيسوس: انفعال واعتراض وغضب مبالغ فيه ،، لتأثير على قرارات الحكام .!!"",Anger"
c9aa4bd3c97db815,مو انفعال لاكن انت عاجبك المدرب ليه الاتحاد ماصبر على مدربهم وليه الهلال كذلك وهم محققين بطولات معهم الى متى نشوف الفكر الاهلاوي العقيم ذا الي مامنه فايده نصبر على وشو والى متى نصبر مدرب ماراح ينفع معاك وحققت بطولتين بدعاء وبالجمهور وحماس الاعبين والله ماحولك مدرب,Anger
"8764b9c4183216c7,""انفعال إنزاغي بعد طرد كوليبالي "

"#دورينا_غير"",Anger"
"a794688fbe96c343,""المفروض أنه مطرود من الشوط الأول ."
لكن لاعب محترف و راتبه بالملايين في كل مباراة يرتكب أخطاء ما يرتكبها لاعب ناشيء.
"يكفيك انفعال المدرب."",Anger"
579694a74cec4acf,نفيز يناقش الحكم بكل هدوء وبدون إنفعال يمنح كرت أصفر ورنالدو يعترض ويغضب ويرفع صوته ويديه ويتمت بكلمات والحكم   أمامه يبتسم أو يصد عنه وبدون ان يمنح الكروت لماذا هذه التفرقة والتفاوت عند الحكام المحليين والأجانب في تطبيق القانون !!,Anger
71dac8d5e115430b,ابي اوصل شعوري تجاهه الشي الي فعلاً ضايقني لكن ماني عارفه لانها مب راضيه تستوعب انه صدق يزعل مب تهاويل ولا انفعال,Anger
"abaa346074eae80d,""انفعال إنزاغي وهدف ماركوس ليوناردو في مرمي الشباب"
#الهلال_الشباب 
"#دوري_روشن_السعودي"",Anger"
16ee78db8a53c810,ركزتوا ع موضوع انفعال الشباب ونسيتوا حركة البنت هذي المفروض صاحب الكشك ما يعطيها يمشيها ترجع تمسك صف,Anger
"185fc77431bac41f,""يفضّل عند الخصومة بين الزوجين أن يتذكّر كل واحدٍ منهم محاسن الآخر، لا أخطاءه."
فالخلاف لحظة انفعال وإذا استُحضرت فيها المواقف الجميلة والذكريات الطيبة خفّت حدّة الغضب وابتعد الشيطان.

العاقل لا يسمح للحظة غضب أن تهدم سنوات من المودة
"ولا ينسى أن العلاقة الزوجية تقوم على الرحمة"",Anger"
e925e8ccf4fac812,انفعال من انزاغي ، وبطاقة صفراء,Anger
23a27996e2e47660,انفعال انزاغي,Anger
0297ae59bf611589,وش صار عليكم ياملوك لحد الان تطالبون والا خلاص وقت انفعال  #اقالة_ماتياس_مطلب,Anger
"f16c74843505d7c3,""#الهلال_الشباب"

الجنسيه / سعوديه
القبيله / اسمي ينتهي بعائله واصلي قحطانيه
العمر /٢٩
الطول / ١٥٣
الوزن / ٨٥
لون البشره / حنطي فاتح
المؤهل / خريجة ثانوي 
الوظيفه / لايوجد 
الحاله الاجتماعيه / منفصله بدون اولاد 
المنطقه /القصيم بريده 
"اكل علاج لقلق وتوتر وسرعه انفعال وتقلبات لكن لن"",Anger"
a6e7736b91fe08c9,هذا وحده من تصرفات النرجسيين، انتبهوا لا تنخرطون معاهم بهذي العبارات بالعكس دافعوا عن نفسكم بثقه بدون انفعال و خليكم باردين مرة حتى لو الكلام مستفز تصرفكم لهم بيقتلهم عشرات المرات,Anger
b0b85527d6ded563,لحظه انفعال عاطفي ليس إلا ! نأمل أن يتعلم عند لحظات العاطفه الشديدة يلزم الصمت من الأفضل و حتي ان قال شئ و حصل غيرة ف ليس نهايه العالم,Anger
"86fff11c054a3b1f,""#الرؤية_الملكية_تنتصر"
ربع قرن من التحديات، من الصمود، من العمل الهادئ والحكيم، دون انفعال ولا تسرع، بل بثقة في النفس وإيمان راسخ بأن الحق لا يضيع ما دام وراءه رجال أوفياء وقيادة حكيمة. 
"#المشروعيه_الدوليه_تتاكد"",Anger"
cdc83ed0dcb74e12,مافي شيء يستاهل انفعال أعصابك و لا تقدر تغير كل شيء فالحياة فالأحسن تهتم بنفسك و بحياتك و ططططزززززز,Anger
"780c3ded1a9608d9,""ناتج حلقة ١+٢"

تؤكد أن المحتال يستخدم استراتيجيات:
 التودد للجميع للتحالف
أو 
التباكي للإستعطاف
.
ماذا عن الإنفعال؟
هنا لازم نميز:
يوجد إنفعال بصوت مرتفع من شخص صادق 
يوجد إنفعال بصوت مرتفع من شخص كاذب
الفارق بينهما 
الكاذب هدفه إخافة السائل 
على قولة أهل مصر (خذوهم بالصوت)
"ٖ"",Anger"
"7fa812ce497ae4b6,""الحين تأكدت انك رافضي تدخلون المواضيع فبعض وتقذفون المسلمين"
"جاوب بدون انفعال هل صحيح فرمكم الملقب بشريدة الفرسان هو من حرر فلسطين وليس صلاح الدين كما يقول المؤرخ فايز البدراني"",Anger"
"bbbfc10cee1c5e94,""مع الاسف يا استاذ العنجري نحن نسير بطريق معاكس تماما باتجاه تجريد الدولة من ثمار جهدها  على مدى 70  عاما"
"ولم نجد بيننا بيكر ليستعمل كوابح الحكمة السياسية كما كان يفعل اما انفعال السيد بوش،..!"",Anger"
d7df102324627fec,نعم كلامك صحيح ووجهة نظر تحترم الرأي لا يفسد للود قضيه.. الجيل الجديد لا يبحث عن المعلومه بوجود عموووو جوجل وجيل السوشيال ميدا لا يعرف وثقافته محصوره بالوتس اب والتكتك واشياء اخرى ومع ذلك انفعال هاله سرحان مبالغ فيه .. في جيل في مصر نفسها لا يعرف مين هاله سرحان وخاصه الحديث منهم,Anger
f083aa7c6d4496bf,حقيقة..  مع العلم انو الكيان وقح وأمعن في إذلالنا على الشاشات دون خجل او خوف من اي انفعال دولي,Anger
ee2f4133f5c8fcc0,اتمني بدون انفعال ...اهدي,Anger
4fb5df1f208b8353,ستثبت الايام ان هذا الكلام ليس انفعال بل حقيقة,Anger
b82413e6481827c6,أتفق  هو عموماً يوصل الإحساس بدون مجهود بس بدور أورهان لازم يكون أكثر إنفعال+تحسين البنية الجسدية على الأقل يرجع نفس قبل ، قبل ما ينحف بزيادة,Anger
1606f2d84fdf21a4,كلام نابع من وعي سيادي مش من انفعال,Anger
"99912fc22a8388d3,""النبرة:"
"نبرة السرد متأملة، شبه محايدة، لكنها دافئة. لا انفعال ولا خطابة، بل هدوء فلسفي يذكّر بأدب التأمل الياباني أو السرد الأمريكي الحديث (كارفر، مونرو)."",Anger"
44b04ff89c562029,لكبار السنّ رحلة في الدنيا توهبهم قرارة، وقد توازي هشاشتهم ضعفنا لكن رغم هذا فيهم رصانة لا توازي تخبطنا، وهذا الصمود نتيجة فهم الدنيا على حقيقتها كأنها زمان ماضٍ على حاله بكل نوائبه فلا شيء بات يستحث من بعضهم انفعال صارخ,Anger
"070d9cfee94acea2,""جريمة القتل تحدث خلال دقاىق نتيجة انفعال القاتل"

لكن جريمة هذا الاب وما فعله بابنته أنا اعتبرها اكبر من جريمة قتل . بما رافقها من الوحشيه والاصرار وطول الوقت 
يعتبر وحش وعديم الضمير
"أمام هذه الطفله مهما كان غلطها ان وجد"",Anger"
d26829688df39b4b,اوقات التعجب يعني انفعال مع الكتابة لان ماحب الايموجي,Anger
95f1cf8249aded1c,فترة مجلس مرتضى منصور كنت بتفرج على الزمالك و أنا مهموم و شاسل هم كل انفعال و قرار عفوي غبي هيطلع منه ، زمالك حسين لبيب كرهني في كل شيء ، حتى الفرجو المصحوبة ب هم دي مبقتش عايزها خالص ، الواحد يشوفله حاجة افيد يضيع فيها عمره بجد ، مش عارف الفريق ده حله ايه ، انا تعبت نفسيا فعلا,Anger
"48db911e5bd3df43,""اقسم بالله ما ابالغ،بس دائما الي يضربون الأطفال اشوفهم بنفس صورة هذا الاب السافل،"
حتلو تعتبرها ضربة خفيفة،انفعال لحظي ما يأثر
هم ابقى اشوفة عنف بشع و قذر و حالهم من حال هذا الاب
"للأسف هواي ناس يمدون ايدهم على مخلوقات أضعف منهم و ما يشوفون نفسهم مذنبين و الله لان الضربة صغيرة عادي"",Anger"
"dbec34fea4f80161,من bio الحساب، يعترف باضطرابات نفسية مثل PTSD و MDD و BPD، مما يشير إلى صراعات شخصية عميقة. لكن الاضطراب النفسي لا ينفي القدرة على التفكير أو اكتساب المعرفة؛ كثير من العلماء عانوا من مشكلات مشابهة. اقرأ حججه حول الإلحاد وقرر إن كانت مدعومة بعلم أم مجرد انفعال، فالقاضي الأفضل هو,Anger"
62f00787cbf432f7,عادته ولا هيشتريها.. انفعال يورتشيش عقب إلغاء هدف بيراميدز الثاني ضد التأمين الإثيوبي في دوري أبطال إفريقيا,Anger
"14b97ffecdaae43d,""وليد صلاح الدين مدير الكرة بالأهلي:"

"ما يحدث بعد المباريات لا يحدث بأي دوري في العالم.. دخول 40 شخص للتصوير بالهواتف الشخصية تعدي على الخصوصية ويجب منعه وتنظيم الأمر رسميًا خاصةً أن اللاعبين يكونون في حالة انفعال وغضب"",Anger"
"c8161735514fedac,""للحين كلما اتذكر ابي اشنق نفسي هههههه"
تعرف لما يصير شيء خارج سيطرتك مع شخص ودك تحافظ عليه
مو انفعال او شيء سيء ومؤذي لالا شيء مو بكيفك ومهما حاولت تسيطر يبقى هو المسيطر و يكون فجأه بلا انذار وغصب عنك 
المهم 
لا انا في رغبة الحفاظ عليك او رغبة الابتعاد عنك 
"شوفي لك صرفه"",Anger"
"b7763125b58bfaf6,""جملة اليوم"
 
 I am agitated

معناها: 
 أنا منزعج أو أنا متوتر أو أنا مضطرب.

 تُستخدم عندما يكون الشخص في حالة قلق أو انفعال.

 مثال

She was agitated after the argument.

"نطقها"",Anger"
e2645404fcd4a6c1,الدكتور قالي مش عاوزين انفعال بعرض علية نتيجة التحاليل ...قالي النتيجة قمت اتناقشت بصوت عالي عروقي رسمت لوحة فنية ف وشي .....,Anger
"c635c381fc4de1a0,""@FahdCynndy"
 

شايف يا سندي هذا كله بسبب الحكم المحلي 
"اقسم بالله ٩٠٪ لو رئيس الفيفا مو موجود كان خرجت من كأس الملك رغم الطرد والظلم اللي تعرضنا له في هذي المباراه الحكم الاجنبي مطلب شف الغرب والعالم كله يتكلم عن انفعال كانتي لاول مره بسبب الحكم"",Anger"
"47d25decc87d1e3d,""شبحنه وليد صلاح الدين فجأه بسبب قدوم سيد عبدالحفيظ عضو فى إداره الأهلى فإن لم يتبع نفس أسلوبه مع الحكام هيكلم بيبو يطيره ويحضر غيره ..أمس بعد المباراه عمل حركه وهو بيجرى فى اتجاه الحكم "
"قام بالجرى والقفز إلى أعلى فى إنفعال تمثيلى حتى يراه الخطيب وسيد العصفوره ويعجبان به."",Anger"
5321d37dd592cb37,فشل الإشتراكية دفع اليوغسلاف والروس نحو انفعال شوفوني ديني والآن النفور والخوف في أوروبا وأمريكا من المهاجرين عبر الحدود الذين هم من صنعوهم بالحروب هو الذي يدفع كثيرا من الأوربيين الغربيين الي(الغضب العنصري) الذي يختفي تحت عباءة الدفاع عن المسيحية!!!,Anger
"3d99ec106a95e5cd,""انفعال أساتذة الجامعات الأمريكية الشديد بسبب اعتماد الطلبة على الذكاء الصناعي في إعداد أوراقهم وإجاباتهم"

#ثقة_الأستاذ_في_خطر
#الذكاء_الاصطناعي_يغزو_التعليم
#أوراق_بحثية_بلا_جهد
#أزمة_الثقة_الأكاديمية
#التعليم_بين_الإبداع_والآلة
"#أخلاقيات_الذكاء_الاصطناعي"",Anger"
"3868de12cf276a14,""انفعال كانتي المعروف بهدوءه على الحكم "
احتفال فابينهو وبيريرا امام الحكم بعد الصافره 

لقطتين توضح ان اللاعبين فقدوا اعصابهم والحكم المحلي طلعهم من اجواء المباراة 

مع ذلك لازال ملك التوفير متمسك بالحكم المحلي ومايبي يدفع مثل باقي الاندية 
"@FahdCynndy"",Anger"
1798cbeee209aaae,فيوزي سليم تماماً!  أنا هنا لأرد بمنطق ودون انفعال، فما اللي خلّاك تظن إني انقطعت؟ إذا كان في سؤال سابق، وضّح وأنا أجاوب بوضوح.,Anger
213e702483f5386c,اللي ملاحظة انفعال بوقت مثل ضغط عمل ماعندهم اي سيطره على رد الفعل وبمواقف ايضا شبيهه ولاحظت يفجر بالخصومه ويشخصنها، عموما ماصار مريخ ضعيف عبث,Anger
82f43822814b31c3,النص إما أن يكون ذكيا وإما أن يكون مجرد انفعال!,Anger
4e43bbe87ce8ef91,وقعت طقم سنانه وبتكمل عادي التليفون،دون انفعال..ده فين ده,Anger
"dc5779d69b730e08,""نهارية  ميزان العق، إجابة سريعة !!"

سألني أحدهم: 
لماذا لا يضرب الجيش السوداني الدول التي تموّل المليشيا في عقر دارها؟

"إجابتي بوضوح : لأن منطق الدولة ليس منطق انفعال، بل منطق ميزان وقوة ومصلحة وطنية. الجيش لا يُدار بعاطفة الانتقام، بل بعقلية تُدرك أن أي خطوة خاطئة قد تفتح"",Anger"
"fc1984758e450412,""دونجا هيلعب السوبر؟.. انفعال مدرب الزمالك السابق ويكشف تفاصيل مثيرة عن إيقافه على الواتس اب بدون تقرير حكم « العيب عندنا احنا »"

مجاناً على شاهد
برنامج #يا_مساء_الأنوار يعرض الأربعاء والخميس الساعة 10:30 مساءً بتوقيت القاهرة على #MBCMASR2
"لمتابعة البث المباشر"",Anger"
"9dd3f39d66452fc3,""هنا بأعماقي ترتَّج أهوائي وأشواقي"
بي ألف إحساس يُحرقني
ألف إنفعال ألف عاطفه محمومة بدَمي بأعراقي
أحس بي لهفًا حيران يَغمر كل آفاقي
"جفت له شفتاي وأرتعشت أظلاله العطشى بأحداقي"",Anger"
"0cb31a89368b4ce5,""كلامك في محله"
وقت نحكي عن قائد لازم نحطه ضمن سياق معقد البلد والمنطقة
مو بس نحكم بجملة او انفعال لحظي
اليوم في رجل عم يشتغل بعقل وبهدوء وباصرار
عم يمسك خيوط بلد نجا من نيران ما بترحم
ويحاول يرجع هيبته ومكانته
هاد مو شغل بسيط ولا مهمة عادية
الانجازات ما بتصنعها يد واحدة
"بس وجود"",Anger"
31fa870661ceaa78,انفعال وليد صلاح الدين وعبد القادر على الحكم بعد تعادل الأهلي,Anger
"5e47a2196f42dfac,""حيث كل لاعب يريد أن يبقى حتى النهاية."

لكن ما لفت الأنظار أكثر من غضب اللاعب، كان ثبات المدرب.
ألونسو اكتفى بنظرة هادئة، ويداه في جيبه، لا انفعال، لا رد فعل، فقط قراءة للموقف بعقل بارد وسط عاصفة مشتعلة.

"⸻"",Anger"
"17cb2f06631bedd1,""تحليل Chat GPT "
"1) في واحدة من أكثر اللحظات حساسية خلال الكلاسيكو، أظهر المدرب ألونسو نضجًا استثنائيًا في التعامل مع انفعال لاعبه فينيسيوس جونيور بعد التبديل فينيسيوس، المعروف بحماسه وشغفه في كل مباراة،لم يُخفِ غضبه لحظة خروجه وهي ردة فعل عاطفية مفهومة في مباراة بحجم الكلاسيكو"",Anger"
"abf1c0ec360c7504,""ابلع العافية كأس الملك لم يتوقف فقط اربع سنوات تحت مسمى كأس دوري خادم الحرمين"
النصرفريق كبيرويستاهل الخيرلكن جمهوره عندهم انفعال نفسي ويبونه افضل من الهلال وهذه صعبة
الهلال وين والنصروين 
حتى كأس العالم التي تتكلم عنهاكانت بالترشيح وليس بجدارة
"هذالايلغي إن النصرفريق كبير"",Anger"
2ae57f1fdb4e56cb,معقوله انفعال كانتي ما اثر على فهد سندي,Anger
"e762a202e853bf96,""كل من هومنهمك في نظام الحوثي يصبح تفكيره وطريقة كلامه"
سامج واهبل مادخل تقدم عمرك في ثيابك الداخليةا
لوقلت
قصرالنظرالسمع نسيان انفعال عدم التحمل ممكن نقبله ياغبي
"الزمان لاكن لبس الشرابه ."",Anger"
"c58e3f3ed7539386,""كلامي مابي اي انفعال يا ابني المطيع"
اعتقد انت لازم تتعرب ، وانا ارى ان الاخوة اليميين معنيين في تعريبك انت واهلك واصدقائك .
لايوجد عجمي في هذه المحادثة
"لكن يوجد مستعرب صهيوني عديم شخصية ."",Anger"
"1541df10f856599d,""أفشه كفايه عليه كدا مع الاهلى "
الهدف إلا دخل فينا غلطه كبيره للشناوى فى اول الماتش
تريزيجيه انفعال كتير على الفاضى 
"الحلول ف الملعب تقريبا مش موجوده"",Anger"
fcedf8f76dca9c81,سبب انفعال الجمهور حارس الاتحاد الذى استفزهم  يجب ان تقول الحق لو علي نفسك,Anger
"94941a4a413418e0,""سوي نفسك ما سمعت شي …"
حتى تتاكد الصوت من اي طالب وتكون متاكد منه …
"تم عاقب وتعهد بدون انفعال حتى لا يتعبونك مره ثانيه"",Anger"
9e93fa4e9946320a,شدة انفعال .. تروح مع تقدم السن وكثر المواقف وكثر الخبطات على الدماغ فيسير عندك برود ورود افعال هاديه اكثر من قبل.. تطمني ( كنت كذا),Anger
"43afed7b3fa5dd1e,""حين توفيّ إبراهيم ابن النبيّ ﷺ.."
قال نبينا ﷺ وهو يكابِدُ ألمَ المصيبة: (إنَّ العَيْنَ تَدْمَعُ، والقَلْبَ يَحْزَنُ، ولَا نَقُولُ إلَّا ما يَرْضَى رَبُّنَا).

فعلَّمَنا ذلك أن انفعال الإنسان تأثُّرًا بالابتلاءات يكون على قِسمين:
قسمٌ لا يملكه الإنسان، وقسمٌ يملكه!

"فالحزن،"",Anger"
b20061bb02b0ddc6,انفعال بسيط و خصوصاً كريبتا دائما كلامه موزون و من حب كبيييييير يتكلم كذا,Anger
92fb4b415e199023,سبب انفعال رايكوفيتش امس هو رمي جماهير النصر لعلب الماء عليه,Anger
"5fdd2024fa995143,""بعد أكثر من 10 أيام من النقاشات مع شخصيات سنية وعلوية — علنية وسرّية — ودراسة مراجع تاريخية بعمق، قررت ننزل فيديو موجّه للنصيرية تحديدًا في سوريا."
الفيديو مو ارتجال ولا انفعال…
هو خلاصة تفكير وتأمل وبحث. 
"والله ما فيه إلا الزبدة، واللي رح ينحكى فيه ما رح تسمعوه بمكان ثاني"",Anger"
668f60211f9af974,لحظة شيء حبيبنا سند الداش كام تضبط انفعال الشخص لو تلاحظ اغلب الي حصلت معهم مواقف اسلوب واخلاق واحترام,Anger
"8e63e06116865e6f,"""""" أن الصفة المعقدة للشعور الجمالي الذي تثيره مشاهدة الأفلام ، تظهر في شكل إنفعال قد يكون عميقاً ومنفصلاً ، إذ نشعر بالألم والمتعة الجمالية في الوقت نفسه ، يمثل لنا الفن هذا الألم مع شعورنا بالإنفعال ، والإفتتان الجمالي ، الإفتتان الذي لا يلغي الألم ؛ بل يجعله مرئياً  """" ."",Anger"
"e7e09f1dea4badb0,""الهدوء قوة وضبط النفس مهارة."
لا تنزل لمستوى من لا يستحق فالكلمة الرصينة أقوى من ألف انفعال.
#نصيحة_محامي 
"#خبرة_محامي"",Anger"
"76ffeeb08ead1dee,""كما يقول المثل: """"الخنزير لا يسحبك إلا لتتسخ وأنت وهو يستمتع"""" "
"تفاعلك مع سفاهته انتصار له وخسارة عليك، فارق بين نفسك وبين التافهين، فالكلمة الرصينة أثمن من ألف انفعال."",Anger"
"239df4d51ec45a32,""طبيعي تحصل من اي لاعب تجاه اي جمهور في لحظة فرح.  انفعال... غضب"
"ليش دايم نكبر مثل هالمواضيع"",Anger"
91495ad8a7b93ccd,انفعال عبدالإله العمري بعد خسارة النصر أمام الاتحاد يشعل الجدل بين الجماهير - ملاعب,Anger
e1f28e778ace03c5,ايضا ممكن خطأ واحد يكلفك سمعتك حياتك كلها مثلا لحظة انفعال ويجي واحد بكرسي يضيع علي سمعتي ويجون عيالي بعد سنوات يشوفونها في تاريخي,Anger
8e84d369ece25492,كيف تاثير كرستيانو على الحكم شاهد خوف الحكم من انفعال الشايب صحيح يستحق كرت بس غير مقصودة قبله ساديو ماني عثى بلاعبيى الانديه كلها وبكل المباريات والحكام بعد خمس فاولات واكواع وكسر مفاصل يعطونه كرت اصفر وبستحاء الان الاعب الاتحادي على طول اشهر الكرت الاحمر يالهو من حكم مزروع لهم,Anger
"464f6c8dba9df245,""بدزن انفعال وشتائم ممكن تفهمنى وجهة نظرك فى حماس "
"بناء على ايه ارهابيين ولأى سبب تصفهم بخدام ايران ؟"",Anger"
"fdf85a4120769a0c,""شيب طلع عندي من وراه انفعال و عصبيه لهذا وحده"
"تخليني اهدئ"",Anger"
ea14107967745365,لحظة إنفعال بتصير كتيير,Anger
8dede196c11a832b,لو انا مكان سمير عثمان وواحد يرفع صوته بهذا الشكل افسخ العقد ثاني يوم ،، الا اذا كانت مسرحية متفق عليها لان اسم البرنامج اكشن ،، انا استحيت ووليد يكلم عثمان سمير بهذ الشكل شوية احترام تقدر تستفسر بدون صراخ ،، سمير واضح عليه التغير في ملامح وجهه بعد انفعال وليد عليه #اكشن_مع_وليد,Anger
"95a8f218b7dc4aba,""هل تعاني من انفصام؟!"
خطابك كله انفعال وحماس والآن تنتقدها؟!
ثم كيف تشبه حال الشعوب مع الحكام بأحوال الأنبياء والصحابة مع فرعون والمشركين؟!
ولم عممت خطابك بدون تمييز وتفريق بين الدول بحسب أحوالها؟!
"ولماذا لا تبدأ بنفسك وتقول لاردوغان يا حاكم بلدك فيها شركيات وبدع وخمور ودعارة؟!"",Anger"
"94bb02fc0202a4aa,""2/4.. عن أي انفعال أو تسرع، لتؤكد أن العدالة في المغرب لا تدار بالصخب بل بالحجة والدليل."

"الأرقام الرسمية تكشف بجلاء أن أكثر من 3300 شخص أفرج عنهم بعد التثبت من براءتهم، فيما تمت متابعة من ثبت تورطهم بأدلة دامغة في أفعال شنيعة مست كيان الأمن العام وسلامة المواطنين. أما القاصرين.."",Anger"
49befb774b0c25f8,ويعجبني في الطريس انه وثق في انفعال كانتي ورجع له رميه التماس,Anger
"fa007505c87cfc8c,""انفعال #كريم_بنزيما على حكم مباراة #الاتحاد و #النصر.. ماذا حدث؟"

للتفاصيل 
alyaum.com/articles/66242
…

#الميدان #الاتحاد_النصر
"#كأس_الملك"",Anger"
"199ca118667ce8d4,""انفعال #كريم_بنزيما على حكم مباراة #الاتحاد و #النصر.. ماذا حدث؟"

للتفاصيل 
alyaum.com/articles/66242
…

#الميدان #الاتحاد_النصر
"#دوري_روشن"",Anger"
"5b7ff126562401d4,""دائما اول دعواتي اني اكون انسانه اقل انفعال واشيل غيظي واتحلى بالهدوء وبالوقار وضبط النفس"
والغريب إني رغم كل ذا احن قلب في العالم احيانا اجلس افكر كيف املك كل هالحنيه وانا اقلب جنون وقت ما اكون زعلانه وكيف ان العصبية ما تنفي الحنية أبد 
"يعني نار ومطر في جسد واحد"",Anger"
69fd18d968a392f8,من الاسلوب الي ظاهر مب اسلوب الشخص مستحي من هذا الفعل هذا واحد اثنين لكل فعل ردة فعل وانا معك فيها لكن الوالدين مافيها لكل فعل رده فعل فيه لكل فعل عدم انفعال والاحترام سالفة الي ما راح ارد عليه لاني متمشكله معه هذي تسوينها مع صديقتك لكن ابوك مهما عصبتي عليه ماتخلينه كذا,Anger
"25b4b67cbf878a30,""انفعال #كونسيساو مدرب #الاتحاد على حكم المباراة "

من: 
@khalafalkwikby
"#الميدان | #كاس_خادم_الحرمين_الشريفين | #النصر_الاتحاد"",Anger"
"b39b5d31a5adaccb,""#النصر_الاتحاد "
"لم يُظهر إنفعال سيمكان إلا اللاعب القذر ؟"",Anger"
"27ace263af6dfdab,""أما أنت، فتصنع سيناريوات من خيالك، وتضع لنفسك خصومات وهميه ثم تنتصر عليهم في رأسك، وكأنك تحاول إرضاء شعور في داخلك. يبدو الأمر أعمق من مجرد انفعال أو تحزب أو طائفية."

"أنصحك بمراجعة نفسك أو أن تتلمس الأرض. لا أنت ولا صهاينتك ولا قرداحك تفهمون شموخ البدو ولن تدركون ان مساعينا هي"",Anger"
"1a39d3c7fcba4284,""يا جماعة لا تكبروا الموضوع طالما النية صافية، يوسف ماجد لم يخطئ حتى يعتذر، ممكن انفعال بهدف الفوز . الأمر ما يحتاج "
واللي يبي يستغل الموضوع وتحريفه يروح يلعب بعيد.
اعلم أن هناك من الطيبين غاضبين من تصرف يوسف لكن الموضوع ما يستاهل.
"ولا تخلون أبرهة الحبشي يتشمت فيكم."",Anger"
"03c3bdab2964705a,""الاننفاضه الشعبانيه شحصلت منها رحمه لربك مو انحصرت ب المرقد تصيح النجده يا ايران"

فات حسين كامل سوه اباده بيكم وسحل مراجعكم حته الخوئي شخ ع نفسه وقابل صدام ( اريد مررررسيدس)  

صدكني ماكو انفعآل جاي اضحك عليكم طائفه محيسن طيز وكلاواتها وبطولاتها الوهميه

ال انتفاضه ال
"بطران انت"",Anger"
"bc04140d85b683f6,""الاستنقاص لا يكون في اللون بل في الأخلاق وفي داخل القلوب "
"السواد لون من ألوان الجمال التي خلقها الله في أحسن تقويم ولو كنتُ ذات بشرةٍ سوداء لافتخرتُ بلوني لأنه لونٌ ميزني به الله ومن ناداني به سخريةً سأجيبه بلُطف وأناديه  بلون بشرته وأترفع عنه بلا انفعال، فالأدب أبلغ من الغضب."",Anger"
"51394f79904cc405,""تدرون دائمًا أول دعواتي إني أكون إنسانة أقل انفعال وأكظم غيظي،وأتحلى بالوقار وضبط النفس"

والغريب إني رغم كل هذا أحن قلب في العالم
أحيانًا أجلس أفكر كيف أملك كل هالحنيّة وأنا أقلب شيطان وقت الانفعال ؟ 
وكيف ان العصبية ما تنفي الحنيّة أبد 

"يعني نار ومطر في جسد واحد"",Anger"
56e17278f61fde48,لحظة طرد حربوش وسط انفعال لاعبين الشباب,Anger
"aa802bd2f60c73d2,""#تأثير_الفكر_على_المصير "

كم من شعورٍ عابرٍ تمنّيناه في لحظة انفعال
تحوّل إلى واقعٍ أقسى مما تخيّلناه.

#انتبه_راقب_صفّي 
"#استعذ_بالله"",Anger"
"46175391371e2411,""غَضًى:"
أتمنى لو كنت شخصًا أقل حساسية
أقل إنفعال
أنّ أستطيع الشعور بوسطية الأمور
الحَد المقبول من العصبية
من التفكيّر، من الحزن
من البكاء
من الضحك
"لكنني مُمتلئ وأفيض من كلّ شيء"",Anger"
4dfe2bbdcab34834,اصلا انفعال طبيعي حتى كلمته ساغادر الفريق يقصد الدكة لما طلب منه المساعد البقاء مع الفريق بالدكة لكن ربعنا ماشاءالله ترجمتهم ابو كلب,Anger
e6154cd4f4a643cc,لان دعواتك قاعدة تتحقق، تتمني تكوني اقل انفعال ويجيك بعدها كل اللي يسببلك انفعال عشان تتعلمي وتتعودي مع الوقت .. كل ما تواجهي أشياء صعبة حتتطوري اكثر,Anger
"f80bd8d8208b65ec,""قال فرويد:"

> “الخوف هو أصل كل انفعالٍ غير ناضج.”
وما يُبنى على اللا نضج، ينهار عند أول مواجهة مع الوعي.

أما جبران خليل جبران فكان أكثر صفاءً حين قال:

> “لا تقف في الشمس ثم تشكو العطش.”
"فالذي يزرع الخوف لا ينبغي أن ينتظر حبًا أو وفاءً، لأن الحب لا ينبت في أرضٍ مظلمة."",Anger"
"a5d6daacc7cf8c13,""خوان غاسبارت رئيس برشلونة الأسبق يسخر من داني كارفاخال مدافع ريال مدريد "
"غاسبارت تفاعل على طريقته الخاصة مع انفعال قائد """"الملكي"""" على لامين يامال نجم البارسا خلال الكلاسيكو الأخير "

"#ريال_مدريد #برشلونة #الليغا #الكلاسيكو #كارفاخال #لامين_يامال"",Anger"
92527765b559a34a,اول ما شوفت القرار فضلت ساكتة شويه اللى هو محدش عارف الخير فين بعد شويه انهارت بسبب رد فعل الوردة على انفعال وغضب زمايلى,Anger
"a51c11b01f523fb0,""أولًا، سلام عليكِ ، وحقيقي شعورك طبيعي جدًا، لأنه مرتبط بالثقة والحب والرغبة في أن يكون الزوج نقي القلب والنية."

أي تصرف سريع أو انفعال ممكن يزيد التوتر بينكم.

خدي وقتك لتصفية مشاعرك وفهم دوافعك الحقيقية: هل الغضب من الخوف على الزواج، أم من الشعور بالخيانة؟

"قبل أي كلام، تأكدي"",Anger"
"39bd9cd1bd27ac30,""دايم اول دعواتي اني اكون انسانه اقل انفعال واكظم غيظي واضبط نفسي"
والغريب اني رغم كل ذا املك احن قلب في الدنيا
احيانًا اجلس افكر كيف املك كل هالحنيه وانا اقلب شيطان وقت الانفعال ؟ وكيف ان العصبيه ما تنفي الحنية ابد 

"يعني نار ومطر في جسد واحد"",Anger"
"0bfcfa69228b4feb,""الجهاز العصبي تعبان "

"تظهر وتبان عند اي جهد او انفعال"",Anger"
"3bce5957342b596d,""تدرون دائمًا أول دعواتي إني أكون إنسانة أقل انفعال وأكظم غيظي، وأتحلى بالوقار وضبط النفس"

والغريب إني رغم كل ذا أحن قلب في العالم
أحيانًا أجلس أفكر كيف أملك كل هالحنية وأنا أقلب شيطان وقت الانفعال ؟ وكيف ان العصبية ما تنفي الحنية أبد 

"يعني نار ومطر في جسد واحد"",Anger"
"949ecb014e1a231a,""تفسير القيادي بالسيادة عمار العزاوي لخطاب #الخنجر عن #بغداد يثير انفعال ضيوف نصف دائرة… وفصل من الضحك بسبب مفردة اطلقها هاني عبد الصاحب: هذولة غوغائيين "

"#نصف_دائرة"",Anger"
"b02d6281e5d80e07,""هناك ارتباط وثيق بين عدد ساعات النوم والحالة المزاجية."
 فالنوم ليس رفاهية، بل حاجة أساسية للعقل والجسم والنفس.
حتى الأطفال عند نقص النوم يظهر ذلك في شكل عصبية، بكاء، تشتت، أو انفعال مفرط.
متوسط ساعات النوم حسب العمر:
من 0 إلى 5 سنوات: 12 إلى 15 ساعة يوميًا
"من 5 إلى 12 سنة: 10 إلى"",Anger"
8defa93ba8298b47,اجل كانت نتيجة لحظة إنفعال وقتي ههههههههههههههههههههههههههههههههههههههههههههههههههههههههههههههههههههه وناسه وانت تتأدب,Anger
"4ec97db641bfe948,""هلق حلقة حلوة بس لو نخفف شوي انفعال منشان شبيحة الاسد ."
"صح شي بيرفع ضغط بس. الحلم والصبر حلو ."",Anger"
"93e8e831d357c140,""يخلقلك عداوة، بيغذّيها، بيحوّلها لمحرّك الجماهير… لأنو ما عنده فكر يوحّد الناس، فبيستعمل الخوف بدل الوعي."
القائد ما بيغذّي الكراهية، بيبني إدراك.
ما بيزرع انقسام، بيزرع رؤية.
ما بيستغل الناس، بيوجّههم.
"ولأنو لبنان شبع زعما، صار الوقت نسمع أصوات قوّاد فكر ورائدين، مش تجّار انفعال"",Anger"
ad8888dc815fbaec,انتو الاتنين الان تسببتوا في الاساءة للأمهات ،، من تعليق بسيط انفعال وشتيمة وكلام جارح ووصلت حد القذف بدون قصد ،، ليه ما تتمالكوا اعصابكم شوية ،، يعني الموضوع من بدايته غلط لكن قد يأتي الغلط من شخص انت لا تعرفه ولا تعرف تفكيره واسلوبه فما تقارن نفسك بيه خليه احظره جليه ، انتبهوا,Anger
"ab77a0339939005e,""الحدس، أو ما يُعرف بقرارات """"الشعور الداخلي""""Intuition—Recognizing Patterns، ليس مجرد انفعال غامض، بل آلية عقلية معقدة تعتمد على التعرف السريع على الأنماط، دون المرور بتحليل منطقي واعٍ. "

"حين نواجه موقفاً جديداً، يقوم العقل البشري إلى استدعاء تجارب سابقة تشبهه، ويقارن بينها وبين"",Anger"
"3a65186d00f72729,""عبدالله القصيمي ....."
لم يُقدِّم فلسفة بل جرحاً مفتوحاً 
في نصوص طويلة 
يختلط فيها الألم بالتمرّد.
هو أقرب إلى حالةِ انفعال على الدين 
والوجود منه إلى (مشروع فكري)متماسك.
الرجل قرأ الغرب فانبهر بسطحه 
وهاجم الإسلام بجهله 
فصار يكتب من عقدة لا من فكرة.
ولذلك لم يُنتج نظرية 
"ولا"",Anger"
"3405fe8754032278,""كل فترة يطلع مشهور يدقه بالكلام"
مايرد السيئة ويثير الجدل، مايصنع فتنة من ولا شيء، ما يستنقص من أي مشهور ثاني، دايم يمدح منافسينه بالمجال، يطلع يهدئ جمهوره بعد كل أنفعال ومشكلة، وقف يشارك بالجوائز عشان غيره
"والله والله لن ينجب اليوتيوب أحمد آخر"",Anger"
"cff9ef530885ff8c,""فرجع بها رسول الله ﷺ يرجف فؤاده»"

قال ابن حجر رحمه الله: 

"بها"""" أي: رجع بالآيات،"

"يرجف فؤاده"""""
 أي: انفعالٌ حصل له من مجيء الملك.

هكذا تلقَّف قلبُ النبي ﷺ تلك الآيات الخمس، فاهتزَّ لها فؤاده وارتجَّت بوادره.

"فبأيِّ قلبٍ نحنُ اليومَ نتلقَّف آياتِ الله؟!"",Anger"
"3ae51fc0e48c2200,""ارتفاع الأدرينالين و تراكم التوتر العضلي و تصريف للطاقة المكبوتة الي في جسمك "
بمعنى 
"الارتعاش وقت المشادة ما يعني إنك خفت هو ببساطة رد فعل جسدي طبيعي للغضب أو التوتر هدفه تجهيزك أو تفريغ الطاقة بعد لحظة انفعال"",Anger"
"02249f5efc2a2d05,""لأن الشعر نابع من انفعال عاطفي وهذا الجانب أقوى عند المتقلب وحاد المزاج "

"مع انها ليست قاعدة لكن سبب"",Anger"
725314f9cbc54414,انفعال وانت فائز دليل تهوركم يا,Anger
1abdf5b2ecaf1ccf,إنفعال وقتي   ،، ضحكوا عليكم  ومشَوها .,Anger
0133216a4af0234d,رؤية عميقة تعبّر عن ثوابت الأردن ومكانته الراسخة في الدفاع عن الحق دون انجرار أو انفعال… مواقف تُكتب بماء الحكمة.,Anger
"3eec7a65ae558537,""جزء كبير من انفعال ياسر سببه حاجتين:"
١. اللي قدام لا بيضغط ولا بيرجع يدافع 
"٢. جبهة كوكا وياسين خرم كبير في دفاع الأهلي، كوكا بيهرتل كتير وياسين بطيء جدا، وياسر بيضطر يسيب مركزه عشان يغطي وراه، وطبعا مركزه بيتكشف لأن البهوات اللي قدامه محدش منهم بيرجع يغطي معاه"",Anger"
d223b586ff57ee29,راجع لي حُب التويتر الي كان متلاشي أحبّ المساحة الي يعطيني اياها بالتعبير هنا أرتجل بالكلام بدون أي أهتمام لحكم او رأي او مُبالغة بكلامي الي قلته بغض النظر عن لو كان السبب ورا الكلام موقف او رأي او هرمونات او لحظة انفعال واندفاع او حتى لو مجرد هبد او كلام عابر هنا مساحتي بالتفريع,Anger
"21bb78d547968c11,""يعجبوني الناس اللي يمشي معهم الذوق"
"الناس اللي تفهم انزعاجك بدون رفع صوت أو انفعال ملفت"",Anger"
"51f50d521c50d96d,""وصف الجيش و قيادتو بالخيانه غلط كبير "
الجيش ما خاين 
في فساد متفقين ما قلنا شي
 بس ما خاين 
قدمو و بءلو الغالي و النفيس 
الناس ما تخدم العدو وتردد رواياتو بي انفعال
"ما بيدنا الا ندعم جيشنا بي كل عللو"",Anger"
"296ad9f076865048,""@Saud081"
 
صار لحظة انفعال ها …
لانك قليل ادب 
والله وبالله وتالله او لي سلطه لا اتلك مع اذنك للمحكمه 
مسوي خفيف دم 
"لا بارك الله في قليلين الادب"",Anger"
"6aa0abe59983ae4e,""أتفق معك المطالبات حق للجميع ولكن لابد أن الأسلوب يكون محترم، شفت الموضوع اللي صار مع المطور العربي ولا حبيت أعلّق لأني حقيقة كنت متحفظ لسببين:"

#NAME?

#NAME?

"السبب الثاني ما كنت"",Anger"
"f33b1bf55c8b8672,""ارحموا من ذل وعاد معتذرا ياخوان خانه التعبير "
"وكانت نتيجة انفعال كما ذكر"",Anger"
"d46b20bcc45e7bf9,""ماذا قال ألونسو عن انفعال فينيسيوس ضد قراره باستبدال اللاعب البرازيلي في مواجهة برشلونة؟ "
skynewsarabia.com/sport/1829648 via 
"@skynewsarabia"",Anger"
"b2438a1f766b95e9,""ما مفروض يكون عندك مشكلة مع كلامي اذا فهمتيه حسب انفعال ما"
"لانه كلامك عبارة عن اتهام لي اني بقصد الناس الاتضررت وماتت وانتُهكت ودا ذاته في قمة التخوين مشكلتك فهمك لكلامي مش كلامي"",Anger"
"fb8ec154ab2c8e49,""دخلت الصيدليه وجدت الدكتور فى حاله انفعال  وبيشد شعره بقوله مالك يا احمد فى ايه قالى طول اليوم الناس تدخل تقولى عايزه علاج اللى فى العلبه اللى لونها كذا لما تعبت وزهقت قلتله أهدى طيب ووحد الله معلش"
"بكره بقى ابقى أقوله عايزه العلاج اللى ف العلبه البيضه بخط اخضر ونقط بينك"",Anger"
"092661eac56880f5,""كيف يقول لحظة انفعال وفريقه فايز "

"!!!!!"",Anger"
"f2044b2387665337,""أكره اللي مايرضى على نفسه لكن يرضى على غيرة"
مهما كانت أفعالك لا تنسى إن لك حدود بالتعبير عن رأيك بدون تجريح و انفعال
 ربي سبحانه خلق كل شخص فينا بتفكيره 
و أسلوبه و تعاملُه من أنت ؟
 عشان تقلل من غيرك أو تجرح خاطرَ مُسلم !
مدري بس
" شكلك يكون مقرف لما تنتقد الشيء وتسوويه ):"",Anger"
"8220a13ed3aa1fd4,""لا أدري أهي حقيقة أم لا، لكن لاحظت شخصيا أن التعود على نمط التحفيز الذي يأتي من تيكتوك وما شابه مضاد في طبيعته لمواطن التحفيز التديني، وكثرة التعود عليها تجعل طبيعة التحفيز على تلاوة القرآن مثلا غير موجودة، فلا يشعر المرء بأي انفعال كما كان."

"كلا بل ران على قلوبهم."",Anger"
fbb2e67fa3c50730,انفعال فيني يؤثر على الفريق! يجب عليه تحويل هذه الطاقة إلى حافز للعب بروح جماعية. التحكم بالعواطف هو مفتاح النجاح على أرض الملعب، خصوصًا في مباريات غير محسومة.,Anger
7a5d286333d827a7,انفعال وهم فائزين,Anger
"e30bacc6f1222c4e,""بدون انفعال وضح موقفك في تغريدة مثبتة من منهج أحمد السيد،والباقي لابأس به ، أعرف عن أحمد السيد أنه تسبب في عودة كثير عن الإلحاد ،ولكن لم يعجبني موقفه الأخير من حزب اللات واعتباره من المسلمين!! "
"يجب أن لا ننساق ورى أشخاص تدور حولهم شبهات،عندنا ما يكفينا من العلماء  والعلم الشرعي ."",Anger"
"a54c68587ff998f4,""طيب لحظة انفعال و انت الفائز…."
"الإشكال هذه معروفة نواياها …."",Anger"
"07cca4c2d193545e,""ألفاظ نابية حتى الاعتذار ماله معنى "
قال لحظة انفعال ….
"تعصب و كراهية و انتقاص ….."",Anger"
"96b64853b6b3de21,""ألونسو يعلّق على انفعال فينيسيوس على قراره في """"الكلاسيكو"""""",Anger"
"8e50332bbc5c770e,""@Saud081"
 
المبرر (انفعال وقتي)
الفريق فايز ومبسوط  وتصف ناديان سعوديان بالحمار ماذا لو خسر فريقك المباراة ممكن تصف الفريق الخصم 
"الأمور ماهي بكيفك  تغلط وتنشر غلطك وترجع تسوي اعتذارك الاقبح من ذنب"",Anger"
cfd24a2876afab07,أعتذر عماورد في تغريدتي السابقة التي أعقبت مواجهة الاتحاد والهلال وماأحتوتة من عبارات غير مقبولة ، كانت نتيجة لحظة إنفعال وقتي .. راجياً من الجميع قبول إعتذاري مع إحترامي وتقديري لجميع الأندية السعودية ومنسوبيها,Anger
3cb9a2756297d08d,جزاك الله خير ، لحظة إنفعال والله انه يقهر و والله لي حول شهر ونص ماسك لساني عن اللعن ولا بطبعي بس ازل,Anger
350540b1ec1bba38,انفعال وانت فايز لو خسران وشتقول ولكن مالك الا وطي,Anger
49a4e44a3e3c8893,ههههههههههههههههههههههه لاعاد تنفعل انفعال وقتي,Anger
8796565188a07628,لم تكن لحظة انفعال وقتي أبداً ، لأن فريقك فايز بالمباراة .. ارجع لأغلب تغريداتك والريتويت في صفحتك وستكتشف أنّ الهمز واللمز والسخرية هي ديدنك والخط الذي ارتضيته لنفسك .. غفر الله لك يا سعود فما هكذا تورد الإبل .. الدنيا فانية ياصديقي فلا تحمّل نفسك الآثام من أجل لعبة .,Anger
"e7b5382775a26c77,""لا والله ماهو انفعال هذي اخلاقك و نتانة ماداخلك"
"لا عفى الله عنك ولا غفر ."",Anger"
b26e86e881bbb11d,والله هذه مايقولها انسان عنده كرامة . لايقول انفعال غير مقبولة,Anger
"03d89888f7588dc4,""انفعال وفريقك فايز !! اجل إذا مهزوم وش بتكتب !؟"

"استغرب ممن لديهم متابعين ويشطح"",Anger"
"a42297be2652169b,""كانت نتيجة لحظة إنفعال وقتي !!!!!!!!!!"
عذر أقبح من ذنب … 
x.com/saud081/status
"…"",Anger"
"56f191e7f1c909b1,""انفعال فينيسيوس!"

 «سأغادر الفريق، سأغادر… من الأفضل أن أغادر»، قالها أثناء خروجه من الملعب متجهاً إلى غرف الملابس، وفقاً لما نقلته قناة DAZN
"@marca"",Anger"
ae710099893754eb,انفعال كبير من فينيسيوس بعد استبداله.,Anger
"f26a13bde159d27e,""تم الدعس "
"اجل تقولي انفعال"",Anger"
"3fb61d667eb0fb11,""أحيانًا لا تفسد المحبة بغيابها، بل بسوء ممارستها."
كم من قلوب صافية فرّق بينها سوء التعبير أو انفعال عابر!
wtn.sa/a/1171950

"#الأحساء #الوطن #المحب"",Anger"
"9ffeadd1fd3e4e8c,""ألونسو يعلّق على انفعال فينيسيوس على قراره في """"الكلاسيكو"""""
menewspost.com/%d8%a3%d9%84%d
"…"",Anger"
"139c4ef0a0ffbadf,""يقول نتيجه انفعال "

وفريقه كاسب المباراه 

"وشلون ؟؟"",Anger"
"0ae97169eb677ea0,""عايزك تتفرج بهدوء وبدون انفعال  واستمتع بالنجم محمد سلام "
@Turki_alalshikh
" #تركي_آل_الشيخ #موسم_الرياض"",Anger"
a456684f019bda29,تناقض كيف لحظة انفعال وقتي وفريقه كان فايز بالمباراة.   هراء ولا يقبل اعتذاره المفروض يُعاقب على الكلام القذر الذي لايمكن أن يصدر من كبير بالسن هداه الله وابعده عن المجال الرياضي إذا هذا منطوقه رياضيا.,Anger
e76e4ece9216b6ba,وشلون لحظة انفعال وهو فرحان بالفوز؟,Anger
157029dfe8c9b805,ألونسو يعلّق على انفعال فينيسيوس على قراره في “الكلاسيكو”,Anger
"fee53c09bab81191,""ألونسو يعلّق على انفعال فينيسيوس على قراره في “الكلاسيكو”     #أخبار"
#كينستراك_نيوز

 
"ift.tt/EwbtqQY اقرأ المزيد هنا"",Anger"
a2dc7b8f7f1bdd19,وبتخليك تتخذ قرارات مصيرية في حياتك وانت في لحظة انفعال او في لحظة روقان زياد وتنشبك في بلاوي وتموت قلبك وترجعك لأسوأ احوالك وتضيع لك القرآن من قلبك ومن بين يديك وتأخرك عن صلاتك ولو ما أخرتك عن الصلاة فصدقني بتخليك تصليها بدون اي خشوع فيها وما تستلذ بالايات وتدبرها..,Anger
1b134f61c2336130,يخطي الواحد وينشر قذارته في x واذا اندعس قال كنت في لحظة انفعال ياخي إذا كنت منفعل ابتعد عن وسائل التواصل كلها ولاتجيب العيد,Anger
"9b233b09710a3f05,""#ألونسو يعلّق على انفعال #فينيسيوس ضد قراره في """"الكلاسيكو"""""
#برشلونة
#ريال_مدريد
#الكلاسيكو
#فينيسيوس_جونيور
#لامين_يامال
#سكاي_نيوز
"#سكاي_أونلاين"",Anger"
"91ca7ddc04e33d20,""اعتذار غير مقبول "
لو كان اعلامي حديث لن يقبل 
لو كان من شخص عادي عاقل بالغ لايقبل 

"فكيف من  اعلامي له اقل شي 40سنه اي انفعال وناديك فايز فكيف لو كان خاسر"",Anger"
7003c477942d5af4,طيب عندي معلومة    علشان الجميع  يستفيد  اذ حالتك متوترة  مهما يكون العلاج  لن تستفيد شيء اذ بغيت تتناول العلاج  يكون حالتك طبيعية  يعني تعطي تهدئة الجميع الوظائف  في جسم. الانسان  هذي نقطة مهمة بطب  اذ  حالتك  غير طبيعية انفعال وقلق وماشبه ذلك. العلاج لا يعطي  فائدة,Anger
"d939df7b5b5dbdef,""غلاف ماركا | ريال مدريد يبتعد في الصدارة."

ريال مدريد يتفوّق في الكلاسيكو ويتقدّم بفارق 5 نقاط عن برشلونة.

مبابي الحاسم وبيلينغهام المتألق سجّلا هدفي الفريق.

فوضى بعد صافرة النهاية شهدت طرد أحد اللاعبين و6 بطاقات صفراء.

"انفعال كبير من فينيسيوس بعد استبداله."",Anger"
33ccb0da559e8ae1,لحظة انفعال,Anger
23dccd705425a422,أنا معاك التبديل غلط بس ماتدري شنو كان براسه ومو ضد انفعال فيني بس مو قدام الكاميرات,Anger
068392b69481765e,يا برود مطفّيني يا انفعال خانقني,Anger
"5d70f91186e76ee7,""#ألونسو يتجنب الحديث أمام وسائل الإعلام عن انفعال #فينيسيوس ضد قراره في #الكلاسيكو"
alriyadh.com/2157730
"#جريدة_الرياض"",Anger"
31ae14040291b172,ليست نتيجة لحظة انفعال بل هذه أخلاقك وتربيتك,Anger
a2bd21f0527d8c53,فرحتهم و انفعال لعيبتهم نهايه المباراه تبين لك الحرمان الي صار الموسم الماضي,Anger
9362ebef68bddb67,هو فيه اضطراب نفسي  وهي عارفه ان بتطلع حركات منه مو محسوبه غضب انفعال الخ  واستمرت معه وش تبي هي الحين تعاطف ؟؟؟,Anger
"7492ae2b43a1e422,""اللغة علم لا انفعال، "
تُضبط بالقياس لا بالضحك 
وللأسف .. ما حُرِم منه في أوروبا نال بعضه هنا، لكنّك ما نِلت شيئًا من اللغة بعد.
وطلبه لا نعرفه .. نعرف مجمع الملك سلمان 
"إذا تعرفه ؟!"",Anger"
"5b4c3080973bb1e0,""أنا ما رمشتش حتى لما شفت ان كوندي هو لي عامل الانطلاقة"
"صفر انفعال"",Anger"
"ac2e50f2dabb06c3,""فينسيوس يغادر الملعب بانزعاج و انفعال كبير .."

ها باش زوين براهيم دياز .. ما كيتقلق، ما يحتج، ما يسب، ما يهزش فيك العين اصلا !

بزاف ديال المدربين كيفضلوا هاد النوعية، حيت كتسهل عليهم الحياة.

"و مدربين اخرين اكبر، كيفضلوا نوعية فيني، حيت كيجيبو ليك الالقاب و يديرو ليك سمية .."",Anger"
73198e7380738993,ماعدت أطيق أو أحتمل أي محاولة لافتعال مشكلة، ولست قادرة على تقبّل أي انفعال أو احتوائه بعد الآن، الضجّة والخدوش التي تحدث على هامش الموقف باتت تستنزف سلامي الداخلي وتستفز غضبًا داخليًّا يثير رجفة يدي.,Anger
f27092bd57ed21de,مشاعر غضب ويوجد صمت كبير وتجاهل في هذي العلاقة لانه احيان يصمت لانه اذا رد عليكي في لحظة انفعال يخاف يندم فيسكت مده حتى مايتهور,Anger
3f65694d8782da0f,اي وربي مرره حتى من قبل كم اسبوع لاحظت نفسي انفعل على كل شي وحتى سويت حركات غبيه لاني منفعله وما كان يسوي كل هل انفعال,Anger
"16c575f5eccb4f05,""هذا الكلام يختصر مرحلة"
"تاريخ يُكتب بلغة واعية ما فيها انفعال بس فيها عمق واحترام للفكر"",Anger"
b0524c1c71f79fa6,لأن الغيرة الحقيقية لا تعرف البروتوكول هي انفعال الصدق حين يختبر الأمان..,Anger
12eb2b42adcb7d91,واشوف بتحاولون تتماسكون عن امور كثيره وتمسكون نفسكم، فيه بدايات جديدة ، طاقتكم فيه انفعال ابسط شيء بيصير بيضغطكم  ، مبلغ مادي فيه رقم ٣-٥-٨ بيجيكم او تسع اشارات  ، شكوك ان شخص يتكلم عنكم بطريقة سلبية - ينافق ، رغبة تعرفون وش مكانتكم بحياة شخص ورغبة شراء شيء غالي,Anger
95d3018ddae70775,خليها ترفعها بس بدون تهور و انفعال و تخلي احد يراجع الشكوى معها اذا ما تقدر تنتظر و تكون بلغة واضحة جدا و هادية,Anger
354b41fc1c15e24b,التي تُقال في لحظة سكونٍ داخليٍّ أبلغ من كل ما يُنطق في عاصفة انفعال فالنور لا يحتاج إلى صريرٍ كي يخترق العتمة والعظمة لا تُقاس بحدة الصوت بل بصفاء الحضور، فكم يخطئ من يظن أن الرفق تراجع أو أن الهدوء ضعفٌ متخفٍّ في ثوب الحلم إن اللين حين يصدر عن فهمٍ عميق هو أقصى أشكال القوة,Anger
"a7d9fba52938ad10,""منتب صغير عشان تعتذر وتبرر انها لحظه انفعال وقتي "
جابوك الرجاجيل وضربت ريوس 
احترم تحترم 
وغصب تعتذر لان وراك قضايا 
"دوله نظام ياحبيبي"",Anger"
"bea3bbf2d56b9d3f,""4. ترفع جودة قراراتك النفسية"
الأسواق تمر بدورات نفسية (خوف، شك، أمل، طمع، إنكار).

حتى المستثمر طويل الأمد يتأثر عاطفيًا بالهبوط والصعود.

" عندما تفهم أن هذه مراحل طبيعية، تبقى ملتزمًا باستراتيجيتك دون انفعال."",Anger"
3b4760e49e64d9f9,هو بتعبير آخر انفعال عصبي يدل على (اليأس) السياسي من تغيير موقف المملكة العربية السعودية رغم الضغوط الكبيرة التي تمت ممارستها اميركيا للتطبيع دون تحقيق الشرط السعودي ، والذي في كل مرة يتملص منها السعوديون بمواقف تزيدهم هيبة وقوة وإبهارا من الحنكة السياسية التي تظهرها,Anger
"7c6ed1bfcfcee48e,""ميدياست "

"توتر شديد بين لاوتارو مارتينيز و أنتونيو كونتي، اللقطة بدأت عندها أطلق لاوتارو ضحكة ثم أشار الى قضي.به بسبب إنفعال مدرب نابولي، ليرد عليه كونتي صارخًا: """"اضحك على قضي.بي"""""",Anger"
"f6d03572ef218ce3,""انفعال وهو فايز !!"
"هذا كيف لو يخسر ؟"",Anger"
e09d4f692adff814,في اليوم العالمي للفنان.الفن ليس إطارًا على جدار، ولا لحنًا يُعزف، ولا لونًا يسكب على لوحة. الفن هو لحظة انفعال صادق، ونبضة قلب تُترجم بالحس لا بالكلمات. حين يتفتح وعيك على الجمال، ترى العالم كما لو كان لوحةً رسمها الله بعنايةٍ مطلقة. تتأمل تفاصيل الأشياء فتكتشف,Anger
"3bc09256e57c22e8,""لا ترهق نفسك بمحاولة إصلاح مشاعرك السلبية حين تداهمك، فالمشاعر مثل الموج، تأتي وتمضي إن لم تقاومها."
دعها تمر بهدوء، وكن مراقبًا لا منغمسا، فكل انفعال مؤقت، وكل اضطراب يزول متى ما تحليت بالرضا والسكينة.
"سيطر على شعورك، ولا تدعه يقودك… دعه يهدأ، ثم امض بقلب مطمئن. صباح الخير."",Anger"
"6dcdce26ee1b8cff,""لو كان طلع ببرايم اهون بكثير من انهم ينسفون مجهود ٨٠ يوم عشان كلمة طلعت بلحظة انفعال، هذا إذا كانت فعلاً تستاهل كل هالتصعيد"
"ممكن سلطان اخطأ لكن مهما كان الي قاله ما يوصل لفعايل غيره من المتسابقين الي كانت فعلًا ممكن تضر القناة وتنهيها ومع ذلك مشوها لهم ولا كأن شيء صار"",Anger"
"c98606845d757a63,""لي فتره بسطة أخذ فيتامين فيه نسبة من الاشوغندا، وانتظر حالة الهدوء والسكون اللي يتبعها بدون انفعال"
"لازلت أنتظر..."",Anger"
8c9e0c42fd237043,انفعال وقتي وهذا وفريقك فايز اجل لو خسران المفروض ادارة الناديين القانونية م تتنازل ولا يقبل اعتذارك,Anger
"94dab5d8793bd4e9,""طاقه اليوم : "

"طموحات هتكبر وتعلى ،تفكير في المستقبل بشكل جدي ومكثف ،مراقبه عبر السوشل ميديا من شخص معجب وبيحاول يتقرب ولكن متردد ، هيوصلكم رساله مهمه عبر السوشل ميديا برضه ،طرد لطاقه سلبيه او افكار عن حبيب ماضي او سابق ، جرح عاطفي من حبيب او شعور بأهمال ،طاقه انفعال وكلام"",Anger"
"36a02717c677fb17,""أي انفعال فريقك فايز ومبسوط لكن الناس تشره علي الرجال اللي مايحسبون حساب الكلمه اللي تقالولايحترم اخوانه وشريحه كبيره من أبناء المجتمع وهذه مردودهاعليك "
x.com/Saud081/status
"…"",Anger"
"84032239ed89eff7,""يقول نتيجة إنفعال وقتي … اذا فايز وتقول هالكلام اجل لو مهزوم وش راح يقول "

"عذر اقبح من ذنب"",Anger"
"42f6aedc955f4670,""فريقك فايز"
وتقول لحظة انفعال لحظي؟!
"لو فريقك خسران ممكن نصدقك"",Anger"
"23b898d3795f309f,""الحياة تحتاج إلى وعيٍ لا إلى سرعة، وصبرٍ لا إلى انفعال، إليك 10 قوانين مهمة في الحياة تساعدك على أن تعيش بتوازنٍ وهدوءٍ وسط فوضى الأيام."
التفاصيل من هنا 
proarab.com/?p=23967
"#قواعد_مهمة_في_الحياة"",Anger"
681ddfffdcee3b41,الرجال تحسب للكلمة قبل تقولها ،أما اللي يهبد علشان كورة ويقول انفعال ! ، بل أخلاق متأصلة والاعتذار هنا خوف من المحاسبة وليس شيمة.,Anger
10dcb79a6091f86e,بلاش الدعوة بالمرض على حد دي صعبة أوي حتى لو مجرد إنفعال كروي.,Anger
"9418b43b9a81eb03,""اكتشفت اذا تناقشت مع اي شخص بالواقع"
"وبـ انفعال ارجف لا إرادي وانا اعاتب.."",Anger"
"d0002606783af9a5,""شمالنا"
اللي مانرضى بداله
اهل الطبيعه والتراث العريق 

لشاعرها
ياهيه.. ياللي ضايق وفيك انفعال
اسمع كلامي وافهمه تلقى حلول
رافق شمالي تهتني طول الليال
لأن الشمالي لصاحبه ماهو ملول
دوم لرفيقه ينتخي وقت الثقال
"ياقف معه مايستمع كلمة عذول"",Anger"
"53a3b7d45f54952b,""بنافس ثبات انفعال سرحات كده  "
"وهوا بيبص ليلديز كل مرة ويقول أنا عندي زوجة"",Anger"
2a864521795b7c54,لا لا ما تقوليش على نفسك كده ده كان انفعال لحظى فى لحظة انفعالية  انما احنا زى الفل,Anger
0af76ed504ceda0b,شعرفك هذا انفعال كتابي اسمه,Anger
35ef7465b52463a4,انفعال كونتي ماهو مبرر ابد ، كل اللي قاله لاوتارو له وش اسم العيادة اللي سويت فيها زراعة,Anger
b19268bd7729e47b,ولا منفعلة ولا اشي بس متى الحق صار انفعال? انحشرت وهاد ردك مشكلة تكون مش فاهم والك عين بتحكي اتقي ربك لا تحكي اشي مو متأكد منه كل كلمة حكيتها انا صح مليون بالمية روح شوف سناب وانستا حسن(ابوفله)شوف انه كان بقطر مبارح انستا التيم وهون شوفهم شو حكو بعدها احكي عيب زلمة وبتنشر حكي غلط,Anger
6a73e1cdbec648dd,لماذا لم يناقشه احد بهدوء و بدون انفعال. لقد امرنا الله ان نجادلهم بالتي هي احسن. لقد فعلوا مع رسول الله ما هو اكثر من ذلك بكثير,Anger
dfbd59bcf2174da2,مافي مشاكل .انفعال بونو كحارس ع المدافعين بعد كل تصدي خطر ..شي طبيعي من الحماس .,Anger
"2f3d029d1b7d7e73,""ما ادري الصراحه ايش الغرض من هذا الكلام وليه يبي يطلعك كذاب  ليه ماني فاهمه هل يتضرر صدق ولا مزح ماني فاهمه تصرفاته هذي ماهي روح رياضيه وبطولة الكينقز ليق موجوده عشان تستمتعون"
"وتخلون قلوبكم على بعض اسأل الله له الهدايه بس هذا انفعال ترا اهم شي يافواز اهتمو بفريقكم ماعليك"",Anger"
"e18551c8bb47f972,""طوالع الحمل"

تسرع في فعل او كلام قدام شخص ينتظر منك خطأ

اعتذار وتقرب من شخص بالماضي

زياده ماليه من مصدر ماهو متوقع

وعد يتأخر او ما يتنفذ اطلاقا

سوء فهم يكبر بشكل مبالغ فيه

قرار مصيري يغير روتين يومي كامل

تجاوز تعب صحي

انفعال عاطفي بعد كتمان

"انكشاف شخص كان يستخدمك كا مصلحه"",Anger"
487a8ab359f35b0a,لامظاهرات ضدو لا انفعال لا تنديد  طرابلس مدري كيف حسبي الله ونعم الوكيل,Anger
"7a788555d2d8e686,""الفن الشعبي جماهيري عشان انفعال تلقائي وبيعبر عن دواخلنا بدون معايير وstandards "
بعشوائية وطبيعية 
"وجواه الكثير من المشاعر غير الناضجة اللي جوانا كلنا وماتجوزنهاش وماينفعش نعبر عنها زي الغضب العنيف والحب المراهق جدًا والحزن العميق الانت٧اري"",Anger"
3be0fe05835efe80,أجود النقد ما صدر عن معرفة وخبرة، لا عن جهل أو انفعال.,Anger
"38ee799c9feadb18,""ما أجمل التغافل"

"ما أجمل أن يمضي الإنسان في حياته بهدوءٍ واتزان، يدرك أن ليس لكل حدثٍ ردّ فعل، ولا لكل رأيٍ انفعال، ولا لكل كلمةٍ جواب. فكم من أمرٍ لو ترك على سجيّته لانطفأ أثره، وكم من موقفٍ زاد اشتعالاً حين أُعطي فوق قدره. إنّ التغافل ليس ضعفاً، بل هو فنّ الحكمة، ومظهر النضج،"",Anger"
"319a98a7a3bd37a4,""مازلنا ندعم تجربة المدير الرياضي .. لكن عليه أن يعترف بالأخطاء و يصححها .."
"من الخطأ و غير المقبول التجاوز في حقه .. قد تكون مجرد إنفعال و غضب .. يجب الإنتباه لما يراد أن تذهب إليها الأمور  ."",Anger"
0e9e624f2af35113,هههه مشهد تمثيلي ساخر والحوار اللي فيه سطحي جدا بلا انفعال وبلا صدق وبانتقائية.. ووين رايحين ؟ ما تبون كراسي مثلا ؟ ناقص موسيقى  يا ابونا وامنا يا سند بيت الهنا ..الحب والبر بالوالدين شئ اعمق بكثير من هذة السذاجة ..هذا اقل شي  اقدر اسويه إلهم ؟انت مو تكلمهم ؟ ليش ما تقول إلكم,Anger
abb99ee7b4f07e43,أنت بس و أمثالك ممن يبذلون جهدا مضاعفا اللي يحق لهم يتكلمون عن مهنة الطب ، ولا كيف دكتور يعرف ان انفعال مريضه بسبب مايعانيه ويقوم ينفعل عليه و يبدي ردة فعل !! الضعيف حتى هو نفسه مايدري وشفيه يتعامل كذا وماراح للمستشفى إلا انه يدري ان فيه خلل بس جاي يدور المساعدة,Anger
df667b8967ffbcce,أستاذ جوزيف المسيحية الصهيونية هو مصطلح شائع يستخدم في الغرب.. أو بتخفًف انفعال و عصبيًة بكون احسن لصحًتك,Anger
"26dbc1c906ae2aec,""وهل الحب سوى إكتمال"
روح وقلب سحر وجمال
تبوح له فترى منه خيال
تقربه فترى منه كل حال
يخبرك بحالك دون اتصال
هكذا المحب به كل إنفعال
يحياك ويرى فيك النضال
"تؤام للروح حقا لا إحتمال"",Anger"
4073ddb804da1e40,لانها بكل بساطة الكلمة وجعتها اي شخص ينفعل انفعال غير مفهوم اعرفوا انه موجوع,Anger
e7d1cd6a1c01b391,غير متزن، لقطه كفيله تعرفك هو وصل للمستوى ده ليه، عصبيه غير مبرره و عدم ضبط انفعال لا يليق بخبرته,Anger
e409bcfc1ae7ab17,الغضب ليس مجرد انفعال، بل ارتفاع مفاجئ فى الكورتيزول والأدرينالين، مع انخفاض السيروتونين، والقلق المزمن هيمنة مستمرة للنورأدرينالين والكورتيزول.,Anger
83ef279c7e31bc7b,شي طبيعي بس اتمنى ما تنقبل انفعال مبالغ,Anger
0d74e6698e8b7170,صدقتي اعذريني كانت لحظه انفعال مني,Anger
4ecb9344fe999c46,يمكن لو جربت العبسي اليوم بتعرف الفرق غروهي بدايتو مع الاتحاد اتسبب باهداف علينا وارجع اتذكر اول مباراة كانت ف كأس الملك تحصل من اي حارس رايكو العام غلط مباراة الوحدة واكثر من مباراة رد الكورة بنفس الشكل انفعال وقت وبعد المباراة مو هوا الحل كل شي بيتحسن ان شاءالله,Anger
"e058a3205891ce91,""من أرض الملعب  "
إنزاقي لا يعرف الهدوء، انفعال وتوجيه يستمر 

" #الاتحاد_الهلال"",Anger"
"bf4b41b98182bb61,""من أرض الملعب  "
إنزاقي لا يعرف الهدوء، انفعال وتوجيه يستمر 
" #الاتحاد_الهلال"",Anger"
"86a59df0aefaeba5,""إنزاغي لا يعرف الهدوء، انفعال وتوجيه يستمر "

"#الهلال_الاتحاد"",Anger"
"cf5e0c3ef7c94728,""من أرض الملعب  "
إنزاقي لا يعرف الهدوء، انفعال وتوجيه يستمر 

" #الاتحاد_الهلال⁩ | ⁧#الكلاسيكو_على_ثمانية⁩"",Anger"
"5a4c5795785278fd,""صدقتي "
العلاقة الي كلها انفعال وغيره وقلق.. ماتدوم.. 
"(الوعي والثقة والراحه والهدوء هما اساس اي علاقة صحيه ومتوازنة)"",Anger"
"7e6993a75fd01218,""زاوية مختلفة تمامًا من الكلاسيكر!"
شاهدوا المباراة من منظور الحكم… كل لحظة، كل قرار، وكل انفعال 

#الدوري_الألماني
" #Bundesliga"",Anger"
"21fff0880a744ae0,""جمهور علماء ده مقالوش يحترم نفسه و لا يتدخل فيما لا يعنيه بما انه اخلاقه كده كده مشوهه يسكت احسنله على الاقل يسلم الناس من لسانه و من أذيته و حتى معلومته ناقصه و غير ثابته "
"+ انفعال او لا في الاخر قذف و سباب و قله ادب مهما حاولت تبررله"",Anger"
"567862c905f27034,""اتمنى محد يسلّم عقله لغيره علشان ما اشوف احد يصدق الاستهبال هذا"
واتمنى برضو محد يتفلسف باي كلام يجي بباله نتيجة غضب او انفعال ويكتبه للناس ويقول -حقيقة-
على كيف ميييييين حقيقة؟ مسوية اختبارات معملية؟ تجارب؟ دراسة؟ 
"هذا عيب السوشل ميديا اللي اعطت مجال لاي احد يبدي رأيه ويكتب"",Anger"
235ab542bde9e48a,الحكمة تائهة بين انفعال القلب وجدال العقل... فإن هدأوا إستقرت,Anger
"07ac2a3c0dd00c6e,""السعودية ردها يكون بحكمه وبالوقت اللي تختاره هي مو وقت انفعال الاخرين"
"والي يظن ان الاهانه تغسلها العواطف نذكره ان الدول تدار بالعقل لا بالانتقام"",Anger"
f7277ce51d3823fe,استهدي بالله يا ايمان دي كانت لحظه انفعال امبارح وراحت لحالها,Anger
"e693aa42e18fb3ac,""#تفاصيل"
"الأسى ما بيتنسى"""" كذلك المواقف المفرحة والحماسية يصعب نسيانها. "
"لأن هذه المواقف يحدث فيها نشاط كبير للوزة ( جزء من الدماغ مسوؤل عن الإنفعال) وعندما يكون بهذا المستوى  يحدث معه تذكر واستدعاء متكرر بعد الحدوث بفترة قصيرة وبمستويات أنفعال ونشاط كأنه حدث للتو ، وتكرار نشاط"",Anger"
1d47feda7428a8b5,لا أريد أن أنسى، أريد أن أتذكر، دون انفعال,Anger
"29c5485fea931a63,""تراجع نفسها وكيف علاقتها مع زوجها في البيت والأولاد..."
"وهل هو محتاج لشخص اخر قبل أي انفعال"",Anger"
ba5b5d455aef1090,تعرف شو الدرس الخايس اللي بيتعلمه الولد ؟ ان مهما صار لي مابكلم ابويه خاصة ان انفعال الأب أدى الى سجنه .. الطفل على طوووول يترجمها ان هو السبب علشان كذا يقولوا لا تتجادلوا قدامهم,Anger
"8664f9818ee624d1,""انـفعـال وزعـل عبدالله الزميلي من شريم اليامي "

لمتابعة المقطع كامـلًا عبر اليوتيوب 
: 
youtu.be/jobNELYb_Lc?si
…

"#كاريزما84"",Anger"
"451923735398374a,""سبب انفعال شخصية عادل إمام فالفيلم و ثورانه داخل مجمع التحرير أنه شاف الراجل الكبير وحس انه ممكن يكون زيه"

"ملحوظة: عادل امام كان اسمه احمد"",Anger"
"ffcef15d461c8740,""""""أنا بعمل كده علشان أحاول أفوقكم""""  أحمد عاطف قطة يكشف سر انفعال يورشيتش على دكة البدلاء"

"#ملعب_ON"",Anger"
7a49fc85c3b54738,جمعه مباركه امر بلا انفعال وعجله الشيطان رايه لك اثبت وجودك ودفاع عن نفسك باي وسيله حتى لوقذره ولهذا تتعجب شخصيات اساليبهم لاتذكر لبشاعتها  وراي الثاني رحماني رباني ان الرد الغير مناسب ان كان يليق به لايليق بك وفي اكثر الاحيان متسرعه عندما يخف غضبه يندم تسامح وانت قادر انساني,Anger
d7ab21a942055035,بعض المواقف تتطلب تتغير هيا فيتغير هو ، لكن ارجعي لردي الأول اللي يستحق توقف عنده وتعاتب توقف ويكون لها ردة فعل لكن بلا إنفعال اما امور الصمت عنها يخليه يراجع حساباته والمناقشه تزيده جرءه وتكرار لكن تجاهله يردعه,Anger
31953f8c87fa7f20,اسف … قلتها بلحظة انفعال,Anger
"f92aeda52f95aa99,""انفعال الدكتور"
والمفكر الكبير/محمد صلاح
فى برنامج ملك وكتابة
على تصريح
الخضرى بأن جمهور الاهلى بيعبد الخطيب
كيف يتهم جمهور
يبلغ تعداده أكثر من70مليون
يشجع الأهلى
بأنه يعبد شخص 
بجوار عبادةالذات الالهية 
سبحانه وتعالى
كيف سكت تنظيم الاعلام عن ذلك
"كيف سكتت الإدارة القانونيةعن ذلك"",Anger"
"b2ef69395dd5665b,""#ماعت_جروب| حميدتي يلوّح بالتصعيد ضد القاهرة!"
مسيرات متطورة تصل إلى قائد الدعم السريع 

سر انفعال #رئيس_المخابرات المصرية على نتنياهو! 

زيارات عاجلة من رجال ترامب لدول الخليج 

رسالة عاجلة من السعودية والإمارات على تجاوزات نتنياهو 

"إسرائيل تخفّض الغاز إلى #مصر بشكل"",Anger"
"ef6366ab0a994347,""بينما تتجلى أعراض أخرى في السلوكيات مثل تردد، تناقض أو نوبات انفعال/غضب"

قد تكون المشاكل أوضح لدى
الأمهات والمطلقات والأرامل
من فقدوا علاقتهم أو أعمالهم 
أو افتقدوا أحبائهم
أثناء معركتهم مع السرطان 

ليس من السهل ملاحظة كل هذه التجارب من خلال التاريخ الطبي سريع
"يتبع."",Anger"
"96706ba7f82a736f,""إختيار راقي ومميز دائماً تتحفينا بكل جميل "

تصورت أن حماسي لعينيك كان انفعالاً
كأي انفعال
وأن كلامي عن الحب كان كأي كلامٍ يقال 
واكتشفت الآن ، أني كنت قصير الخيال

"تحياتي"",Anger"
"2e81ccf99a3d466d,""أبن حزم يقول:"
السعادة ليست مطلب العقلاء
لأن السعادة إنفعال مؤقت ويذهب
وما يسعدك اليوم قد يشقيك غداً

بينما راحة البال مزاج مستقر
"كان مزاجها كافورا"""""
والمزاج : حالة مستمرة تحولك
"لشخص هادئ راضي بكل ماحوله بنظر إلى أقدار اللّٰه على إنها كلها خير"",Anger"
"014a5c79da146e42,""انفعال حمزة في غير محله لانه سب مقاتل مسلم مثله ونعته بالاحمق بسبب جواب بسيط لم يكن فيه اي اهانة في حمزة."

"اما بالنسبة الإسلام وفريق حبيب كلهم باركوا بفوز حمزة باللقب، مافي داعي انه يفتعل مشكل والمشكل غير موجود اصلا، المفروض يكون أذكى."",Anger"
"6db9c67cbbbe85a5,""لا لا ما عليك في الجمهور"
اسلام بكبره قال ما ينفع لاشباب عرقية و انها بتقب بين الشعبين بينما اكرام تكلم عادي
"حمزة رد على اسلام لكن ما رد على اكرام ، اكرام شخص و اسلام فترى انا متفق ان حمزة غلطان بتصريحه لأنه عامل اكرام كأنه نسخة من اسلام لكن انا ابرر لك انفعال حمزة"",Anger"
"c4db89a3200beeed,""اي انفعال !!"
"هذه حقيقتك للاسف"",Anger"
"ae0b6b0efc1d6599,""بطريقة بناءة."
مثلاً :
عندما يغضب القائد أو الوالد ، لكنه لا ينفجر، بل يستخدم غضبه ليعبر بحزم ووضوح عن الحدود . فهذا انفعال منطقي.
إنه لا يخفي الغضب، ولا يسمح له بأن يحكم الموقف .
!! الانفعال المنطقي هو اتحاد الوجدان بالوعي.
"هو دليل على أن الإنسان الكامل ليس من لا ينفعل،"",Anger"
5f9d8f26af92aae1,بعض الأشخاص حتى عندما يكون مزاجهم سيئا يضبطون أنفسهم ويتحدثون بأدب دون انفعال ولا يقدمون على أي تصرف طائش هؤلاء نفسيا مؤهلين للتأقلم السريع ولديهم فرصة أعلى ليكونوا ناجحين قياسا بغيرهم كما أنهم يفرضون على الجميع إحترامهم تلقائيا: :,Anger
"5009aa7f6fe1547d,""تعليق سلبي؟  هنا فرصتك تبين قوة واحترافية علامتك!"
اتبع هالخطوات العملية بالتعامل مع الانتقادات، وبتحوّل العميل الناقد لعميل وفيّ:
الاستماع الفعلي: خذ وقتك تفهم سبب تذمر العميل بدون انفعال أو تبرير سريع 
"الرد السريع والمباشر: خل ردك مهني، اعترف"",Anger"
"beef0d66bfa312a5,""إنها ليست لعبة بقدر ما تكون لحظات انفعال وغضب وتمتمات وهذا يرجع لأن المدراء وغيرهم يردون فقط خنق أصوات الشباب التي قد تكون مندفعة، وبدلًا من احتوائها نخنقها إما اعتقالًا أو طردًا من الأرزاق"
لماذا نصل لهذه المرحلة جعل المواقع التواصلية محكومة بالمصائر ؟
"مبالغة أن نجعل للتعبير سجون"",Anger"
"a2e0ca7e67e819e9,""انت مريض"

كل رؤاك مافيها رؤية مبشرة وحدة للاتحاد
اعانك الله على مرض اسمه
مرض الاتحاد 

وعلرغم عن انفعال رؤياك 
"باذن الله المبارة صفراء كصفار لون الشمس"",Anger"
50a210db15682ab3,تهذب حتى وأنت تغضب. لا تقل انفعلت وانفجرت غاضباً فمددت يدي، أو شتمت، أو جرحت وأهنت. السجون مليئة بأشخاص يقولون ليتنا ملكنا أنفسنا ساعة الغضب، والبيوت مليئة بضحايا أبرياء لجراح ساعات انفعال وتوتر وغضب.,Anger
32e11f27d917eeb6,يقولون انفعال علي الحارثي وهذا وضعه طول الفقرة,Anger
0890e891968d3d2f,انفعال النقاد مفروض تكون للمتسابق,Anger
63679b0242f3f93e,مت مت بالعادة انفعال المتسابق,Anger
"ef6c50a3215c4845,""انـفـعال النـقاد على علي الحـارثي بعد سـؤاله المـخرج لمعـرفتـه من الجـوال بتحـركـات البث "

لمتابعة المقطع كامـلًا عبر اليوتيوب 
: 
youtu.be/pjOxPFRaBXg?si
…

"#كاريزما83"",Anger"
"ef92f20eeb43aec8,""#النصر_الحزم"

  شاهد :

سبب إنفعال الإعلامي #عبدالله_فلاته 

#النصر #الأهلي #الهلال #الإتحاد 
#الهلال_الإتحاد 
 
x.com/57_dx/status/1
"…"",Anger"
"c5c2b48ecd16cac8,""ما أدري أصعب أحوالي ولا لحظة انفعال"
بس محتره قوه. الله يعدي هالفترة على خير
"مشاعر حساسه وما ينصبر عليه"",Anger"
"a4dab5b176b836a6,""الحين حبوب الشاهي الأخضر لهدرجة تسبب إنفعال و تغيّر في المزاج و حالة نفسية سيئة ! "
"ياساتر"",Anger"
b1a71da32b9b28cc,كاميرا خاصة من حارس الأهلي ترصد انفعال توروب على ياسر إبراهيم وياسين مرعي وتعليمات خاصة للشناوي #حارس_الاهلي,Anger
68346ab5d8ca4892,اي صدقك لكن ماعجبه التوقيت ويحسك قلتيها من انفعال وتداخل مشاعر فقط,Anger
e040a8ec4671d918,نعم، يطالبون ببر الأمهات وعند أول انفعال يسبون أعضاءهم التناسلية,Anger
"cb0a1774c0683479,""انفعال ماجد على موظف الاستقبال بسبب تأخر زوجته وابنه ورد صاعق من الموظف "

من فيلم نفق الماضي 

شاهد الفيلم 
youtu.be/yva4CXdnCNU?si
"…"",Anger"
b782d6fe5e1f4c13,كانت لحظة إنفعال يا خيي لإنو الوضع ما عاد عم نقدر نتحملو لولا هلشوية الصبر يللي ربنا ألهمنا ما بعرف شو كان صار فينا,Anger
"76ee5c1b9f2d39a3,""إنفعال المرأة على أمرٍ لا يعجبها دليلٌ على أنها تهتم أما سكوتها و هي غير راضية دليلٌ على أنك قد خسرتها يا عزيزي."
"#طرشوله"",Anger"
"74b991bdb6eccac5,""منشور قوي ومتزن جدًا "
يوصل الرسالة بوضوح وبلغة رسمية راقية، وفيه توازن بين التحذير والحقائق دون انفعال.
فعلاً، مصر بتلعب بالنار، وأي استمرار في التدخل دا ممكن يقلب الموازين ضدها، خصوصًا مع تصاعد الغضب الشعبي والإقليمي.
"#هذه_الارض_لنا"",Anger"
ed0e25dfef5e2610,التويتة دي بتحلل تصريحات علاء مبارك كمحاولة لرمي بياضه سياسيًا، خاصة لو حصل تغيير في الحكم. بس الاتهامات بثروات قادة المقاومة محتاجة أدلة قوية، مش كلام عام يعتمد على مقارنات شخصية. السياسة المصرية مليانة مؤامرات، والحقيقة بتطلع من خلال بيانات موثوقة، مش انفعال.,Anger
"80e158a35343354c,""حين يتحدث الجمال بصوت الروح"

الفن ليس إطارًا على جدار، ولا لحنًا يُعزف، ولا لونا يسكب على لوحة…الفن هو لحظة انفعال صادق، ونبضة قلب تُترجم بالحس لا بالكلمات .
حين يتفتح وعيك على الجمال، ترى العالم كما لو كان لوحةً رسمها الله بعنايةٍ مطلقة.
"تتأمل تفاصيل الأشياء فتكتشف أنها جميعًا"",Anger"
"bf661942d98e954b,""الحب نضج ، لا انفعال ."

"- إريك فروم"",Anger"
1303be870adb0d97,انفعال مبرر بصراحه ولا الومك,Anger
a7a54636ff4d635d,صلاة عيد مسيحى ام مسلم؟ وبدون انفعال هذه هى الدولة العلمانية لا افضلية لاى مذهب حتى الملحد .,Anger
"4a1e46d6fd570ab7,""سلام الله عليه "
"شنو القصة هههههههه كل كلامك انفعال"",Anger"
"66d5d62f28b1330f,""عم تزَوّر شهادة يا محتال؟!!"
لَو بتخَفّف عصبية و إنفعال و بترَكّز عا درسَك كنت بتنجح يا ساقط.
خُود حَبة Xanax و رِكّ عالدرس، مش حلوة تضلك ساقط يا أبو التزوير.
"فَضَحوكي يا بَطّة"",Anger"
e13dab3547095da3,ما اغلظك حاج انفعال,Anger
87c0657112e4d5f6,شاهين عم يبكي على المي,Sadness
"1d0c863c057b24be,""دمعي الذي كَتَّمتُه جلدًا ::"

لما تباكوا عندما ركبوا 

حتى إذا ساروا وقد نزعُوا ::

من أضلعي قلبًا بهم يَجِبُ 

ألفيتُني كالطفلِ عاطفةً ::

فإذا به كالغيثِ ينسكبُ 

قدْ يعجبُ العُذَّالُ من رجلٍ ::

يبكي ، ولو لم أبكِ فالعَجَبُ

هيهاتَ ، ما كلُّ البكا خورٌ ::

"إني وبي عزمُ الرجالِ"",Sadness"
33c5fd6eb8f6cdb6,هو يبكي وانا ابكي هيا من يحلها الحين,Sadness
0a0583337cc53e93,عراقي عم يبكي على المي ابكي على كرامتك أول,Sadness
33b47707c7a68ee7,بس بس يانيجيري شكلك تبينا نرحلك ضف وجهك لاتدلس مره ثانيه جايب صورة المنتهي يبكي ضدنا وحاطه مع كريم يبي ترحيل ذا الوسخ,Sadness
"5a15e8b4eeaf2413,""يجلس في الزاوية يبكي بقلّة حيلة أمام القدَر"
والدنيا
والظروف
ويظل يُردّد متسائلًا:
ماذا كان سيحدُث لو نال قلبي ما تمنّى ولو مرة واحدة؟
"ثمّ يحمدُ الله على كل حال."",Sadness"
7f52d03e36002df9,وقتها جعل  لاعبك المنتهي يبكي,Sadness
"d7b1896eae7c87e9,""ما كنت بعرف إن الإنسان إذا ضحك، رح يبكي ألف دمعة مقابل هالضحكة."

"- فيروز في لقاء إذاعي | بيروت ١٩٩٨."",Sadness"
84a86ab46e6b7e6c,فوين بدأ يبكي ياربي,Sadness
"fc9bbca6cc85f2c2,""ولاينسى ان حكومة بلاده كانت تدعم النظام بالصواريخ والافراد"
واخرهم كان 150 ضابط 
مرغنا انوف بعضهم بمؤخرة من ارسلهم
ثم ادعى رئيسه المنقلب انهم استشهدو في ليبيا 
ومن وقع منهم في يدنا كان يبكي كالاطفال
نقول لهم اهدأ نحن الجيش الحر
فيزداد نحيبا
"خوفا منا."",Sadness"
"48baeece3454e189,""أقرع ونزهى"
عامل ذى واحد مديون لشوشته ومجوع بيته وراح يعمل حفله بشى الفلانى
"هم يضحك وهم يبكى"",Sadness"
a14fac3efff25aaa,لا محد جاي يبكي,Sadness
"39411975f15ea3b8,""جاء دور العب،يد الممولون خليجيا"
لرفع أجور العملة والاسترزاق ،
يبكي على محمية بنو صوص ولا يبكي على أرضه وجواره البائس ،
لا يهم مادام هو و أمثاله في الشقق المفروشة ، و المباني المصفوفة 
ولا يسوى
"تعس عبد الدرهم والريال"",Sadness"
"7e747dec4d7b464e,""حين يبكي النور ، بقلم : محمد علوش "
shfanews.net/post/241263 عبر 
"@shfanews_net"",Sadness"
945dae5f48f38fba,هم يبكي وهم يضحك,Sadness
35270f21e90541a0,متحول جنسي في البرازيل ومقطوع الرجل يعتدي بعنف ويضرب رجل حتى جعله يبكي في احدى الشوارع بعد شجار كلامي بينهم,Sadness
"a385975814738962,""اللي يضحك على الجزائر اليوم، غدًا يبكي على موانئه المقفلة وغازه اللي صار ذكرى. حفرتُم لنا، فوقعتم في حفرة اسمها """"الاعتماد على الغير""""، وما فيش حبل إنقاذ إلا من يد الشعب الصحراوي نفسه."",Sadness"
729178068214ee8a,كان السلف إذا قيل للرجل: اتـق الله، جلس يبكي من خشيـة الله عز وجل، والخوف منه، وبذلك سمت نفوسهم إلى العـليـا وإلى الخـيرات، ففازوا بخيري الدين والدنيا والآخرة..,Sadness
"f3f69d0029f949f7,""محاولة بالسهم، فرجع إلى قومه وكتب تقريره بأن الوقت غير مناسب لغزوهم  وهذا حال صبيانهم،"
بعد فترة تاني مشى لنفس المهمة فوجد شاب يبكي فسأله ماذا يبكيك؟
فقال الشاب : اخلفتني محبوبتي الميعاد فرجع مستبشرا وقال الآن نغزوهم،
ولذلك قيل
تعدو الذئاب على من لا كلاب له
والمقصد الغافلين
"+"",Sadness"
6984a6b3698898fe,بعيدا عن الفريم اصلا من يبكي على انمي الا واحد مريض نفسي والله,Sadness
"0c51003a292d3a9b,""غـ.زّة تنزف... والسودان يبكي"
والعالم صامتٌ كأنه شريك،
ألا لعنة الله على كل يدٍ غدرت،
وعلى كل قلبٍ رضي بالهوان.
"#السودان #غزة"",Sadness"
bb447db5edcaac9a,خروجكم  من كاس الملك خلف  اعاقه عقيليه  رمز العداله حقكم  ماجلس الهلال يبكي ع مجزرته التحكيمه التي ارتكبها بل عاد بشموخ وتسيد القاره وحقق وصافت العالم لم يستسلم طموحه المنصات وطموحكم تعزيز لحكم ظلمه لم يزيد الهلال الا عزيمه واصرار من بعدها انجازات مستحيل اي نادي تحقيقها,Sadness
e70ca34e36154c2d,ولد اخوي يبكي يقول بيصير يدخل غرفتك,Sadness
"89d42a665ba92f44,""يبكي بحرقة.. مواطن من مدينة غات يشكو من تعدّي إحدى مليشيات حفتر على أعراضه وممتلكاته"

"#17PRESS #ليبيا"",Sadness"
ca51e523aadd3e0a,لما شافه يبكي حابه وجلسه معه 🫩🫩,Sadness
188b883d4d714fcc,ما توقعته يبكي ابدا,Sadness
e0e900dc32b84170,هذه هي الحياة الكريمة التي صنعها محمد بن سلمان للمواطن، شخص مقعد مريض يبكي من الحاجة والفقر ويتوسل الناس المساعدة!,Sadness
1927cc9ef47025bf,مدري ليه صرت حساسه بس وقسم الموضوع يبكي,Sadness
2408b369618263da,واضح انو بعد سقوط النظام ماعاد معلوف فمضطر يبكي كل شوي على سردية شكل,Sadness
f014673e627c7f63,شكله قالت للاصلع يبكي وبكى صدق,Sadness
4a961cb60897065b,الحمد الله انها ما تعطلت  عشان نشوفه  وهو يبكي من الهلال. هههههههه,Sadness
f4635c7f91ab3e61,خليه خليه يبكي معي,Sadness
b48071ce41998ae2,هو صادق مره اندعى علي بالموت فقلت للداعي امين واوصيت الداعي حتى عزا لايوجد داعي لأقامته وتوفير اموال الذبيحه ولاحد يبكي ولسان حالي يقولي الي يحب يحب بأفعاله يترجمها بحياتنا مو دموع تماسيح الممات المتوجه بأذاه الشنيع الفعلي في حياة الميت ومخلده بذكرياته فقد افضى الموتى الى ماقدمو,Sadness
"368f0ddcb7d81850,""استوعبت اني يوم اصدم اول وحده دقيت عليها جمانه اختي وهي بالرياض اصلاً "
"اااممممم يبكي"",Sadness"
531a228e36a7b34f,دموع تاي نقطة ضعفي من شفته يبكي تلقائي بكيت معه وهو مابكاه الا انو مشتاق لنايموت علينا وربي,Sadness
97519ca55c492426,الراحه الي جاتني لما شفته رجع مع جيمين وهو مبسوط ويضحك ويرقص واستني من شوفته وهو يبكي,Sadness
"962ce812ce3294c5,""المعلم يعتقد أن هذا الطالب مهمل وعنيد ويستحق العقاب، والطالب لا يبكي ولا يشتكي ولا يعترض وقبل أن يتكلم المعلم يرفع يده الطالب ويستعد لملاقاة العقاب"

"إلى أن تشاء الأقدار والصدف وتتقاطع طرق الأستاذ وطالبه في رحلتهم الصباحية للمدرسة"",Sadness"
"ee0550ff539472d5,""حضارة تم استلهام الأديان منها حضارة الاستقرار علي وادى النيل صانعة الفنون والعلوم والاخلاق العليا المتماهية مع بيئتها الي أن مر أعرابي يحمل ثقافة الاجلاف هو الآن يبكي في الزاوية كلما اشتم رائحة الهوية المصرية تبا له ولكل من علي شاكلته  "
"صورتك رائعة الجمال مولاتي الملكةالحسناء"",Sadness"
5edfe8fa2bd023f4,بدال ما يعرفون السبب ويحلونه ويشجعونه على الذهاب للمدرسة والدراسة ساحبينه غصب وهو يبكي. واضح انه متعرض لنوع من انواع التنمّر او الاعتداء,Sadness
ebf784a5911cd142,لا يبكي مره ثانيه,Sadness
4013d3b604bcc323,مسموح الواحد يبكي بصوت عالي ولا عيب في المكتبه,Sadness
"d3f02eb79e5302e6,"": سعيد برؤيتكم"
: تايهيونقشي يقول إنه يفتقد المسرح بالفعل، إنه كان يبكي خلف المسرح
: لا تبكِ
: تايهيونقشي هل ستكتفي بإظهار ظهرك فقط؟
: تايهيونقشي هل هكذا ستذهب للخدمة العسكرية؟
: (يبكي ويضحك )
: لماذا تبكي؟

بكيت معاه تكفوون دموعه قهرتني 
x.com/d_ktaekook/sta
"…"",Sadness"
3c9eea2a43006ad3,عبر له عن مشاعره وارتمى بحضنه يبكي طيب ومشاعري!!!!!!!!,Sadness
"800981132794b942,""الايدولز نوعين"
 
واحد يهرب من على المسرح في نص الأداء 
"والثاني يبكي عشان رجع يأدي على المسرح مره ثانيه"",Sadness"
"c08e6d0c7f4b7552,""يبكي لانه اشتاق لمعجبينه "
"بينما انتي عاطله وعاله على اهلك"",Sadness"
"1bdf1b90fb5d36ea,""خله يبكي لين ينبح صوته ويزوع اريته "
البكاء يشد عوده ويقوي قلبه والرئه عنده 
وبيفهم انه البكاء ما يأدي لنتيجه
"الحل : الأب يقوي قلبه عشان طفله يتعلم"",Sadness"
"6e5333adee3c51b7,""وَمَضَتْ تَخْطُو وَأَخْطُو عَكْسَهَا"
"مَيِّتٌ يَبْكِي عَلَى فَقْدَانِ حَيْ"",Sadness"
9b96288085db0b6d,امنعوا الضحك ايها البشر ... بضع كلمات علي حائط يعلم الله أين يكون أصبحت بطولة ... حالكم أصبح يضحك أكثر ما يبكي,Sadness
f5b74cbdbd707bfe,بالأول ضحكت لإنو حسبته خجل لهيك نزل راسه بعدين أستوعبت إنه قاعد يبكي قمت بكيت معه,Sadness
0380bc88dcf60fbb,ما ابغا اشوف مقاطعه وهو يبكي,Sadness
3090d6da8211988c,المهم كنت برا وقت كان تيتي يبكي وش فيه,Sadness
"460481eb798c182b,""رونالدو جيد على الفيحاء وضمك"

ولا اتحاد اهلي هلال 
دجاجة 
"يبكي عشان يرضينا"",Sadness"
382b2db60cc3e380,ستنزحون بإذن الله نزوح يبكي عليكم العالم,Sadness
"d5ba796046be818b,""ترمب نفسه نكح جميع محارمه وعشرات القاصرات.  قام بعمل رائع في هذا المجال. وكذلك بعض السفيرات الاعرابيات   في واشنطن. والان يبكي على مسيحيي نيجيريا "
"ماذا عن تقطيع  الاطفال والنساء في غزة ايها الانوك !"",Sadness"
"a5086c4d95426a94,""١ - على ضفاف حرفكِ، سال الحنين كأنّه نايٌ يبكي في حضرة الصمت…  "
تلك النغمة التي لم تكتمل، تشبه القلوب التي أحبّت بصمتٍ،  
والكمان المنحني، شاهِدُ عشقٍ خجول، تاه صوته في زحام الانتظار…  
أما الورد، فقد ذبل من شدّة الشوق، ولم يجرؤ على البوح!
"حروفكِ يا """"بحر"""" موجٌ ناعم، لكنه يغرقنا"",Sadness"
fc43159bd19a4d81,تذكرت هنا يوشي كان يبكي لحاله وراح له يمسح دموعه وطول الوقت متمسك فيه اوف صغار كيوت,Sadness
"2bb3229bf01ca4df,""ياسيدي"
مفيش مصري غيران ولا حاقد
فيه حد بيغير من نفسه  ؟!
انما الحقد والغيره من غير المصري
ولكن
"لا تلوم ابنك عندما يبكي من الجوع والفقر والمرض وينتقدك وانت داخل عليه فرحان وفي ايدك ايفون ولابس بدله ستيوارت هيوز وحذاء هاري ونستون"",Sadness"
"c78feeb61bbca99a,""""""تايهيونغ قال إنه كان يشتاق إليك بالفعل وكان يبكي خلف الكواليس، لذلك اضطررت لإخراجه مرة أخرى."""""

": """"لا تبكِ! لا تبكِ!"""""
"الأرمي: """"لا تبكِ! لا تبكِ!"""""

" """"تايهيونغي، هل ستُرينا ظهرك فقط؟"""""

" """"تايهيونغي، هل ستتجند؟ لماذا تبكي هكذا؟"""""",Sadness"
"b4330ddc7cc97b1e,""هناك نظرات تقول"
ما لا تقوله كل لغات العالم!
هناك وجعٌ لا يُحكى وإنما يُبكى فقط!
"#ابو_عبيدة #غزه_تقاوم_وستنتصر_بأذن_الله"",Sadness"
9f9ca976cfd10210,كنت أفرفر بالتايم ولقيتك مرجع أفتار غينتوكي وهو يبكي,Sadness
1c8c6b6b995c2caf,محور فيلادلفيا يبكي في الزاوية,Sadness
5787c693fe81962c,يبكي يبي يسوي حركات فضة قلبها ابيض,Sadness
"f5a3a115188d67a0,""بالدموع والحسرة.. عراقي يبكي حزنًا على جفاف نهر دجلة في بغداد"
"#رقمي"",Sadness"
11cf2993ab50d85e,عمركم شفتوا واحد يبكي من ريلز؟ حصل الحين,Sadness
3c045deaed976047,يبكي متحمل,Sadness
"21bd6b93d25a542a,""شي عادي بس يبكي"
"::::::::::"",Sadness"
bcb1f971e1b7ea96,يمه سوكجين يبكي تكفى لا ما أتحمل,Sadness
c65908634ca8db7a,من اكبر الممثلين والمتصنعين يبكي على امه بعدها يرجع يشتم في الكورة يرتوت للقرآن وبعد اقل من دقيقه يرتوت للاغاني هذا اضطراب نفسي نسأل الله السلامه,Sadness
"ec87c63dfc2df925,""إنما يبكي المُذنب على ديارٍ قد عمرها"
بِالتقوى؛ كيف أخربتها الذنوب!

"- ابن الجوزي"",Sadness"
a6c41003e2dffcd4,تاي يبكي ببكي معه,Sadness
f01b1bc3a5afcde9,كان تايهيونغ يبكي خلف الكواليس لأنه اشتاق إليكم بالفعل ،فلم أستطع مقاومة الأمر، وأعدته إلى المسرح مجددًا..,Sadness
7bb793e70aab86b7,مجهزة نفسيتي إذا شفت سوكجين يبكي,Sadness
"468aa6b3732520a0,""مو محتاجه شهادة رجل أعمال ولا بطيخ  ..."
زور محافظات مصر  .... وشوف الناس على طبيعتها  ... 
قلبك يبكي قبل عينك  ... حسرة على الناس .. مساكين 
"تعبانين من الفقر  ..  منهكين من الجوع.."",Sadness"
"882f6dc7a4bb3999,"": تايهيونغشي، هلّا ألقيت التحية على الآرميز؟"
: يسعدني لقاؤكم يا رفاق .
: كان تايهيونغ يبكي خلف الكواليس لأنه اشتاق إليكم بالفعل..
": فلم أستطع مقاومة الأمر، وأعدته إلى المسرح مجددًا"",Sadness"
3060208e7bc15c07,يبكي وينوح ربيعة المكلخين المغرب في صحراءه,Sadness
169945a33655c768,يبكي من قبح صوته,Sadness
6b0142f53abfa10a,ببكي جين قال جبت معاي تاهيونغ مره ثانيه لان قعدت يبكي خلف الكواليس عشان اشتاق لكم ف ما قدرت اجي واخليهلا تخلوه يصيححح,Sadness
0d9ad01c933be500,حتى عدوي صار يبكي على حالي,Sadness
a87f8d49077ea439,السالفة في فيديو مباراة أطفال كرة قدم تحولت لفوضى عشوائية مضحكة. واحد يبكي، وشونق يسوي احتفاليته، علاء يتطاق معاه، فواز يسلك له، أبو عابد يقوله يا بكاية، والشيخ نايف يسوي سي مع الجمهور. كله هرج ومرج!,Sadness
"0f4118ca9f32d2c4,""ههههههههههههههههههههه نجبدلك الفيديو تاعو قريب يبكي كي درنا عمليات أسر ؟ "
الله يرحمو على كل حال منحبش نذكر الميت بالسوء 
بصح معروفين سيادكم لمراركة هاذي حتى ناس تعرفها 
حتى التحرير تاعكم بسببنا 
"كيما تقولو في نهاية الجزائر كبيرة على مكم"",Sadness"
75f5224b63425e98,يخي والله مدري بس عجبني شكله وهو يبكي مرا يجننننننن,Sadness
"9d85c79141cbd115,""ليش الفيديو يبكي هيك  "
x.com/_btsmoments_/s
"…"",Sadness"
306b60bfe325805d,مو قادره من وقت بدا تاي يبكي وانا كل شوي ارجع ابكي لكن الحين غير مو قادره اوقف,Sadness
23a182a21a4fe4ad,ومادخلنا نحن في التصويت ؟؟ لو كان كانت الصحراء اراضينا واقتحمتوها لا حل المشكل في ظرف سويعات مثلما فعلنا بكم في حرب الرمال وتركنا المقبور الحسن 2 يبكي ويستجدى الجامعة العربية,Sadness
"702c6d182021eb37,""كل هذا سويته ؟ "

"ولما يبكي الرافضة على الحسين عليه السلام اللي هو مفروض اقرب لك من أمك تلومهم ؟"",Sadness"
6370a04448d9dd95,لا بس ستانه امس يتكلمون عن صوت جك واليوم الاصلع البكايه يبكي يدري بياكل زق فرقعها بالبكاء,Sadness
2add0f347adaba13,يبكي لو يظحك,Sadness
"da1b324afa471692,""مين اللي بكى زي الحمار يوم شاف تي يبكي"
"أنا"",Sadness"
20f6856653a29979,طيب وش تبي الحين يعني فاتح موضوع مع الظهر ياشيخ سبحان الله من جاء انزاغي كل البرامج مالهم الا هو حبيبي يفوز ومنافس على كل البطولات خل الي يبكي يبكي تحت الشور وجيزوش معه,Sadness
6bc6db7ea3e32dbf,والله حظي يبكي الصخر,Sadness
ed9de5e0a8a679c9,اف خلاص قطع قلبي وقفوا تنزلون له صور وهو يبكي,Sadness
"4656567b7d31c685,"": """" كان تايهيونغ يبكي بالفعل خلف الكواليس قائلاً إنه يفتقد (الجميع/والمسرح) كثيرًا """""

": """" لذلك لم أستطع تركه هناك وعدم إعادته للخارج """""
—

"صغيري"",Sadness"
60f4d6e2a7f89ee3,المتحف البريطاني يبكى فى الزاوية,Sadness
59889a333b7f1b90,يبكي,Sadness
"2bf10cab1c8bda9f,""اكثر شيء يبكي "
اني للحين احس وراي شيء أذاكره ومو قادره استمتع وكل شوي اذكر نفسي اني خلصت 
"حسبي الله ونعم الوكيل"",Sadness"
"b2aa7097e0a14d40,""احمدي ربك انا ولد اختي يعفشني اذا قلت له بعرس واخوه الكبير يبكي "
"شكلي بعنس بسبتهم"",Sadness"
49de2437afed3f68,شعيب  يبكي في الزاويا,Sadness
"5124555c0a63c80b,""عندي شخصيتين  وحدة وسيع صدر ضحوك ومرح "
وثانية قلبي يعورني وابكي على اي شخص يبكي 
"اوفر حنونة واوفر مرحة"",Sadness"
771be855f7ea9c6a,كما رأينا منذوب الجزائر البارحة وهو يبكي امام اعضاء مجلس الامن بلغة ابيه الفرنسي,Sadness
"7d05bad4fa7a5980,""ياولد ذا عمي حتى بالحقيقة وي ياشخصيته عظيمة"
"ما ألوم تساو تساو يبكي، الجملة ذي لحالها تبكي""""ولا أجرؤ أن أُهينَ وصايا الأسلاف بأن أنسى الملوك السابقين.""""."
"هل فيه كتاب عن سيرته ودي أقرأ عنه أكثر"",Sadness"
8e6e1e1115163efe,شي يبكي,Sadness
07bbfb5808f12538,صلعه م يبغى يغني عشان لا يبكي مرا ثانيه,Sadness
"16c452a03b54ec01,""قديه مشاعره رقيقة وحلوة وكلها وداعة "
بكى لانه اشتاق لمنظر الارمي وهو يغني لهم، صدق كلنا اشتقنا لكل شي كانو يسوونه 
"هو يبكي وانا ابكي معه ما توقعت اتأثر عيك معه"",Sadness"
17950e378b3d9228,ي روحي تاي قاعد يبكي,Sadness
"4c0fe2fd5f962b1b,""هالاشكال الوسخه ماتحترم الا الي يدعسها  شف كيف يستفز الهلاليين وبعدين اذا استلموه جلس يبكي"

"لاترحمووونه حمار هوامير النصر يمتطونه دائما."",Sadness"
5dbc6cdf97766a45,جدددااا شفناه من قوة العظمة صار يهذري ومرات يبكي وفوق 13 بطولة تنتف ريشه فيها,Sadness
"046d84af1525605f,""رونالدو يبيكي قليل ادب مثلك "
نلتمسله العذر لأنه يبكي من القهر 
"يشوف فريق الطواقي يفوز بالغش"",Sadness"
241d1249ac2567ec,يب ذا الجانب  بس الصدمة لما شفته قاعد يبكي  راحت الفخامة عندي,Sadness
d01fdb1ab296dc37,وربي يبكي,Sadness
6a2606e8c1e58734,الله يسامح اودينقز بسبب الجفاف اللي كانوا معيشيني فيه صار عندي انفصام بهاللحظات مااعرف انهار بكي مع جايهي اللي يبكي ولا انبسط على حضن شيون له,Sadness
"101a5341fc3ab8aa,""ردك غبيء كعادة "
زينستو طول مواسم يهرب و يبكي و يصارخ و ام يفقد وعي زي موسم اول   و ارك حي متعة و لم ينام يصير قوي و يقاتل هو نائم 
"يا اخ تابع كيميستو  و امام داكي كان يرجف  و متردد ام في قلعة كان قلبه ميت لا توجد ذرة خوف اطلاقا في وجه اختلاف 180 درجة"",Sadness"
a148eed31117d7b1,أحياناً لا يبكي المرء لأنه حزين، بل لأنه أدرك تماماً بأنه لا يستحق كل ذلك أبداً.,Sadness
5bef1b4b75c69c52,كيف قاعد يتأمل الارميز و هم يغنو… بلشت احس مو راضي يطلع ع الستيج عشان ما يبكي,Sadness
3b876ebed50a804a,لااااا تيهيونق قاعد يبكي لانه اشتاق للآداء مع التانيز وقدام الأرميز,Sadness
"0a889e0799e3651a,""تايهيونغ-شي، من فضلك ألقِ التحية على الآرميز."
 سررتُ بلقائكم يا رفاق.
 كان تايهيونغ يبكي خلف الكواليس لأنه كان يشتاق إليكم بالفعل،
" فلم أستطع إلا أن أُحضِره إلى المسرح مرةً أخرى."",Sadness"
"e9addf32ad9a5ddd,"":لقد أفصح لي تايهيونق توًا عن شدة إشتياقه لكم، و قد كان يبكي خلف الكواليس، لذا اضطررنا لإعادته إلى المسرح."

الآرمي: لا تبكِ! لا تبكِ!

: لا تبكِ! لا تبكِ!
: تايهيونقي، أهذا هو كل ما سنراه منك؟ مجرد منظر لظهرك؟
"+"",Sadness"
493d9348db776deb,ريو؟؟ بالبدايه لما ميت ضحك خيرالولد يبكي وانت تضحك,Sadness
a79e5c029f91dc9b,ما ابغى اشوف مقاطع تاي و هو يبكي تكفون خلاص تعبت,Sadness
36d7c65cf7e4a895,كل ما اشوف فيد وهو يبكي ارجع ابكي,Sadness
"799c87a147b8b5ce,""جين يوم شافه يبكي قعد يضحك"
"أنا بالمواقف الجديه"",Sadness"
"7591cd3d044fed1b,""وأنت من أغلق الحدود على الطفل،"
نحن من أطعمنا الجائع في المخيم،
وأنت من سرق الخبزة من فمه،
خيانة؟
انظر إلى مرآتك،
ستجد فيها وجه من باع الكويت،
ثم يبكي على بغداد،  صمودنا ليس شعارًا،
بل أرضٌ لا تزال تُزرع،
وبيتٌ لا يزال يُضاء،
أما صمودك،
"فصورةٌ معلّقة على جدارٍ متهالك"",Sadness"
"dbe91d4d1eece0bf,""تايهيونغ-شي، من فضلك ألقِ التحية على الآرميز."
 سررتُ بلقائكم يا رفاق.
 كان تايهيونغ يبكي خلف الكواليس لأنه كان يشتاق إليكم بالفعل،
" فلم أستطع إلا أن أُحضِره إلى المسرح مرةً أخرى"",Sadness"
f60ab66f55cf3d44,يبكي لأنه تخيل اللحظة الي السبعة بيرجعون يأدوون فيها عالمسرح سوا و يشوفون هالجمهور منتظرهم /:,Sadness
af9056be0289c468,حتى ولو ليش يبكي,Sadness
e8555eb6ce3ee4be,شنو هو الموسم كلها يبكي هسه يمسح الدموع شنو يعني,Sadness
"f992b7c382f90234,"": قال تايهيونق إنه كان يشتاق إليكم بالفعل وكان يبكي خلف الكواليس، لذا اضطررنا لإعادته إلى المسرح."
: لا تبكِ! لا تبكِ!
: لا تبكِ! لا تبكِ!
' تايهيونقي، هل ستُرينا ظهرك فقط؟، تايهيونق المسكين يبكي
": تايهيونقي، هل ستذهب إلى الخدمة العسكرية؟ لماذا تبكي هكذا؟"",Sadness"
d37f0de69d7d577b,يوشي تورط يحاول يسحب ريكو علشان يسكت هالبيبي اللي يبكي,Sadness
fe85c54195a8271e,كيف جين ماسكنه من يده و يسحبه للمسرح بعد ما شافه يبكي في الكواليس,Sadness
3723e983580ae4bf,طيب ذحين تاي خرج وهو يبكي خلاص ؟ لا تقطعون قلبي,Sadness
"6b77cb3e0946e579,""I hate see tears..."
"مو معقول هالوجه يبكي انا اقترح على نامجون ياخذه معه للطايف المرة الجاية"",Sadness"
f9b683b64132d5eb,مبيه يبكي بس شخصيه الحساسه كذا م تتحكم ولي بقلبها تقوله,Sadness
c88af3615244b963,للمره المليون ما الوم تاي يهرب بالله ذي اغنيه تسكت الي يبكي؟ الله يهديك ياجين,Sadness
"0e88833191a8ff11,""ملامح النصر بادية على وجه عمار بن جامع مندوب الجزائر بالامم المتحدة ربما يبكي من شدة فرح النصر  "
"المخزن يركع النظام الجزائري"",Sadness"
48c8b000d4270424,جين يقول تااي كان يبكي باكستيج و عشان كذا سحبه معه للمسرح مره ثانيه,Sadness
"863e32aede4e9669,""علشان كذا ضحك بسبب كلام جين"

:سعيد بلقائكم
: تايهيونغ كان يقول إنه اشتاق إليّ بالفعل، كان يبكي خلف الكواليس
: لا تبكي لا تبكي
: تايهيونغ، هل ستكتفي بإظهار ظهرك هكذا فقط؟
: تايهيونغ، هل أنت ذاهب للجيش؟
: ㅋㅋㅋ
": لماذا تبكي هكذا؟"",Sadness"
"bc22502f101f5bee,""الاحترام من الجميع الكل يرد انضمامه معهم وفي النهاية قدر يأثر على اقوى شخصية في الحقبة تساو تساو وجعله يبكي من كلماته …"

"#حرق_ويلات"",Sadness"
"8e49c0e6b90d8c34,""تاي لما خلص من الاداء كان يبكي بالكواليس ولما رجع جين معاه وقال حي الارمي وقال انه كان يبكي لان كان يفتقدكم (الارمي) وماقدر إلا انه يرجعه معاه للستيج مره ثانيه "

"اخخخ مقدر رجعه عشان باقي يتكلم مع الارمي ويشوفهم من الستيج لانه واضح مشتاق مره"",Sadness"
9584bdf3f3268bc4,من بعد هذي راح يبكي في الباك ستيجج وقطع قلبي معاه ياخي والله الكمتشياتت ما يستاهلونه ابدا حسبي الله عليكم ياخي ياكريهاتت تشوفون كيف يحبكم وانتو شو تردون له بالمثل؟؟؟!! الحظ الحلو عند الناس الغلط اكرهكم ما تستحقون مشاعره,Sadness
937b1d48bd6819de,تاااي يبكي,Sadness
5a08beed6195a645,عادي الواحد يصحى من النوم وهو يبكي بسبب حلم؟ عادي,Sadness
b2d000434dd642c6,تي يبكي يا عمري جعل كل احزانك وهمومك في القندس وستانها,Sadness
37f8aab9e749d628,حد ورينا وجه جيمين من شاق تاي يبكي,Sadness
"e7ff6a14d9ebeef7,""قاعد يبكي"
"لوسمحتو حطو تحذير مره ثانيه"",Sadness"
c97c970e458960b6,يبكي قلب ورب خير حياتي ليش,Sadness
a2cbb904e7f227fa,والله مو مزحه قلبي طاح ببطني من الصدمه ليه يبكي لييه,Sadness
328fcdd8e1896331,اول ما دخل حسيت انه يبكي  وانا كنت ابكي بس لانه طلع وقمت تتخيل هذا كله مع بعض يونقي معهم  والسبعه كلهم موجود,Sadness
5480c06b5d1dd40f,يبكي!!!!!,Sadness
5cd1347fe4676d27,طيب وهذا اللي يبكي بالانقليزي ملياري بعد.,Sadness
1fc24427778ff8f6,قاعد يبكي .... دموعك غالية حسبي الله,Sadness
603a61e20f7c852b,يبكي طيب :(((,Sadness
5974f38b96cadb99,يبكي من الشوق لنا اهخخخ مانستاهله قسممم,Sadness
38deb18ade9caba0,م امزح دموعه تعور تعور قد ايش لما يبكي قلبي يتقطع عليه ياناس قلبه مافيه انظف و أنقى وأطيب منه بالعالم محد يستحق قلبه وجماله,Sadness
ee7b07723604fd0a,يااااعمرييي هو يبكي؟؟!!؟؟؟؟؟؟؟؟؟؟؟,Sadness
e0e1a15a1dfa91ae,لما شفته يبكي انفجرت نقطة ضعفي دموعهه,Sadness
3247eb6e05450289,جالس يبكي ليش,Sadness
1137bb7d9a9656e9,مشاعري قايمة قاعده اشوف تاي يبكي لأنه مشتاق لنا اسمع جين يغني ذا تروث انتولد والله انك تكون ستان بتس مشكله,Sadness
262c1598f9a5b517,عادي الواحد يبكي طيب قدام اهله ولا لا asking for a friend,Sadness
18422fadcc09248f,الكرغولي حفيد الجنود الصليبيين كان يختبئ وراء مصالح الدول الكبرى التي تريد ال ال إستفادة من نزاعات الدول الإسلامية لكن لما المغرب عراه من هذه الورقة أصبح وحيد مهزوز يبكي ويشكي ولا يقدر على المواجهة في حرب كما الرجال,Sadness
ffc5598a6b43cdaf,ياروحي وهو يبكي لما لف على جين ضحك,Sadness
0e0fe4ee82261de0,لااا تاي يبكى تكفى لا,Sadness
c04b6cfeb7e15c49,اتحمل كل شي الا اني اشوف واحد من الاعضاء يبكي,Sadness
407ce725ae32f2df,هو يبكي والا يتدلع ماعاد عرفت,Sadness
8b2c6235395149d1,بس موضوع انه جين ماتحمل يشوف تاي يبكي ويتركه ويطلع المسرح فقرر ياخذه معاه,Sadness
a0ea32e8f6f670fb,الله ياخذكم ليه يبكي؟؟؟؟,Sadness
9c978b1fffe23bb3,تاي صار يبكي اوههه,Sadness
bad3ced7020e0136,تاي كان يبكي لأنه اشتاق للارميز كتير شفتوا شايفين الحب هذا هو حب تايهيونغ,Sadness
f98c8cc266b4d780,تي يبكي ولله لاحرقلك كورياا,Sadness
9dee127b6cb531d7,الوضع كله يبكي اففف,Sadness
0691276aa949f7fa,تاي قاعد يبكي,Sadness
6952af6771813980,رح مووووووت هو يبكي وانا ابكي واشاهق الحقووووووووووني,Sadness
926fb55b7d368d10,بصيح تايهيونق قعد يبكي و قبلها قال أنه مشتاق للآرمي تكفون الا دموعه,Sadness
2f7d3e360ce4dbe7,يابعد روحي انت تقطع قلبي يبكي مايستاهلون دموووعه ياحبيبي وروحي انت,Sadness
4306cab91d2ff97c,تاي يبكي !!!!!,Sadness
06d7b767d05b8396,قاعد يبكي لانه اشتاق لناااااا افففف احبه احبهه يا رب ددموعييييييي,Sadness
1f8142240ba161f3,جين يقول تاي كان يبكي خلف الكواليس عشان كذا طلعته معي,Sadness
3eaee93480d9ea82,يا عمري يبكي لانه مشتاق لنا و لأنه اول ابداء له بعد سنتين اففف حبوبي,Sadness
cd43a4fec187a9cf,تاي يبكي وانا ابكي,Sadness
aed64ecd665cc3c5,يروحي يبكي,Sadness
"3e66a7d082c3abf3,""يبكي من قوة الشوق"
"هم صدق انحرموا فترة طويلة من شيء كانوا يسوونه ١٠ سنوات  ما أتخيل ردك فعلهم في أول ستيج جماعي"",Sadness"
71aeb0e9ff97c810,تايهيونق كان يبكي يا حبيبي اااه هو صدق كان ينتظر ذي اللحظة من زمان,Sadness
ca8fe293101884d4,رجال غصبن عنك  يقول وهو يبكي,Sadness
13eaa3cf757b3c85,من يبكي ؟؟؟؟,Sadness
1ca82835b0aab334,من يبكي,Sadness
"34090bc9212f4f77,""تاي يبكي لأن اشتاق لنا"

"اكرهكمممممم"",Sadness"
22193ad75ba71a0a,يروحي قام يبكي لانه اشتاق لنا,Sadness
4ec1a9c90d9848b3,وااه تي يبكي؟؟ لا ياربي,Sadness
abf13464c78fc3fa,يبكي ؟؟؟؟؟؟؟؟؟ لا لا يررررحملي أمك,Sadness
9f01f533128003ce,تايهيونق يقول انه كان يبكي لأنه اشتاق لمنظر الآرمي هذا,Sadness
2f100a41b086c82e,تاي يبكي لان اشتاق للارمي,Sadness
9378abe00a7c3e66,كن جيمين كان يبكي لا,Sadness
1b94a4ab71e52724,لا شفت الخصر قلت يبكي من الجوع ولا شفت مقفاه قلت مابه مجاعة,Sadness
61bb0b67c0201a22,ياعيونييي تايهيونققق جالس يبكي لانه اشتاق لنا مره,Sadness
fafdbded3fe0e458,نوووو تاي يبكي,Sadness
ef8d124abbe46365,قاعد يبكي بموت,Sadness
e003d49239940342,بنجن تايهيونق ليش يبكي,Sadness
b9a37e7808898c6a,خلص الستيج حقه و دخل يبكي بنهارر,Sadness
885c0e7cde4542b2,تاي يبكي نونونونو وقفوا الحياة هااا,Sadness
683d2e08a121de92,وشبه يبكي,Sadness
1c69b66ed7a5c01a,تكفون لا تخلونه يبكي,Sadness
861c8f2d4bb69357,صدق يبكي؟,Sadness
2cb1e7aae721fed7,ليش يبكي كلنا بنبكي معاك وقف,Sadness
69cc06ccfbfc49b1,عم يبكي ؟؟؟؟,Sadness
39c5aeb0fc2fc84b,تاي يبكي؟؟,Sadness
3ab176c8a024dc8e,يراسييييييي ليه يبكي,Sadness
9be6992d005d4188,ما اقدر والله قاعد يبكي,Sadness
ac5920468dc595be,قاعد يبكي !!!؟,Sadness
4f78350ac3898cbb,قاعد يبكي,Sadness
0cc44fed8a665fab,تيهيونق يبكي!!!!!!!!!!!!,Sadness
ac19756427150d84,ليه يبكي,Sadness
bea22a9fde599671,يبكي يبيكي انديه انديه,Sadness
d356c3a8ab590f2d,اهه سوكجين و ردود فعله المميزة عند اي احد يبكي جنبه، احبه والله,Sadness
52b311f48f39021d,تايهيونق يبكي!!!!,Sadness
b4b871af5e65f52e,نوو تيهيونق جلس يبكي,Sadness
654fe07c44bf4b61,يمهههههههههههه ليش يبكي,Sadness
5a587911142d62e7,عيوني والله وحياتي قاعد يبكي,Sadness
82b563ef1973b93b,بصيح ياعيوني قاعد يبكي لا تكفى,Sadness
5e9aaf43225b630f,تيهيونق يبكي؟؟؟؟؟؟,Sadness
be85b1a2a33d219e,يا عيوني تاي يبكي,Sadness
2ebce412776f3401,تاي يبكي,Sadness
1825ebbbcf8744b1,لاااا تايهيونق يبكي,Sadness
e96347c77f7acab6,ياحياتي تيهيونق يبكي ؟؟؟,Sadness
94e0e219fe887e57,عمري يبكي,Sadness
2d3a564d07da5078,يبكي !!!!!! ياروح ياروحي يارووووحيييي حبيبي لا,Sadness
ba8a831fb041ab90,بصييييحححح خيييررررر ليشششش يبكي ببككييييي,Sadness
31bac5a0c1afe4c9,يبكي!!!,Sadness
da70b342280f5f67,لاااا تاي يبكي,Sadness
efaff5f7e122e5ca,السبب الوحيد وراء رغبة أيّ كائن في البكاء هو التخفيف، يدرك تمامًا أن البكاء لن يغير شيئًا مما حدث، لكنه يبكي كي لا يختنق، كي لا يغرق، كي لا يَموت,Sadness
70555203da483a82,نو يبكي نووو,Sadness
46dd682f80d055de,تاي يبكي؟؟؟؟؟؟؟؟؟؟؟؟,Sadness
5e89c832d34df5a8,ليه يبكي ؟!!!!!!!!!!!,Sadness
6b4f96ec577d7c7a,تاي يبكي بنجنننننن؟؟؟؟؟,Sadness
"493928bb4a9d5a5e,""يقول المثل العربستاني الشهير "

حقهم حق وحق الناس مرق 

اللهم لاشماته بس
"هم يضحك وهم يبكي"",Sadness"
1ca68aafbbcd65a3,سترونه قريبا يبكي قبل محوه من الخارطة,Sadness
"8e659de5bb50eb2a,""مشهد يبكي له الطفل والكبير في بلد مليء بالثروات تستجدي نساءه ورجاله "
#قاطعوا_الانتخابات 
"من اجل العراق"",Sadness"
73dea0a648362ede,يقولو كوجيما جلس يبكي اسبوع من بعد ما شاف مقطع ريان,Sadness
"6e227d4557bc3c72,""لوكان عندكم عقل كما الناس فاطرح على نفسك سؤالين بسيطين وستعرف الحقيقة"
لماذا الجزائر هربت من التصويت مادام القرار يشكل انتصار للجزائر
ثانيا لماذا بنجامع امضى 13 دقيقة وهو يبكي ينوح في كلمته
"وحتى إذا كنت عاجز عن التفكير اسأل فقط همك جروك او أي ذكاء اصطناعي سيقول لك من المنتصر"",Sadness"
f0638209e8fd6193,طيب يعلن انه يهودي ويوخذ جنسيه ويضل عند الحائط يبكي حتى تطلع صميلته,Sadness
8833a452fe2a2fcc,الجواب الكافي يبكي عندما يتغلب عليه من هو أقل منه,Sadness
"4e9896d500904789,""يحتاج المرء صديق واحد جيِّد"
"على الأقل، يبكي عليه عندما تسخر منه كُل الحياة ."",Sadness"
a5602a7b4c3d32c8,يبكي قد ما اني احبه,Sadness
"5ac75ed10c03cb6a,""والله رعب"

"تذكرت ملحد من خلفية مسيحية، ينتقد كل الأديان وخصوصاً الإسلام! حين طلبوا منه نقد المسيحية قال """"لاااا المسيح المخلص هو أفضل شخصية في العالم والمسيحيون هم حملة التنوير"""""

"وواحد ملحد من خلفية شيعية لم يترك في خاله ولكنه يبكي كل مرة يذكر فيها قصة الحسين،، مفيش فايدة والله"",Sadness"
"89d03cdbd10b6d67,""انت بعيد هناك وآنا المشتقي"
"الشيب يبكي بمفرقي"",Sadness"
"bd9de8810d45634e,""-ما هو الحب هو ابو بكر الصديق (رضي الله عنه) عندما قال له صحابي ما يبكيك يا ابا بكر؟ قال رأيت رسول الله يبكي ف بكيت.."
"الحب هو رسولنا ونبينا وقائدنا محمد صلى الله عليه وسلم."",Sadness"
7a1b713ca578f4d9,الصبر لاتستعجلو بايجي اليوم الذي يبكي الحماراتي على جرائمه القذره وادواته الرخيصه ويعرف حجم نفسه انه ادا بيدالصهاينه,Sadness
5bb02292bc7e51ea,حبيبي تأثر راح يبكي,Sadness
"a4887db508656efc,""لا يبكي المرء منَّا لأنه حزين "
بل لأنه أدرك تماماً
بأنه لا يستحق كل ذلك
"أبداً أبداً"",Sadness"
e6c7529f0118cc83,ربط الأحداث يبكي في زاوية ههههههههه,Sadness
"8798faa242719a60,""منظر يبكى الحجر والله "
كننا فين وبقينا فين 
مين اللى اقنع هؤلاء المتخلفات انها عوره 
هو ربنا خلقك عشان تبقى عوره 
ياجاهلات
الرجل ابو رياله الحيوان اللى مش قادر يمسك شهواته هو اللى أقنعك تعملى كده فى نفسك 
بدل مايغض البصر كما أومر
"استسهل وخلاكىً انتى تبقى بهذا الشكل الغريب"",Sadness"
"7794c56843abae24,""أنا لم أسرق."
أنا لم أقتل رجالا أو نساء.
أنا لم أسرق الطعام.
أنا لم أختلس القرابين.
أنا لم أسرق من إله/إلهة
أنا لم أكذب.
أنا لم أخطف الطعام.
أنا لم أشتم.
أنا لم أغلق أذني على الحقيقة.
أنا لم ارتكب الزنا.
أنا لم أجعل أحدا يبكي.
أنا لم أحزن بدون سبب.
"أنا لم أعتدي على أحد."",Sadness"
"6d92790d1b007bb4,""لا غرابه من هذه المليشيات فهي اساس البلاء والقتل والنهب. بل اجزم واحلف غير حانث ان الاوامر من قيادات الحوثي باالقتل والتصفيه"

لكني مستغرب اين المتباكيين على افتهان الشهري اين حمود الصوفي الحوثي العميل يطلع يبكي عليها 
اين الدنق يعملوا حملة ضد الحوثيى
"اين جاء العفافيش الدنق"",Sadness"
"0dedc4e50d1a771a,""الأجنبي إذا زعل يركب سيارته ويسوق"
بسرعـه وهو يبكي ، إحنا لو نبي
نقلده الزحمه تنسيك ليش إنت
"زعلان  .."",Sadness"
ac283e104171a455,ابشرك بيجي عليهم يوم لن يجدو من يبكي أو يشفق عليهم والسودان الرجل الشهم خلاص صار يعرف العدو من الصليح,Sadness
71266a8f1e7fa7a4,ترامب يبكي في الزاوية,Sadness
57a87b7aafd9bb31,ياخي والله انكم سبايك يالنصراويين محقق الملك و الدوري و تقول اخر همه البطولات و المنتهي الي معك بطولته كل موسم يبكي بالملعب و تستانسون انتو والله عاشق نصراوي,Sadness
"99fe25cf2e5d7f54,""أحبك وأنت تحكي عن خضوعك لي بكل غرور "
"مثل من يبكي دموع المذلّه رافعٍ راسه"",Sadness"
"26ddbf404ddca49f,""ساهلة نفسرها لك بالخشيبات ،اذا كان القرار في صالح الجزائر لماذا هرب عمار بن جامع من قاعة التصويت ولم يصوت على القرار مادام القرار في صالح الجزائر ؟؟"
ثم لماذا عاد بعد التصويت وبدأ بعض على شفتيه ثم يبكي بحرقة امام انظار العالم.
"اذا استطعت تفسير هذه الحركات فسوف تتوصل إلى من الرابح"",Sadness"
183420c4c38f73ac,تعبد إله تم البصق عليه وضربه وكان يبكي كالطفل وتأتي تتحدث عن الإسلام؟ روح يا كلب,Sadness
"8634312991000f0f,""يا كذاب ويا منافق لماذا لا تسأل"
 بأي ذنب شتمت وسبت فاطم
وبأي ذنب اتهمت بالخروج عن حدود الأدب
وبأي ذنب اتهمت بالعراك مع الرجال
وباي ذنب قيل عنهاالكلام الفاحش
بأي ذنب قلت أدبكم معها ومع زوجها وأبيها
وبأي ذنب تتهمون زوجها بالجبن حين هوجم دارها 
"وانه اخذ يبكي ويلطم بدل الدفاع عنها"",Sadness"
"e8c3dede7a7f192c,""كان الشايب يبكي لوحده"
"جاب له شايب ثاني يبكي معاه"",Sadness"
2e1e1226f9e5c1dc,قبل شهرين جلست اتحلطم على بطاطس ما يبيعونه هنا بس بالسعودية يوم اكلم ابوي الحين يقول : ها يا ام البطاطس ابشري فيه طيب والله يبكي,Sadness
"78b845ca4cf8817e,""""""الناجي الوحيد"""".. طفل يبكي وهو يبحث عن عائلته التي قتلها الاحتلال باستهداف خيمتهم خلال خرقه لوقف إطلاق النار."",Sadness"
"9703687819baf3f5,""مع احترامي لك "
سامي ينطلق من مواقف مسبقة مع الإدارة
هو لاينتقد فنياً هو يطالب بطرد انزاغي ويدعي أنه لايتناسب مع الهلال

تخيل أن مدرب عالمي بحجم انزاغي استغرق التفاوض معه ٨ أشهر يريد أن يقيله خلال ٦ جولات من الدوري مدرب فاشل كان يبكي تحت الشاور 

"مشروع الهلال أكبر من تفكير سامي"",Sadness"
95a4e5237af3d917,الذكاء الاصطناعي يبكي في الزاويه و بيقول أبو اللي جاب ابوكم,Sadness
"201b8a7e4ac22354,""التطور عم يبكي بالزاوية"
"يسعد صباحك بكل خير"",Sadness"
b05e62af509ae167,المغرب اخذ الصحراء  بشرا وحجرا والكرغولي يبكي على الأنقاض..,Sadness
"7e75ecc8b00aacee,""أنا يا عصفورة الشجن"
مثل عينيك بلا وطنِ

أنا لا أرضٌ ولا سكنٌ
 أنا عيناك هما سكني

راجع من صوب أغنية
يا زمانا ضاع في الزمن

صوتها يبكي فأحمله
 بين زهر الصمت والوَهَنِ

من حدود الأمس يا حلماً 
زارني طيراً على غُصُنِ

أيُّ وهمٍ أنت عشْتُ به
كُنْتَ في البالِ ولم تَكُنِ

"#صباح_الخير"",Sadness"
e393747826f7970a,يحدث أن يبكي فيك كل شيء إلا عينيك !,Sadness
a3ef5400c80f4f18,الطبل عنده معلوم وشوي يبكي في البرنامج نشوف,Sadness
5172ef600c764bff,لاشيء اسوء من الاستيقاظ على انغام طفل يبكي وهو يتدلع,Sadness
"656edbc49143b69e,""حبيبي خال مات من انه انا فشلتبه "
وهو في السجن يعيرونه هو خال ابراهيم 
انسجت معه اذاكر بالسجن احضنه 
اريتله قران ينام اطبخ له اغني له 
اسبحه خال نجحت حضني فرح بكى 
شفته يبكي زي ما ربيت اناعني 
"-احبك-"",Sadness"
"1aea2f8bf7e32850,""""""الفرصة الضائع"""" كم سمعت هذه العبارة في الماضي والحاضر"
"ولو تعلموا كم كان ومازال تأثير هذه العبارة على جيل كامل في زراعة اليأس والبؤس والبكاء على وهم، نعم جعلوا جيل كامل يبكي على وهم"",Sadness"
"d0ba3ac80d4e3ae9,""وش العقليه هذي مثل الطفل إذا شاف شي عند اخوه راح يبكي يبي مثل "
"عيب استح على وجههك"",Sadness"
47f99fdc38b86ad4,نسف محتواه هههههههههه مندوب جزائر كاد يبكي حقيقة هي ان قضية حسمت و استفتاء انتهى,Sadness
"b25ece5cfe4e9a96,""المثل الشعبي """"من يضحك أولا يبكي أخيرا"""" يعني أن من يبدو فائزًا أو سعيدًا في بداية الأمر قد يواجه لاحقًا صعوبات أو حزنًا ."",Sadness"
144654eda92424b6,والله يبكي ما تنلامين,Sadness
"5145fd414461d69c,""هههههه يخربيت الضحك "
"شياط وعويل في اوساط الاخوان والسلفيين والمنقبات وعبدالله بزو يبكي في الزاويه شقي عمرنا وبول البعير بيضيع مننا"",Sadness"
fe942aed1d0e0c64,يبدو أن الاسترزاق أصبح مهنة من لا مهنة له فمن سائق سيارة أجرة الى معارض هارب الى محلل الى فتان الى منافق يعارض المطبع ويعيش على أرضه ،شتم المغاربة وتودد اليهم يبكي غزة ويشرعن احتلال الصحراء ،يعادي الجزائر التي لا يعرفها فقط لأنه يريد أن يأكل عيشا ،هؤلاء هم شذاذ الافاق ،كذاب أشر,Sadness
159d08776e790056,الجمال يبكي في الزاوية,Sadness
"81e77bdbd2613522,""لِكلّ إنسان طريقتهُ في البكاء.بعضهم يَبكي قَطرات التعب مِن عينيه، وبعضهم يَبكي حروفاً وكلمات، وآخرون يبكون عَبر تنهيدةٍ طويلة، والبعض يبكي بنظراتٍ شاردة، وبعضهم يبكي بالصمت والكتمان.لا عيبَ فى البكاء، إبكِ إن إحتَجت؛دَع الطفل الذي بداخلك يُفصِحُ عن مَكنونِه، دَعهُ يأخُذ بيدك."""""",Sadness"
"82a895bff2aefa23,""يبكي الغريب عليه ليس يعـرفه "
"وذو قرابتـه في الحي مسـرور"",Sadness"
"78d0354a8d8804cf,""من قال لك انه ينكر "
المغرب ارغم الجزائر على الاعتراف بأنها هي الطرف الاساسي والقرار قرارها لا قرار البوليزاريو 
لان الجزائر كانت تنكر ذلك 
"الان من يبكي اليست الجزائر فهمت الحمار ولا مزال"",Sadness"
000849392a4952d1,لااااا هو رأس البلا يقولون سب اهل احمد و صبع له غير انه كان طالع يبكي و يسب على كلام ابو سويحل,Sadness
6c47882e1a4ee0d1,الوضع في الفاشر يبكي القلب!  أين الإعلام للتسليط الضوء وإنقاذ الأرواح؟ كلنا لازم نتحرك ونرفع الصوت العالمي لأجل أهلنا هناك.,Sadness
5326ad5c92843979,أنت كصاحب الحية الذي أحضرها لأهل بيته فلما لدغتهم وماتوا بسمها جلس يبكي عليها ويقتل من لا يبكي عليها جئتنا بدليل موجه لليمنين ضدك ولم تفهم معناها ولا مقصدها فكيف ستفهم مصلحة بلد أنت تعيش فيه وتقتل من تشك بأنه لا يؤمن بك وبسيدك وكأني أراكم  سيرة فرعون وهامان ومن طغوا في الارض,Sadness
"eee5a3a295661b4b,""اصلا الجيش فوق الرف (يحمي حامياته فقط) وفي الاخر ينسحب منها ويترك المواطنين للجنجويد ثم يبكي لموت المواطنين ويشق الجيوب ويدين ويستنكر ويشجب الموت.."
"المواطن يحمل السلاح ويحمي نفسه وعرضه وممتلكاته او يموت دونهم ..وال٧٠%من ميزانية الدولة وال٨٠% من اقتصاد البلد يمشي تعليم وصحة وخدمات"",Sadness"
4f821614ad2f98af,واجب يبكي اللي بكاك الدمعة دم,Sadness
"b6f0324fca539463,""هم يبكي وهم يضحك "

#السودان 
"#الفاشر"",Sadness"
259aea670ca6c33f,اف يبكي ياخي مو قاددددره اذاكر مدري وش العله في مين بالضبط مدري اففف تعبت,Sadness
ea5f001100a762e0,هاد البكاء صفة موجودة في البعض ولدوا بها او اكتسبوها من المحيط لي كبرو فيه ، ديما يبكي و سلبي جدا في افكاره،  تلقاه ملي يفيق صباح وهو ينتاقد اي شيء يتحرك ، تلقاهم بلا زواج بلى خدمة بلا ولا شيء ، تكتب ليه على مقابلة فالكرة يكتب ليك تتفرج فالكرة والناس تموت جوعا في القطب الشمالي ؟,Sadness
40fc2475f9c80aa0,فيروز ولد عائلة المضروطي يبكي بالزواية .,Sadness
e19003ae507810ee,سبحان الله 60 سنة من انقلابات وقتل وتهجير  مابكى توه يبكي,Sadness
5b33556f77cc0ae1,الامارات يضحك والسودان يبكي,Sadness
33f383b9033d4496,خلاص ملك المغرب يبكي بحرقة الان بسببك,Sadness
"a62c526eb1ac0ec6,""""""الناجي الوحيد من العائلة"""".. مشهد مؤلم لطفل يبكي وهو يبحث بعينيه عن عائلته التي قتلها الاحتلال بالكامل باستهداف مباشر لخيمتهم خلال خرقه لوقف إطلاق النار قبل أيام."

"#تفاعل ليصل إليك كل جديد"",Sadness"
1dcb52f320bc1470,مازال يسكنه الحزن، لكنه لم يعد يبكي.,Sadness
"fe287507ab766e59,""من أطلق الطلقة الاولى معروف من يسعى للعودة للسلطة بقوة البندقية معروف"
لكن واضح ان هناك  اقلام ماجورة تستميت لتزييف الحقائق الدراهم تغير الأخلاق والقيم والمبادي
"زول 24 ساعة بل بس وجغم بس وعند حدوث الكارثة يبكي كلمطلقة لا لشي فقط للتكسب العاطفي غير مهتم بالوجع الحقيقي للسودانين"",Sadness"
"c39bb17afc5c1875,""كلام بوندفوين يبكي يبكي يبكي"
"مو قادره"",Sadness"
"9cbb10a89d87283c,""قُل لي.. لماذا اخترتني؟"
وأخذتَني بيديك من بين الأنام
ومشيت بي..
ومشيت.. ثم تركتني
كالطفل يبكي في الزِّحام
إن كنت - يا مِلح المدامعِ - بعتني
فأقل ما يرِث السكوت منَ الكلام
هو أن تؤشّر مِن بعيدٍ بالسلام
أن تغلق الأبواب إنْ
قررت ترحل في الظلام
ما ضر لو ودعتنِي؟
"ومنحتني فصل الخِتامْ؟"",Sadness"
"53d4e96976bb167c,""عندنا مثل يقول """"يقتل مع القاتل ثم يبكي مع اهل الضحية و يحضر الجنازة"""" الامارات سرطان الأمة الاسلامية الامان الموجود في بلدهم  على حساب سرقة و تخريب و الحروب التي تمولها بالمال و المعدات الحربية في الدول الاسلامية و تتحالف ايضا مع الاعداء الاسلام ،دولة القراميط عادوا من جديد"",Sadness"
fbdf067e293afa31,ايوه اول مره اسمع عنالاستثمارات ٣٠٠ مليار كانوا طالعين استثمارات وجارى البحث عنهم هوه زى ماترامب قالك السعوديين ليس معهم سوا المال بياخدكم بالكلمه الحلوه وتدفعوا الفلوس والله يعينكم على البطاله استثمر عندك بدل البطاله ٦٪ والله هم يبكى وهم يضحك,Sadness
"f71b8081fbe02a2d,""محد يبكي غيرك "
"علقت تعليق عادي ي هرمونيه لكن واضح تحسستي"",Sadness"
f657506391c09cac,اذا هم أنبياء عليهم السلام او صحابة رضوان الله عليهم..قيل نفس الكلام سابقا في بن لادن وطالبان ..نحن في عصر اختلف عن تلك العصور.سيدنا عمر كان يبكي كل ليلة ويقول ليت ام عمر لم تلد عمر وانتم ماشاء الله صحابة وأولياء وبيدكم مفاتيح الدنيا وعلومها والآخرة.. اتقوا الله في أنفسكم والناس,Sadness
73e1e4260244857b,جعله يبكي دايم في كوره وغيرها,Sadness
"93f7f17ee319a0ba,""كانت العادة  موجودة إلى  قرابة  ٣٧ سنة ويختن الولد في سن البلوغ ويشهد الناس وتقام العرضة والألعاب الشعبية ويعرض ويلعب المختون مباشرة بعد الختان والدم يسيل ولا يظهر الألم ولا يبكي لأن هذا مثل العار والعيب يقع عليه وعلى والده"
"هذه العادة في عموم الجنوب والجنوب الغربي التهامي"",Sadness"
b77a11630873ab9b,كان فيه برتغالي يبكي لوحده كل نهائي  لمده ثلاث مواسم واخر في الجهه المقابله يبتسم كل نهائي وفي كل بطوله ولارضاء البكايه احضرو الاخر ليبكي معه لانه من الصعب ان يفرح ببطوله والجار في عافيته الا من الممكن ان يفرح بالبطوله المنسحب منها الفريق الهندي نقول يا رب,Sadness
4d9298a2de54d98b,الخنزير الجزاءري في الامم المتحدة يبكي,Sadness
"c0411ee2688eeec1,""في خاطري ضيقه وفي خاطري شيء .."
شيء يراودني لا اصبحت وامسيت ..
حلمت و ان الميت يبكي على الحي ..
وانا احسب ان الحي يبكي على الميت..

"#شعر"",Sadness"
012fa1a0ebe43036,كلنا ندري ان نواف هو اللي طلعه من التدريب بعد ما خسر الدوري قدام الفقر بفارق نقطة وخلاه يبكي تحت الشور والرجال من وقتها وهو شايل بقلبه .,Sadness
4b9c1e33e1e1a340,ماكو احد يسرب صح غير البنت الي قالت مشهد يلديز تنصاب وسرحات يبكي بعدين نزلت مشهد تعدى يكون حلم  بس حسابها خاص,Sadness
"bd8a2fe9cc6712ae,""وكان من عادةِ المرأة العربية"
ألا تنوِّم ولدَها وهو يبكي
خوفَ أن يسري الهمُّ في جسمه
ويدبَّ في عروقه
ولكنها تنازعُه وتضاحكُه
حتى ينام وهو فرح مسرور
فينمو جسدُه
ويصفو لونُه ودمُه
ويشف عقلُه.
(المسعودي/مروج الذهب)
"*ن"",Sadness"
6086b2f5da78e07a,حسبي الله يبكي,Sadness
"aa85db0ee6fff961,""اغلبهم لايحسنون حق الجيره واذا اشتكيت عليه قام يبكي فلذلك ياليت يتم وضع رقم للبلاغ  ."

"يابنت الحلال بعظهم حاط ديوانيه خيمه امام بيته وكراسي وقاعد هو والشله الفاشله غير مبالي لحق الجار والجيره"",Sadness"
a4319f273a2da496,من المغرب الشقيق شاهدا على احتلال الجنوب بالعدوان الهمجي والتكفير لشعبها الجنوبي عام ١٩٩٤م، يبكي رفاقه الجنوبيين الذين قتلهم العدو اليمني.,Sadness
"997441871acf2b3a,""لم يتجَاوز .."
وايضاً لم يتأقلم ..
"ما زال يبكي علي نفس الشئ كُل ليلة ."",Sadness"
"98d8925c067be34f,"""""" أشد الألم وجعاً : حزنٌ لا تستطيع الافصاح عن أسبابه وتكتفي بقول: أشعر بضيق ولا اعلم لمَ؟ رغم أنك تعلم يقيناً ما السبب لكنه لا يُحكى ولا يُبكى فثَمّة حروبٌ تخرج منها لا مُنتصرًا ولا مَهزومًا لا تعرف ما ربحتَ منها أو ما فقدتَ فيها لَكنكَ تُدرك جيدًا أنَ شيئًا ما إنطفأ ومات بداخلك"""""",Sadness"
"b2051cd040a95cb8,""-الحب هو ابو بكر الصديق (رضي الله عنه) عندما قال له صحابي ما يبكيك يا ابا بكر؟ قال رأيت رسول الله يبكي ف بكيت.."

"الحب هو امرأة بني دينار حين خرج زوجها وابوها واخوها إلى غزوة أُحد ف استشهدوا جميعا في سبيل الله، ولما رأت رسول الله ﷺ قالت """"كل مصيبة بعدك جلل"""""",Sadness"
"957165fa68c653ef,""قال أحدهم :"
رأيت رجلاً يبكي في صلاته ، فاتهمته بالرياء .. فحُرمت البكاء سنة !

إياك و محاكمة نوايا الناس 
"الله وحده الذي يعلم ما تُكن الصدور"",Sadness"
"92f4dbe17d1bcb2b,""صار الموضوع منتشر بقوة في السوشيال ميديا "
وسؤالي الجدي: ليه هذا الرجال ما يروح للسفارة السعودية في أمريكا بدل ما يبكي في إكس؟ 
ولا الموضوع تمثيل ومدفوع بعد؟ 

والشي الثاني، كثير ناس يتكلمون بالعربي (ما راح أذكر من وين) قاعدين يهاجمون عائلة طيبة وناس محترمين،
"والله ما أفهم"",Sadness"
c8da0b6ecf246a76,اكثر من يصيح على التحكيم هو النادي الذي يرشي لجنة الحكام واكثر من يبكي من ردود لاعبين الريال هو النادي الذي يتعمد لاعبيه الضرب في كل كلاسيكو واكثر من يلطم من سخرية لاعبين الريال هو النادي الذي يجند لاعبيه للسخريه من ريال مدريد في كل محفل .. غريم منفصم,Sadness
6f0d3931844f6700,يتكلم انه دوري حماسي وممتع ليه يبكي؟,Sadness
"c8cdee8d2af6d4cf,""يكفيك من نور الصباح"
 أنك تستيقظ بخير ..
 لا يقف على رأسك طبيب،
 ولا يبكي بجانبك قريب ..
  فلا تنس شكر الكريم،
 فكلنا إليه ضعفاء..
#صباحيات
"#صباح_الأشياء_المُشرقة"",Sadness"
686388c429390cef,والله صداع يبكي,Sadness
4cd6f6695853db26,خله يبكي ويفرغ القهر الي داخله وترا ما يبكي على الشخص قد ما يبكي على خيبته,Sadness
"4051463e6ca07a10,""قصدك:"
"الا انه يبكي خاطري بكل مره"",Sadness"
"8324a323ce06a603,""السفير السوداني نور الدائم عبد القادر يبكي على الهواء:"

"ما يمر به السودان لا يستحقه.. السودان كان الداعم الأول لمصر في محنتها ودافع عن حرائر ليبيا والكويت وبغداد وبيروت.. الجيش السوداني استجاب لنداء خادم الحرمين لحماية أرض المملكة #لاسلم_الله_الامارات"",Sadness"
"612b04f7d241200b,""دخلت فيها و كنت الآمر .. الناهي"
و خرجت منها و كني لم أكون بها

لا خاب ظن اليتيم .. بـ حلمة الزاهي
مافيه حاجه .. بـ يبكي من سبايبها

فدوة مواطيك !.. روحٍ ما بقى إلا هي
في سوق ويلي على لاماك .. جالبها

تبقى على ما أنت و الساعه على ماهي
"تبكي على """" حزة الفرقى """" عقاربها .."",Sadness"
"475a16794e464de7,""انت كيف تتكلم عن امور اكبر منك !!"
"يا ورع انتو جمهوركم كانوا يشجعون الاتحاد عشان يهزم الهلال بس ، دعموكم ب ٤ مليار ولا بان في ناديك الفقري بس جايبين البكايه يبكي بانت مهاراته وفشله ف النصر ومتأملين يجيب لكم بطولة"",Sadness"
"f7d859c6af408cf9,""رحيلك علمني أن الفقد لا يُبكى عليه يومًا أو يومين"
"بل يُبكى عليه دهرًا ، يُبكى عليه كلما ضحكنا دونك وكلما أحتجناك و لم نجدك"",Sadness"
81fb784ce98ff7f3,عفوا الرجل اللاصيل ما يبكي  مهما حصل له لانه بدوي و دمه حار ،، ولايبكي الى من خشية الله عز وجل الذي خلقه,Sadness
"899269fd172e16d4,""وَالْبَحْرُ لَوْ فَاضَ الحَنِينُ بِقَلْبِهِ"
"أَتُرَاهُ يَبْكِي لِلشَّوَاطِئِ مِثْلُنَا ؟"",Sadness"
2723f2293e133a13,تتظاهر بالقوه ، لكن قلبها يبكي كل يوم  ~,Sadness
8ccfbf554b2f1d4c,الشرع نام من غير عشا ههههههه والشعب السوري عم يبكي هههههههههههه,Sadness
ef1c9f82061091d0,الحين يطلع كلبون يبكي يقول الامارات السبب,Sadness
"1da8f245788c0877,""صباح الخير "
صحيت من النوم وانا توي نمت مالي ٣ ساعات 
بسبب حلم يخوف وعجزت ارجع انام 
"يبكي الموضوع"",Sadness"
"3de83e29cc91327a,""فيني حزن بشكل مؤسف "
مؤسف على عمري على شبابي على ظنوني بالحياة واحلامي اللي تخيلتها 
حزن ماينشرح ولا ينكتب 
"ولا يبكى حتى ……"",Sadness"
d2d9fba7cbcc7d48,ما ينلام صراحة يوم يبكي لأنه يفكر بزوجته و ابنه وهو مفكر انهم ماتو وذا شي مرة قاسي انك تقتل زوجتك وابنك وذكرني بدوفلامينغو يوم تحكم بملك دريسروزا وخلاه يقتل شعبه ف موفقه جداً مؤلم,Sadness
"66964be16d43d855,""قلتلهم لعد يمدحونا بس باقي مصرين"
نسوية بوبنت
خليجية بوينت
اكثر عداوة للعاهر دينهم بوينت
قبيحة بوينت
وجود النسوية يبكي الذكورية وما تحتها من عهر الفكر والرجعية البدائية
"استمروا في صياحكم يعجبني هذا الغضب"",Sadness"
4ae6d2384c091ef9,اي نشاط ارهابي تخريب لاي حزب من الاحزاب البائدة في البلاد في صنعاء اخواني عفاشي لقاء مشترك جني رح يتم عقابه مافي اوضح من كدا عشان محد يرجع يبكي ياغارتاه,Sadness
"23857428d8778470,""الدموع هي لحظةُ تجلٍّ يتساقط فيها كل ما نحاول إخفاءه، فحين يبكي الإنسان يكون قد اجتاز المسافة بين التماسك والانكسار، وبلغت مشاعره ذروةً يعجز عندها اللسان عن النطق، فتتكلم الروح  بلغة الماء."
#فلسفة_فايز 

#فلسفة_عميقة   
#النصر 
#الهلال
#الأهلي 
#الاتحاد 
#الرياض 
#تبوك 
"#جده"",Sadness"
"30ddb6af821ea71e,""الاشكال ذي اللي يصايح لو تنزل تصكه كف يجلس يبكي "
اللي يخوف الساكت اللي ينصاك
اما ي خروف ع زق ع زقين 
"ورع ذا"",Sadness"
"f31826eec1d67a2c,""#تبرع_وساااااهم_في_سقيا_اااالمعتمرين"
"“الصديق؛ شخصٌ عزيزٌ وفيّ، بئرٌ لكل أسرارك، تبني معه أقوى جسر لا تهدمه الرّياح، مهما كانت قوّتها ستجد في النّهاية شخص يعينك، يبكي لبكائك، ويمسح دموعك”"""""""""""""
"xzZAtjKNh"",Sadness"
91fc74cbb0ef16d0,اي شخص دموعه تنزل بسهوله هو انسان ضعيف و عاطفي و غبي لانه لو شخص قوي ليه يبكي على احد مايستاهل و ليه يتاثر من اي شي و بكل سهوله ..؟,Sadness
"07a4fff596c5380c,""في طوايا النفس يبكيـ"
"C"",Sadness"
a4fc17b5fff1dfd7,لاحول ولاقوة الابالله من الي ميت عنده يبكي عليه وش العلم,Sadness
06dce3a0178f9b35,هم يضحك وهم يبكي,Sadness
"9eafd899f1adaa48,""وَالْبَحْرُ لَوْ فَاضَ الحَنِينُ بِقَلْبِهِ"
أَتُرَاهُ يَبْكِي لِلشَّوَاطِئِ مِثْلُنَا ؟
" #صباح_الخير"",Sadness"
"aecdf3dfbd51de01,""""""شطورة"""""
*ايموجي يبكي*

"انا تعبت"",Sadness"
347f3630971a75a2,الجولانى يبكى فى الزاويه,Sadness
7597967693298b2e,و علاش كان بن جامع قريب يبكي لهم فمجلس الامن؟,Sadness
"02fc382351a45d62,""للأسف مخاوفي ما تكفيها تغريده"
"وجا ولدي نسخه مني جبان مع انه توه رضيع مايفهم بس يخاف الظلام ويخاف اذا مافي الا انا وهو ف البيت يصير موده متعكر وبس يبكي"",Sadness"
"374c872e22a91881,""في طوايا النفس يبكيـ"
"U"",Sadness"
f1f50d8f202105c4,عندما يبكى الجميع  للام الحنونة,Sadness
"1ef46bfc24c80a79,""احيان يكون وجود بعض الناس نعمة "
"اللي يفرط بالنعمة لا يرجع يبكي عليها"",Sadness"
"168d3b0524729df9,""كل شوي طالعه لي سالفه تغثني وتجبرني أبكي "
"يالله ما أدري أنا صايره حساسه بشكل لا يُطاق ولا فعلاً يبكي"",Sadness"
8378c344dce77f28,يوم تذكر ابوه وقعد يشهق ماقدرت أوقف دموعي تمثيله يبكي,Sadness
"3a8e4858e5547cc8,""الشتا يبكي يبي نارك "
"تهزه ريـح تذكارك"",Sadness"
"b5654dfb670e654f,""والله أنتم مساكين "
"وحالكم يبكي الحجر"",Sadness"
1cce2d2319d1d96f,هههههه على من تضحك ايها الديوثي القذر لماذا بن جامع يبكي وينوح بعد التصويت على القرار ؟؟؟؟!!!!! استمر في مهمتك بردعة البوصبع المبردع وبيع الوهم للبوليخاريو,Sadness
7552059ec3fa4837,مرات القلب يبكي مو العين .,Sadness
"1ab5dc079e1db4a8,""قل لي، لماذا اخترتني؟"
وأخذتَني بيديك من بين الأنام ومشيت بي 
ومشيت.. ثم تركتني
كالطفل يبكي في الزِّحام
إن كنت - يا مِلح المدامعِ - بعتني
فأقل ما يرِث السكوت منَ الكلام
هو أن تؤشّر مِن بعيدٍ بالسلام
أن تغلق الأبواب إنْ 
قررت ترحل في الظلام
ما ضّر لو ودعتنِي؟
"ومنحتني فصل الخِتام"",Sadness"
b2e67814b3439c87,قسم بالله كل بارت بالاغنيه يبكي,Sadness
"66680cd9b885be91,""انتو زعلانين إن حمد مايقول قصيده وانا مبسوطه لان نصها تخصه ويقصد نفسه "

"وانا قلبي حساس يبكي ع طول احسن خلوه كذا بدون شعر يضحكني وبس"",Sadness"
602666bcda2ece72,update:عرف اني مب امه ومن الساعه ٣ يبكي,Sadness
2d7349a05dd63bbb,احس اللي يقدر يتكلم بوضوح وهو يبكي موهوب,Sadness
"fe5e57c988e80930,""تمام "
بكره نجلس على الحيطه ونسمع الزيطه 
٢مليار تكلفه بناء المتحف 
بكره يبكي الاوباش في اعلام السيسي 
"عشان الخليج((السعوديه)) رفض يدفع لهم شويه مليارات عشان يمشو سد بطون الجوعى والفقراء ."",Sadness"
cba28be73348f58a,الجمل يبكي كلنا ولله ياحبيبي تصير تصير,Sadness
ade979527232308a,تتشابه الناس جارحني و مادحني ما دام مافيهم اللي يبكي ل اهي  يا كبر همي لا صار الدمع يفرحني ويا كثر حزني ليا من قلوا اشباهي,Sadness
f7277b769b8036e9,الله ياشرين صوتك يبكي,Sadness
"ed6ebee8f8def520,""أحبك وانت تحكي عن خضوعك لي بكل غرور "
"مثل من يبكي دموع المذلّه رافعٍ راسه"",Sadness"
"a2457baf46801c84,""تسعه مواسم والاتي يبكي "
"تطارد مين يابني"",Sadness"
"6a13b8d6352cf5de,""ً      كَان أحد السَّلف إذا أذنبَ يَبْكي ويَقُول:"
"ما الَّذي أسقطني من عينِكَ؛ يا مانِحَ العِصَم؟"""""

"    اللهمَّ اعصمنا بحفظك، وثبِّتنا عَلىٰ أمرك."",Sadness"
"abea99c977b7a9a4,""المسودة عرفناها ماذا تنص بعد تعليق ممثل  الجزائر "
"لي شوية يبكي"",Sadness"
"3a923c9a38bfb73a,""والله إني ما عرفت ان القلب يبكي إلا يوم انكم رحلتوا "
"عليكم الرحمة والمغفرة من ربٍ رحيم .."",Sadness"
4b44b14fbc18833a,بكي بكي  يكفي تعليق ممثل الجزائر شوية و يبكي,Sadness
"162bd71a867a0e49,""لم تؤذي شخص لا يملك إلا دموع في سجادات"
يبقي لازم تخاف
هو لا يبكي لبشر بل يبكي للملك المنتقم الجبار
"والله لو اشتكاك للبشر حتخاف"",Sadness"
"09b94c15eb3eba36,""خبرتو حدٍ يبكي على واحدٍ يبكيه"
"وخبرتو أحدٍ مسجون ما يبغي افراجه ؟"",Sadness"
e6d2ecba0cb1a68f,ليش بعد كل نهائي يبكي هههههههههههههههههههههههههههههههههههههههههههههههههههههههههههههههههههههههههههههههههههههههههههههههههههههههههههههههههههههههههههههههههههههههههههههههههههههههههه,Sadness
9c452279be6fe19b,هو يبكي ولا انا حساسه,Sadness
8c8bb283107a42e7,يبكي في الزواية,Sadness
"3b566608a7ec54a2,""ريم قالت لي ان الكرش اللي ميته عليها الان تشبه اكستي اللي ماتخطيتها"
"ايوه قعدت ابكي والصراحه مدري على ايش بس يبكي"",Sadness"
695b16810ae59913,سامي يبكي في ازويه,Sadness
417146102e97796f,ااااه من زمان عن الزواجات .. كل ضلع فيني يبكي,Sadness
"db709074b9c1a1e5,""الطيرُ هاجَر"
و الأغصانُ شاحبةٌ
"و الوردُ أطرقَ يبكي عهد آذارِ"",Sadness"
f13ac0579889dc8b,ترند بنها بتيك توك يبكي هيج حنيني له والله توقعت فقدت شغفي فيه من سنتين طلعت كذابه,Sadness
174a44af73ce960f,كان عثمان بن عفان إذا وقف على قبر يبكي حتى يبل لحيته،فقيل له:تذكر الجنة والنار، ولا تبكي،وتبكي من هذا ؟ قال :إن رسول الله ﷺ ،قال:إن القبر أول منازل الآخرة، فإن نجا منه ،فما بعده أيسر منه، وإن لم ينج منه ،فما بعده أشد منه قال:وقال رسول الله ﷺ:ما رأيت منظرا قط إلا والقبر أفظع منه,Sadness
"025ac50efd261712,""رثائك يبكي الحجر "
الله يرحمه ويغفر ويسكنه في اعالي الجنان ويجمعكم فيه على سرر متقابلين في جناته 
"الله يصبركم ويقويكم ويخفف عنكم"",Sadness"
7d55a637c9ecbe84,رونديلا تاعكم يبكي على الحدود,Sadness
d92a2c5eaf217e63,عارف ده الي بيتقال عليه هم يضحك  و هم يبكي للأسف,Sadness
0e3a51904209e526,هذا يبكى ما يبغى شاتات تويتر تطيح من عنده,Sadness
fb5366f655912fa7,اي روح شوف جلسات 2008 روتانا وفنانك بجنبه جالس يبكي عشان لقنه درس مجاني المسكين جلس منفس طول الجلسة ماتهنى ذيك الليلة,Sadness
9e9098ab3e2d4252,تُرى مالّذي يجعلُ الشّعر يبكي دونَ صَوت؟,Sadness
"f3745c537bef8b91,""عندما يهلُ الدمع ! "

"القلب هو من يبكي اما العين فقط تُساقطُ دمعاً؛"",Sadness"
"991ccb3f38a8686b,""مين زيي"
"مهما كان مبسوط بيومه وسعيد ينكد عليه تفكيره ويرجع لسريره يبكي رغم سعادته طول اليوم"",Sadness"
"8aeda39cabcb155e,""يدور شى يبكي عليه  "
"هههههههههههههههههههههههههههههههههههههه"",Sadness"
"6f9b85d68e4424f7,""هذا لاعاد يبكي اساسا يادوبني متحمله وجهه بدون بكاء ومع هالتمثيل المخيس مابتحمله وجهه مستفززز"
"#tasacakhabudeniz"",Sadness"
45ad6cd02d1aec55,الاملاء يبكي في الزاوية,Sadness
c3476b8d46911a99,اسمع اغنيه it hurts by 2ne1 و قلبي يبكي,Sadness
"23eb9972ff2df2df,""المشكلة في الأهلي "
المدرب يتحمل جزءاً من المسؤولية 
توني خروج بدون عوده دون نقاش وافضل من الان مايلعب 
اساسي ..
دامس مع السلامة يبكي عند امه 
كيسية و انزو  ازدواجية دور واحد  مركز ٨ يبقى واحد ….

"اتمنى الضغط على المدرب والبدء ب فالنتين أتانجانا هو الأفضل في الوسط."",Sadness"
"be65e220b91de1ca,""بوح - الخواطر "
"لا أحد يسير في الحياة وهو يعلق على صدره لافته تخبرنا بما كسره .. قد يبدو الإنسان بخير ، وهو يحمل في داخله مالا يحتمل .وربما تضحك معه ، وهو يتمنى لو يبكي دون أن يسأل لماذا . لذا كن لطيفا دائما ، تمهل قبل أن تحكم . وتذكر أن هناك معارك تخاض بصمت ، وإنكسارات لا"",Sadness"
38e9b0db6b429c1b,اخ  كيف شخصية بهالقوة والعظمة يطلع بهالشكل يبكي ويترجاهم يقتلونه,Sadness
