id,content,label
0,جرائم الدعم السريع في الفاشر، لا تنسوا اخوانكم في السودان,neutral
1,يتفق العرب على الاختلاف,neutral
2,انسانية وطيبة الرجل الابيض,neutral
3,دار ابتلاء وامتحان والله العظيم,neutral
4,نسبة السلالة العربية في الشرق الأوسط.,neutral
5,وين أقدر ألقى خدمات ترويج رخيصة للتعليقات والمشاهدات على إنستغرام؟,neutral
6,اكثر دولدولة عربية قريبة لقلبكم و السبب؟,neutral
7,بتمنى أنساك بصوت الجاز,neutral
8,هل نريد التخلص من اليهود؟,neutral
9,هل تتزوج من جنسية غير جنسيتك؟,neutral
10,اعلم ان العالم مكان غير عادل..لكن لعنة الدم ستطارد كل القتلة و داعميهم..ف لعنة الدماء لا تسقط بالتقادم,neutral
11,هل يتذكر أحدكم هذا المسلسل التلفزيوني؟,neutral
12,مصري جرب يشاهد وثائقي الحرب الأهلية اللبنانية,neutral
13,احد يشرح لي ليش الدعم السريع يسوي مجازر؟,neutral
14,للمهتمين بالفلسفة حوار حول فكر د.طه عبد الرحمن,neutral
15,تكلموا عن الفاشر,neutral
"16,""مرحبا, اريد كتاب يشرح ويسهل شعر المتنبي, شكرا مقدما."",neutral"
17,الناس الي كانو يغيبون كثير بالمدرسه، وينكم الحين؟,neutral
18,بكبسة زر واحدة، يمكن لصوتك أن يصل إلى مئات أعضاء البرلمانات حول العالم.,neutral
"19,"", , ! !شعب عربي واحد"",neutral"
20,صدقا حزين على حالنا,neutral
"21,""لكي لا ننسى ماذا فعل محور الممانعة من الأسد وإيران وحزب الله بالفلسطينيين في سوريا ,"",neutral"
22,فكر الوحدة العربية ماهي أسباب الفشل ؟,neutral
23,اسألني اي اشي بعدها عدل السؤال وخلي شكلي يطلع بيخزي,neutral
24,ما في شي أوسع من غرفة مظلمة,neutral
25,اطلاق سراح المجرم العراقي محمد العيساوي بواسطة المسؤول فالح الخزعلي الي قتل أبنته بحجة الشرف,neutral
26,ما هي الدول التي يعتبرها العرب أمومية؟,neutral
27,اتوقع اختبار من الله لكن فشلت فيه,neutral
28,اريد موقع لمشاهده الانمي مدبلج باللغه الانجليزيه والترجمه العربيه,neutral
29,هل مرّ أحدكم بتجربة شعر فيها أن الألم كان بوابة لفهم أعمق للحياة؟,neutral
30,وش احلا دولة سافرتوها؟,neutral
31,زوجي يفضل الاباحيات!,neutral
32,هدية لكل شباب العرف و فلسطين حرة,neutral
33,البيتكوين داخل منطقة حساسة والسوق يترقب,neutral
34,عايز كتاب الدماغ والوعى اسس البرمجة الذهنية فى العلاج النفسى للدكتور فوزى عبد الرحمن,neutral
35,كتاب ذكريات الطفولة,neutral
36,عايز اعمل مادة علمية عن برمجة العقل هل حد يقدر يساعدنى فى مصادر,neutral
37,فكرة نادي بحث في المواضيع المبهمة للعامة,neutral
38,هل سأمت من عدم علو المسلمين فى المجالات العلميه و التكنولوجيه اذ كنت كذالك فشارك,neutral
39,أشعر وكأن هناك حصى أو رمل في الجبس بعد اسبوع من وضعه هل هذا طبيعي؟,neutral
40,تذاكر حفل ترافس سكوت في ابو ضبي,neutral
41,سلام عليكم اني صانع محتوى ماعندي متابعين اهواي الي يحب يدعم هذا اسن قناتي باليوتيوب وسكلهة يصير شكل ولد كارتوني لابس جيشي اني العب واهواي العاب,neutral
42,كيف تتجاوز شخص اختفى من حياتك فجأة، بدون وداع، بدون أي تفسير؟,neutral
43,محتاج حل لان مشكلتي صارت فوق طاقتي,neutral
44,هل هنا من يعشق فن التسويق مثلي؟ لنتواصل ونتبادل الأفكار!,neutral
45,تعليم العربية الفصحى للاطفال,neutral
46,لا تقدم نفسك كبائع ، بل قدم نفسك كـ بوليصة تأمين ضد المشاكل والقلق.,anxiety
47,أبحث عن قصة فصلية من العراق على صفحات قصص الفيسبوك من مدينة السماوة. اسم الشخصيتين يوسف ونجمة,neutral
48,التعنصر ضد مستخدمين و غيره من الذكاء الاصطناعي كا محادثه طبيعيه,neutral
49,قناة جديدة تقدم محتوى ترفيهي وقصص ممتعة تعالوا نكبرها مع بعض! المحتوى يا جماعة، لسه بادئ قناة جديدة على اليوتيوب وأحاول أقدّم فيها محتوى ترفيهي ممتع مليان قصص قصيرة ومواقف حقيقية وغريبة القناة لسه في بدايتها، وكل اشتراك أو تعليق منكم بيساعدني أطورها وأستمر أكثر,neutral
50,اول موضوع لي في ريديت .... فلسطين ابداً,neutral
51,ما هى أهدافك كمسلم,neutral
52,وش احلا دولة سافرتوها؟,neutral
53,أحتاج مشاركتكم بهذا الاستبيان لغرض بحث تخرجي، أرجو المساعدة,neutral
54,كيف اتخلص من مراقبه جوالي؟,neutral
55,السلام عليم انا شخص عندو احلام غريبة اريد شخص لديه نفس احلام نتناقش,neutral
56,هل قام جوجل بترجمة هذا بشكل صحيح إلى اللغة العربية؟,neutral
57,ما هي أفضل تطبيقات الفضفضة المتوفرة في المملكة العربية السعودية؟ وأيّها يُعطي الأولوية للخصوصية قبل كل شيء؟,neutral
58,تتوقعون الذهب بيواصل صعوده ولا خلاص؟,neutral
59,هل فعلا تغيرت حياتنا بعد ٢٠١٩ بسبب الموبايل؟,neutral
60,انا مدمن إباحية وعادة سرية,neutral
61,التعافي من الماضي عماد رشاد عثمان,neutral
62,احتاج مساعدة في برنامج تلغرام,neutral
63,مقارنة بسيطة بين المتاجر الإلكترونية السورية.. بصراحة متجر دمشق الإلكتروني كان الأفضل من تجربتي,neutral
64,الحياة الزوجية مع فارق العُمر الكبير,neutral
65,انا عندي منتجات رقمية في زول مهتم,neutral
66,استبيان اللغة العربية في الألعاب الإلكترونية,neutral
67,الغرق ليس السقوط في الماء، لا أحد يصف السمكة بالغارقة، لكنها تغرق في الهواء الغرق أن تسقط في مكانٍ ليس لك.. لدي قناك على التلكرام اشارك فيها افكاري سيسعدني حقا ان اردتم ان تدعموني,neutral
68,أسباب الضغينة بين العرب,neutral
69,شاكه انو ابوي مسحور,neutral
70,كيف يقولون تمّ فعلُ شيءٍ ولو لا زالَ نقصُه والعيبُ والخللُ؟,neutral
71,بتآمنوا بالتخاطر؟,neutral
72,المسلمين يحطون رأسهم برأس الصين روسيا أمريكا,neutral
73,مين يعرف يفوت عالدارك ويب؟,neutral
74,ذهب ليرة بريطاني,neutral
75,معاناتي كامرأة مع الإباحية,neutral
76,صينية قديمة وجدتها في منزل شخص إسكندنافي في احدى الدول الاسكندنافية. هذا النقش الظاهر في الصورة مكتوب بالخط العربي المزخرف، اذا كان بإمكانكما قراءة العبارة المنقوشة؟,neutral
77,ممكن اعرف رايكم في الحجر ينجذب للمغناطيس,neutral
78,مشكلة التكبر عند الناس,neutral
79,لماذا المحتوى العربي ما تحت الزنار؟,neutral
80,رأيته على سريري مع أخرى وما زلت بحاول أتنفس,neutral
81,مين الشخص لي راهنتوا عليه وخذلكم؟,neutral
82,مرحباً، أحتاج إلى مساعدة,neutral
83,إذا أنا كنت في اختبار إسلاميات و جاوبت غلط بطريقة سيئة هل النتيجة الي طلعت في اختبار الإسلاميات درجات محسوبة زي الحسنات الي تبقت ؟,neutral
84,العودة بعد الطلاق، هل تنجح؟,neutral
85,تطبيق احتياجات ذوات الإعاقة البصرية والحركية في استخدام أدوات التجميل في المملكة العربية السعودية,neutral
86,رأيي في تأثير تحذير بنك إنجلترا على سوق الذهب,neutral
87,ألوانُ العربيةِ النادرةُ,neutral
88,شو اكثر كلام جارح اتقال لكم؟,neutral
89,ي جماعة كيف الحال انا ابغا صيغة ايميل احترافي للتقديم على وظية خايف اكون مرتبها بطريقة غلط فالي يقدر يفيدني يرسل بالله,neutral
90,من في نظركم يصنف ضمن الشخصيه القويه ؟,neutral
91,الموسم الثاني الحاجة حفيظة والمنشدة نورهان كليلة في ضيافة يا مداحين مع محمد الحسينى,neutral
92,الموسم الثاني الحاجة حفيظة والمنشدة نورهان كليلة في ضيافة يا مداحين مع محمد الحسينى,neutral
93,ابغا افتح طلبات الرسم واحتاج نصايح,neutral
94,عن تساؤلات أيوب حين قال قد كان طبعك حلا ليش غيرتوه بعد المودة خصام يا خل رقعتوه؟!,neutral
95,ليش... قد بنلاحظ بكثره الشباب العربي يأسين من الحياة ومتذمرين من الاوضاع المعيشية,sadness
96,انا في صراع مع نفسي,neutral
97,هل أنا شخصٌ جيّد؟,neutral
98,اي حدا حابب يحكي,neutral
99,اللهم صلي وسلم على نبينا محمد,neutral
100,السلام عليكم مستخدم جديد لهذا الموقع,neutral
101,يا نفسي، لا تُهلكيني,neutral
102,المجتمعات العربية المختصة فالسياسة و التاريخ و الحاضر,neutral
103,دليل المجتمعات السعودية,neutral
104,انهيت صداقة ٣ سنين بسبب المخدرات,neutral
105,قفزة من ١٧،٥٥٠ إلى ٢٣،٤٠٠,neutral
106,اماكن مميزه في الشرقية,neutral
107,السفر يبين معدن الأشخاص,neutral
108,انصحوني كيف اشيل افكار اني ارجع ادخن مرة ثانية,neutral
109,دعيت عليها من كل قلبي,neutral
110,الفلوس لا يساوي المكانة الاجتماعية,neutral
111,النقاب في دول الخليج,neutral
112,ابوي طردني من البيت و ابي انتحر,neutral
113,ليه محد يتكلم عن شعور,neutral
114,فيه مرض جديد زي كوفيد,neutral
115,مستقبل الوظائف جدة,neutral
116,هل ممكن اتوظف من غير معارف ؟,neutral
117,العين و شقد الخوف منها يقيِّد صاحبها,anxiety
118,تغدوا فيني قبل ما اتعشى فيهم,neutral
119,تتخيلو وقت الملكه ويقولك انا ابغا علاقه خفيفه ومو مستعد اتحمل بكج مشاعرك والدراما !!,neutral
120,حبيت واحد موكفو سحب علي,neutral
121,كيف اقنع امي ؟؟!,neutral
122,صحيت من ضيقة الصدر,neutral
123,سؤال عادي أم غريب؟,neutral
124,كيف ممكن أزيد معدل ذكائي,neutral
125,الاختصارات تستفزني !!!!!!,neutral
126,بوست لزكاة العلم,neutral
127,وش وجهة نظركم لذا الشيء ؟,neutral
128,ابغى موقع ملابس احصل فيه ملابس ماكس وسنتر بوينت و وزارا وبيرشكا كلهم مع بعض,neutral
129,اخوي فصلني من شركته,neutral
130,كيف تسحبون فلوس من,neutral
131,لما دريت ان الـ وقلة الثقه مرتبطين ببعض كل شيء بدأ يصير منطقي,neutral
132,مين زيي صار يفكر كذا,neutral
133,اذا السعودية تزوجت اجنبي وتخلت عن جنسيتها، بعد الانفصال تستطيع استرداد جنسيتها السعودية بشرط الاقامة في المملكة العربية السعودية,neutral
134,شركة لوسيد وإنفيديا تتعاونان لتطوير تكنولوجيا القيادة الذاتية المتقدمة,neutral
135,ليش ما اصحى عالمنبه؟,neutral
136,النت في السعودية وحش لية,neutral
137,هل انا يتم استغلالي,neutral
138,وش الشي اللي مارح تكرره مع عيالك؟,neutral
139,معلمتي الجميلة دميه جديدة فن الايمجرومي,neutral
140,ليش اذا زادت حرارة الشخص يتكلم وهو نايم ؟؟؟؟؟؟؟؟؟؟,neutral
141,احباط تهريب شحنة مخدرات,neutral
142,موضوع للنقاش مو الكل انا اقصد فئه,neutral
143,التقديم عن طريق موقع الشركات,neutral
144,دوام جزئي دوام للطلاب,neutral
145,اذا تعرف احد من الصم او ضعيفين السمع,neutral
146,نقلت للشرقية قريب، اخوياي وأهلي بيزورني اعطوني اقتراحات,neutral
147,هل التعلق بالأشخاص ابتلاء أم قلة إيمان؟,neutral
148,تذكرون يوم كانت تيجي على قناة سبيستون؟,neutral
149,سؤال في البرمجه مبتدئه ماتعرفت لازم تصير لونها ازرق ومو عارفه المشكله,neutral
150,والله ادري سؤالي غبي بس ساعدوني تكفى,neutral
151,شباب بنات ابي مساعده,neutral
152,فلير سياسة الجيران جديدة عشان بوستات أخبار برى,neutral
153,ارجل من ناس كتير,neutral
154,المتحف المصري الجديد انا مش مصري,neutral
155,ما وراء طب و احنا استفدنا ايه؟,neutral
156,اقفل الترند علي كده,neutral
157,فين الانجاز في كدا؟ استفدنا ايه,neutral
158,المصريين النهاردة وبكرة,neutral
159,الناس دي هتتسلسل كام يوم من الساعة بكرة,neutral
160,استغلال البراندات في مصر,neutral
161,بس الصراحه رايقه,neutral
162,معاد افتتاح المتحف والقنوات اللي هتنقل الافتتاح,neutral
163,فرحه أجدادي الفراعنة الدعوه عامة وهتبقى لمة يعني لو عندك معبد اقفله ولو بناء اهرامات أجله المتحف الكبير بيفرح,joy
164,سؤال للنقاش مين اكتر صانع محتوي أو اعلامي بتشوفه بيعرض للحكومة و للسيسي؟؟.. عايزين بعد عشرة ولا خمستاشر سنة لما عيالنا يفتحو الصب يشوفو قايمة بالمعرصين علي ايامنا,neutral
165,عن الطبقية و النيولبرالية في مصرإيجبت..مهرجان الجونة مدخلا,neutral
166,ميدان النيل بعد التطوير في مدينة المنيا,neutral
167,وهو مين قالك ان مصر ناقصها متحف؟,neutral
168,صياح العرب لأجل غزة كان عشان المسجد مش عشان الإنسانيه بدليل محدش مهتم بالسودان,neutral
169,والله لو كان حظي ١ اي مكان هايكون احسن من مصر.,neutral
170,رحلتي من الثورة مستمرة إلى مفيش فايدة,neutral
171,بخصوص الناس اللي بتصيح علي موضوع المتحف,neutral
172,المتحف المصري الكبير.. هل يعيد كتابة علاقة المصريين بتاريخهم؟ عربي,neutral
173,كم تكلف زياره اسبوع لمصر وايش افضل اماكن نزورها,neutral
174,الشركه ولا محل السجاير,neutral
175,حاجة جديدة اعملها في مصر الجديدةالتجمعمدينة نصر؟,neutral
176,المتحف المصري الكبير وتيك توك,neutral
177,ستور لبيع اللابات,neutral
178,هل مصر هيا نفس مصر اللي انا وانتا بنشوفها,neutral
179,الجبنة الرومي جبنة مصرية مش بتتصنع في أي مكان في العالم غير في مصر,neutral
180,والله العظيم هنعمل ايه طيب,neutral
181,هل يمكنك أن تنصحني بمزيد من الموسيقى زي مولاي إني ببابك قد بسطت يدي للشيخ النقشبندى؟,neutral
182,ايه رايك في العلم المصري واعذروني ع الاسئلة,neutral
183,لماذا لم تتحرك مصر في غزة والسودان لحماية أمنها القومي يجيب المتنبي,neutral
184,موقف محرج عمري ما هنساه,neutral
185,افكار محتوى صحه نفسيه,neutral
186,التفرقه الاوڤر الي وصلت حتا في الإبادات زي غزه و السودان,neutral
187,شباب مصري بيحتفلو بأفتتاح المتحف المصري الكبير,neutral
188,فى الدرك الاسفل أن شاء الله,neutral
189,دخلي اخر شهور كان جنية، و المفروض اني في سن جواز,neutral
190,امتى نقدر نروح المتحف الكبير؟,neutral
191,حبايبنا في السودان و فلسطين,neutral
192,مش أحسن ما نبقى زي مصر والعراق,neutral
193,ليه معظم العرب رافضين الاتحاد وإقامة قومية مبنية على اللغة,neutral
194,بوست مهم لكل اللي بيتعلم الماني!,neutral
195,عاوز اعرف اكتر شوز أو سليبر مريح,neutral
196,جميله يا مصر عشان بس الرولز,neutral
197,ربنا يكون في عون المواطن السويسري الي مش لاقي حاجة يفتخر بيها,neutral
198,المتحف المصري جامد فشخ يا جدعان والله,neutral
199,يومين علي أفتتاح متحفنا,neutral
200,تركي ميعرفش ان عدد زائرين السيد البدوي ده بيكون في يوم واحد,neutral
201,ايه رأيك على اللي قالوا احمد الشرع؟,neutral
202,هو ليه دلوقتي الشخص إلى بيفتخر بالحضارة بتاعته بيتبصله بنظرة مش كويسه,neutral
203,تضامنوا مع اخواتكم المستضعفين,neutral
204,السودان مش حتة مننا,neutral
205,ليه كل ما حد يفشل في علاقة يشتم كل الرجالة والعكس؟,neutral
206,هو مين الناس اللي لابسة فورمال على طريق المحور,neutral
207,شوية ضحك مع الغزاله رايقه,joy
208,عايز اعرف رأي الناس هنا في حوار اللاجئين لو حد عنده رأي منطقي يقوله,neutral
209,انا متأكد يا بلحة أن رمسيس التاني لو كان عايش كان تدخل فى السودان لوقف الحرب مكنش هيعمل افتتاح وكذلك فلسطين,neutral
210,الملكة نفرتيتي الثانية,neutral
211,هل احنا مش متعاطغين مع السودان عشان لون البشرة؟,neutral
212,لا حول ولا قوه الا بالله,neutral
213,طرق التصدى للتحرش فى الأماكن العامة,neutral
214,المتحف المصري الكبير,neutral
215,حد يعرف شركات ماركتنج كويسه؟,neutral
216,هما المسؤولين حمير,neutral
217,عريس مشكوك بأمره,neutral
218,ممكن تعتبرها رسالة اليوم,neutral
219,مين إنجليزيته واقعة وأله نفس طويل؟,neutral
220,تبا للسيركت حدا عارف حل الهبل هذا؟,neutral
221,بدي اماكن اقعد فيها في عمان لحالي بدون ما احس حالي مضطرب اجتماعيا,neutral
222,شو بتعملوا وقت فراغكم؟,neutral
223,شو أفضل نشاطات ومجالس للطلاب تفيد للقبول الجامعي,neutral
224,سؤال عن لاصقة النيكوتين حدا جربها فعليًا بالأردن؟,neutral
225,قررت اترك بعد ست سنين,neutral
226,شو نظرتكم للشخص يلي بروح او راح عند اخصائي نفسي ؟,neutral
227,مكان لتبادل الكتب,neutral
228,الي صارو بعمر التلاتين ولسا بدرسو، كيف بتستمرو؟,neutral
229,نصيحه لصانع محتوى العاب اردني بتقدر تقدمها,neutral
230,قصص الكوادر الطبية شاركونا مواقفكم الي ما تتنسى!,neutral
231,في عندي جيتار إذا حدا بفهم فيهم حابه أبيعه لاني ما بستخدمه ف إذا حدا عنده فكرة بكم ممكن أبيعه و وين,neutral
232,موسيقى وسط البلد,neutral
233,تحذير من المعالجيين النفسيين و الطب النفسي الاونلاين للمرة الثانية و لكن بعرف انه عالفاضي,neutral
234,من عجائب اللغة العربية,neutral
235,كيف ممكن اجيب ارشيف صوت الجزيرة ل محمد عبده,neutral
236,هو كل الموجودين برديت ملحدين و مشتقاته؟,neutral
237,ليش قلة الدين منتشرة والتبرير,neutral
238,تكلفه تغيير شاشه تلفون هواوي,neutral
239,جوانبك المخفية عن الجميع,neutral
240,جربت اطبخ لاول مرة بحياتي,neutral
241,الفيديو الوحيد المُسجَّل الذي تنبأ بدقة بهجوم حماس في أكتوبرتشرين الأول مُسبقًا من ينايركانون الثاني,neutral
242,صوتي ناعم وانثوي,neutral
243,ليش سهرانين الحلوين ؟,neutral
244,توضيح وبيان رسمي من العشيرة؟,neutral
245,شو بتعملوا وقت الاكتئاب و المزاج السيئ؟,sadness
246,مستشفى الجامعه الاردنيه,neutral
247,وين بقدر الاقي الكتاب هاد اونلاين,neutral
248,شو سبب كل هاي الأزمات؟!,neutral
249,التخصص او الجامعه,neutral
250,ايش مخططاتكم للويكند؟,neutral
251,كل ما اشتاق لعمّان بدخل على آر جوردان وبروح الاشتياق،,neutral
252,بيني وبين التخصص الي بدي اياه علامات,neutral
253,بكره دوام الخميس,neutral
254,مش قادرة ادرس مخي رح ينفجر,neutral
255,محاولة لفهم تفكير الجنس الآخر,neutral
256,في حب البنت الكيرفي ، ايه اكتر حاجة بتحبها في البنت الكيرفي ؟ والبنت الكيرفي ايه اكتر حاجة بتحبيها فيكي ؟,neutral
257,الزواج عن حب ودي اتزوج عن حب بس ماني عارفه كيف اتعرف على شخص يتوافق معي ونيته نظيفه وصادقه. احس صعب بمجتمعنا مره,neutral
258,انا رجال واحب الأطفال، وش اسوي؟ لي فترة طويلة و انا ودي اجيب أطفال لأني احبهم مرة طبعا حب عادي مب بيدو، ولكن هاذي الأيام احس الرغبة تضافعت ولا عندي المقدرة حاليا ان اتزوج اي حلول واقتراحات؟,neutral
259,لسه عندكوا مشاعر لأول حب في حياتكم؟ اعذروني علي تقليب المواجع بس مش لاقيه محتوي,neutral
260,حب القادة بعيدا عن كون اغلب هذه التعليقات ذبابا الكترونيا او اشخاصا يدورون على الفتنة هل صار حبنا لقادتنا عيب او ذلة بعد ما وفروا لنا الحياة المثالية والامن والامان والتعليم والصحة وكل ما يمكن ان يحتاجه الانسان ياشيخ اذا كان كذا تعريفهم للذلة الوطن يدعس علي وتراب الوطن بفمي,neutral
261,بيقولك مرة واحد مسيحي حب يدعي بص للسما وقال يا جماعة تمويه تكتيكي عشان محدش يعرف ان الكنيسة بتمولنا,neutral
262,ايش سبب حب الامهات لعيالهم؟ انا مو قاعده اتكلم عن حب الامهات الطبيعي لجميع اطفالهم اقصد حبهم خصيصاً للاولاد وخصوصاً العاق، دايم يحبون ولد معين من اولادهم ويبررون له كل شي عادي يطق اخوانه بس اخوانه مايطقونهوعادي اذا اعجبه شي حق اخوانه تاخذه منهم وتعطيه اياه ،,neutral
263,كل سنه وكلنا طيبين ودايما متجمعين علي حب مصر,neutral
264,فى حب الراجل ده بجد والمحاضرات الجميله الا عملها,neutral
"265,""بوست عن حب العاب العصور الوسطى هو ليش هالتايب من الالعاب يشك وحلو, قائمة الالعاب الي لعبتهم من هالنوع , , , وبعد ذني بعدني مالاعبتهم , , , اذا تعرفون بعد العاب من هالنوع ونسيت اذكرهم ارجوا المشاركة ،تحياتي"",neutral"
266,بدون ولا علاقه حب ! اعرف اننا بمجتمع محافظ ولا في اي اختلاط بالطرف الاخر لكن مستحيل في كثير حولي قصص حب ناجحه و يكفي انهم عارفين بعض مزايا و عيوب و تاريخهم الشخصي و العائلي و خلاص في توافق و اتزان بالعلاقه و صار الارتباط لذالك جاني تساؤل ليش ولا مره صار لي كذا لمن فكرت يعني انا مب شخصيه متطلبه ولا حاجه بس يمكن حاطه حدود اكثر وماحب هالسوالف بس شكلها هي الطريق الصحيح لو كانت بحدود واضحه لان بنجن مايي اتزوج تقليدي لو وشو من شخص مجهول لمجرد راتبه ولا كم كلمه من جارهم انه اجودي وهو مايعرفه هههه ! وش الجل انقذوني وين نلاقي الرجال لان مستحيل اعطي وجه احد بدوامي يمكن اسجل بـ اشياء تطوعيه مشتركه بس احس مافي وقت متى نفهم بعض ونشوف التوافق والاهداف المشتركه,neutral
267,في حد غيري ما بقدر ياخد دوا حب؟ لازم تكون حبته صغيرة غير هيك ما بقدر، أتوقع السبب نفسي؟ عندي نقص زنك بس مو لاقية زنك حبته صغيرة اسمعو من مرة اعطوني حديد حبته صغيرة كمان,neutral
268,لو ناوي تتجوز عن حب، ده ليك مبدأيا ده اكونت مش حقيقي لان الموضوع صعب اشرحه من الاكونت بتاعي، انا فشلت في الجواز بعد سنين من المعافرة اتجوزت واحده مطلقة ومعاها طفلين وكنت مبسوط بيهم جدا، وده كان جواز عن حب وحاربت اهلي عشانها، هي صغيرة واتظلمت او ده اللي كان ظاهر وقتها وعشان اكون ادق، طلقيها كان دكتورها ف الجامعة وكان اكبر منها ب سنة حبينا بعض واتجوزنا وامي مش راضية عني شاب شكله كويس سنه صغير مهندس برمجة ابن ناس وكمان محبوب ليه يسحل نفسه السحله دي؟ نشفت دماغي لاول مره وقولت لامي اخرجي منها وياريتني ماقولت كده. صدمتي في مراتي كانت انها مش مسيطرة علي كلامها ومعظم الوقت مش عارفه بتقول ايه ومقدرتش اي حاجه من اللي عملتها عشانها ومقدرتش اني راعيت ربنا في عيالها وفضلت اعاملهم بما يرضي حتى بعد ما خلفت منها مبفرقش بينهم والتلاته عندي ليهم نفس الحقوق، بتغلط ف اهلي كتير قدامي لمجرد انهم كانوا رافيضنها. صحيح المبدأ بتاع اهلي كان رجعي شوية. لكن هما كان ليهم وجهة نظر مختلفة ومكانوش عاوزين يقولوها صريحة فا اتحججوا بان هي مطلقة ومتنفعش وده اللي خلاني اتمسك برأيي، وكنت مبسوط جدا اني اخدت الخطوة دي وانقذت طفلين كانوا علي ما يكبروا شوية هيلاقوا ابوهم مات لانه كبير ده غير انه مش موجود اصلا ولا بيسأل فيهم ولا بيصرف عليهم لا بعد جوازي ولا قبله. ولادها ملايكة وبيحبوني جدا وميعرفوش اب غيري وده اللي مصعب الموضوع عليا. لكن مراتي مؤخراً بتتعامل كانه امر واقع علي اهلي انهم يجوا يزوروهم ويدوهم عيديات ويجيبوا هدايا، في حين ان ابوهم شخصيا واهله مبيسألوش عنهم، بتعيب ف اهلي عشان مبيسالوش عن ولادها. انا ابويا كتر خيره كان عامل ليا انا وكل واحد في اخواتي شقتين ف بيته الجديد، لكن بسبب اختياري مكنش ينفع اخدها تعيش ف نفس البيت وبدأنا حياتنا ف ايجار لمدة سنة ونص وكانوا اسوء سنه ونص ف حياتي. طول الليل والنهار ماسكاني، هما مراتات اخواتك احسن مني ف ايه عشان يقعدوا ف ملك وانا ايجار؟ هو انا ناقصه ايه؟ وانا والله ما بحب اجرحها، ده غير اني مكنتش مستعجل علي الجواز اصلا وهي واهلها اللي شجعوني وقالولي مش مشكلة تقعد ف ايجار طالما بتبني نفسك! المهم زنقت نفسي عشان بحبها وبيعت عربيتي وحطيت كل اللي حيلتي ف شقه ملك عشان متبقاش اقل من حد، طلعتلي فيها عيوب الدنيا والدين وكأني مقعدها ف خرابة. بسبب موضوع الشقة زنقت نفسي ودخلت ف ديون لسه مش عارف اخلص منها وبتهدد بسببها، بدأت الكوارث تظهر، معايره صريحة وندم منها انها سابت دكتور واتجوزت حيالله مهندس بيشتغل عالنت وقرف مستمر من ٣ شهور، مؤخرا بقت تقولي اهلك بيجوا يرموا اعمال قدام شقتي عشان يصيبنا الفقر. طيب انا ليه بتكلم هنا؟ في بوست شوفته من شوية بيسأل مين اعز عندك اختك ولا مراتك انا كتبت الكلام ده عشان محدش ينسى ان مفيش احن من الدم لما اختى بتفكر تيجي تزورني وتمشي، مراتي تعملي مليون حوار. دي بصتلي بصة وحشة دي قالت مش عارف ايه دي جايه ايديها فاضيه ليه في حين ان اختى هي اللي دايما بتسألني عنها، في حين اني لما جيت اتجوز نفضت لكل اهلى واولهم اختى اللي كانت اقربهم ليا عشان فرق السن الصغير، مش عاوز اطول عليكم بس من شوية افتكر حاجه وجعتني واحنا صغيرين لما كان ابويا بيقرص عليا عشان انشف وابقى راجل، كنت بدخل اوضتي اقعد اعيط كنت بلاقي اختى جايه من اللاماكان بتطبطب عليا في حين ان مراتي واللي المفروض تكون شرعا اقرب ليا من اختي، بتشوفني متضايق ومخنوق تيجي تكمل عليا!!! المهم، انا واخد قرار الطلاق، بس صعبان عليا ولادها وابني اللي ربنا رزقني بيه منها. لكن باذن الله هوصل لحل بعتذر عن الاطالة والبوست ده مش عشان اخوف بيه اي حد بيفكر يتجوز، اطلاقا. الجواز ليه مميزات كتير بس مع الشريك الصح فا لو هتتجوز واحده في الظروف دي، انصحك تفكر كتير وتسأل عنها اكتر، لان حتى اي اتفاق هيحصل بينكوا ممكن جدا يتنسي لو حست انك شبه طليقها ف اي حاجه وطبيعي احنا بشر مشتركين ف طباع كتير بالتوفيق ليكم جميعا,anxiety
269,في حب فخامة الرئيس البلبيسي للي مش عارف السيسي قدم اعتراض لمجلس النواب على قانون الإجراءات الجنائية عشان يسمح بالتحقيق مع المتهم منغير المحامي بتاعه ده اللي السيسي بيعمله بجانب سجناء الرأي و الاختفاء القسري و التعذيب في السجون و السجن الاحتياطي لمدة ٦ شهور او اكتر في الوقت اللي الشعب فيه بيهلل للسيسي طبعاً ده بعد سنتين كاملين من السكوت عن انتهاكات اسرائيل و خرقها لمعاهدة السلام و التطبيع معاها بالشفاء,neutral
270,لا يوجد فرق بين الزواج التقليدي او عن حب السلام عليكم، في بداية الموضوع انا غير متزوج عمري ٣٣ سنة،حبيت اعطي خلفية عن نفسي عشان ما تاخذني بجدية مره بس، وجهة نظر. اعتقد من وجهة نظري انه ما في فرق ابدا بين الزواج ع ن حب او تقليدي، الحقيقة قبل ما تعيشون تحت سقف واحد مافي شي حقيقي، قبل ما تبدا مسؤوليات تتوزع بينكم حسب اختصاص كل احد كله كلام فاضي، ونشوف الغير مسلمين في الغرب تحديدا يدخلون في علاقه ويسوون كل شي يسويه المتزوج وبعضهم يوصل ان يكون بينهم اطفال وفي اللحظه اللي يتزوجون تبدا المشاكل وتوصل للطلاق، لان الزواج عقد مغلظ جدي مو لعب، طبعا اقول هذا الكلام لاي شخص يعتقد ان الحل في زواج عن حب او غيره، والان حنا في زمن ما اقدر اقول الاغلب ولكن على الاقل في محيطي الكثير ياخذون وقتهم وقت الخطوبه ويتعرفون على بعض، المهم ان الاطراف تعرف وش تتناقش عنه وتخلي عنها كلام الحب والعاطفه هاذي بتجي مع الوقت لما يكون موده وفي الاساس بينكم قبول مع الوقت بتصلون له، وشكرا,neutral
271,بوست في حب الحليب بالشوكولاته,neutral
272,هل الزواج عن حب يخلي البنت تراعي ظروف الزوج، لكن التقليدي يخليها تقصه قص؟ سؤال اليوم,neutral
273,بوست في حب الشيخ سمير مصطفى فك الله أسره يا أخي والله ما عارف السبب وراء حبي وحب الكثير من الشباب للشيخ دا، كلامه له أثر كبير جداً على قلبي وأسلوبه مريح نفسياً. بحزن جداً والله لما بشوف أمثال الشيخ سمير في السجون وبشعر بالإستياء ولكن لعل وعسى دا اختبار، عمري ما شوفتله حتى فيديو أو حاجة تدينه أو تخليه يتسجن، كلامه كله مؤثر في الشباب، ووالله أعرف الكثير وانا من ضمنهم كانت دروسه سبب في رقة قلبي بتوفيق الله. أسأل الله أن يفك أسره في الجلسة القادمة وأن يحشرنا معه في الجنة.,sadness
274,في حب المسامط يومًا ستشهد مسامط السيدة زينب علينا يا ابو العيال بتحبوا ايه في اكسسورات العجل؟,neutral
275,قصص زواج عن حب بس بطريقة حلال الله يعافيكم أنا رومانسية ميؤوس منها حرفيًا أحلم وأدعي بزواج يكون عن حب بس بطريقة حلال، بس والله ما أدري من وين يبدأ الشي ذا. أنا ما أتكلم مع الرجال إلا للضرورة، وحتى لو قالوا نكتة تضحك ما أضحك فصرت أتساءل إذا الموضوع ذا حتى ممكن يصير ولا لا. اكتبوا لي قصصكم الحلال، كيف تعرفتوا، كيف صار بينكم الموضوع، وكيف حافظتوا إنه يكون حلال. محتاجة أمل وبالمناسبة، مو أطلب تعارف أو خطبة ترى لسه صغيرة على ذا الشي، فـ لا أحد ينزلق بالخاص الله يرضى عليكم,joy
276,اول حب السلام عليكم ورحمة الله وبركاته انا عندي شي جديد صار في حياتي، و ما توقعت يصير معي شي مشابه في حياتي الا وهو الحب وكنت اشوفه كلام فاضي، لكن انا تخرجت قبل سنه و موظف في إحدى الجهات في برنامج خريجين، ومعنا وحده من البنات في البرنامج ما بينا اي شي وماكانت تجذبني ابدا، وهي صارت معي بنفس الإدارة لكن في فريق اخر، لكن بعد،اول ثلاث اشهر ما بينا اي شي لكن مع الوقت البنت كل مالها تصير أجمل بعيني وتبدأ تعجبني اكثر من ناحية الجمال و من ناحية الشخصية و الذكاء و ضحكتها و ابتسامتها و فيه يوم صرت معها بنفس الكورس في نفس الطاولة و من بعدها انا بديت اتعدى مرحلة الإعجاب، وبعد فترة اذكر حلمت فيها وقمت من النوم سعيد، لكن الى الان ما اشوفه حب، وبعدة فترة جتني في الدوام تحتاج شغله في العمل و حاولت اساعدها لكن ما يمدي لان الموضوع عند شخص اخر، وقالت خلاص شكرا لان ما قدرنا ولا فيه بديل، لكن ما وقفت هنا ورحت حاولت أدبر الموضوع و الحمدلله قدرت اساعدها، و ارسلت لها ايميل و خلص الدوام و مشيت ولا ردت علي ولا قالت شكرا، لكن بعد ساعة ارسلت لي بالواتس انه كنت ادورك و ابي اشكرك و ما قصرت وانا بعدها قاعد ساعات مبسووووط جدا، و ايضا الى الان منب مستعوب انه حب، الا و بعد فترة احلم فيها ثانيه وحسيت انه فيه شي غلط عندي لان الوضع عندي صار كل ما مرت وشفتها انبسط و يتحسن مزاجي وبعد فترة من التفكير اكتشفت اني خلاص غرقت في حبها، و ايضا ذاك اليوم رحت ادور لي اي شي بالشغل عشان اروح اسئلها عنه وقعت يوم كامل افكر ومنفس لكن بعدين سويت الخطه و رحت سألتها و ساعدتني و الصدق اني كنت مبسوووط اني سولفت معها و كملت يومي ذاك اليوم سعيد جدا. حكم اني تأكدت اني حبيتها ف طبيعي بعد الحب وش الخطوة القادمة انه اتعرف عليها اكثر و بعدها الزواج ولاهو توجهي تشبيك بنات وقلة حيا الى الان الحياة ورديه، ونجي للمشاكل اول مشكله الا وهي ان البنت متفتحه و انا جاي من بيئة محافظة يعني مثلا انا طول عمري ابي ان زوجتي تكون منقبة لكن البنت محجبه مب هنا المشكله بعد بحث و تحري حصلت حسابات البنت في السوشال ميديا و لقيت ان البنت ما تتغطى نهائي خارج المملكه اللي جلطني احس انه عادي اتقبل الشي هذا مع اني اشوفه غلط و بديت،الفترة الاخيره احس عادي ومهب شي كبير اهم شي محترمه و تصلي و مسمله المشكله الثانيه الا وهي ان البنت من عائلة ما تناسبنا من ناحية النسب و تعرفون عندنا بالسعودية الشي مهم جدا المشكله الثالثه ما ادري اذا البنت اصلن مهتمه فيني او ما طقت لي خبر نهائيا ايضا انا معي احد اجنبي بالدوام مسلم سألته عن رأيه بالموضوع وكان يشجع و يقول هذا طبيعي و رح كلمها و قلها و من ذا الكلام و قلت له المشاكل قالي الموضوع بسيط والى آخره لكن طبيعي بالنسبه له بحكم انه طول حياتي في بلاد اجنبيه عموما وش اسوي الحين، انا الصدق مستعد أوقف قدام اهلي اكلهم و اصمل عليهم اني ابيها، وطبعا انا ما ابي الا الحلال لكن مادري هل هي تستاهل هل هي بتوافق اصلاً الصدق اني ادعي بصلاة الفجر ان الله يرزقني الزوجه الصالحه انها هي تكون الزوجه الصالح، عموما اخر اسبوعين انا في شبه توهان مع نص اكتئاب ما غير افكر فيها,sadness
277,خلاص لقيت حب حياتي رسمي,neutral
278,هل فعلا يمكن للرجل يعمل علاقة بلا حب؟ وهل زوجته ملزمة دايما تلبي طلباته حتى بدون وجود حب؟,neutral
279,سابتني عشان واحد بيقبض اكتر مني بعد حب اربع سنين انا عندي سنه وبقبض حاليا الف كنت بحب بنت بقالي اربع سنين وخلاص كنت هتقدم جت قالتلي ان مرتبي مش كافي والدنيا صعبه واننا مش هنقدر علي المعيشه مع ان اهلها واهلي ناس عاديه يعني مش ساكنين في كومباوند ولا حاجه راحت واتخطبت واتجوزت في اقل من اربع شهور لواحد شغال قبطان بحري وتقولي معلش بقي هي الدنيا كده فرص وبيعمل قدك مرات في الشهر ما علينا انا مش زعلان عليها بس هي البنات فعلا بتشوف الراجل مجرد رقم و اصل لو كده بقي يبقي احنا نشوف الست كاداه لتفريع الشهوه وخلاص انا مش فاهم يعني ايه في اربع شهور خطوبه وجواز هي جعانه اوي كده؟؟؟ وعلي كلامها مرتبي خايب دولار وتقولي اصلك بيترمالك فتافيت من الشركات الي بره,neutral
280,مين حب قبل كدا؟ ممكن توصفلي شعورك؟,neutral
281,بوست في حب البنات المتدينة بقي عندي انجذاب كبير ناحية البنات المتدينة اللي بتتقي ربنا الواحد بقي يحس ان البنات دي كنز في الدنيا و في الآخرة وان اجمل حاجة ان الواحد يلاقي الواحدة اللي تقربه اكتر من ربنا والعكس بردو وتبعده عن الحرام ايا كان يعني والحياء حاجة حلوة جدا بحس ان البنت كيوت خالص وبريئة ولو لابسة خمار يا سلام بقى سبحان الله الواحد من اللي بيشوفه يوم ورا يوم البنات دي بتكبر في نظري اكتر و لو ربنا راضي عني هيرزقني بواحدة كده,neutral
282,تتجوز صالونات ولا عن حب قبل ما حد يجاوب شويه حاجات تخليها ف بالك ١ لو الجواز صالونات هتقدر تتشرط او تتتنك ف موضوع المواصفات العاوزها او عاوزاها ف شريكك يعنى مثلا لازم عربيه الخ عكس الجواز عن حب البيخلى الواحد يضحى بحاجات كان عاوزها ف مقابل ان ده شخص انا بحبه ٢ مع الوقت الحب بيقل ف لو انتو بتحبو بعض بقالكو سنين و اتجوزتو ف سنوات البرايم بتاعت حبكم و انتو متجوزين هتكون اقل ٣ جواز الصالونات تقدر تقع مع شريك قذر و يكون بيضحك عليك او عليكى ٤ جواز الصالونات تحسه اكنه نتيجه انتا بتروح تعرض نفسك اكنك سلعه للشخص التانى و الشخص التانى بيكون سلعه ليك برضو ٥ ماقيش حلال و حرام مجرد قواعد الفيفا بس ف مهتم اعرف رائ الناس عشان زهقان,joy
283,حب النبي صلى الله عليه وعلى آله وسلم,neutral
284,الشاب السعودي بعد ما يقبّل ١٠ رجال على شومهم و يلبس فستان يوميًا و يكتب قصايد حب عن صديقه و يحقد على النساء بعدين يجيك يهبد عن دور الرجل و المرجلة نصيحة كل ما احد جاب لي طاري المرجلة و جا يتكلم عن الرجل و ليش هذا الشي يصلح ولا لا على الرجل ولا ما يليق الا بالمرأة و يجلس يخترع فرع فلسفة من عنده، تذكروا انه لابس فستان و هو يقول هالكلام. بتموتون ضحك و الغضب بيخف سبحان التنين... فعلًا اكبر دليل على ضعف حجة الادوار الجنسية و اي جدال عن الميول او التعبير عن النفس هو المجتمعات المتحجرة بالموضوع هذا. زي ما انت تشوف الرجل الصيني بالشرق ما يرفع صوته لأن المجتمع مبني على كذا، تروح تقول عنه مو رجل حقيقي بعدين ترجع البيت و تتذكر انك ما كلمت ولا مرأة من ٣٠ سنة و مافي اي دليل انك رجال قوي يحب النساء و راعي بيت و ينجب عيال و واو و شنب و قهوة و صراخ و خرا بوجهك غير انك يمكن تقذف بنات كل مره تطلع و انك تلحس قدم اي رجل مكانته اعلى منك بدوامك,anger
285,حد هنا اتجوز اللي بيحبه خصوصا حب الطفولة ؟ انا معجب بيها من اولى ابتدائي تقريبا ودلوقتي احنا في رابعة انا بشري وهي اسنان مكلمتهاش عشان حرام وكنت ولازلت عاوز اتقدم رسمي في بيتهم. بس بزن على اهلى عشان اخطبها من زمان اوي حاولت افتح مشروع قبل كده وخسرت فلوس واشتغلت في كذا مجال في اخر ٥ سنين ومنفعش وحاليا بشوف مجال جديد فهل حد نجح انه يتجوز اللي بيحبها ولا انا ببهدل نفسي على الفاضي؟ لان الياس بدا يتسللي بعد الفشل الكتير ده الواحد تعب بصراحة بس ربنا يوفقني اللي شغال فيه ينجح واتقدملها ان شاءالله,neutral
286,هل فية حاجة اسمها حب ؟ علشان فقدت الشغف فشخ فى الموضوع دا,neutral
287,ابغى اتزوج عن حب بصيح من فكرة اني بتزوج تقليدي رغم انه افضل من الحب ميزه الحب بتزوج واحد اعرفه لكن التقليدي بسمع عنه وكيف انه كويس او لا مارح اعرفه صح الا بعد ما اتزوجه,neutral
288,أنا وليلى حب من أول قعده ليلى بتيجي تقعد معانا دايما اول لما نروح القهوه حتى لو مش جايبين اكل أصيله برضو، بس بحسها قطه بيت وهربت او صحابها سرحوها، عموما حبيت انشر قصه حبنا,neutral
289,الخضوع حب ولا فى وراى شى تانى ؟ كنت بكلم وحدة من فترة وكانت بتحكيلي مشاكلها وبتاع وانت بسمعها وبصنعة لطافة كنت بريحها ف الكلام يعنى واسمعها وكدا ف المهم لما بكون مشغول أو وراى حاجة ومش بعمل كدا بتقولى انت بتكرهنى لية وبتقولى انا هعملك إلى انت عايزة بس متبعدش عنى مع انى مبطونش بعيد عنها ولكن مشغول شوية اقصد هى انسانة طبيعية ولكن بتكرر كلمة كل شوية هعملك إلى انت عايزة انت قول وانا هنفذ حاسس ب نبرة خنوع ونا مجاش ف بالى اعمل معاها حاجة غلط يعنى بس خايف تكون عملت كدا مع حد قبلى قبل كدا,neutral
290,اعادة احياء حب المراهقه انا ريال ناوي اعرس وكنت اعرف وحده من زمان وتركنا بعض لاسباب شخصية ودينيه وتبنا توبه ان شاء الله انها نصوحه اعرف اخطائها وتعرف اخطائي تعرف طبيعتي واعرف طبيعتها اعرف بيئتها وبيتها وتعرف بيتنا وبيئتنا وبنت عرب وقبايل ويوجد تفاهم ومودة ولكن نحتاج تحسين في بعض الجوانب هل برايكم اتوكل على الله وشو الاعتبارات الي لازم اخذبها,neutral
291,حب البنات للشباب الاكبر ايه السبب اللي بيخلي البنات دايما ميحبوش غير الاكبر منهم؟ مش قصدي ك فيتش البنت مبترضاش بأي حد اصغر منها حتى لو شهر و ممكن ترضى بحد اكبر حتى لو شهر برده ف ايه الفكرة بقا؟ اصل لو هي نقطة انه شخص ناضج و يعتمد عليه ف ممكن يكون الاصغر ده انضج و انجح و يعتمد عليه اكتر,neutral
292,رساله للناس الي مش عارفه تتعرف علي بنات او شايفين ان الصالونات وحش ومفهوش حب جاي اوضحلك يا غالي المعني الحقيقي لكل دا دلوقتي انت ازاي عايز تتعرف علي بنات وانت مش بتبذل مجهود؟ من انواع بذل المجهود وهو انك تهتم بشكلك وتهتم بمهارتك الاجتماعيه وعلاقتك الاجتماعيه في حياتك مبدئيا عشان تتعرف علي بنات في اطار حلال هو انك تروح تخطب بنت هي عجباك وبمعني انك بتشوف دايرتك سواء شغل او او وتشوف شكل البنت تاني حاجه تشوف سمعه البنت واخلاقها وتربيتها وقتها بتروح تخطب البنت وتقعد سنه اتنين تلاته تتعرف عليها زي ما انت عايز البنت عجبتك اتجوزها معجبتكش متتجوزهاش وشوف واحده غيرها الموضوع بسيط الموضوع قسمه ونصيب مش محتاج تخرج مع بنت من ورا اهلها اي حد يقول جواز الصالونات وحش دا راجل اهبل ومجربش معني الحب الحقيقي في اطار اسلامي بنسبه للقايمه والرعب منها وان الزوجه تخونك والشغل دا انت تجيب حاجتك بنفسك والبنت ليها عندك مهرها وبس الموضوع مش صعب لو الاهل رفضوه وانت لازم تمضي قايمه عشان تضمن حق البنت قولهم انك مش هاتمضي ودا الي عندك حابب بس افكرك يا عزيزي القارئ ان في بنات كتير اوي اوي في مصر الحياه مش هاتقف علي واحده انت مش هاتموت لو متجوزتهاش اهتم بنفسك قبل ما تهتم باشخاص اخرون خليك علي وضعك وافتكر ان العبد الي بيطلب العفه ربنا بيوفقه دايما,anxiety
293,كفاية حب وعلاقات فاشلة ع النت يخواتي,neutral
294,معرفش ليه بس الرسمه دي فيها حب لا يوصف لقيتها علي الفيس و مش لاقي الراسم الاصلي,neutral
295,حب التخصص اللي دخلوا التخصص اللي بيحبوه كيف كان مشواركم هل كملتوه للآخر ولا غيرتوا وهل كانت علاقة توكسيك؟,neutral
296,حب من طر فواحد انا معجب بواحده فى درس العربيى بقالى فتره هى معيا فى الدرس بقالها سنتين معرفش لى انا ببصلها وى بطول النظر وى هى ولا فى دمغها اى حاجه بعملها ولا هنا سعات بطيل النظر اول ما تبصلى بصه واحده تروح مره واحده كارفه هى لى بتتجاهلنى انا بحاول بس مش عارف هى متجاهله تماما هى شكلها عرفت بس ولا كانها هنا يعنى مره كان فى امتحان وى العيال كانوا بيسلموا الورق لقيتها عنيها جت فى عينى قعدت حوالى ثوانى بتامل فغيها وى هى قطعت النظر انا مكسوف مش عراف اعمل اى فى واحد صاحبى اخد باله وى عمال يقول لى اعترفلها وى انا بقول له انت عبيط مش عارف انا بحس انى لما ببصلها بشعر بالسعاده انا بقيت بحاول اقرب منها وى بقعد فى اقرب بنش ليها هو اصلا المجموعه صغيره حوالى واحد فا المسافه بنى وى بنيها حوالى متر نص متر يا جماعوا قولوا ليا عمل اى ؟,neutral
297,واقع في حب الالبوم ده,neutral
298,هل الزواج عن حب كذبه ؟ بديت اصدق كلام امي انه الحب بعد الزواج الله المستعان.,neutral
299,وش سر حب كبار السن للفول والتميس تحس هذا الشي اللي يحفزهم بالحياة تحصل رجل ستيني متقاعد مكتئب عليه ديون لكن مجرد مايجي طاري الفول والتميس تتغير نفسيته,neutral
300,اول بوست ليا في حب الشاي,neutral
301,اي سبب حب بعض الاشخاص للمطلقات والكبار في السن,neutral
302,ف حب الصب شات جبت صاحب فكرة الفرعون,neutral
303,لا يوجد صداقة او زمالة للرجل مع النساء الا يجب ان يوجد حب,neutral
304,بوست في حب الفنانة سيرين من اكتر الناس الكرييتف ودمها خفيف وبتديني طاقة ايجابية، بوستات نشرة الاخبار ومحاكمة الكولونيل والحاجات التانية العشوائية وطريقة الرواية باللغة العربية، اسطورية والله كيب جوينج,neutral
305,بوست في حب الي بنحب اكتبولنا اشي انتوا ممتنين على وجوده بحياتكم، انا عن نفسي ممتن بوجود اهلي وصحابي وبحب انه شخصياتهم استثنائية من ناحية ادراك للدنيا ومن ناحية تعامل وممتن لكثير اشياء ثانية بس هم بكونوا أول شي بخطر عبالي اعطونا جرعات تفائل لبداية اسبوع حلوة,neutral
306,هل عندكم حب غير مبرر لمدينة معينة؟ احب الشرقية لدرجة نفسي اذا ارتبطت استقر فيها باقي حياتي ، ما اعرف ليش بس احسها منطقة هادية واهلها هاديين,neutral
307,شو أسباب حب فئة في الأردن لهتلر؟ كثير منسمع عبارة يا ريته هتلر كمل عاليهود بتنزل عوسط البلد بتلاقي كتاب هتلر كفاحي معبي البسطات قد ما عليه طلب هل تعلم عزيزي العربي انه هتلر والنازية الألمانية كانوا مؤمنين بتفوق عرقهم الآري. لما قرروا يبدأوا بحملة الابادة المسماة بالهولوكوست هم استهدفوا اليهود بشكل رئيسي واستهدفوا معهم مجموعات ثانية مثل البولنديين والسلافيين وذوي الاعاقة حتى!! ولو كان في جالية عربية أو مسلمة كبيرة بألمانيا كان أبادها معهم لقدام بعد ما خلص منهم. حط أبرياء منهم رجال اطفال نساء في معسكرات شغلهم شغل اجباري وغيرهم قتلهم بغاز سام أصلا لولا هتلر والنازية الألمانية والهولوكوست كان ما قامت اسرائيل!! يهود أوروبا شافوا الضغوطات اللي صاروا يتعرضوا الها ومنهم هرب من النازية على فلسطين اللي شهدت اعلى نسب هجرة يهودية بموافقة البريطانيين طبعا هي في الثلاثينات بعد استلام النازية الحكم في المانيا سنة فكيف ممكن لفئة منا تدعم ابادة مجموعة دينية كاملة؟ وخصوصا انه المجموعة الدينية هاي هي يفترض من أهل الكتاب؟ والابادة هي سبب رئيسي في احتلال فلسطين سنة ؟ شو الأسباب؟ الزبدة كراهية الكيان الصهيوني مش لازم تعمينا عن بوصلتنا الاخلاقية من خلال لوم اتباع دين كامل اليهودية على حركة سياسية من ضمنهم اسمها الصهيونية. ملان يهود ضد الصهيونية وملان عرب مع الصهيونية. خلينا نكون اوعى من هيك,neutral
308,نهاية حب الطفولة المأساوية لما كنت بثالث او رابع ابتدائي السواق الي اروح معه للمدرسة كان ياخذ بنات واولاد الحي. المهم ولعل كان في ولد اكبر مني بسنتين ومعي بنفس المدرسة كان هه هو الكراااش الله يسامحني والمشكلة الولد كان واضح داشر وما اعرف عنه غير اسمه. المهم ماقد تجرأت وصارحته الحمدلله بزر حمار لكن خطوة اهني نفسها عليها. بيوم كنا جالسين انا وامي نتابع فيلم هندي الظاهر الفيلم هو الي حرك مشاعري وقررت اصارح امي وليتني ما صارحتها شكلي كنت احسب اننا اوبن مايندد وكذا المهم انجلدت والباقي أسرار بيوت . خخخخخ حتى بعد ما مرت على السالفة سنوات كنت كل ماشفت الولد تذكرت التروما الي مريت فيها بسببه,neutral
309,ايه العيب انك تظهر حب في مكان مفتوح انا عايش برا مصر والعلاقات بين الجنسين في الشارع عمري ماشفت اتنين سخنين هيجانين علي بعض في الشارع كل اللي بيحصل احضان وبوس اشتياق او سلامات او وداع وعادي مغهاش سفاله ولا هيجنه لكن الهلع اللي بنشوفه في مصر عن اي حد يلمس واحده فمكان عام بيبقي بضان بجد فكره اننا فمصر نبضن علي اي حد بيتعامل بحب مثلا يمسك ايد او يبوس او يحضن خطيبته حبيبته مراته صاحبته ليه نبضن عليهم ليه نتكلم معاهم اساسا ؟؟؟؟ مثلا يعني هل احنا حيوانات محتاجين توجيه دايما والا هنعد كلنا ننيك فبعض ليل ونهار؟؟ بجد مفيش جهل اكتر من كدا نفسي الافكار دي تتغير,neutral
310,بوست في حب الايس كريم في دخله الشتا,neutral
311,لا تقليدي ولا عن حب ما أبي اتزوج تقليدي وبرضو ما أبي عن حب ما أصدق حقين السوشل ميديا وعندي والواقع التواصل محدود بالجنس الآخر ولا أبيه والعلاقات حرام ما أبغى أقرب لها أبي اتزوج عن معرفة مسبقة فقط أعرف وحدة سوتها وزواجها كان ناجح ودخلت هذي الطريقة بمخي بس صعب تطبيقها,neutral
312,في حب السودان و أهل السودان من آكتر الحاجات إللي بستغربها حقيقي العنصرية ضد أهلنا في السودان و اننا بنتعامل معاهم علي أساس إن مصر مش بلدهم، يعني إنت عندك أول رئيس مصري كان سوداني و أم السادات كانت سودانية و دايما تاريخ مصر و السودان واحد، شعب واحد إللي فرقة الحدود، يعني أنا شايف إن أهلنا في السودان إللي هنا هي هي نفس فكرة إن لو حصلت مشكلة في القاهرة فاهلها راحوا إسكندرية أو العكس البلد واحدة. حاجة كمان كل الحب لجمال اهل السودان و لهجة أهل السودان، أنا مجرد ما بسمع واحدة بتكلم باللهجة السودانية حقيقي ولا لهجة لبنانية ولا غيره. الغرض من الكلام مش إني اجرح في فكرة الدولة المصرية و الوطنية و أن إحنا شعبين مختلفين علي الرغم إن بينا تاريخ مشترك و جغرافيا متداخله، النقطة كلها إن لو أهل السودان غريب عننا أو مش مننا عشان عندنا اختلاف ثقافي معاه، فهل نقدر نطبق ده علي النوبة أو عرب سينا و مطروح أكيد لا، فحتة الحدود السياسية مش هي إللي هتقسم الشعب نفسه، و فكر إن كانت حدود مصر الانجليز شالوا منها النوبة، مش كنا هنقول عليها نفس الكلام؟ عموما أي مواطن سوداني أو سوري أو فلسطيني أو عربي مسلم ماينفعش اصلا يتقال عليه لاجئ بل مهاجر، اللاجئ دي تقولها علي الاوكراني مثلا إللي جه بسبب الحرب,neutral
313,الصب صار كله سوالف حب وعلاقات طفشونا وكلهم بزوره المشكله على ايامي لما كنت بعمرهم كنت احب نفسي و الانمي والاغاني الكوريه والافلام والمسلسلات فقط للحين نفس وضعي الحمدلله,neutral
314,اعتقد انه كل جيمرز العرب يتفقون في حب,neutral
315,في حب ما اظنش اني شوفت حاجه الشخصيات فيها واقعيه زي المسلسل ده,neutral
316,اول حب بحياتكم بعده موجود لو لا ؟ وشصفى بي الدهر ؟,neutral
317,حب حقيقي حاسس اني عاوز اتكلم لأني هنفجر من كتر الكتمان وعدم مصارحه نفسي بالكلام دا ف قولت ممكن لما حد يشوف كلامي ينصحني اتخطي ازاي أو ايه اللي انا فيه دا اساسا اولا هتكلم عن نفسي وملخص لشريط حياتي سريع ف انا بتأسف لو البوست طول مني خلينا نبدأ من ابتدائي انا كنت شاطر جدا في ابتدائي وكان عندي بعض الغرور ب شطارتي بس طبعا مش بعمل اي حاجه ل اي حد نهائي كنت بفرح اوي ب اعتزاز المدرسين بتوعي بيا وهكذا وكنت بشارك في حاجات كتيره اوي ف كنت معروف يعني بس ولا كنت وسيم ولا نيله ف وقتها كنت اول مره احب في حياتي بنت معايا في الفصل يعني لعب العيال دا انا فاكر اني في ابتدائي صاحبت بنات بس كلهم كانو عاوزين بس حته انها مصاحبه الفلان دا الشاطر اوي والكلام دا بس واحده منهم كلمت واحد عليا من فصلها والتانيه انا سبتها بعد ابتدائي والتالته مكنتش بتحبني اسااسا ف انا قولت كل الكلام دا وهوا مش مهم نهائي بس عشان اسرد القصه كامله اول مره احب في حياتي كانت بنت معايا في دروس اولي اعدادي اتوقع دا كان اول مره احب فيه بجد وحب صادق فشخ وكان معروف عني اني محترم جدا ومؤدب وكويس وكل الصفات الحلوه في اي حد دي بس مازلت مش وسيم وفضلت افليرت علي البنت دي سنه واتنين وتلاته دون اي اعتراف ليها ب اي حاجه وانا بجد كنت بحبها من كل قلبي وكنت بستني نطلع من الدرس واجري علي بيتي عشان اقف في البلكونه واشوفها وهيا معديه في الشارع وانا مش باين من البلكونه جيت في تالته اعدادي صارحتها ووقتها قالتلي انت كويس جدا ومحترم بس انا مش بفكر في الموضوع دا نهائي عشان امي بتزعقلي و هيا مش عاوزة مشاكل والكلام دا انا احترمت وجهه نظرها جدا وبالعكس بدل ما اتدايق منها علت في نظري اكتر اول مره اتحط في الموقف دا مكنتش اعرف اني بترفض اتفاجئت بعدها ب اسبوع انها ارتبطت ب صحبي اللي معانا في كل الدروس بعد ما ساب صحبتو القديمه وهيا وافقت وبقو الاتنين يقعدوا قدامي في الدروس يحبو في بعض وانا قاعد شايف كل دا ومش عارف اعمل اي حاجه اعتقد من اللحظه دي بطلت احب حد تاني بس لسا الكلام كتير اوي بعدها ب فتره واحنا لسا في تالته اعدادي كنت عرفت بنت تانيه معانا في المدرسة بس ولا عمري اتكلمت معاها ولا اي حاجه بس جبت رقمها ووصلت ليها اني عاوز اكلمها كنت بدأت احب تاني بعد الصدمه دي في الاول البنت دي رفضت تكلمني بس انا صممت اني اكلمها ف كلمتها وهيا صاحبتني مكنتش اعرف برضو انها بتسلي نفسها وكدا جينا في الاخر بعد امتحانات تالته اعدادي وصل ليا كلام من ناس غريبه اوي معرفش اسماؤهم حتي ان البنت دي مرتبطه وبتحب سواق توكتوك طب يعني ايه ازاي متقولش ليا حاجه زي كدا قالتلي ان انا شايفه ان دا مش موضوع مهم نتكلم فيه يعني قولتلها ماشي وبطلت اكلمها ف ادركت وقتها انها كانت بتتسلي بيا واني كنت لعبه وخلاص بدأت جزء جديد في ثانوي والجلو اب بقي والشغل العالي واهتميت ب نفسي نيك وبقيت خلاص كاره كل الناس دي وكرهت حرفيا التعامل مع البنات اساسا من بعد اللي حصل معايا دا ليه يحصل معايا كل دا يعني مش شايف اني استحق اترفض او اتعامل بالطريقه دي وتقريبا من وقتها محبتش بجد، بعد الجلو اب انا وصل بيا الوضع ان البنات بقت اللي تدخل تكلمني وبالمناسبه البنت بتاعه سواق التوكتوك دي دخلت كلمتني تاني هموووت بس انا طبعا اديتها بالشبشب ومن وقتها بقي في ماسوره بنات ضربت في وشي بس انا ولا عارف احب ولا عارف اثق في حب ولا عارف اتنيل علي عيني واضحي عشان حد ولا ابيع عمري عشان خاطر حد بحبو بجد يعني في فتره ثانوي دي مش اقل من بنات اعرفهم من المنطقه بتاعتي كلموني وفتحو معايا كلام ويحبو فيا والكلام دا بس انا طبعا مش قادر احب حد ولا ادي مشاعر لحد ف كنت بصاحبهم بس جيت في تالته ثانوي عرفت واحده من علي الفيس طلعت معايا في دروس مشتركه كتير ف اتكلمنا كتير اوي وحبيتها وكنت مسيطر عليها يعني ف ارتبطنا حوالي سنه ونص بس دي ولا تعرف عني حاجه ولا عرفاني من صغري ولا الكلام دا يدوبك كلمتني عشان عرفت اني عندها علي الفيس وشافتني في الدروس والكلام دا واكتشفت أنها كانت بتعمل كام حاجه كدا عشان تكلمني في الاول وانا عارف انها كانت بتحبني اوي وكل الكلام دا بس انا برضو مهما اديت ليها مشاعر انا بعمل كدا عشان مجبر وأنها مرتبطه بيا والكلام دا بس لو جه أضحي ب حاجه او اي شئ عشانها بقولها كسمك ومش هعمل حاجه وكدا والدنيا كانت بتمشي عشان هيا بتحبني و اول غطله عملتها معايا روحت سايبها وفضلت داخل في سنه لحد دلوقتي بالمناسبه لسا بتحاول تكلمني تاني او تبين انها عاوزة تكلمني بس انا رافض تماما ودلوقتي انا في الجامعه اول ما دخلت الجامعه برضو واحده كلمتني بس دي مشكله بقي يا جدعان جامعه يعني نزول كل يوم الكليه يعني بشوفها يعني بنتقابل يعني ويعني ويعني والبت فشخاني مشاعر حرفيا وبتعمل ليا حاجات كتيره نيك انا مش بطلبها منها كأني متجوزها مثلا ودلوقتي احنا اساسا في مرحله وصلنا بقينا بنسكس شات مع بعض يعني داخلين علي مرحله سودا بس انا مازلت مش حاسس اني بحب ولا عاوز اضحي ولا عاوز اساسا احب يعني معنديش مشكله انها تبقي صحبتي وبالفعل دا اللي بيحصل بس قصدي ليه انا مش عارف احب واعيش زي الناس مع اني خلاص مشكلتي بتاعت زمان اتحلت وبقيت وسيم لما اهتميت بنفسي والبنات هتموت عليا والكلام دا البنات هتموت عليا دي كنايه عن الاهتمام مش بتنطط ، اتوقع انا كدا خلصت اعمل ايه يا جماعه ارجع بيها طاقتي نسيت اقول حاجه اني طول الوقت حاسس ان المشاعر دي مزيفه او الي ذلك يعني كل حاجه بتحصل لحظيه لأني عارف انها هتخلص في وقت ما ومش دي اللي هكمل معاها حياتي والكلام دا ف هل حد عندو حلووووووووول وشكرا,joy
318,حب التملك ؟ مدري اذا هذا يعتبر حب تملك بس انا اذا حبيت شخص و كان قريب لي جدا مرات ازعل اذا كان مع غيري مثلا انا صديقتي المقربة الوحيدة علاقتنا انا وياها اكثر من صحبات اكثر من سنوات وهذي السنة اول مرة ادرس معها بنفس الفصل كنا ندرس بنفس المدرسة بس باقسام مختلفة ولاحظت اني ابغا اكون دايما معها و دايما ابحث عنها لدرجة ما ابغى افترق عنها يعني خرجت اخرج معها جلست في مكان معين اروح اجلس جنبها المهم و لاحظت انها عكسي يعني هي صح دايما تبحث عني و تكون معي بس مرات تكون تضحك مع صحبات ثانيات ، مثلا تروح عند مجموعة ثانية و تلعب معهن او شي زي كذا بس انا طول ذيك الحصة اتبعها ولا تقولو ما تحبك او شي العكس ادري انها تعزني ولما تشوفني جالسة لوحدي تجي عندي و ماتخليني وحيدة بس والله مدري ايش هاالشي و كمان لما نكون سوا بالبيت هي عادي عنظها تجلس بغرفة وانا بغرفة ثانية احنا تقريبا عايشين نع بعش ودايما مع بعض بس انا لا لازم نكون بنفس الغرفة يعني ليش احنا مجتمعين في بيت واحد يعني عشان نكون مع بعض . و شي ثاني ، مثلا اذا شخص ثاني كان قريب لي و اعزه و مكانته خاصة بقلبي ابغاه يكون هو نفس الشي يعزني و الاشياء الي يسويها معي ما يسويها مع غيري بس هذا مو دايما، ادري انه غلط و احاول ما اشيل بقلبي مرة ثانية في صديقة اعرفها من زمان مرررة تحبني كانت تمدحني مدح مو طبيعي بيني و بينها في الخاص يعني حسيت خلاص البنت مرة لطيفة بس بعد شوي بنفس الوقت مدحت وحدة ثانية كانت معنا في القروب و قالت تقريبا نفس الكلام و قلت خلاص المدح الي مدحتني مو صادق و زعلت . بس طبعا كل هالشي ما ابينه لاحد او اقوله لاحد حتى صديقتي المقربة يعني اخليه بيني و بين نفسي و بس,joy
319,تبغون تتزوجون عن حب ولا تقليدي؟ وايش تتوقعون الي حيصير,neutral
"320,""تقليدي أم عن حب؟ ملاحظ أن الوضع تحول إلى أحزاب, حزب التقليدي ينقد على الحب وحزب الحب ينقد على التقليدي, وكل واحد يقول طريقة الثاني فخ. كون أن عندك حالة حالتين سلبيات لا يعني أن السلب راح ينطبق على باقي الحالات اللي من نفس النوع. كل حالة فريدة من نوعها, خصوصا فيما يتعلق بالزواج لأن المتغيرات والمؤثرات لا تحصى فمب من الإنصاف أننا نربط نجاحه أو فشله بكيفية حدوثه. ما تبغي عن حب لا تحب, بس ما يمنع ترتبط بعد معرفة وتواصل. ما تبغي تقليدي لا تقلد, بس الحب مب بالضرورة يسبق الزواج عشان ينجح, والمشاعر أحيانا تطغى على العقل. الوسطية زينة خصوصا في أمر مصيري مثل الزواج. . في نفس السياق عندي تعقيب. قريت لبعض المشاركين أنهم يرون أن أمور مثل سمعة البيت والالتزام الظاهري هي المعيار الأول والوحيد وجهة نظر شائعة. الأول ما نختلف عليه, لكن كونه الوحيد أحيانا لا يكفي والتثبت مطلوب. أعرف بيت, الأب والأم يضرب بهم المثل في الالتزام والأخلاق, الابناء معروفين بالالتزام وحسن الخلق, محترمين وسمعتهم طيبة جدا. هذا ظاهريًا. في الحقيقة أحد الأبناء ملحد التزامه تمثيل عسب يتجنب المشاكل, طبعا الأب والأم ما يدرون. نعم يوجد حديث فاظفر بذات الدين وحديث من ترضون دينه وخلقه, الحث على الاهتمام بالدين لا يعني أن أقاويل الناس هي الطريقة الوحيدة للتثبت من دين الشخص وأيضا لا يعني اهمال باقي الجوانب, كون الدين معيار أولي لا يعني أنه الوحيد. الزواج أكثر أنواع العلاقات الاحتماعية تعقيدا وقد يكون الطرفين صالحين دينا وخلقا و يحصل انفصال بسبب عدم وفاق في الطبائع أو أسلوب الحياة أو القيم أو التوجه أو حتى عدم القبول."",neutral"
321,حب النودز عندي حاجة غريبة بس بحبها جدآ بحب اصور نفسي ملط كتيييير يعني في كذا بوز و كده ممكن مره لسه صاحي مره راجع من بره اي حاجة و مره في لوكر رووم لوحدي مش عارف ليه و في الاغلب لما برجع اتفرج علي الفيديو او الصور بهيج و بحس اوف جامد اوي حد فاهم ؟,neutral
322,اشفق على اللي عنده حب تنافسيه عالي والله يا اني اشفق عليه وأرحمه فعلا مسكين الله لا يبلانا ترا اللي كذا تلقونه اكثر شخص مهزووووز من داخل حتى لو بانت شخصيته قوية تراه هش بشكل لا يوصف وتقدر تكسر كيانه وتزعزع امانه بكم كلمة توصف جروحه الله لا يبتلينا,neutral
323,حبمجرد طفولة هل تؤمن بحب الطفولة؟ لو تقدم لك حب الطفولة بتقبلين ؟ وانت يارجل هل ستتقدم لحب الطفولة ؟,neutral
""
325,هتصدقو لو قولت ان تايلر آخر مره حب واحده كان من تلت سنين ؟,neutral
326,حب أعمى انا جاي ونزلت قبل كدا اني بفكر أبعد ..... انا مرتبط من مده بواحد وهو شخصيه محترمه جدا جدا وبيصلى وبيساعدني على الصلاه ف وقتها ولو عددت ف محاسنه مش هخلص المهم انه بدأ يقولي انا مدايق انا بقيت بفكر ف النهاية ... انا ضميري الديني بيكلمني وفي جوايا حرب ومش عارف أعمل اي انا كلمته وقتها ورديت بكلام يشجعه ويشجعني على اننا نبدأ خطوات ف البعد عن الحرام وكدا لكن انا حالا منهار ومرعوب من كلامي وكلامه بجد مش عارف هقدر اخد الخطوه دي ازاي,neutral
327,حب خواتنا المسيحيين لينا من فترة كنت نزلت بوست اللي هو اول بوست ليا خالص لو حد حابب يقراه عشان يفهمني كنت بقول ان المسيحيين واخدين حقهم بزيادة ف البلد و فوق كل ده حاسين بالاضطهاد و مبيحبوناش و بيرسموا علينا الحب المزيف و اتهاجمت من ناس مغيبة و مفكرين الحياة بمبى بس مع المواقف النوايا بتبان و هوريكم دليل ع كلامي بخصوص حادثة اغتصاب الطفل يس من عجوز مسيحي ٨٠ سنه و اتسترت عليه مديىة المدرسة الابلة المسيحية و هوريكم التعليقات ب لينك البوست ف كومنت لوحده و شوفوا خواتنا بيفكروا فيكم ازاي او لا مش فيكم دول بيفكروا ف طفل صغير ازاي و حاولوا تتخيلوا ان الحادثة دي ف مدرسة ازهرية ده غير ان المساوحة ب مطلعين اننا سبب الاغتصاب و التحرش و الكلام ده,neutral
328,عايز اقول كتير بجد في حب الديسكورد ...,neutral
329,حب الرجالة عندي اسأله كتير عشان شاكه ان حد معجب بيا بس معنديش دلائل كافيه و كل حاجة بمسكها ك دليل بحس ان هو بيحاول يبقى نايس و خلاص و اتوقع اني كلشوية هاجي اسألكم اللي حصل ده نابع من اعجاب ولا عادي ؟ هي الرجاله بتاخد قد ايه لغاية ما تحب و تبدأ تبين ده؟ كم المدة للإتنين؟ هو الراجل لما يعجب بوحدة بيعمل ازاي؟ بيتجنبها ولا بالعكس و لا طبيعي؟ و شكرا,neutral
330,اكولها بكل حزن، هذا الصب عبارة عن مقلب بال ٣ ايام الفاتت الصب ضربه اعصار وعرى هواية من عدنا. ب ٣ بوستات بس، طلعت فد تناقضات مو بس بشعة، لا مخيفة. تناقضات تخليك تفكر شنو حجم الضغط والقرف الي دنعيشه والي تخلينا نصير شخصيتين متناقضتين وحدة للعرض واللخ للغرض؟ بصراحة البوست مال بارحة جان جداً صادم ماكو اي مبرر الواحد ينشر جات خاص. بس الصادم اكثر لمن تشوف شنو مكتوب بالجات وشلون الشخص الي عنده مبدأ معين ويدافع عنه بكل قوته، يتخلى عن مبادئه بأول فرصة ممكن يستفيد منها. البارحة شفت اقسى حقيقة للطبيعة البشرية كدام عيوني. الي صار مو معناه اي طرف صح ١٠٠٪؜ ولا غلط ١٠٠٪؜، احنا عايشين بعالم نسبي ومليان وجهات نظر. الشي المؤسف لمن الشخص يتحول الى نسخة ثانية من نفسه هو نفسه ميعرفها. ما استبعد نهائيا تكون القصة والموعد والطلعة وصديقتها وصاحبها مجرد تأليف من خيال شخص ضايج ما عنده شي يسويه، وحتى جتي لحظة من اللحظات تخيلت ان الي ديتعاركون همة نفس الشخص، بس بعدين حسيت الموضوع مستبعد. الشي الي حسيته واصل للحضيض هو الفشار والغلط بالتعليقات. اعرف احنا بشر مو ملائكة بس لمن الشي الطبيعي تغلط وتسب الشخص الي معاجبك رأيه وطرحه، هنا لازم نوكف شوية. المقلب هو معظم الناس الي موجودين هنا ديحاولون يتحررون بس باقين محتفظين بقاضي صغيروني يطلعوه من جيبهم يحكم حسب مزاجهم وبدون معيار واضح. خلي نصارح نفسنا شلون نكدر نخلص من هذا القاضي الصغيروني الي ديحكم حسب قياساتنا الي ممكن متناسب الاخرين؟ لو كل واحد من عدنا عاجبه يعيش دور الاله؟,sadness
331,حزن ليه بس التكنو الي الها صب حزن وذيقه وغيره وحسد,sadness
332,حقيقي بجد لسة مخلص مانجا بتاعت بيرسيرك و حابب اقول كلمة واحدة ك جريفيث أنا عايش حالة حزن فشخاني,sadness
333,يتم حزن لماذا انت حزين ؟,sadness
334,حسيت قبل كده بضيق ف صدرك و دوخة وضعف ضربات القلب بسبب حزن او حاجه زي كده؟,sadness
335,عايز اغاني سعيدة، كل اللي عندي حزن و ده فشخ نفسيتي,sadness
336,ناقصك حزن؟ قبل ما أبدأ كلامي فأنا ضد متابعة الأفلام والمسلسلات جملة وتفصيلا وأي محتوى تتفيهي لما تحتويه من محرمات ومن مفسدات للضروريات الخمس أنا مستغرب فعلا من الناس الي تتابع فلم أو مسلسل او انمي يعتبر حزين وطابع الانمي كامل كئيب وينكد على الشخص؟ ليه؟ مو اصلا الهدف من متابعة هذي الأشياء هي الترويح على النفس والاستمتاع، سمي هذا المجال بالترفيه لسبب يعني فليش يتابعون هذا الشي؟ طبعا انا ما اتكلم مثلا عن عمل فيه شيء من الحزن او لحظات الضعف للبطل او للشخصيات ككل بالعكس هذا يخلق واقعية نقدر ننتسب لها ونلتمسها، انا اتكلم عن عمل اصلا سووه عشان الكآبة والحزن والسوداوية المحض وزعل نقي من أ شائبة للسعادة؟ ناقصك حزن لعمرك؟ تبغا هم فوق همك يعني؟,sadness
337,يتم حزن علي حسابي القديم عشان التوب ميمبرز,sadness
338,كيف تتجاوز حزن فقد احد ؟ في حال كانت صداقه انتهت أو وفاه شخص عزيز أو فقدان حبيب كيف تجاوزتها,sadness
339,هخخ حزن النت كان فاصل ولما اشتغل فرحت وبعدين افتكرت اني محدش بيكلمني,sadness
340,حزن حزين اوي ومش عارف أعمل اي,sadness
341,حزن شديد فقدت بسبوسي مبارح و حاسة جزء من روحي مات معه، لو سمحتو ازا حدا مر بالموضوع من قبل احكولي كيف اتعامل لأني والله مو مستحملة فراقه ٩ سنين كان عندي !! عاش اغلب حياتي معي و والله اني مو قادرة احس غير بوجع و صدمة انه بسبوسي حبيبي و روحي مات فجأة بعرف انهم مرحومين من الله بس يا رب اكون انا ما قصرت معه يا رب اكون رحمت فيه و عيشته حياة حلوة قد ما اقدر,sadness
342,يتم حزن شعور ان البيت بقي فاضي و كله شاف حياته و معنتش فاضل غيرك ده شعور بضين,sadness
343,يتم حزن علشان انا مش مود,sadness
"344,قبل أن تبرد القهوة؛ يتم حزن ...,sadness"
345,هواجيس مع شوي حزن و اكتئاب قد يوم من الأيام حسيتوا انكمتبغو تخلصوا من الحياة بسرعة؟ كذا والله تعبت من الحياة بس ما أبغى أموت، عندي ف أحس اني أبغى أشوف أو أعرف أو أعيش حياتي كلها في ثانية ولا دقيقة ولا يوم واحد و خلاص أروح منها دائما إحساس اللي مافي شي قاعد يظبط ولا في شي قاعد يتصلّح و لسا باقي وقت طويل لين أوصل للجزء الممتع من الحياة بس بعدين ارجع أفكّر..يمكن مافي جزء ممتع في الحياة هي كذا بس كلها تطلع و تنزل و مرات تطول و هي نازلة بس ليش ما تطول و هي فوق؟ مدري لو فهمتو ايش قصدي ب فوق و تحت بس تحت هي الأيام الحزينة أو عادية في أفضل تقدير بينما فوق هي الأيام اللي فيها هدف و شغف و رغبة بالحياة المشكلة الأكبر لما يكون عندك مشاكل و تعرف حلها بس ما تقدر تحلهاأو الحل المعروف اللي ينفع مع أغلب الناس مو قاعد يظبط معاك، ف هنا ايش الحل طيب؟ ما أعتقد في أحد يقدر يساعدني غير رب العالمين لأنه حتى أدوية و معالجين جربت ولا فيها الفائدة اللي توقعتها و مشكلة ثانية لما أشوف اني أنا سبب انه مو قاعدين يفيدونيالزبدة ادعولي لوسمحتوا,sadness
346,حيرة و حزن و شتات تكاثرت الظباء على خراشٍ فما يدري خراش ما يصيدُ,sadness
347,إلى أين ياخذ بي حزن الفقد مالكم بالطويلة أبوي عساه جنات النعيم توفى من سبع سنوات ومن فترة طويلة قررت أكمل حياتي لأن وضعي بعده متاكدة بيزعله توقفت عن البكاء لأن تعبت وهو بيزعله ولكن الحزن من جوا ياكلني اكل عليه جرح وفاته عجز يبرى كانه اليوم رايح أسال اي احد توفى له فرد عائلة درجة أولى من فترة طويلة هل رح يستمر جرح الفقد يستنزفني ؟,sadness
348,حزن محزن بكيت اليوم وانا راجعه مع اوبر للمعلوميه اخر مره بكيت قدام احد وانا عمري سنواتوهو شايب يسووووولف ما يسكت وقلت له ممكن تسكت ووقت نزلني ارسل لي الله يطمن قلبك يابنتي ودعواتالله يسامحني بس ندمت على التسكيت,sadness
349,هواجيس مع شوي حزن و اكتئاب,sadness
350,كفى حزن يا ولدي نفترض ان چيسي مسح اكونته مع ان دي حاجة مستحيلة في الوقت ده بس نفترض يعني اعتقد انه لو رجع تاني ولقى الصب اتحسن هيبقى مبسوط، والعكس انه لو رجع ولقى الصب بقا وحش هيزعل جداً ف انا فكرت شويتين كده وقررت اننا هنرجع ننزل زي الاول واحسن من الاول كمان كله لاجل چيسي والناس المحترمة اللي هنا اللي تستاهل محتوى حلو وصب جميل هنرجع الفعاليات تاني وهنحتفل بالالف ميمبر وفي نفس الوقت هنحاول نجيب اي سوشيال لچيسي عشان يفرح معانا عشان ده معانا من اول الصب مع تحياتي، تود,sadness
351,حزن اهلي انفصلو لما كان عمري ٤ او ٥ مش متذكر ضليت عايش عند امي لحد ما صار عمري ١٤ ما بعرف شو خطرلي تا قررت اعيش عند ابوي هسا عمري ١٨ بشتغل مع ابوي بسوبر ماركت النا قبل شوي كان يبهدلني مشان شغله ما سويتهامش متذكر انه قلي اصلا وهو ببهدل صار يقلي يعني ما بدك تشتغل؟ قلتله بكل عفويه لا وبلش يتندم انه رباني وصار يحكي انه ترباية النسوان ما بتربي زلم والخخخخخ من الحكي هاذ هو بس بده يشغلني عنده علما اني ما بعطيني راتب بحجه انه هاي رزقتي وممنوع اشتغل عند حدا هسا بخطط انه ارجع عند امي هو انا من زمان مخطط بس اباشي اللي بمنعني هو انه ما عندي مصدر دخل ثابت وبديش اخرب علاقتي بأبي قلي اذا رجعت عند امك رح أتبرئ منك ومحتار وقرفات ولسا مش مبلش دراسه لانه بدي اعيد عالتكميلي مشان افوت الجامعه واشي بقرف وهو مفكر انه الاب المثالي ما بعرف كيف وبكذب علي بس بفكر اني ما بعرف مفكرني مفكره الصادق الأمين وبحكي مع وحده غريبه ومفكرني ما بعرف نداري بدي اعرف شو اسوي وبدي مواساه او اي اشي يحفزني اني اكمل وشكرا عوقتكم,sadness
352,حزن عارفين لما كل لحظة سعيدة في حياتكم شخص معين لازم يعكننها عليكم,sadness
353,يتم حزن علي ما مضي و مشاعر سلبية,sadness
354,حصل موقف من كام ساعة اتعاركت مع اهلي وقولت اني ماشي وسيابهم المهم الجو قلب حزن وانا نازل ستس كانت موجود عندنا مسكتني وفضلت تعيط وانا بصراحه اتأثرت وعيطت بس امي فضلت تشتمني وتلعني وتقولي ان خلفتك زبالة مش هي جاحدة ولا في حاجه غلط مش هينفع اقول سبب الموقف الصدامي دا بس هو بسبب حد تاني من قرايبنا,sadness
355,حزن لا أعلم لماذا حزين، انا حزين حقا وبشده. هل ذلك من متاعب الحياه. ام ذلك من الأشخاص الذين في حياتي. لم أعد كما كنت، انا الذي كان لا يهتز قلبه من شعور، الآن أصبحت حزين وبشده لم اعهده من قبل. إذا هناك شخص يقدر عاي مساعدتي فأهلا بك كلي آذان صاغيه,sadness
356,وش بيت الشعر اللي اذا مر عليك تحس بإحساس قائله؟ حزنفرحإلخ,sadness
357,فيني حزن فظيع ماعرف ايش اسوي للامانة اتمنى اني انام ولا اقوم ادعو ليا,sadness
358,حزن توفت وحده ماقابلتها يمكن اكثر من ١٥ سنة هي كبيرة في سنها لكن والله حزنت حزن عميق لما سمعت انها توفت أول يوم برمضان الله يرحمها ويجعلها في جنات النعيم تقطع قلبي عليها.. وضعها كان يحزن ياناس كانت ماتسمع ولاتتكلم، وبسن الخمسينات يمكن فقدت بصرها تزوجت سنة وتوفى زوجها وما انجبت ماكان عندها بيت ياوجدي عنها كانت تتنقل بين بيوت اخوانها وكانت تلقى مضايقات من الحريم وسوالفهم لين اختها اخذتها عندها اللي قطع قلبي ان ما حضر دفنها وعزاها احد كثير وماعندها لا ابناء ولا اقراب يدعون لها ويترحمون عليها أرجوكم اذكروها بدعوة وكل ميت ماعنده احد يدعي له ويترحم عليه,sadness
359,حزن مش عارفه ليه بالرغم من ان كان زمان فيه مشاكل بيننا وبين بابا مدتها ييجي سنه اختي الي هي بنته بقيت ف كليه وبنحاول نخليها تتعامل مع الناس فا عاوزينه هو يشوفلها شغلهو بيتعامل مع ناس كتير وكمان عشان تكون تحت رعايته كان بيكلمها امبارح ومش عارفه قالها اي بس قالت قالها كلمه مش كويسه المهم انه زعلها اوي مش فاهمه ليه يعني لما عيالك يحتاجوك ف اقل حاجه تعمل كده يعني انت اصلا متخلي عنهم من زمان هو متجوز واحده تاني بقاله سنه ممكن كلامي مش مفوهم او متلغبط او فيه معلومات ناقصه بس مش مشكله بتكلم وخلاص,sadness
360,الشباب اللي رشحولي المرة اللي فاتت جي أقولكم انهارده كان الجزء النظري من المادة وكان من الأسوأ في حياتي برده اقترحوا حاجة فيها نجاح وتحقيق الهدف بعد الفشل كده كفاية حزن في الواقع مش هتبقى في المواقع كمان,sadness
361,حزن غير مبرر حد قبل كده جه عليه وقت انو حاسس انو حزين من غير سبب يعني انا حاسس اني مخنوق فشخ مع اني بصلي و بقرا ورد القران بتاعي و بنزل الجيم مش عارف حاسس اني حزين و مخنوق اوي لو حد مر بالموضوع يفيدني,sadness
362,الواحد لمن ينصح ناس ما يعرفهم ويُردوه يحزن، فكيف كان حزن الانبياء الذين دعوا اهلهم وابناءهم وآباءهم يا بني اركب معنا ولا تكن مع الكافرين ،قال سآوي الى جبل يعصمني من الماء قال لا عاصم اليوم من امر الله الا من رحم يا أبت اني قد جاءني من العلم مالم يأتك فاتبعني اهدك صراطًا سويا، يا أبت لا تعبد الشيطان ان الشيطان كان للرحمن عصيّا، يا ابت اني اخاف أن يمسك عذاب من الرحمن فتكون للشيطان وليّا قال سلام عليكم سأستغفر لك ربي إنه كان بي حفيّا قيل ادخل الجنة قال يا ليت قومي يعلمون، بما غفر لي ربي وجعلني من المُكرمين يا حسرة على العباد,sadness
363,حزن بيجلكو فتره كدا بعد م ب تسيبو حد في مرحله الموف اون مش عاوزين حتي ت ماستربيت علشان غالبا الفعل دا بقا مرتبط بيه بشكل ما يعني انا حتي مكنتش بكلمه وانا بعمل كدا ولا اي حاجه بس ساعات كنت بفكر فيه يعني دلوقتي الموضوع بيكأبني بطريقه مش طبيعيه مره عيطت,sadness
364,حاسس بفراغ مبقتش احس بمشاعر حزن ولا زعل ولا فرحة ملحوظة أنا عندي صدمة نفسية مريت بموقف صعب قبل كده مسببلي صدمة نفسية من ساعتها مش عارف افرح ولا أعزل ولا عارف احب حاسس بفراغ مفيش حاجة معنديش هدف عايش له لو حد طلع من حياتي مش بزعل,sadness
365,حزن وقلق ومهتمه بمعرفة تجاربكم انا بنت وعندي اربع اخوات قبلي وما عندي اخوان، تربيتنا بالبيت كانت مسؤولية تامه على امي على الرغم من وجود ابوي الله يحفظه، بس ابوي مو متحمل المسؤولية وكل ما يمر الزمن يخلي المسؤولية اكثر، ابوي انسان جدا عصبي ويرمي كلام وسب وبس ولما نحتاجه ما يوقف معانا اغلب الاوقات وانا ما اكرهه لهالموضوع ابد على الرغم من كرهي لافعاله بس هو مو حاس بالنعمة اللي هي فيها ان عنده بنات وزوجة جدًا طيبه وتخاف الله وتحبه بما ان ابوي جاف وقاسي فأمي كانت دايما تحاول تلبي احتياجات اخواتي بشتى الطرق سواء المادية او العاطفية من وإلى، ما اعرف خواتي وش عاشوا لاني اصغر وحده بس كانو دايما يقولوا ان قاسوا بالحياة بسبب طبايع ابوي وانا من وعيت على الدنيا دايما مشاكل وصراخ وشتيمه وقلق بالبيت، وانا متعلقه جدا بأمي ومن هنا تبدا القصة من شدة تعلقي بأمي من وانا بالابتدائي عمري ممكن سبعه سنوات كنت اذا ابوي يهاوش امي انا اقوم افزع واعصب واتصل بخالي من تلفون البيت واقول له تعالي ابوي مزعل امي كنت دايما احاول اصلح الوضع بينهم واتحمل مسؤولية اشياء اكبر من عمري عشان امي ما تتضايق على الرغم من ان امي ما طلبتني هالشي! كبرت وكبر هالطبع فيني وصرت اسويه مع كل الناس وخاصة خواتي، خواتي تزوجوا بعمر جدا صغير ما اعرف هل هربا من الحياة بالبيت بس للاسف ولا وحده توفقت بزواجها حياتهم كلها مشاكل وكأنهم يعيدون سناريو امي وابوي، يعني الوضع بالبيت جدا تعيس ونكد لان حتى بالجمعات الكل بس بتحلطم عن حياته. انا هالفتره صارت مشكلة جدا كبيره لوحده من خواتي مع زوجها وبنتهم والمشكلة جدا جدا كبيره وصدمه كانت علي، ومنها بديت افقد السيطرة على نفسي وصرت من اسمع مشاكل احد اغرق فيها وادخل بنوبات هلع وتفكير بشكل مخيف لدرجة ما اقدر اكل ولا انام، عرفت ان انا انهرت بسبب انّي دايما اغرق نفسي بمشاكل غيري بس مو عارفه كيف ما اربط حياتي بسعادة اهلي! حاولت احل مشاكلهم ما انحلت، حاولت احقرهم واطنش برضو مخي يظل عالق معاهم واحس اذا هم مو سعيدين كيف انا اصير سعيده، حتى لو ان الفرص مفتوحه قدامي يظل شعور الذنب عندي والتحسر عليهم! حاولت اهرب من الوضع بالبيت بشتى الطرق بس خلاص هذي حياتي مكتوبه علي لين استلسمت وقلت بتقبل الوضع اللي انا فيه، كنت ماخده دور المحامي والام والاب والصديق لكل افراد العيله لين خلصت طاقتي. لما جلست مع نفسي وقعدت احاول واتخيل اسوأ السناريوهات لو صارت، اكتشفت ان انا مو خايفه من السناريوهات نفسها تصير كثر ما انّي خايفه على تأثير السناريوهات هذي لو صارت على امي، يعني انا كنت اتحمل واحل المشاكل حق خواتي بيني وبينهم بس عشان لا توصل لأمي وتتضايق، كنت حتى اقولهم لا تقولوا لامي مشاكلكم قولوا لي انا، وشاعات احس بتأنيب الضمير لان هم مالهم غير امهم يفزع لهم ويسمعهم بس انا بالمقابل احاول احميها. يعني مهما حاولت اقوي نفسي واقول مالي دخل بمشاكل خواتي وانا احلهم لاني احبهم ارجع لنفس نقطة ان اوكي هذي حياة خواتي مالي دخل فيها بس لو صار كذا وش بيصير لأمي خلاص التفكير فارط عندي والقلق مو طبيعي يعني اي خطوه اخطيها او اي شي اسويه تلاحقني هذي الافكار، ولا مشكلة انا احاتيها هي مشكلتي او تخصني بس انا غرقت نفسي وبنفسي ومو عارفه اطلع ومو عارفه كيف اقتنع بدون احساس الذنب ان اعيش حياتي طبيعي لان حياتي اعتفست ناهيك عن ان انا اساسا عندي اكتئاب وقلق ونوبات هلع، يعني طاقتي احتاجها حتى لو كانت بالحد الادنى خوفي على امي من احداث الدنيا مو طبيعي واقعد افسر كل نفس لها وكل تنهيده على انها انهيار وهو بالاساس انا منهاره فأشوفها كذا واشوف كل الناس حسب احساسي انا، وكل شوي اسالها ماما انتي متضايقه انت فيك شي خلاص تعبت حتى بديت اكره البيت واكره قعدات خواتي لان بس مشاكل وابتلاءات ما تنحل وامي تتضايق وبش تحاتي ادري ما اقدر احمي امي من كل شي بش تعبتتتتتتتتتت من انّي اسوي الشي غصب عني ولا ما ارتاح وكأن بس هذا الشي اللي اعرف اسويه,sadness
366,حزن بجد لو حد حابب يتكلم عشان الواحد عايز يتكلم مع حد بجد و متعكنن,sadness
367,حزن يا اخي حلو ؟لو حد شاف خطأ املائي أو طريقه احسن بيها يقولي,sadness
368,اعتذر لاخواتي الكوينز كانت لحظة غضب و حزن و فرحة و زعل,anger
369,في حاجة جواك مش عارف توصفها؟ مش عارف هي حزن؟ ندم؟ ملل؟ توتر؟ في حاجة جواك مش عارف توصفها؟ مش عارف هي حزن؟ ندم؟ ملل؟ توتر؟ جرّب تحطها في كلام حتى لو مش مترتبة حتى لو مفككة حتى لو بتحس إنك بتخرف بس اكتب. هنا مفيش حد هيقولك مالك؟ ويعدّي.,sadness
370,قصه قصيره حزينه اخر حزن مش هطول عليك بس انا بستخدم وكنت شغال عادي كدا من ساعتين والكهرباء قطعت والجهاز كان شغال المهم جاي افتح الجهاز اختار الكيرنال مش راضي يقلع نهائيا بقالي ساعتين بحاول اصلح الموضوع دا مفيش فايده انا زعلان ان الكهرباء بتقطع بشكل مفاجئ وفوق كل دا بقالي ٣ اسابيع بعمله كل دا راح في ثانيه بجد انا حزين جدا,sadness
371,حزن عاوز اتعرف على ناس جديدة ولا عندى صحاب ولا اى حاجة ساعات بحس انى لوحدى واتبضن حرفيا,sadness
372,وتخش تقولها شايف في عنيكي حزن,sadness
373,شيرين حزن شيرين بتقلب علينا المواجع,sadness
374,تحميل رواية حزن الملائكة,sadness
375,حزن صاحبي بالشغل، الي هو صاحبي من الشغل الماضي، الي هو بروح معي كل يوم، الي هو معي بالتيم، الي هو بطلع معنا كل اسبوع مع الشباب، الي انا وهو مسجلين جيم سوا، رح يستقيل من الشركة هذا الشهر ورح يصير دوامه عكس دوامي الدوام حيصير ممل,sadness
376,اكتشفت متأخر إن مساعدتنا لأبويكانت تجرحه ما تفرحه احنا ٤ خوات موظفات وامي كانت تجي تقول لنا لاتشترو اغراض البيت ترى ابوكم يزعل وتقول خبو الاكياس اقلها لا تخلوه يشوف في داخلي كنت احسها تبالغ يعني، وانه المفروض بالعكس يفرح لاننا خلاص صرنا نساعده واللي تجيب اثاث واللي تعبي بانزين السيارة واللي تجيب اغراض السوبر ماركت تعتبر اشياء بسيطة الى ان مرض ابوي الله يشفيه ويطول بعمره واعطى امي بطاقة الصراف حقته طبعا كل وحدة عندها راتب وحتى امي معلمة متقاعدة فما استخدمناها ابداً المهم طلع بعد شهرين بعد جلسة كيماوي مرهقة اول شي قال لنا ليش ما استخدمتو بطاقتي بنبرة كلها حزن وطلب من اخوي يوديه السوبر ماركت وجاب كممية اغراض استوعبت وقتها انه اللي احنا نحسب انه مساعدة وتخفيف كان يعطيه شعور انه احنا مو محتاجينك صرت الان اذا بروح اجيب شي للبيت اخلي الكاشير يقسم الفاتورة احاسب جزء ببطاقة الوالد والباقي من عندي عشان نوازن بين فكرة المساعدة وبنفس الوقت قدامه كانه هو اللي جابها الزبدة انا على قد ما انه امي كانت تحذرنا وتقول ترى هذي متعة بالنسبة له انه يجيب احتاج البيت بس ما توقعتها شي بهذا العمق اصلا لما كان في المستشفى كان يفكر في مين بيجيب لنا العشا مو كل مساعدة تُعتبر لطف أحياناً تسحب من الشخص شعوره بقيمته,sadness
377,هم؟ حزن؟ غم؟ حيرة وضياع؟ خوف وتوتر؟ ماتدري وين تروح وش تسوي؟ جفاف روحي؟ تعال السلام عليكم ورحمة الله وبركاته لن أكثر الكلام، أنصحكم بهذه المقاطع فوالله أن فيها خير عظيم وأنصح بعدم تأجيلها، وأيضا أنصح بتطبيق مايقوله الدكتور قدر المستطاع فالعلم بلا عمل لا ينفع المقاطع من سلسلة تربويات للدكتور أحمد عبد المنعم فادخلوا قائمة التشغيل باليوتيوب واختاروا حسب العنوان الي يجذبكم وهذه بعض الاقتراحات .أجوف .ترميم النفس .القلب السليم .متتالية الفراغ .النظر إلى السماء .وألجات ظهري إليك وغيرها الرابط .. بارك الله فيكم وشرح صدوركم ويسر أموركم,sadness
378,وفاة الفنان حسن يوسف و مصطفى فهمي. مصر تودع احدي نجومها في حزن كبير . . . .,sadness
379,وفاة الفنان حسن يوسف و مصطفى فهمي. مصر تودع احدي نجومها في حزن كبير . . . .,sadness
380,حزن يبدو اني تعرضت للتجاهل,sadness
381,هم؟ حزن؟ غم؟ حيرة وضياع؟ خوف وتوتر؟ ماتدري وين تروح وش تسوي؟ جفاف روحي؟ تعال السلام عليكم ورحمة الله وبركاته لن أكثر الكلام، أنصحكم بهذه المقاطع فوالله أن فيها خير عظيم وأنصح بعدم تأجيلها، وأيضا أنصح بتطبيق مايقوله الدكتور قدر المستطاع فالعلم بلا عمل لا ينفع المقاطع من سلسلة تربويات للدكتور أحمد عبد المنعم فادخلوا قائمة التشغيل باليوتيوب واختاروا حسب العنوان الي يجذبكم وهذه بعض الاقتراحات .أجوف .ترميم النفس .القلب السليم .متتالية الفراغ .النظر إلى السماء .وألجات ظهري إليك وغيرها الرابط ..,sadness
382,فيني حزن احتاج اخصائيه نفسي,sadness
383,خالص التعازي لاهلنا في المغرب. المصريين في حزن عميق لاجلكم. ربنا يرحك من مات ويصبر اهبهم ويعجل بشفاء المصابين جميعا.,sadness
384,وهل العالم في حفلة حزن كبيرة,sadness
385,عبد الباسط حمودة جوايا حزن,sadness
386,عبد الباسط حمودة جوايا حزن,sadness
387,يعني جد لمتى هيك انا انفصمت و حزنت .... بنتعرف على ناس هون بكونوا جد لطيفين و صحبتهم حلوة كتير و بديش أطول بالكلام بعد فترة بلاقي حساباتهم انحذفت !!!!!! طب ليشششش بدون سابق إنذار عنجدددد والله يتم حزن ...... عندي كلام اكتر بس خير الكلام ما قل ودل,sadness
388,عبد الباسط حمودة جوايا حزن,sadness
389,اخوكم من الكويت، الكلمات لا تستطيع ان تعبر حزني و حزن الكويتين لخسارة مصر في كأس افريقيا انشاءالله الله يعوضكم.,sadness
390,انا قررت معملش فرح انا قررت معملش فرح لأسباب كتير مش عايز اخوض فيها وهي كمان مقتنعه وقررت بالفلوس دي نطلع شهر عسل في دولة من دول شرق اسيا. المشكلة اني قلقان انها بعدين تندم على حاجه زي كده هل فيه حد مره بالتجربة دي قبل كده وهل ظهر ليها تبعيات بعدين ؟؟ وعايز اعرف منكم لو حد عنده افكار ممكن تتعمل قبل السفر كبديل للفرح,anxiety
391,فرح صاحبي كان امبارح بعثت له على الوتساب قلت له الكلام ده عشان هو عنده اصدقاء سوء وممكن انهم يجرجروا لحاجه زي كده على ان صاحبي ده ما بيننا وما بين بعض احترام كبير جدا عمري ما قلت لفظه قدامه ولا عمرنا اتكلمنا في حاجه سيكشوال فبجد قلقان قوي من اللي انا كتبته ده عايز اعرف انا صح ولا غلط,anxiety
392,وش هي نسخة فرح المفضله عندك ؟,joy
393,اول مرة اروح فرح ملبستش بدل قبل كدا و مفهمش فيها بس حطيت الحاجات دي علي بعض لقيتها كويسة فياريت اصحاب الخبرة في اللبس يقولوا ايه رأيهم ايه الغلطات و كدا بالمناسبة انا حرفياً مكنتش محضر و مكنتش جاهز اول مرة اروح فرح اصلا هل استايل الشعر غريب ؟ اول مرة اعمله,joy
394,مع أم ضد أنك تعمل فرح ؟ بتكلم عن الأفراح المصرية بشكل خاص اللي فيها بنحجز قاعة و نرقص فيها زي قبيلة بدائية بتعبد النار في أدغال الامازون هل فيه أي ميزة انك تعمل فرح ؟؟,joy
395,يا حبوب يا ولاد الكلب عندي فرح,joy
396,هو انا لو مش عايزة اعمل فرح ايه البديل عشان افرح العيله و صحابي و كده,joy
397,في حد هنا مش حابب يعمل فرح ؟؟ حاسس اني ممكن اعمل حجات كتير او و ممتعه اكتر بكتير بدل فرح بضان ودوشه وملوش لزمه,joy
398,مش عايز اعمل فرح من الحاجات اللي اخرتني سنين اني اخد خطوة الخطوبة والجواز رغم الجاهزية من كل النواحي هو موضوع الفرح ده بالشكل التقليدي المقرف في مصر وغالباً في الأرياف من قاعات ورقص واغاني هابطة و فكرة العدد الكبير ده واقعد قدامهم عشان يتم تقييمي انا ومراتي وغير التكلفة الكبيرة اللي ممكن يتم استغلالها في حاجات أهم ، انا خاطب والبنت عندها قبول مبدئي أننا منعملش فرح بس بتقولي لازم عشان أهلي يوافقوا تقدم بديل مقنع لأنهم هيرفضوا فكرة أنه ميتعملش فرح نهائياً... ف ايه اللي ممكن يكون شكل بديل للفرح يكون مقبول ومش حرام لو في حد شاف تجارب مختلفة ؟,joy
399,جواز من غير فرح بالنسبة لحد بيكره الافراح والتجمعات بكل أشكالها والناس هل لى فرصة اتجوز من غير ما اعمل فرح؟ هل سهل الاقى حد نفس التفكير؟ حد ليه تجربة أو يعرف حد عمل كدا,joy
400,فستان فرح في ليالي احزاني,joy
401,شقة مليون جنية عفش الف شبكة الف فرح الف مصاريف خطوبه الف مأذون الاف الحلاق ج,joy
402,رحلة لحضور فرح اتحولت لحبس يومين بوست صياح بس وطز في مصر اولا نازل إجازة شهر بعد غياب سنتين روحت محافظة تاني احضر فرح قرايبي وابيع حتة ارض من ورث جدي. تاني يوم عرفت أن حد متبرع برحلة عمرة لقريب لينا من بعيد عنده اعاقه واحتاج حد يوصله يعمل جواز سفر روحت وصلته بعربيتي ودخل هو ووالدته واستنيت برة ولما اتأخر دخلت اشوفه وسبت محفظتي في العربية لتتسرق في الزحمة مجرد ما دخلت مسكني أمين شرطة معفن رايح فين قولتله على الحقيقة قالي طيب بطاقتك قولتله في العربية طيب هات تليفونك وتستني هنا. دقيقة ولقيته بيقولي كلم الظابط شغال فين قولتله في الخارج طيب خدت كام من اللي وصلته قولتله مخدتش حاجة طيب فين بطاقتك في العربية طيب روح مع الامين خدني جوة وانا ظني دقائق والموضوع يخلص شوية وخدوني القسم اعمل فيش ليه مش عارف روحت القسم لقيت الظابط العرص عاملي محضر تسهيلات بدون تصريح كل ده والتليفون معاهم ومش عارف اوصل لحد دخلت الحجز والظابط النابطشي قالي هتطلع بكره من النيابة بيتوني في الحجز وتأتي يوم رجعوني القسم دخلت الحجز تاني. وبتكلم مع الناس جوة لقيت كل ظابط عامل لنفسه مستهدف محاضر عشان آخر السنة ولازم يبينوا أنهم شغالين وطز في الناس ومن ضمن المحبوسين واحد راحوله البيت ملقيهوش خدوا مراته لغاية ما يسلم نفسه طيب عملت قالي قريبه معموله قضية حيازة سلاح وبدل القضية الواحدة عملوا قضيتين . فأنا الحمد لله رجعت البلد الغريبة ومن النهاردة هي بلدي ومصر دي طز فيها كدة كدة مش مليش حد فيها اما دعائي للي في الداخلية لغاية ما أموت فيا رب يدخلوا جهنم ما يطلعوا منها,joy
403,اوتفيت فرح واحدة معرفهاش,joy
404,هتلبسو ايه في فرح كريستيانو لسه معرفش الصراحه,joy
405,لكل مدعين التوحد و الوحدة و العمق، انا لسه جاي من فرح و رقصت و اتكلمت مع ناس كتير بعد حبسة في الاوضة لمدة سنتين ولما كنت بنزل ما كنتش بشيل السماعة من ودني، الناس و التعامل و الكرينج هي احسن حاجة في الحياة، الحمدلله خلقت لاكون اجتماعي، بحب الناس و بحب اللمة و احب ان الناس تحبني، مفيش حاجة من دي هتحصل لو فضلت احكم ان الناس شايفاني كرينج و مهتم باراء حد,joy
"406,""حاجه تحزن, الواحد ما فرح بي شعرو"",sadness"
407,مزنوق في فرح عاوز حجج خلعان بشياكة عشان محضرش فرح بس تكون بعيدة عن الدراسة والشغل عشان أنا عواطلي اليومين دول.,joy
408,هحضر بيه فرح مناسب لفرح ولا لا,joy
409,فرح مع الجن حلمت ان في واحدة صحبتي قالتلي تعالي هوديكي مكان حلو ولما رحنا المكان كان في فرح و الناس كان لبسهم و شكلهم من الخليج بس لهجتهم غريبة و كانو بيحطولي اكل شكله غريب اوي رحت سالت واحدة منهم هو انتو منين؟ بصت عليا و سكتت و بعدين عرفت انهم جن,joy
410,يتم فرح ناو لقيت حد فاتح بيبيع ايس كريم احب اشكره أنه فاتح,joy
411,انا كنت. في فرح من كام يوم سمعت واحده بتقل ميكب العروسه بألف تقريبا انا كنت هشخر ده. انا ممكن اجيب بيهم نقاش و الصبي بتاعه يدهنو عماره و دي الف عشان وشها و هتمسحه بليل خخخخخخخخخخخخخخخ,joy
412,الاكسل هو الشيء الوحيد اللي اذا شفته قلبي يطير فرح الله لا يضر علاقتنا احبك,joy
413,معنديش صحاب وعايز اعمل فرح بالرغم انها ممكن تبدو شئ تافه لكتير بس انا مرعوب منها .. انا في فترة حياتي مقدرتش اكون أصحاب الأسباب كتير بس حاليا كل الي عندي معارف وزمايل مش صحاب .. وبفكر يوم ما هعمل فرح هيبقي شكلي عامل ازاي وانا لوحدي مفيش صاحب ليا بيفرحلي او بيرقص معايا .. دي رعب بالنسبالي .. انا عامة مش شخص وحش بس مش بعرف اثق في الناس واكون صداقات قويه .. لو حد مر بالتجربه دي يريت يقولي ايه حلها,anxiety
414,فرح واحد صاحبنا عارف اني محتاج اخس شويه بس,joy
415,كنت في فرح و مبسوط لحد ما كنت مبسوط لحد م شفت اثنين منقبات منظرهم جابلي اشمئزاز كنت مبسوط و مبتسم لحد م شغت المنظر ابمقرف ده الفرح مفهوش ولا واحده بشعرها غير البنات الصغيره و الفرح مفيهوش هز بقى و رقص ولا كلام من ده كان. فرح محترم عشان الي هيقول مش عارف ايه الفرح كان بيرفكت ولا فيه هز و كان جميل بامانه لحد م شفت الاثنين المنقبات دول الي لابسين البتاع ده و و راحو يتصورو جمب العروسه هي لابسه الفستان و كان شكلها حلو و هم لابسين البتاع النتن الي شكله شبه كيس الزباله منظر مؤذي للعين كنت مبتسم لحد م شوفتهم و انا صغير امي كانت بتخلي. خالتي تجيب عبايه سودا و طرحه سودا و تعمله نفس النقاب بالظبط و انا كنت بترعب منهف تقريبا شعور الاشمئزاز كان بسبب ان عقلي بيفتكر النقاب ده و انا صغيؤ و هو شكله يقرف اصلا,anxiety
416,يعنى المفروض انا هكون بقبض فى حدود ١٠ الاف ج ومحتاج اجيب شقه وعفش واجيبلها مهر واعملك فرح فى المكان على مزاجك اه وايه كمان واجيبلكو ديك رومي فى البوفيه كل دا وانا بقبض ١٠ الاف ج لا احا مش هينفع كدا والله هو احنا هنتجوز ازاى يعنى هو انا مش من حقى اتجوز فى المستقبل ولا ايه,joy
417,البس ايه ل حضور فرح فرح اخت اعز اصدقائي جاي وانا مش بحضر مناسبات ابدا ولا بخرج عندي بدلتين واحده بقت صغيره وواحده في محافظه بعيده .. انا معزوم ف مش عارف اصلا البس بدله ولا حاجه عاديه ولو اشتريت بدله مخصوص مش هستخدمها تاني ايه اقتراحاتكم ؟ هو فرح عالضيق فالكام حد المعزومين متشافين مش هختفي وسط الحضور ف البس اي حاجة تمشي الحال .. وشكراً.,joy
418,موضوع محرج فشخ حصلي في فرح امبارح كنت رايح فرح ابن عمي و شوفت هناك اخوه الي كنت مصاحبه وانا صعير و مفتوش من زمان كان عامل يرقص وانا عمري ما رقصت فحياتي ولا اعرف ازاي و بتكسف فا المهم قولت اجرب رحت عملتله الحركة بتاعت هز الجاكت لقيته بيمد ايده و بيسلم عليا و من ساعتها و انا مكسوف فشخ,joy
419,معنديش صحاب وعايز اعمل فرح بالرغم انها ممكن تبدو شئ تافه لكتير بس انا مرعوب منها .. انا في فترة حياتي مقدرتش اكون أصحاب لأسباب كتير بس حاليا كل الي عندي معارف وزمايل مش صحاب .. وبفكر يوم ما هعمل فرح هيبقي شكلي عامل ازاي وانا لوحدي مفيش صاحب ليا بيفرحلي او بيرقص معايا.. دي رعب بالنسبالي .. انا عامة مش شخص وحش بس مش بعرف اثق في الناس واكون صداقات قويه .. لو حد مر بالتجربه دي يريت يقولي ايه حلها,anxiety
420,لا مفيش ده في فرح قريب مننا ومشغلين اغاني بصوت عالي,joy
421,هتعملي فرح ولا لأ ؟ وليه ؟,joy
"422,""حاجه تحزن, الواحد ما فرح بي شعرو"",sadness"
423,حظك اليوم الجمعة أكتوبر مع ماغي فرح,joy
424,عندي فرح في شهر واحد وعاوز اجيب بالطو اجيب منين بالطو احضر بيه فرح او هل اجببه جاهز ولا افصله ولا اعمل ايه عاوز يبقي شكلي رايق كده وعلي بنطلون اسود وقميص ابيض وتحت بوت,joy
425,حظك اليوم الخميس أكتوبر مع ماغي فرح,joy
426,حظك اليوم الأربعاء أكتوبر مع ماغي فرح,joy
427,حظك اليوم الثلاثاء أكتوبر مع ماغي فرح,joy
428,فستان فرح في ليالي أحزاني علي الدوغري صورتك مش سيباني أنا من دموعي قلبت ياباني,joy
429,توقعات الأبراج ماغي فرح,joy
430,ليه الناس واخدة الزواج ع انه حاجة حتمية الحدوث. كنت في فرح رايحه بالعافية ومش طايق نفسي والقي الناس تقلي عقبالك. انا فعليا مكنتش ارد عليهم او اقولهم لا مش هيحصل واضحك كدة عشان متبانش اوي. حاجة تقرف. وازاي اتهرب من افراح الاصدقاء او قرايبهم؟,joy
431,حظك اليوم الأحد أكتوبر مع ماغي فرح,joy
432,طب عند ف الاخ تلومان ليه ممكن تعمل فرح انا دائما شايف أنه حاجه فاضية مش مفيدة,joy
433,حظك اليوم السبت أكتوبر مع ماغي فرح,joy
434,فرح صاحب عمري فرح صاحب مقرب ليا ولازم اكون جامد البس بدلة لونها ايه عشان محتار ولو فيه صور ياريت,joy
435,ليه الناس بتعمل فرح؟ ليه ما يتجوزوش من سكات؟ ليه العريس يكلف بعمل فرح بالألاف و يكون مديون لطوب الارض و تعزم ناس ماتشوفهومش غير مره كل سنين عشان في الاخر يتفرجوا عليك وانت بترقص مع عروستك زي القرود في الجبلايه وياكلوا العزومه و يملوا بطونهم و خلاص على كده بتكاليف الفرح دي كان يقدر يسافر هو وعروسته بره اجازه يتفسحوا مثلا,joy
436,فرح سعاد منفرحش بيه ولا ايه,joy
437,طب عند ف الاخ تلومان ليه ممكن تعمل فرح انا دائما شايف أنه حاجه فاضية مش مفيدة,joy
438,رحلة لحضور فرح اتحولت لحبس يومين,joy
439,هو انا ليه حاسس ان المصالحة دى مش حتدوم و و المعازيم كانهم جايين فرح الست اللى مش بيحبوها فى العيلة و ابو حنان عمال بينقط عشان يقول انا معايا فلوس و مصر بتاخد كله على قد عقله و انت و انا و نيازى و ام نيازى عارفين اللي فيها و انت إسرائيل كيان توسعي مش حيقبل بالسلام. يبقي ليه لازمة الفرح و التورتة نفس الكلام,joy
440,كنت رايح فرح تبع حد صاحبي بس اتلغي وفيه فرح شغال لناس غريبة اي رأيكو اعمل نفسي تبعهم وارقص معاهم؟ اصلي انا الصراحة مبضون ومصدقت يكون فيه فرح,joy
441,بدلة فرح حد يقترح عليا اماكن فيها بدل كويسه او ستايلات حلوه تعرفوها اكون شاكر,joy
442,أنا فرح وحشاني نفسي فرح ترجع قد ايه أنا ضعيف حاليا,joy
443,انا سيبت خطيبتي علشان الفرح اول الخطوبه البنت كانت بتقولي انا مبحبش الدوشه وممكن تعمل حاجات تانيه بفلوس الفرح زي عمره مثلا لانها عارفه اني بترعب من الذنوب الجاريه واني مش هتحمل اعمل فرح اشيل ذنب كل اللي فيه جوا وقولتلها هجبلك فستان وميكب ارتست وزفه وكل حاجه حتى قاعه بس انا مش عاوز اغاني يعني نكتب الكتاب ف القاعه والاكل ينزل والمشروبات وخلاص ساعتين ونروح المهم لما جيت اكلم ابوها قال لا لازم الاغاني وطلعوني متشدد وغيره فا يعني وصلنا لخلاف ولقيت البنت ف صف اهلها وعاوزه الاغاني بعد ما كانت موافقه عاللي بقوله واي حد بقوله مش عاوز اغاني يتصدم انا اه ممكن اسمع اغنيه لحالي ومش متشدد يس فمره ان هاخد ذنب ٥٠٠ شخص مثلا والموضوع هيستمر طول حياتهم لما كل واحد يسمع اغنيه من اللي اشتغلو فالفرح وفقدت الامل الاقي ناس مش عاوزه اغاني وخايف اضعف واستسلم لرغبات المجتمع,anxiety
444,لو مش هتعمل فرح ، هتحط فلوسه في ايه؟ بأفتراض انكم اتفقتوا علي كده، هتعملوا ايه بالفلوس؟ انا عن نفسي لو البيت مش متشطب احسن حاجة هظبطه ولو تمام يبقي في . وانتم؟,joy
445,جيل التسعينات..ساعدوني عايزين نعمل فرح من غير مهرجانات عايزين نعمل فرح نشغل فيه اغاني قديم ة من ٢٠١٠ فما قبل ...الاغاني اللي كانت بتشتغل في الافراح و احنا صغيرين دي قبل قرف المهرجانات...شاركوني اللي فاكرينه,joy
446,حظك اليوم الثلاثاء سبتمبر مع ماغي فرح,joy
447,فرح اخت الاكس قرب، ابعتلها؟,joy
448,جدعان فيه واحد هنا فرح بنت عمته النهارده ومش عايز يروح ممكن تهددوه انكم هتقولوا لعمته عشان يروح,joy
449,وش بيت الشعر اللي اذا مر عليك تحس بإحساس قائله؟ حزنفرحإلخ,sadness
450,روابي فرح اليوم رحت على روابي فرح ... مشروع لطيف ممكن يكبر اكتر وأكتر فينا ، قضيت وقت لطيف الحمدلله جبت من للخبز الي نصحتوني فيه وكان رااائع اكلنا منقوشة بيض جبناها من تحت الجاجة ...و المالك ليث دويكات بني آدم عندو فكر وهدف وخطط ممكن تحررنا على المدى البعيد اعرفوا اكتر عنو نصيحة ، وأخيرا ... دابوق طلعت,joy
451,كل عام وانتو بألف خير، عيد فطر مبارك عليكم، وينعاد عليكم بالصحة والسعادة. يا رب يجعل أيامكم كلها فرح وهناء، ويديم عليكم نعمة الصحة والطمأنينة. إن شاء الله تكونون من العايدين والفايزين، اما بعد عمي شوڪت العيد ؟ الوقف السني والشيعي انطوها الاثنين؟,joy
452,مش متخيل ازاي الناس بتقبل انها تبقي عريس وعروسة في فرح وفيه الف عين بتتفرج عليهم وكله بيرقص والعك ده كله. مفيش خجل خالص. وايه الفكرة من الفضايح دي كلها اصلا,joy
453,فرح الاكس انا و الاكس ارتبطنا ٣ سنين بعدها فشكلنا الارتباط و بقينا صحاب، و فضلنا كدا ٤ سنين بعدها، دلوقتي هي ارتبطت و عازماني علي خطوبتها و عايزاني اروح و مش قايلة لخطيبها اننا كنا مرتبطين زمان، انا بحبها ك صديقة عادي بس حاسس ان مرواحي لخطوبتها ويرد فشخ و مش حبقا مرتاح فالموقف عموما اروح وللا لأ,joy
454,افكار فرح اسلامي هادي مبدئيا الموضوع مفيهوش مزايدة ولا تعلية ولا اي حاجة، ربنا يهدينا جميعا. انا بحاول بس ابقى انسان احسن و ابدا خطوة زي دي ب رضا ربنا. و في ناس افاضل كتير و عملو فرح مختلط و هما احسن مني الف مرة. فبلاش مزايدات في الكومنتات بس. هتجوز كتب كتاب مع اشهار و هعزم الناس و كل حاجة ان شاءالله في الشتا في اواخر شهر ١٢ اللي جاي في القاهرة. ناوي أعمل الفرح بشكل اسلامي و محتاج مساعدة و استشارة في كام نقطة. طبعا كلمة اسلامي اقصد بيها بشكل اساسي انفصال بين الرجالة و الستات. اولا عاوز اقتراحات و افكار ل نظام الفرح و شكله و الفقرات اللي فيه عشان الناس متزهقش . ثانيا عاوز ارقام ناس او بيدجات او اقتراحات للآتي المكان بفضل يكون قاعة للستات و برة اوبن اير او جنينة للرجالة و يكون في القاهرة و حبذا لو حد عنده فكرة عن متوسط الاسعار ميكاب ارتيستس للعروسة و شكرا ليكم و دعواتكم و يا رب الفرحة تدخل بيوتكم جميعا قريبا,joy
455,شقة مليون جنية عفش الف شبكة الف فرح الف مصاريف خطوبه الف مأذون الاف الحلاق ج,joy
456,فرح اختي قبل اول امتحان ثانوية عامة بيوم ظروف اختي وجوزها خلتهم يعملوا الفرح قبل امتحان العربي بيوم وانا لسا مخلصتش اجزاء معينة فالعربي بتمنى تدعولي من كل قلبكم ان ربنا يعدي الامتحان على خير لأني بجد قلقانة وحزينة جدًا وحتى مش عارفه افرح لأختي من غير ما احس بالذنب,anxiety
457,كلمات اغنية ليل سارة فرح كلمات اغنية ليل سارة فرح يا طول علي ببعادك ما اصعبه سوادك بغيابك. حس قلبي حس بقربك انت انت بس حبك انت بالاخص ماعاد بده ياني. دق بابي دق حبك. المصدر كلمات اغنية ليل سارة فرح..,joy
458,اوتفيت فرح هل كان يليق عليه جرافتة احسن ولا كان شكله كدا كويس؟,joy
459,فشتان فرح ف ليالي احزاني، عدغري صورتك مش سيباني ،انا من دموعي قلبت ياباني، اؤمر الاردر مفتوح,joy
460,اى فايدة الحياة دى ..بجد ملهاش اى هدف غير انك تقضى وقت ..لو حظك حلو وكنت مقبول ومحبوب هتعيش مبسوط ومش هتحس بالوقت ولا باى معاناة ...ويلك لو شكلك وحش او مشوه او معوق او مش مقبول باى سبب ......هتكون وحيد حزين وقتك صعب مش بيعدى منتظر بدون فايدة ..هيبقى خوف الناس وحزنهم ليك فرح,sadness
461,شهبانو فرح پهلوی لیلا در نوجوانی بارها با بغضی در گلو و اشک میگفت بابا نباید میمرد، هنوز خیلی چیزها بود که او باید به من یاد میداد,joy
462,البس اي في فرح اخويا مش عارف مش لاقي بدله تعجبني ومضايق جدا لأني من النوع الي متردد جدا,joy
463,فرح مصري تقدر تشوف التفرقة الطبقية بين الستات و الرجالة لول، بس غير كدة حلو,joy
464,حفلة فرح في مكان مفتوح مش حابب البس بدله ، حد عنده اقتراحات لتنسيق كلاسيك هنزل اشتري بس مش عارف لسه اجيب ايه,joy
465,امي غضبانه علي غضب شديد و مو راضية تسامحني ما ادري شقول يا ناس والله تعبت. بنت و عمري ١٧ سنة و من قبل لا تبلش القصة بقلكم عندي مشكلة نفسية اكتشفتها امس. انا انسانة فيني غضب غضب غضب مو طبيعي و مكتووووم يجي يوم انفجر فيه، بس امس كان مرة اوفر الموضوع. انا امي احسها تحب اخوي اكثر مني مع اني دايما احاول ارضيها و اصبر عليها و مدري ايش و بالآخر الاقيها تفضل اخوي مع انها دايما تقول انها ما بينا بينا عاد ربي اعلم فيها. تمشكلنا انا و هو على شي مرة تافه و ما كان الموضوع كبير لين تدخلت و قالتلي والله اكرهك من كل قلبي و انا سمعت هذه الكلمة وانهرتتتت. لأنها صايرة ترددها مرة كثير و انا احسب نفسي كويسة و أحاول ارضيها و مدري ايش و بعدين أصغر غلط تقلي هالكلمة و كل مرة قبل جرحتني بس كنت اقول خلاص الشكوى لله بس انا امس كنت فعلا مضغوطة و جت هالكلمة كنها كف صقعني فوجهي و ما تحملت صرااااخ صراااخ ما ادري شصار لي. و هي طبعا ما خلت دعوة ولا ضربة، والله كدمااااات كل جسمي. المهم انا معترفة اني كنت غلطانة واليوم جيت بكلمها و اعتذر منها و الوالدة ربي يسامحها ابدأ مو قابلة و تدعي علي. طيب انا عارفة اني غلطانة و اعترفت بغلطب، وانا والله اول مرة اسويها و وعدتها بشوف الموضوع مع نفسي و ما بكررهها، و هي جالسة تدعي و تتحلفلي. والله ثم والله ما كنت قاصدة الصدق الصدق مدري شصار فيني ذيك اللحظة مو كني نفسي والله مدري ليش انفجرت بالطريقة هذه بس صارت و والله ما ودي غير تسامحني تكفون شسوي انا؟ أمانة تدعولي و تنصحوني ايس التصرف الصحيح بهذه الحالة.,anger
466,غضب الرب على عباده الأتقياء,anger
467,ليه الناس ماسكه في رقاب بعض وبقى في غضب غير مبرر,anger
468,غضب عارم انت كرجل، تقعد انت وخويك في طاولة بارتشن والطاولات الثانية فاضية ليه ؟؟؟؟؟؟؟؟؟؟؟؟,anger
469,وش سبب التراجع للوراء، هل لامتصاص غضب الارهابيين الي عايشين بالبلد؟ مو منطقي يطلعون كلام انهم اعطوا تصريح بيع خمور لـ٦٠٠ محل وبنفس الوقت ينزلون هذا القرار. الا عشان يمتصون غضب الشعب. التقرّب للشعب عن طريق الدين تحصل في كافة الحكومات الي تواجه غضب شعبي مثل مصر حاليا، ودول كثيره تاريخيا. لكن كيف تستضيف اكسبو و كاس العالم بعد كم سنه وقوانينك متشدده كذا. شخصيا، اشوف القوانين الي طلعت كلها سامجه ما عدى تصوير العماله المنزليه والاطفال لانه اذا بيكونون مرتاحين في البيت وين يرتاحون، لكن باقي القوانين هبل,anger
470,انا الدكتور ومسح الاكونت ده اغبي قرار اخدته اخدته في لحظه غضب علشان مضايق اني مش عارف اذاكر و قعدت ساعتين خلصت الي ورايا سبحانه,anger
471,ايش الحل مع تعليقات الريجبيت كتابه كلام يتعمد اثاره غضب الناس كثير اشوفهم خاصه ب التيك وتويتر يكتب كلام ويعرف ان الناس بتهاجمه عشان يهاجم غالبا يكون كلام مسيء لدولهالسعوديه اكثر شي او طائفة انا اشوف افضل حل هو عدم مناقشتهم اصلا او محاوله اقناعهم لانه نقاش عقيم مع شخص ما راح يقنتع لا ف الاول والا الاخير انا اشك ان غالبا مدفوع لهم لكن ايش تسوي اغلب الشعب يدافع ويناقش على حساب مدفوع له التهجم وكتابه افكار غالبا حتى هو ماهو مقتنع بها عشان لقمه عيشه وحاليا اشوفهم بكثره بعد حادثه الجبل الأخضر ما افهمهم والله يتوقعون السعوديه دوله معصومه من الأخطاء وينتظرون اي خطأ عشان يكتب شوفو كيف السعوديه خطيره بلمنطق هل تتوقع اي دوله معصومه بلا أخطاء؟ ؟ ايش تشوفون الحل معهم,anger
472,اعوذ بالله من غضب الله ليه كده بس يبني؟ انا اللي بيضحكني اكتر اللي بيحسبها بطريقه انتي مش عايزه تشيلي مسؤوليه عايزه تنبسطي! المسؤوليه مش مقتصره على الخلفه و التربيه ممكن اكون قادره اعمل كده و اشيل النوع دا من المسؤوليه لكن هل انا شخص ينفع يكون ام اصلا و هل انا لازم يكون مطالب مني اخلف و اربي بدون رغبتي او قدرتي ؟ المسؤوليه مش مقتصره على الخلفه و دور الام لا يستهان به طبعا بس ياريت منحسبهاش كده,anger
473,هو ليه لما واحد شتم يحصل كل دا ما هو مش ملاك وبعدين كانت عن نبرة غضب ياريت نقفل ع الموضوع,anger
474,غضب غير مبرر اذا احد من اهلي سألني عن دراستي اصير دفاعيه بزيادة واتضايق رغم مرات ما اعطي ردة فعل قدامهم لكن الشعور الخايس احس فيه لفتره ما تقل عن نص ساعة,anger
475,خايفه من غضب ربي الحين أنا متهاوشة مع أمي أو بالأصح هي ما تبغى تكلمني والله ما أمزح كل نقاش معها يتحول لعصبية وتنتهي السالفة فيني وأنا أبكي من القهر وهي ما تعطيني وجه تمسك جوالها وتتجاهلني أحاول أراضيها بس تقفل على نفسها الباب وأنا أخاف من غضب ربي ليش كذا تقول لي أنا أبغى أحط حدود معك ومن حقي ما أكلمك ولا أرد عليك أقول لها انتي أمي ترد مالي دخل فيك والله العضيم احس انه باقي بيجيني منها جلطه وتكمل تقول انتي مو بنتي ولا أبغاك ومن حق الواحد يهجر اللي يضايقه ويزعله هي زعلانة مني على موضوع ما يستاهل معد اعرف وش اسوي ولا ابغا يكمل الزعل ولا ابغا ربي يغضب مني .,anger
476,محدش يفكر يمشي تاني عشان مطلعش غضب الرينچر عليكوا بحبكم كلكوا في الله,anger
477,ليه الناس ماسكه في رقاب بعض وبقى في غضب غير مبرر,anger
478,لحظة غضب يخوان و انا سايق راجع من الدوام كان يوم سيئ و كله مشاكل ف في بينجو وراي بضل يزمر و يضوي المهم انا طلعني عن حياتي صار يجي قدامي و يدعس بريكات ،، المهم انا لما وصلت جنبه اتطلعت عليه و القزاز مسكر و عملت حالي اني بزقت عليه لانه جدا مستفز ف لقيته وراي مصور النمرة بهاي الحالة شو بقدر يعمل؟,anger
479,غضب الله اذا شفتو احد بيه هاي العلامات عرفوا انو الله عاقبه و لازم انت همه تعاقبه,anger
480,غضب إلهي صح؟هيك بدكم نحكي ياصلاعمة؟,anger
481,قولت كلام وسخ في لحظة غضب ومكانش ينفع يتقال مش عارف أعمل ايه او اصالحهم ازاي الموضوع كله بدا كان نقاش مع ابويا ف السياسة ٩٩٪ من مشاكل البيت بسبب خناقات السياسة المهم هو مقتنع برأي وانا مقتنع برأي تاني واحنا الاتنين فينا حتة العصبية بس هو عصبي لكن انا ببقا بارد ومستفز ومن جوايا بغلي ، المهم ابويا اتعصب جامد وقعد يقوللي كلام من نوعية انت عيل بشخة ابن وسخة وكافر ومبتصليش ومعرفش ايه المهم بعد ما مشى طلع برا أمي قالتلك عاجبك كدا لما تخلي ابوك يفضحنا كدا ، قولتلها الآتي انا زهقت منهم وعايز اعيش لوحدي واشتغل ، انا هخلص السنة دي ومش هتعرفولي طريق تاني ٣ث ، انا خلاص مبقاش ليا نفس أعيط ولا ازعق ولا اثبت نفسي لحد ، انا كل اللي عايزه اني اعيش مرتاح بعيد عنكم هي قالتلي يعني انت عايز تكسر قلبي وخلاص ، امال انت ابننا ازاي قولتلها انا فعلا مش مهتم ودي مش مشكلتي محدش ضربك على ايدك وقالك اعملي عملية واتعبي ومعرفش ايه ، انا من هنا ورايح هبقا اناني واعيشها لنفسي ، لنفسي وبس قالتلي انت كدا بتكرهنا يبني طب افرض حصل لحد فينا حاجة هو انا ليا مين غيرك ؟. قولتلها ليكي اختي. ،وبعدين هو لو حصله حاجة التامينات والمعاشات موجودين وانتي لو حصلك حاجة هنجيب ديلفري كلام وسخ وقاسي بس كنت مبضون ساعتها والله مكانش قصدي اجرحها كدا ، وبعدين هو انتي حد قالك تخلفيني ؟ قالتلي الدنيا سلف ودين وبكره عيالك يعملوا فيك كدا واكتر من كدا كمان ، انت لازم تكشف مينفعش تسيب نفسك كدا انت في سنة صعبة قولتلها مش عايز اخلف ولا عايز اتجوز ، انا عاجبني نفسي كدا ، ولو ع السنة مش عايز اجيب مجموع ولا حاجة الجزء اللي جاي مش هعرف انقله بالتفصيل بس مختصره إني جبتلها سيرة عماتي واني بكرههم ، لكن مش بكرهها لا هي ولا ابويا كل اللي عايزه اني أبعد عنهم وارتاح وخلاص بعدها كلمتني ف موضوع الصلاة والقدر والنصيب وان المال والبنون زينة الحياة الدنيا .. وكدا قولتلها مش عايز الجنة ولا عايز النار ، مش عايز حاجة من الدنيا دي غير الراحة .... ... عارف إني بوظت الدنيا خالص بس والله انا عايز اصلح الدنيا وف نفس الوقت مازلت عايز ارتاح واعيش لوحدي بعيد عنهم ، وف نفس الوقت مش عايز ابقا عاق وجاحد للدرجادي انا مسلم مش ملحد ولا كافر ولا غيره بس هما اللي كرهوني ف نفسي,anger
482,يعني تخيل انت بعد ما تدرس جيولوجيا و تدرس علم الزلازل يجيلك عيل عىىرص من صب القاهرة يقولك الزلازل سببها غضب ربنا طب ما ربنا بعت رياح شالت خيم بتوع عْزة يا مدلىىىين يولاد العىرص,anger
483,ليه الناس ماسكه في رقاب بعض وبقى في غضب غير مبرر,anger
484,غضب في قابس والأهالي يقتحمون المجمع الكيميائي بعد اختناق أبنائهم وفشل الدولة في إيجاد حلول للتلوث,anger
485,غضب كلمه او حركه وحده قادره على انها تستفزني وتخليني اغضب بشكل غير مبرر سواء بالشارع بالبيت وبأي مكان لسبب او اخر اقدر اتمالك نفسي لحظتها الحمدلله ، ولكن احتاج طريقه اقدر اطلع فيها هالغضب الغير مبرر باستثناء الشتم والضرب لانها خيارات غير عمليه وعواقبها وخيمه من واقع تجربه,anger
486,اختفاء تبرعات موقع كشف منتقدي كيرك يثير غضب المتبرعين,anger
487,اختفاء تبرعات اكشف قتلة تشارلي كيرك غضب المتبرعين ونصب محتمل,anger
488,غضب المتبرعين واختفاء الأموال قصة قاعدة بيانات اكشف قتلة تشارلي كيرك,anger
489,الخميس يوم غضب في قابس دعا الإتحاد الجهوي للشغل بقابس وفرع قابس للرابطة التونسية لحقوق الإنسان في بيان مشترك مساء اليوم الثلاثاء اكتوبر ، القوى الحية و المنظمات و نشطاء المجتمع المدني و كافة أهالي قابس إلى يوم غضب جهوي يوم الخميس أكتوبر الجاري. وبحسب ما جاء في البيان، فإن هذا التحرك يأتي أمام الوضع الكارثي الذي يعيشه متساكنو الجهة و خاصة مناطق الطوق للمجمع الكيميائي التونسي و تكرار حالات الاختناق الجماعي اليومي في ظل ما وصفه الاتحاد الجهوي للشغل وفرع قابس لرابطة حقوق الانسان، من عجز للسلطة الجهوية والمركزية ومواصلتها لسياسة المماطلة و الإستهتار بمطالب الجهة وفق ما جاء في البيان. وبحسب البيان، ستكون نقطة التجمع أمام الباب الرئيسي للمجمع الكيميائي التونسي بقابس وذلك بداية من الساعة التاسعة صباحا التاسعة صباحا. وطالب الاتحاد الجهوي للشغل بقابس وفرع الرابطة التونسية للدفاع عن حقوق الانسان، إدارة المجمع الكيميائي التونسي والسلطة الجهوية و المركزية بالإيقاف الفوري للوحدات الملوثة و هو الذي كان واجب عليهم فعله منذ حادثة سبتمبر .,anger
490,غضب على مواقع التواصل بعد حادثة صفع مسن في السويس حادثة صفع مسن في السويس... أثار الفيديو الذي ظهر فيه أحد الأشخاص يصفع رجلًا مسنًا مرتين على وجهه في مدينة السويس، موجة واسعة من الغضب بين رواد مواقع التواصل الاجتماعي. وعبّر العديد من المستخدمين عن استيائهم الشديد وطالبوا بتوقيف المعتدي ومعاقبته قانونيًا نظرًا لإهانته رجل مسن يعامل كوالده. المصدر..,anger
491,اختفاء موقع كشف منتقدي كيرك بعد جمع آلاف الدولارات يثير غضب المانحين وتساؤلات حول مصير الأموال,anger
492,لحظة غضب مش نهاية الدنيا ليش بعض الأهل يردوا بالدعاء بالبلاء بدل الرحمة؟ لاحظت ظاهرة غريبة لا تستقيم مع المنطق حين يعلو صوت الابن أو الابنة على والديهما، يسارع بعض الآباء والأمهات إلى رفع كرت الدعاء عليهم بالموت أو البلاء، مع أن الكلمة الطيبة والحوار الهادئ كفيلان بأن يصلحا الموقف دون تلك الأدعية القاسية. أيعقل أن يقابل غضب عابر أو تصرف لحظة انفعال بدعاء بالغضب والموت؟! بينما يستطيع الوالد أو الوالدة في ذات اللحظة أن يرفع يديه بالهداية والرزق والصلاح لابنه! أليس ذلك أحق وأجمل عند الله؟ ملاحظة رضا الوالدين من رضا الله، وبرّهما طريق البركة في الدنيا والآخرة. فأحسنوا إليهم، وساندوهم بما تستطيعون. هدفي هنا ليس إنقاص قدر الوالدين، بل نقد عادة الدعاء القاسي في مواقف يمكن علاجها بالحكمة والرحمة. ما رأيكم ؟,anger
493,غضب السواقة امس كنت جالس اسوق طبيعي في طريق داخل الحي، وشخص من طريق فرعي كان داخل من اليمين بسرعة بس ضغطت البوري عشان ينتبه .. ضغط بريك بقوة ونزل من السيارة وصار يصبع لي ويصرخ بنص الشارع.. ما امزح ضغطت بوري مرة وحدة بس .. والواحد مضطر يتغاضى حفاظا على سلامته وسلامة السيارة من هالناس .. معقولة فيه ناس كذا؟ كيف هالتصرفات مقبولة؟ لمتى هالناس تتمادى في تصرفاتها؟ قبل اسبوعين كنت في الهند، تحديدا مومباي وتعرفون كيف السواقة في اسيا نوعا ما صعبة وفيها تحديات، وعلى كثر ما صوت البواري ما يوقف، ما حصلت مرة وان شفت شخص يصرخ ويسب احد بسبب تصرف بسيط مثل هذا وعلى انه سواقتهم اصعب، حتى السواقين ما يتعبون انفسهم ويحاولون يختلقون مشاكل.. ليش هالتمادي عندنا وكيف وصلنا لهالمرحلة .. الداش كام صار نوعا ما ضرورة..,anger
"494,أحياناً تنشأ الكراهية غير المبررة تجاه الآخرين من غضب داخلي مكتوم تجاه أقدار يظن الإنسان أنها كانت من حقه، لكنها ذهبت إلى غيره؛ فتتحول مشاعره من صراع داخلي مع إيمانه إلى عداء ظاهر تجاه الآخرين,anger"
495,أسطول الصمود وغزة هل يشعل هذا الحدث غضب العالم ضد إسرائيل؟,anger
"496,أحياناً تنشأ الكراهية غير المبررة تجاه الآخرين من غضب داخلي مكتوم تجاه أقدار يظن الإنسان أنها كانت من حقه، لكنها ذهبت إلى غيره؛ فتتحول مشاعره من صراع داخلي مع إيمانه إلى عداء ظاهر تجاه الآخرين,anger"
497,ترجمة لتعليقات الأجانب و الرأى العام الأجنبي حول قافلة الصمود و موقف مصر عرفت إن الناس دى مفيش في قلوبها أي حقد أو غضب أو كره إتجاه مصر ترجمة لتعليقات الأجانب و الرأى العام الأجنبي حول قافلة الصمود و موقف مصر عرفت إن الناس دى مفيش في قلوبها أي حقد أو غضب أو كره إتجاه مصر,anger
498,غضب أنا شاب عمري ٢٥ سنة من السعودية، ما عندي شهادة جامعة ولا وظيفة. معدلي التراكمي ٢.٣ وجبت ٦٦٪ في اختبار القدرات. رحت للجامعة السعودية الإلكترونية وقالوا لي التسجيل أونلاين ولازم أستنى لين يفتح التسجيل. بس كل مرة أحاول ألقى طلب التقديم ما أقدر. اللي يطلع لي إني أختار التخصص اللي أبيه، بس ما فيه استمارة تقديم. اللي موجود بس استمارة تسجيل ويطلبون رقم جامعي، وأنا طبعاً ما عندي. أنا صرت يائس، أي جامعة ثانية ممكن تقبلني؟ تبغاني أترجمها كأنك تكتب رسالة رسمية للجامعة، أو تبغاها بلهجة عامية عشان تحكي مع شخص عادي. حتى الآن حاولت أسجل في الجامعة العربية المفتوحة لأن تسجيلها مفتوح بس كل ما أقرب عند النهاية في التسجيل يعيد لي صفحة,anger
499,لاتضرب الطاولة لما تجيك نوبة غضب وانت تلعب بالبي سي السلام عليكم لكل اللاعبين خصوصا الي عندهم نصيحتي لكم اذا كنتم تعصبون كثير وتضربون الطاولة زي صاحبكم انكم تشيلون ال عن الطاولة على الاقل انا عندي وانا شخص عندي مشاكل متعلقة بالغضب وقت اللعب واي شي يصير اضرب الطاولة بكل مااوتيت من قوة وهذا الشي أدا الى ان ال يبدا يسوي اعادة تشغيل كل ماضربت الطاولة حتى لو ضربة خفيفة وبعض الاحيان يسويها حتى لو ماضربتها بحثت عن المشكلة وطلع فعلا هي منتشرة بين الاشخاص الي عندهم لما يجون يلعبون بالنسبة للحل مالقيت حل واضح غير انهم ينصحونك انك تشيل الجهاز من الطاولة او انك توقف تضرب الطاولة الي عنده حل للمشكلة يفيدنا,anger
500,غضب احد عنده طريقة مثلى للتعامل مع الغضب والاجترار وتكون عن تجربة مو بس كلام؟ انا مرة الغضب استهلك طاقتي وقاعد يدفعني ل اني اتصرف بغير تفكير وب اندفاع وللأسف اني ما اقدر اتفاده لأن الي يثيره هو عائلتي,anger
501,غضب شعبي واسع يجتاح فرنسا الاربعاء سبتمبر بقلم .. انطلاق حملة لنغلق كل شيء تشهد فرنسا منذ صباح اليوم الأربعاء احتجاجات ومظاهرات واسعة في مختلف أنحاء البلاد، وذلك ضمن حملة شعبية أطلق عليها اسم لنغلق كل شيء عبر منصات التواصل الاجتماعي. وتهدف الحملة إلى التعبير عن رفض الشارع الفرنسي لخطة ميزانية الدولة المقترحة من قبل رئيس الوزراء السابق فرانسوا بايرو. مشاركة واسعة وإضرابات شاملة تتوقع السلطات مشاركة ما يقارب ألف شخص في هذه الاحتجاجات، التي تشمل تنظيم إضرابات، تعطيل الدراسة، قطع الطرق، وتنظيم مسيرات احتجاجية. مظاهرات منذ الصباح الباكر منذ الساعات الأولى من صباح اليوم، خرج متظاهرون في عدة مدن فرنسية، وتم تعليق الدراسة في العديد من المدارس، إضافة إلى إغلاق بعض الطرق السريعة على أطراف العاصمة باريس.,anger
502,ناصر ماهر والزمالك منشور أثار غضب النادي.. وماذا عن الانضباط في عصر السوشيال ميديا؟,anger
"503,""بخصوص فيديو ضرب الظابط لعامل نادي القضاه, ايه اللي يمنع الظابط في لحظة غضب من مواطن انه يطلع المسدس ويضربه؟ اصلها سايبه وبقت غابه والسيسي قالها مفيش ظابط هيتحاكم وحصلت كتير قبل كده اكتر من مره الظابط خرج المسدس الميري وضرب بالنار علي مواطن عشان خبط العربيه خبطه بسيطه برغم انه اعتذرله لو لقوا في مقاومه و دفاع عن النفس مش هيقدروا يعملوا حاجه انما اللي مشجعهم علينا هو جبن الناس بسبب سياسة المشي جنب الحيط اللي تعودنا عليها من جيل النكسه لحد دلوقتي"",anger"
504,عندي نوبات غضب عندي نوبات غضب احاول أتحكم فيها بس ما أقدر إلا ما يطلع مني شيء، سواءً على الانترنز ولا الزملاء ، صح تحكمت فيه بس ستل احس داخلي بركان يغلي إذا احد سوا شيء ما أعجبني,anger
505,بخصوص زلزال النهارده و من كام يوم و رياح اسكندريه هل ده يعتبر غضب ربنا ولا مجرد حدث طبيعي مكتوب انه يحصل هل زلزال بقوة ٦ ريختر بعيد عننا ب ٦٠٠ كيلو ، يتصنف انه غضب ربنا ولا ، زلزال عادي زي اي زلزال في كوكب الارض ، و هل لو غضب ربنا فهيكون في صورة زلزال ٦ ريختر لكام ثانيه.,anger
506,ترقبوا غضب الله ربنا و جيوشه مابيتحركوش غير ع الحاجات التافهة، لكن لما مدينة بالكامل من أطفال و نساء و شيوخ و رجال تبقى تحت القصف بقالها ٧ شهور بيشغل وضع اللا مبالاة,anger
507,يثير غضب المستخدمين.. أوبن إيه آي تستجيب وتُعيد !,anger
508,اللي بيقدر يساعد ميقصرش يروج عند المعبر و يدخل أي حاجة لأنه غضب ربنا من ظلمنا ليهم هيكون أكبر بكتير من غضب الكلب القزم الاسرائيلي اللي بيحكمنا لو ما تصرفناش,anger
509,غضب عارم ابي احد حكيم استشيره بموضوع عائلي حصل ومن الويكند وانا فيني غضب الله اعلم فيه,anger
510,حاسس بطاقه غضب رهيبه جوايا عندي شعور بالغضب ناحيه كل حاجة حواليا مش طايق حاجة حواليا يعني ودا بسبب التفكير ف حياتي ادعولي ربنا يهونها,anger
511,الحرمان من مشاريع الجهة يجر على مجلس معزوز غضب فعاليات بجماعات إقليم مديونة,anger
512,ياجدعان دلوقتي لو عندي مشاعر غضب ناحيه شخص اخليها تروح ازاي خصوصا لو الشخص دا عايش معايا في نفس البيت,anger
513,فضيحة جروك شات بوت إيلون ماسك يثير غضب الحكومات بتصريحات مسيئة,anger
514,اعتذر لاخواتي الكوينز كانت لحظة غضب و حزن و فرحة و زعل,anger
515,غضب كبتن فلسطين من ايروندوم فناك زوجته إسرائيل وبينما كبتن فلسطين ينيك في إسرائيل ايروندوم فظحه فغضب كبتن فلسطين وهرب مع اصحابه العرب والصهاينه لحقوه بس للأسف كابتن فلسطين جاب كل اصحابه ومعاهم اسلحه وقتل الصهاينه وايروندوم وتشارك في نيك إسرائيل مع باقي اصحابه,anger
516,التنفيس عن غضب هذي السالفة تنقال بس راح اقولها هنا مو مشكلة... سقطت اول ثمار مشكلتي عندما لاحظت انه قطتي العزيزة الغالية بدأت مهارتها بالقفز تضعف أولا ضحكت وقلت لأمي شوفي! كنت غبية ماني فاهمة بعدين استوعبت قطتي عندها خلل ومشكلة واضحة وبعدها هممت بالذهاب الى البيطري .. إلا أن الورطة لم تبدأ هنا وحسب! الورطة انه سيارتنا خربانة ومحد موجود في البيت وكان نصف أفراد الأسرة خارج المدينة لكن ذلك لم يوقفني ولأن قطتي قطة حرة ١٠٠٪؜ هي التي تمتلكي لا العكس أبدا لذلك هي لا تملك صندوق احملها داخله وفي عادة الأمر عندما نسافر تجلس في السيارة كأي كائن حي غير مكبلة ومصفدة المهم المهم اخذتها وقلت خلاص بنروح مشي وبحطها بشنطة مناسبة والمشوار كله لا يتجاوز ال٤٥ دقيقة، وصلنا إلى البيطرية بسلام وبعد معاناة طبعا هي خافت وطبعا الانظار لا تكاد ان تتوقف لانها متمسكة بذراعي وكأنها غريق يتعلق بقشة ولأنها حرة وغير مكبلة وليست من دماء نبيلة وشيرازية الأصل ١٠٠٪؜ بل اننا لا نعرف من اباها على الاغلب شارعي يساري المهم دفعنا مبلغ الكشف وانتظرنا لبضع دقائق ويشهد الله انها كانت دقائق صعبة لأنني ظللت امسكها بشدة كي لا تفلت مني .. جاءت الدكتورة اخيرًا! الدكتورة المنتظرة كشفت عليها وقطتي لأول مرة اراها تعادي بشري كتلك المرة! هي ليست بالقطة اللطيفة ولكن حتما ليست بتلك اللئامة ولكنني افهمها الان نعم يا قطتي انتي على حق لطالما كانت على حق.. أخبرتني البيطرية ان قطتي العزيزة بصحة جيدة! بل ممتازة ! حرارتها ليست مرتفعة وأذنها نظيفة وصحة فمها رائعة !بالتأكيد ذلك بفضل الله ثم جهودنا لانني داومت على اطعامها كل الاطعمة الصحية من قلوب الدجاج والكبدة وكل ماهو طبيعي وبالطبع ابعادها عن كل المؤسسات الرأسمالية التي تسمى بالبيطرية!!استمررت باخبارها بأن هنالك خطبا ما داخل جمجمتها وليس خارجيا لكن تسببت بإحباطي عند قولها لا يوجد لدينا اشعة رنين مغناطيسي ولكن ولكن! استطيع اعطائها حقنة فيتامين جاء رجلا ما يبدو ان وظيفته امساك الحيوانات! مع ذلك بدأت عليه آثار التردد قبيل امساك قطتي اخذ يشد قفازاته الطويلة التي لن تحميه من مخالب قطتي ليس بسبب قوتها ولكن بسبب القماش المصنوعة منه عموما ما أن حقنت الابرة الا وقطتي تصدر ذاك الفحيح وتقفز ! مسكتها عندما قفزت على الكرسي اقسم بالله العظيم ثابرت بامساكها لقد كنت الوحيدة التي امسكتها واصحاب الادوار الثانوية واقفان كأنهم اصنام ولو انها اصنام لهممت بمساعدتي !!! فلتت قطتي من يدي مسرعة هاربة خائفة مشتتة نعم فلتت من يدي وهربت خارج البيطرية واختفت ولكن شيئا ما لم يختفي وهو حنقي من فشلهم الذريع من عدم اقفال الباب باحكام من تهمشيهم لي بعد هروب قطتي بل حانقة من وجودهم اصلا.. قطتي خلّفت ثلاث هرر، بقيت عالقة مع اطفالها ومع غضبي,anger
517,عندى طاقة غضب بنت وسخه لدرجة انى شبه حاسس وجع فى قلبى مش عارف اتنفس من الخرا، و مش حاجه على ريديت دى حاجات برا فى حياتى انا عشان الحلوين الى هيخشوا يجمعوا معلومات عن ميتينى و يكفرونى و يدعشونى و يسكسونى,anger
518,اتقى شر الحليم إذا غضب,anger
519,الاعلامي سري القدوة يكتب غضب دولي من الفيتو الأمريكي في مجلس الأمن,anger
520,الاعلامي سري القدوة يكتب غضب دولي من الفيتو الأمريكي في مجلس الأمن,anger
521,الاعلامي سري القدوة يكتب غضب دولي من الفيتو الأمريكي في مجلس الأمن,anger
522,الاعلامي سري القدوة يكتب غضب دولي من الفيتو الأمريكي في مجلس الأمن,anger
523,الاعلامي سري القدوة يكتب غضب دولي من الفيتو الأمريكي في مجلس الأمن,anger
524,الاعلامي سري القدوة يكتب غضب دولي من الفيتو الأمريكي في مجلس الأمن,anger
525,الاعلامي سري القدوة يكتب غضب دولي من الفيتو الأمريكي في مجلس الأمن,anger
526,الاعلامي سري القدوة يكتب غضب دولي من الفيتو الأمريكي في مجلس الأمن,anger
527,غضب زعيم كوريا الشمالية كيم جونغ أون بسبب خطأ كارثي بمراسم إطلاق مدمرة.. إليكم ما حصل للمزيد من التفاصيل، يمكنك قراءة المقال الكامل على .... لمتابعة المزيد من المواضيع الحصرية والمقالات المتنوعة، يمكنك زيارة موقع ... للحصول على آخر الأخبار والمحتوى الحصري، تابعنا في مجموعة على ...,anger
528,غضب دفين في مثل هالأيام صرت أقعد كثير مع نفسي و أحاكيها و أغوص في ذكريات كنت أحاول أتجنبها اكتشفت إني أحمل كثير من الإمتعاض و الغضب المكبوت في داخلي و الموجه غالبا على العائلة الممتدة الأجداد، الخوال الاعمام الخ طلع عندي كلام لو قلته لهم بتنقطع علاقتي معهم و بتأثر على علاقتي مع أهلي و الحل الوحيد اللي توصلت له عشان أحمي نفسي من هذا الغضب اللي أتعبني نفسيا و جسديا هو الإبتعاد بقدر المستطاع عنهم لأني ما ابغى أخسر علاقتي مع أهلي بسبب كرهي لأعمامي و خوالي و أجدادي.,anger
529,غضب في إسرائيل بشأن تصريحات نتنياهو عن أهداف حرب غزة للمزيد من التفاصيل، يمكنك قراءة المقال الكامل على .... لمتابعة المزيد من المواضيع الحصرية والمقالات المتنوعة، يمكنك زيارة موقع ... للحصول على آخر الأخبار والمحتوى الحصري، تابعنا في مجموعة على ...,anger
530,العراق.. فيديو غضب مقتدى الصدر وما فعله على منصة خلال كلمة مباشرة يشعل تفاعلا للمزيد من التفاصيل، يمكنك قراءة المقال الكامل على .... لمتابعة المزيد من المواضيع الحصرية والمقالات المتنوعة، يمكنك زيارة موقع ... للحصول على آخر الأخبار والمحتوى الحصري، تابعنا في مجموعة على ...,anger
531,بوست غضب من حوالي ٧ او ٨ سنين كدا شفت منظر مش قادر اتخطاه خالص. شفت عربية لانوس داخله وش في وش في عربية مرسيدس على البحر، ولا محدش كان ماشي عكس على البحر، القصة ان اللانوس نطت على الجزيرة ودخلت في المرسيدس. المرسيدس كان سايقها راجل شكله ٦٥ سنة ممكن، راجل كبير عادي سايق عربيته واللي حصله ان حزء من القايم بتاع عربيته اتغرس في فخدته والعربية مليانة دم، واللانوس كان سايقها شباب، واحد كان بيترعش جامد وشكله بيودع خلاص وواحد مبيتحركش معرفش مغمى عليه ولا ايه. المهم انا سألت نفسي ليه؟، ليه كل دا؟ وايه اللي استفادوه من الجري والشبحنة على طريق بالعربية؟ هو مش الموقف دا بس، طريق البحر كله كوارث بسبب شباب طايش بيجري وخلاص منغير تقدير لأي حاجة بما فيهم حياة الناس. منظر الراجل الكبير مش بيفارق عقلي، وبخاف على نفسي وعلى اهلي واصحابي ان دا يحصلهم بسبب تهور ومنيكة فارغة، والمشكلة اني بشوف ريلز كتير اوي ناس بتاخد غرز وهم مش شايفين اصلا هم رايحين فين، وتلاقي الناس بتسقفلهم في الكومنتات، بجد بتمنى ان كل واحد بيجري بتهور على اي طريق مش مخصص لكدا انه يتأذى هو لوحده، يتأذى ويخسر كتير اوي اوي علشان يريح الناس من اذاه. مش عارف انا كدا شخص سئ علشان بتمنى الاذى لغيري بس هم يستاهلوا، علشان هم لولا ستر ربنا كان زمانهم اتسببوا في اذى ناس كتير,anger
532,تجميد الحوار القطاعي يجر غضب شغيلة التجهيز والماء على نزار بركة,anger
533,مين لحّق على لعبة غضب القراصنة على الجوال لعبة غضب القراصنة انطلقت في لعبة اونلاين من تطوير شركة صينية ، كل لاعب يكون معاه أسطول سفن و تبحر على خريطة العالم و تهاجم لاعبين ثانين و تسيطر على موانيء و تشارك في احداث مثل حدث سفينة الكنز او حدث حرب النقابات و حدث استكشاف الكنوز و كل لاعب يحاول يطور من أسطوله و مدافعه و معداته ، اللعبة كان عندها كبير لكن ما اهتمو للتسويق و الإعلانات و ادارتها ما كانت نزيهة لدرجة فيه لاعب صار يدفع لهم مباشرة حتى يفوّزوه بالمعارك ، اللعبة اتقفلت في و ما بقي منها غير مقاطع باليوتيوب ، هاللعبه كانت شاغلة وقتي كثير و خلتني اعشق ألعاب البحر و الأساطيل و قاعد ادور لعبة تشبهها و لو معي فلوس كان سافرت الصين اشتري سيرفرات و حقوق اللعبة و أعيد اطلاقها,anger
534,شيء فعليًا يقطع قلبي ويحرقني من الداخل انا الحمدلله ربنا أنعم عليا بحب الجلوس في البيت لكن في الاوقات اللي اضطر الى الخروج فيها للمول خصيصًا، انصدم فعليًا من الوضع واشكال بعض البنات يعني اشكال ممكن اشوفها في فلم امريكي، قصات بويات وكيبوب هذا بعيد عن انهم متبرجات وكاشفات يعني ما ادري ايش السبب هل ما يعرفوا حرمة اللي يسووه؟ او أفطال عليكم العهد أم أردتم أن يحل عليكم غضب من ربكم ؟؟ أم أنهم أمنوا مكر الله وعذابه؟ نفسي احد يقول لي السبب,anger
535,عطونا زيادة سرقوا مننا .. غضب واسع في السويداء بعد رفع الأسعار ومحتجون حكومة فاسدة وداعشية,anger
536,منطق الكتاني.. زلزال المغرب غضب من الله وعند الدول الأخرى شدة وكرب,anger
537,تصريحات ترامب بشأن غزة تثير غضب الشارع المصري,anger
538,كواليس غضب أنشيلوتي مدرب ريال مدريد في ديربي الليغا,anger
539,سبب غريب وراء غضب مشجعي برمنغهام من الخسارة أمام نيوكاسل,anger
540,الإضراب العام.. الحكومة تواجه غضب النقابات,anger
541,غضب داخلي لما تكوني الابنة الكبير أهلك غالبا بشوفوك كزول وشخص زهجان طوالي ماعندك أخلاق وما عندك صبر وما بتتحمل حد. لكن الغريب إنه مع كل الناس التانية يعني زي أصحابك والناس البتعرفهم بشوفوك العكس تمامآ يعني زول متعاطف صبور وبتهتم بالناس. دا ما معناته إنك بتمثل قدامهم. بالعكس أصحابك بشوفوا شخصيتك الحقيقية لأنك مرتاح معاهم كفاية لدرجة إنك تقدر تقول الفي قلبك وتلعب الدور اللي تربيتِ عليه، لكن في البيت، بتكون شخص مختلف تماماً.ومو معناه إنه ما ماعاوزين نكون بنتعامل وعندنا صبر في البيت لانو دا جزء من شخصيتنا. لكن لما نقضي حياتنا كلها نحاول إنهم يسمعونا ويعاملونا بجدية في النهاية بنكشتف إنه الطريقة الوحيدة عشان الناس ينتبهوا لينا ويعطوهم أي نوع من الاهتمام هي اننا نرفع صوتنا ونعمل شوية شوشرة. هل دي لاكن احسن طريقة؟ لا. لكن عشان كده انت بتكون ناضج مع أصحابك ومع كل الناس التانية، لأن الناس التانية اغلبهم بيفهموك وبيسمعوا ليك. تخيل إن الناس التانية فعلاً مستعدين إنهم يفهموا وجهة نظرك ويسمعوك. شيء عجيب مش. قناعتي انت غالبا أسوء نسخة من نفسك في بيتك.,anger
542,ازاي انظف موبايلي تحسبا لظابط ولا مخبر في كمين ولا في اي حتة لو بقى فيه قلق؟ هو اصلا الي بيطلب الموبايل يبص فيه بيفتح ايه ولا بيقلب في ايه عشان يتحرى اذا نفع نسميها كدا او ايا كان عشان لو فيه حاجة متابعها على اي منصة ابحث عنها واشوف لو عامللها فولو ولا لا ولا اعمل ايه من الاخر ؟,anxiety
543,بنفهم بكميه بس والله احس فيني قلق تدرون اخاف من الناس الطويله يجي ببالي لو تهاوشنا يمديها تدعسني او تقدر علي واحط مقارنه كاني مراهق مفلوت بهوشات شوارع ومخي دايم يفكر بوضعية دفاع معهم شكلي ترامتايزد بس ماعرف وش السبب حتى الزوج المستقبلي مابيه طويل و ماقدر عليه ابي لو صار شي يمدي افقع وجهه وادافع عن نفسي مدري ماحس بالامان حتى صداقاتي كلهم حول طولي,anxiety
544,انا قلق جدا من اميركا، محدش بيقدر يثق بالكيان الشيطاني هذا,anxiety
545,قلق النادي انا صارلي سنه اروح النادي و اتمرن ، بس فيه شيء يضايقني احس الناس تشاهدني او تحكم علي باختصار قلق، و هالشيء يروح اذا تمرنت مع احد، و ودي اتخلص منه لانه ياثر علي جودة التمارين. هل مريتو بشيء مشابه؟,anxiety
546,احساس انك مكروه ده سئ و خصوصا انك وحيد محدش معاك محدش جمبك مهربي الوحيد هو السوشيال ميديا بخرج هنا اي حاجه و بقول هنا اللي نفسي فيه و بضحك عشان في الحقيقه حياتي عباره عن خوف و قلق و جالي امراض كتير.. بجد تعبت اوي .,anxiety
547,كيف عالجتخففت مشكلتك النفسيه قلق،اكتئاب،الخ تعبت من التفكير والقلق احتاج حلولكم,sadness
548,يتم قلق وتوتر كثير متوترة من الجامعه صدقا يعني الموضوع بلش يخوفني شوي لانه بحس المكان حيكون غريب علي وفي شباب وهيك بكره المبهم صراحه وما دخلت التخصص الي بدي اياه فحاسة بغرابه وحاسة اني مش ماخذه الجامعه كلها بجديه واني قرفانه منها قبل ما افوتها يعني مش عارفه كيف اشرح الموضوع بس حتى مش عارفه شو اخذ معي اول يوم ولبعدين شو ممكن احتاج كنت قاعده بحاول الهي حالي بهاي الاشياء وانه بدي اشتري لبس بس مش قادره اشيل التوتر حاسة حالي كاشّة منها,anxiety
549,سؤال عاملي قلق كتير حابة انه اكون حد معروفة شو اهتماماته والشغلات اللي بحبها و و و بس بنفس الوقت انا مش حد بحب يصور ولا ينزل ولا يعمل شي عالسوشال ميديا، جزء من حالي حابب انه يكسر هاد الحاجز والجزء التاني مرتاح بالوضع,anxiety
550,ارجوكم مساعده عشان نفسى مره اعيش من غير قلق وخوف حياتي واقفة ومش عارف أعمل إيه محتاج نصيحة أو أي طريق أبدأ منه ، أنا شاب عندي سنة من مصر، وعايش حاليًا أسوأ فترة في حياتي. بقالي سنين بدرس في كلية الصيدلة، لكن بسبب مشاكل كتير منها الإهمال، الاكتئاب، والخوف من أهلي، ضيعت سنين وعدت مواد كتير. للأسف، كنت بكذب على أهلي وبقول إني ماشي كويس، ودلوقتي هما فاكرين إني هتخرج كمان شهر، لكن الحقيقة إني فاضلي سنين كمان. أهلي شديدين جدًا، وأنا متأكد بنسبة كبيرة إني أول ما يعرفوا، هيطردوني من البيت. مش معايا فلوس، ولا عندي مهارات أشتغل بيها، وعمرى ما اشتغلت قبل كده. حاسس إني ضيعت سنين من عمري، ودلوقتي خايف ألاقي نفسي في الشارع. أنا مش بدور على شفقة، أنا عارف إني غلطت، بس نفسي أبدأ من جديد. لو في فرصة أهاجر، أو أشتغل أي شغل، أو حتى أتعلم حاجة تساعدني أقف على رجلي، أنا مستعد أعمل أي حاجة. مش عارف أبدأ منين، ولا إيه الخيارات اللي قدامي، فبكتب هنا يمكن حد يكون مر بتجربة مشابهة أو يعرف يساعدني. رجاءً من غير أحكام أو تقطيم، أنا فعلًا وصلت للحضيض ومحتاج بس دفعة أو طريق أبدأ منه. شكرًا لأي حد هيرد أو حتى يقرا كلامي.,sadness
551,احس اني نسيت كل البيسك والوضع مسبب لي قلق انا الحمد لله خلصت البيسك بعد عذاب، الي هي اول ثلاث سنوات، وصارلي حول شهر ارحين سنة رابعة والنقلة من البيسك للكلينكل كان شي مرا حلو وكل شي مرا اخف، لكن تقريبا احس اني نسيت الطب كامل ما ادري هل كذا طبيعي انساه ولا لازم كل فترة اراجعه ولا كيف طبيعي انساه ومو مهم لان في الاخير باختص بشي واحد مو كل شي زي البيسك عندنا، وشي الي بختص فيه هو الوحيد الي فعلا لازم اعرفه والي يزيد القلق عندنا كم بروفيسور في الجامعة يقولوا طبيعي تنسون مو مشكلة، لكن لابد انكم كل فترة تراجعون، ف مدري والله ..,anxiety
552,هل ممكن اعيش الحياه من دون قلق ؟ ياخي دائما أفكر اقول ليش ما أدخل الجامعه اذاكر أول بأول و اتخرج و اتوظف وبس بس ياخي أحس نفسي دائما شايل هم كيف اقلل من هذا الشعور قدر المستطاع ؟,anxiety
553,ياشباب انا قلق على الاقليات بأمريكا لو تروحو الرئيسية بريديت حتلاقوه مليان فيديوهات اعتقالات عشوائية بالشوارع مالي متخيل شو حيصير خلال الاربع سنين,anxiety
554,هي دي المكتبة اللي عاملين عليها قلق؟ حدانا في البلد بيت العمده اكبر منها مرتين,anxiety
555,تقرة كتاب كامل وتضل دايخ؟...لو....تقرة مرشحات وتضل قلق؟,anxiety
556,ضاع عمري واني بعدني ١٨. مليان قلق وأفكار وجودية. محتاج دعم نفسي أهلا ، أني عمري ١٨ ومن العراق بس عايش ب كندا، وراح أتخرج من السادس هالشهر، بس بصراحة أحس روحي ضايع من الداخل. ما قدمت على أي جامعة لحد الآن لأن دماغي مليان أفكار وجودية تخوفني عن الحياة، عن الله، وعن شنو معناها أصلاً. تربيت على المسيحية، وكنت أؤمن بالله. ولحد الآن لما أصلي، أحس براحة شوي، بس الخوف يرجع كل مرة. قبل كم سنة، ابن عمي انصاب بمرض كرون، و الآن المرض صار مزمن وهذا الشي غيّره وايّه. بدا يشك بوجود الله، يحجي عن الآخرة وكأنها مو حقيقية، ويكول إذا الله موجود فهو قاسي. بالبداية ما اهتمّيت، بس كلماته بدت تدخل براسي شوي شوي. ويا ريت ما شفت فيديو على تيك توك عن شي اسمه سوليبسزم، اللي هو فكرة إنه أنا الوحيد اللي موجود، وكلشي والباقي وهم. هذا الكلام رعبني رعب ما شفت مثله. من وراه بديت أعاني من قلق مستمر، نوبات هلع، وشعور غريب يشبه ضبابية العقل أو كأنه العالم مو حقيقي. أعتقد يسمونه ديرياليزيشن. قبل كل هذا، كنت إنسان قوي وعندي أمل. هسه أحس كأنه دماغي يحاول يحل لغز ما إله جواب، وكلشي بدا يحترق جواتي. كتبت هذا هنا حتى أشوف إذا أكو أحد من أهلي أو من العراقيين مر بهيج شي. إذا عندكم نصيحة، دعم، أو حتى كلمة طيبة، أكون ممنون منكم. والله تعبت وما أريد أحس إني دا أجن. شكراً من القلب,anxiety
557,ترامب الناس كلها عماله تكلم عليه و انه مات شكل في قلق,anxiety
558,ادوية اكتئاب و قلق السلام عليكم ورحمه الله من منكم له تجربه مع ادوية الاكتئاب والقلق لي حدود شهر مع الباروكستين ٢٠ ملغم لعلاج القلق اعطاني تحسن بنتيجة ٥٠ بالمية فقط لكن يضل شيء ممتاز المعاناه فقط مع الاعراض الجانبية واكبر عرضين غثيان و ضعف في الشهوة طبيعي الامر ؟,sadness
559,ياخي توب ثلاثه أشياء اكرها تسبب لي قلق قومة الصبح ل دوام ٢ الواتس ٣ البلاك بورد رعب فيني خوف شديد افتح الواتس مع اني مب مطفيه إشعارات وقاعده اقرا بس مب فاهمه بس اخاف في شي لازم اسلمه وانا عجزانه ذابحني النوم افففف اكره الجامعة بطني يعورني بسببها,anxiety
560,قلق مفرط السلام عليكم انصحوني، انا وحده فيني قلق عالي واكتئاب تلاقوني طول الوقت شايله هم خصوصا من ناحيه الدوام. واحس انه صدق ياثر علي باني اصير ارجف ولا تشد رقبتي ولا اكتئب ليله قبل صدق اكتئب الدنيا تسود بعيني. قلت اغير دوامي وحمدلله غيرته ولا زلت، جربت كل انواع التمارين وما استمر لاني ما اشوف نتيجه، انا حياتي احسها سودا وانا ربي منعم علي حمدلله بس اكتشفت انه شكله العله داخليه. زبده كلامي انصحوني، ابي طبيب نفسي وياليت يكون بمكان يقبل التأمين ووش تجاربكم؟ هل فرق بحياتكم؟ بالعلاج الدوائي ولا السلوكي؟,sadness
561,عايش في قلق بسبب بيئه العمل سلام عليكم، انا الان بكمل ال شهور واخلص فتره التجربه، شركه استثمارات صغيره والمكاتب معزوله ومافي تواصل كبير بين الموظفين الا بشغل، المهم انا انسان غريب شويه وقليل كلام وبحاول اكون اجتماعي قد مااقدر المهم في البدايه كن احاو اطلع من مكتبي واخذ واعطي لكن شفتهم مقفيل وقليلين كلم انا انعزلت برضو واحتمال كبير همه صارو كذا بعد ماجيتهم احساسي يقول كذا، المهم الان انا في مكتب مع مديري وملاحظ الباقيين يشوفوني نفسيه ويحاول يبعدو عني ومديري كمان يحب يوصل كلام عني، انا شغال واطلع بس لمن احد يكون عنده مشكله وكذا. افيدوني ايش رايكم اسوي؟ النفسيه بدات تتعب وافكر اطلع قبل فتره التجربة,anxiety
562,تعمل قلق للعلمانجي اغلب العلمانجيه الخولات وبالذات في مصر مش واخدين من الغرب غير قلع الحجاب والمشي بالبيكيني في الشوارع و اتخذوا العلمانيه منهج عشان يزنوا براحتهم ويشربوا خمر و خالد منتصر وسيد القمني و نوال السعداوي و غيرهم من بقية الفطايس ابسط مثال انما تقولهم ايه علاقه قلع حتة القماش بالتطور مش هيعرفوا يردوا هما كده حافظين مش فاهمين شويه خولات من الاخر,anxiety
563,عندي قلق من نوع غريب بخصوص الجامعات اكو تخصص اريد اروحله واكو جامعة جديدة بمحافظتي راح تنفتح هاي السنة بس هي بيها هذا التخصص المشكلة والشي الي مسببلي قلق اخاف هاي الجامعة تنسد وانا بالمرحلة الثالثة لو الرابعة مثل ما صار بجامعتين حاليا والطلاب ما يكدرون يسوون شي كل فلوسهم وتعبهم ضاع ما ادري اخاطر واروحلها لو اروح لغير تخصص بجامعة مضمونة اكثر,anxiety
564,قلق ولا خوف زايد؟ انا و ماما و اخوية مرينا في ثلاث وفيات خلال ثلاث سنوات بمعدل كل سنة كل احد يتوفى ابوية و جدتي ام امي و خالي الله يرحمهم كلهم المشكلة دحين ان ماما من زمان ما تحب هرجة الصحبات و الصداقات حتى هي ما تحب يكون عندها صحبات يعني من انا صغيرة تقول ما راح تروحي لصحباتك هم يجو عندك حتى يوم يجيو تطفشهم زي انها تقعد عند باب الصالون او غرفتي و تتكلم بصوت عالي صحباتك ما عندهم اهل مطولين او تقعد تعصب عشان اتوتر و هم يستحو مني و يطلعو و يبطلو يجو حتى صحباتي زمان كانو بما يخرجو و اسألهم ليه ما كلمتوني يقولو اصلا امك ما راح تسمح و مع الاسف امي زمان كانت من النوع صاحبي دي البنت و سيبي دي البنت ما عجبتني و المواضيع دي كلها صارت و انا كنت في الابتدائي الين المتوسط لما صرت في الثانوي صرت ازعل انو انا ما عشت ذكريات مع صحباتي كلها في البيت و كمان ما نخرج كتير يعني ممكن في الشهر مرة ولا مرتين مشاويير السيارة نجيب شي من البقالة خرجة تعتبر ما اقول كدا نظام انا اكره امي ولا طفشت من خوفها علي بس الموضوع صار متعب حتى دحين انا راح اتخرج من الجامعة اي بنت من صحباتي على رغم انها تشوفهم و تشوف انهم يوقفو معايا في مواقف صعبة من ضمنها الوفيات و حتى لما ماما تتعبو نروح المستشفى اخر الليل تقول لا هدول قليلات ادب عشان شافت شي منهم احنا مو متعودين عليه او عشان تشوفني انا سفيهة معرف الي قدامي انا امي لما تقول مني مرتاحة لفلانة ولا لعلانة اقلها ابشري بنتبه على نفسي منها و بنتبه على حركاتها بس امي ما تبغى كدا صارت تقلي اقطعي علاقتك فيهم و خليك في البيت قاعدة كلهم طمعانين فيك و يبغو يأذوك انا بسبب طريقة تفكير ماما القلق دي قاعدة تحت ضغطت و اتشخصت باضطراب قلق و ماما مهي فاهمتني اني انا ما احب قعدة البيت ماما شخصيتها تحب البيت انا عكسها و تشوف ان خرجاتي قلة ادب مع ان ماما في شبابها كانت تطلع مع صحباتها و تروح و تيجي عادي بعلم اهلها لكن انا مستغربة ليه هي معترضة علي انا على رغم اني ارجع البيت قبل بليل و حتى لما بدأت اخرج مع صحباتي كنت لما دخلت الجامعة و حتى دي بعد مناحلات و نقاشات و زعل انا ما ابغى ازعل ماما ىلا اكسر كلمتها بس ابغى افهمها هي ليه تسوي كدا وليه تفكيرها كلو قلق,anxiety
565,لو قعدت في مكاني هادي من غير صوت فتره ،تجيلي نوبه قلق,anxiety
566,حالات قلق متكررة زي ما مكتوب بالعنوان، احيانا بكون قاعد فجأة يجيني قلق و توتر ويجيني نبض سريع و فعلا بتوتر وما بعرف اقعد ولا اعمل اشي، لا انا قادر ادرس ولا اني قادر العب ولا عارف اقعد، الحالة هاي شغالة حاليا وصارلي من قبل العصر ل هسا مش راضية تروح وحاس بدي اصيح، جد بدون مزح، شو اعمل؟ يخوان تعديل قرأت قرآن، سبحت وذكرت الله، صليت ومش راضية تروح,anxiety
567,اضطراب قلق عام عندى اضطراب قلق عام و باخد ايفكسور و اولابكس بقالي سنه و بجد العلاج دا بيخليني بني ادم قادر اتعامل مع الناس زي اي حد حد ، من غيره انا مهلهل تماماً ، جسمي كله متوتر متشنج ، حاسس ان الناس عامله مؤامره عليا ، هل انا هفضل اخده طول عمري ؟ حاجه تانيه انا بسبب الانكيزيتي عندى قلة تركيز رهيبه و دا مسببلي مشاكل ف الشغل هل في حاجه اخدها عشان التركيز؟,anxiety
568,اليوم الخامس عشر قلق لم يكن يوما حافل بالانجازات بل كان حافلا بالقلق و الاضطرابات لم استطيع فعل شيئا بداتو اعاني من تفكير المفرط مجددا فرط تفكير مع القليل من المشاكل الاسريه مع القليل من ضغط هذه هي العوامل المثلى للضياع او الهلاك في تفكير في ذات لم اعد انجز مثل زي قبل لم اعد الشخص الذي عهدته لم اعد اشعر بالرغبه لاي شئ ولاكن لو هنالك شيئ انا اعرفه سيكون اني لن اتوقف حتى اموت و هذا ما اطلبه منك دعوه خالصه من القلب لي و لنفسك و عدم الاستسلام حتى اللحظه التي تلقت فيها انفاسك الاخيره,anxiety
569,عندي قلق من نوع غريب بخصوص الجامعات اكو تخصص اريد اروحله واكو جامعة جديدة بمحافظتي راح تنفتح هاي السنة بس هي بيها هذا التخصص المشكلة والشي الي مسببلي قلق اخاف هاي الجامعة تنسد وانا بالمرحلة الثالثة لو الرابعة مثل ما صار بجامعتين حاليا والطلاب ما يكدرون يسوون شي كل فلوسهم وتعبهم ضاع ما ادري اخاطر واروحلها لو اروح لغير تخصص بجامعة مضمونة اكثر,anxiety
570,ليش اذا طلبت اكل من مطعم عن طريق تطبيق مثل جاهز او هانقرستيشن او كيتا يوصلني الطلب بدون اي قلق بدون حتى مايكلمني بس اذا طلبت سياره توصلني من اوبر او كريم او بولت الموضوع يقلب عباطه وقلق ويكلمك وين بتروح وين بتجي كنسل لاتكنسل وتقعد ساعه ماحد جاك ليش مو بنفس سلاسه برامج التوصيل !!! صرت والله اكره اطلب سياره اذا يمدي امشي,anxiety
571,قلق الانجاز في العشرينات وصل عمري قبل أيام إلى سنة. والحقيقة أن هذا العمر غريب بعض الشيء. بقدر ما تشعر أن الضغط يزداد لإنجاز شيء لا تعرفه، إلا أنك تؤمن داخليًا أن عليك تحقيقه قبل الثلاثين. بقدر ما تحس أنك أصبحت أكثر هدوءًا من ذي قبل، بدأت تمحص أهدافك، تفرزها، وتبحث عن ذلك الهدف الحقيقي الذي يستحق أن تفني عمرك فيه. تنظر إلى السنوات الماضية، خاصة ما قبل الخامسة والعشرين، كأنها كانت مرحلة مراهقة طويلة، أو مقدمات لحياتك الفعلية. إلى من تجاوز الثلاثين كيف حالكم اليوم؟ ما الذي حل بأهدافكم التي كنتم تسعون إليها في العشرينات؟ تلك التي كانت تشغل تفكيركم وتحفّزكم؟ هل تغيرت؟ نضجت؟ اندثرت؟ هل بقيت حبيسة الورق والخيال؟ أم أنه لم تكن هناك أهداف واضحة من الأساس؟ شاركونا تجاربكم. شخص يعاني من قلق التقدم في العمر والإنجاز بحاجة لتوجيهكم الصادق.,anxiety
572,قلق المستقبل تحديدا الجامعه أنا تعبت من عقلي صرت أفكر كيف اقدر ارتاح حاليا مو قادره انام وكله بسبب قلقي من الجامعه مع اني اعرف الجامعه مو نهايه العالم بس عندي قلق و توتر ولسا ماصارلي يومين قلق من كلشي عندي تعبت تعبت تعبت دايما اقول ربنا موجود جنبي وربنا الي كاتبلي ايش يصير بيومي ليش أتوتر؟ أنا عارفه هالشي بس مو قادره اسيطر على افكاري مو قادره تعبت من عقلي وتفكيري الموضوع متعب جدا احيانا صرت اكره وقت النوم بسبب هالشي قلق من البرزنتيشن مع انه لسا والله ثاني يوم صارلي بس بسبب اختلاف اللغه مو لغتي قلق اعاده السيناريو الي عشته بالثانوي اني اكون وحيده مع انه الجامعه مختلفه و برضو عادي قلق رسوب اقسم بالله بخاطري ارحم نفسي بس مو قادره تعبت والله العظيم وفوقها احاول التزم بصلاتي وأتقرب من ربنا,anxiety
573,اخواني وخواتي سوف ادخل عالم جديد وانا قلق بعد شهرين وبالتحديد سوف احال على التقاعد بعمر ٦٠ سنة والحمدلله ولكني اشعر وكأني سوف ادخل الى عالم البطالة والمرض وبهذا العمر لازلت والحمدلله ذو صحة وشكل لايوحي باني بهذا العمر ولقد فكرت الدخول الى عالم التجارة ولكن قلة خبرتي تصدني فهل من كلمة ربما تكون مفتاح راحتي العمل هو الحياة والصحة بالنسبة لي وتذكر عزيزي الناصح انا لست ذو قوة كما كنت شاباً وشكراً,anxiety
574,تركيز بدون قلق لما احاول اركز على مسأله ولا اعرف حلها يجي إعصار بمخي فجأة مع شعور إحباط واقوم علطول اخذ لي بريك واطول فيه شلون اتخلص من مشكلة اني لازم اكون بيرفكت بكل سؤال لانها بدال ما تخليني شخص ناجح جالسه تخليني افشل,anxiety
575,رقم النجدة في مصر ١٢٢ ، انشروا البوست عشان التوعية في مصر وحشة قوي انا عرفت الرقم دا من شوية في لحظة فضول مش مصدقة أن مفيش حد حواليا قلق عليا وفكر يقولوهولي عفوا,anxiety
576,انا قلق جدا من اميركا، محدش بيقدر يثق بالكيان الشيطاني هذا,anxiety
577,قلق ما قبل التخرج السلام عليكم، بشرح لكم موقفي أنا طالبه علوم حاسب أعيش بالرياض، ومقبله على آخر سنه بالجامعه، عندي شهادات لدورات بسيطه مثل يودمي وكورسيرا، وبرنامج بسيط مع زين، واحس بالقلق المعدل ٣.٣٦ حاليا من خمسه، وهذا بسبب مشاكل واجهتها وكانت جدًا متعبه، وحاليا مو عارفه وش اسوي عشان احسن من وضعي، عندي مشاريع وأقدر اقول اني ومستقبلا ممكن إفادتكم بكيف احسن وضعي..,anxiety
578,قبل انام قالت لازم اعمل قلق,anxiety
579,وخزات قلق مع خليط بيتي! بجربه ومتحمسةة ،المؤسف ان دايم طعم الخليط يجي مُريب طعم خالي من الفن ،جاف ومتواضع،بس عندي امل في هذا الخليط وشكله لطيف مرة يذكرني بفتافيت،دعواتكم يارفاق بعد ادعوا لاختباراتي الواضح اني احتاج كم هائل من الدعوات في هذا الجانب,anxiety
580,قلق عام ايه حل القلق الدائم والتوتر,anxiety
581,ينفع حد يستقبل سبع تلاف دولار على ولا فيها قلق؟ واحد صاحبي جايله ست الاف ونص دولار من شغل اونلاين الفريلانس وعايز يسحبهم على حسابه في هل هيحققوا معاه واسالة وبتاع ولا عادي؟ علما ان الشهر اللي فات جاله تلاتة ونص ومحدش كلمه بس هو قلقان عشان المبلغ كبير شوية,anxiety
582,حوار قلق حوار الفيزيا اللي بنعملها دي وبنحطش فيها جنيه حوار مقلق جدا تنصحوني اعمل ايه علشان احل الموضوع ده,anxiety
583,حساب السعرات قلق ومريح بنفس الوقت كل ذا اللي تحس كمية كبيرة فيه حول ال ٥٠٠ سعرة تقريبا، ٦ بيضات ٤ صفار، جبن فيتا لايت المراعي ال٣٠ قرام فيه ٥٠ سعرة، أكلته بالشوكة بدون خبز,anxiety
584,قلق القلق والخوف اثرو على جودة حياتي من كل ناحية، كرهت هذا الشي فيني كل شي اقلق عليه تافه او مو تافه اعطي كل شي نفس القدر من الاهمية واقعد افكر طول اليوم باصغر الاشياء، تعقدت وحياتي خربت مو قادرة اعيش حياتي بشكل طبيعي، علاقاتي اكون قلقة فيها وافكر بكل حاجة واعطي هالعلاقات اهمية واقلق وافكر فيهم حتى لو كانو حرفيا اونلاين ومفروض ما اهتم وانا اقلق واشيك، حياتي الاكاديمية قاعدة تخرب بعد بسبب هالقلق ودايم عقلي مشغول وخايفة من اشياء ماصارت حتى واخرب على نفسي كثير، عيشة ماني عايشة ، حرفيا كاني بجحيم ومحصورة مع افكاري ومخاوفي وقلقي الزايد عن اللزوم، جودة نومي خربت بسبب هالشي واكون قلقانة حتى اول ما اصحى وماصار شي!، كل يوم وقت اعيش يومي يروح فيهم تعبت من شعور القلق وتعبت من شعور الخوف تعبت من التفكير الزايد وتعبت اني مو قادرة اعيش حياتي لدرجة اني اتمنى انام للابد ولا اقعد مع نفسي دقيقة لاني تعبت من الوضع,anxiety
585,قلق زائد في اختيار تخصص في الأمن السيبراني السلام عليكم ورحمة الله وبركاته يا اخوان القلق أكلني اكل أنا متخصص امن سيبراني و تحديدا في الفريق الأحمر الهجومي وطموح في تخصصي وماشي في مسار تعلمي، بس بدأ الخوف و القلق يراودني في موضوع انه التوظيف في المجال الهجومي صعب و افضل اروح في مجال دفاعي لكن وهذا القلق نتيجته أبدا مي مريحة امشي في مسار تعلمي، بعدين أوقف و أتوتر كم من يوم، بعدين أتوتر وهكذا، ف ابا من الي عندهم معرفة في سوق العمل هل إذا تخرجت من الجامعة بشهادات تبرز مهارتي في هذا التخصص هل القبول سهل او صعب وجزاكم الله كل خير,anxiety
586,نوبة هلع ولا قلق اجتماعى !!! النهاردة كنت ف ميتنج جدا جدا فريندلى و الناس لطيفة و دخلت سلمت عليهم و اتكلمت معاهم و ابتسامات وبتاع وشديت كرسى و قعدت ف الميتنج دة حوالى ٢٠ سيدة و انا و واحد كمان بس الرجالة و كلهم أكبر منى سيدات أمهات و هكذا و الصغيرين فيهم ٢٧سنة المهم جيت ف نص الميتنج بفكر ف كلام اقترحه عليهم فجاءة بدون اى مقدمات قلبى بيدق بسرعة جدا و بقيت سامع صوته بوضوح و سامع صوت الدم بيجرى ف دماغى و نفسى بقى سريع جدا اكنى بجرى و حسيت انى باصص عليا من برا منظور الشخص التالت والغريب أن دة أول مرة ف حياتى يحصلى مش عارف دة اعتبره نوبه هلع و اخد بالى من المثيرات ولا طلع عندى بعد كل السنين دى قلق اجتماعى ومش واخد بالى عشان مكنش فى ضغط؟,anxiety
587,دراسة الصيفي قلق احس بكتمه با المحاضرات المادة الي اخذها مرض برضو و الوقت ضيق و الدكتور مصر انه يقدم لنا التفصيل با الشرح بشكل ممل المادة ماتفتح متطلبات ولا شي ولا حتى استفيد منها با مواد ثانية بشكل كبير و الدكتور الي ماسكها ترم عادي طريقته صعبه جداً و معروف بدقته امس اختبرت اختبار المادة ذي والصراحه ادائي كان سيئ قسم بالله ان الوضع يقهر المادة ذي مو الوحيده عندي في مواد اخرى دسمة زيها بس الدكاترة الباقين متفهمين و متعاونين معانا عكس هذا الي كارفنا كرف الله يسهلها خوفي احملها و اعابل ترم ثاني زود الهدف من التعليم بشكل عام سواءً اكاديمي جامعي او مدارس هو نشر العلم و تنمية الذكاء للأفراد الصراحه تجاربي مع المعلمين سيئه با ناحيه توصيل المعلومه اروح واجيب المعلومه بنفسي افضل تجاربي مع المعلمين اغلبا كذا اروح التعلم بنفسي و اجيبها افضل بكثير طبعاً مو كل المعلمين كذا في معلمين كانُ اساطير من ناحيه توصيل المعلومه و التدريس بس الاغلب...سيئين با رأيي.,anxiety
588,محتاجه حد يساعدني ابطل احس باهتزاز او قلق وانا مبشوفش غير و ناس بتجوز انا مش كبيره خالص ٢٦ بس بجد بحس اني بغير او بقلق او ساعات كمان باستفز مش عارفه ليه من كتر الناس اللي بتجوز دي عايزه اعرف اتعامل كويس مع االموضوع ده ازاي فعلا ميبقاش حاجه موتراني,anxiety
589,قلق ما بعد التخرج دلوقتي انا متخرج و عندي جيش كمان شهرين، و باختصار شديد انا ضيغت خمس سنين كلية في لا شئ انا خريج كلية هندسية و السبب في اني دايما لما ببدا في مجال و بوصل لبداية الطريق ما بعد الأساسيات بيعتريني فكرة اني عمر ما هبقا جيد كفاية إني اوصل لمستوي حلو يؤهلني لسوق العمل باختصار المثال الحي لل و بالتالي بسيب المجال و ببدا في مجال تاني السؤال هنا لو حد مر بده ازاي اتغلبتوا علي الشعور ده ؟ و برضه هل هياثر علي بالسلب لو فيه,anxiety
590,لو حد عنده تروما او اضطراب قلق او بيتعالج من قلق بادوية او ثيرابي انا عندي اضطراب قلق اكتشفته من شهور وحابب اتعلم واشارك تجربتي مع حد عنده نفس المشكله انا باخد ادوية للموضوع دا وساعدتني بشكل كبير جدا بفضل الله الحمد لله وبنصح بيها ولو حد بيفكر في الموضوع دا ممكن يكلمني هنا او برايفت وبو حد بياخد ادويه وحابب بس يحس انه مش لوحده انا موجود انا مبرمج مش دكتور وبرضو انا حاسس ان جزء من مشاكلي جذوره اساءات والديه من الطفوله مع اني علاقتي معاهم جميله دلوقتي الحمد لله لكن اثار اخطائهم لحد دلوقتي لسا موجوده ودي الحاجه اللي لو حد عمل تقدم فيها وحابب يساعدني او يشاركني اكون ممتن ليه للعلم نوع القلق اللي عندي اضطراب قلق معمم عشان لو حد عنده نفس التجربه وحابب يشارك,anxiety
591,تلميذا في القسم.. قلق حقوقي شديد بسبب اختلالات الدخول المدرسي بمراكش,anxiety
592,تى ماتريكس ثقة المستهلك الأمريكي تتراجع طفيفاً وسط قلق بشأن الوظائف والدخل,anxiety
593,سؤل مسبب لي قلق هل طبيبي نفسي يشارك معلوماتي للدولة اني جنت اروح لطبيب نفسي بالحارثية اروح للعيادة والسكرتير مالته اخذ اسمي ومعلوماتي كاملة شفويًا يعني بدون ما انطي مستمسكات مادية ، وهسه اجاني خوف اذا اريد اتعين او اقدم على جامعة هل راح يعرفون ان اني عندي اكتئاب واخذ ادوية من خلال معلوماتي اللي عند الطبيب ؟؟,sadness
594,عايزه أبطل قلق بترعب و بكبر أى موضوع صغير لو حد بحبه إتخانقت معاه خناقه بسيطه بنهار و بخاف أنام و أصحى ألاقى الشخص دا نهى معايا كل حاجه و لما ببقى حابه شخص و يروح مثلا مشوار و ميكلمنيش لما يرجع دماغى بتفضل تودى و تجيب إنه عمل حادثه أو فى المستشفى أو حصل أو حصل أو حصل ولو إتأخر شويه فى الرد دا كدا حصل مليون حاجه و المشكله مكنتش كدا و التفكير دا مجاليش من فراغ هو من مواقف كتير بس أنا محتاجه أتخلص من القلق دا خصوصا إنه بقى يجى ع حساب كرامتى مكنتش كدا خالصصصص بقيت دايما بصالح إللى معايا و حتى لو الشخص إللى غلطان بفضل أرن و أعيط علشان أتطمن إنه مش هنسيب بعض و نفس الكلام لو مردش ل فتره يجيلى هيستيريه عياط و قلق و وجع قلب إنه حصل حاجه و من كام شهر كنت عكس دا خالص يعنى مكنش عندى خالص موضوع القلق دا مش عارفه فى أيه و كل يوم بيكبر و بجد حاولت ألهى نفسى كتير مش بعرف و المشكله القلق بيطول لإن الشخص ساعات مش بيرد ١٢ ساعه و ١٦ ساعه و أرقام مش قليله خصوصا لو نايم ولا مشغول و حاولت أنام بردو بصحى مخضوضه و خايفه و ساعات بحلم كمان ب الموقف و الشخص,anxiety
595,جماعه انا تعبان قوي مش قادر اعمل حاجه و لا قادر ارتاح ولا قادر اشتغل و عندي قلق هو ده إيه يا جماعه هو إيه ده انا مش فاهم ؟ بالله عليكم حد يساعدني انا تعبت قوي مش فاهم إيه ده أرهاق و قلق انا كنت ف فترة امتحانات الثانوي و قسمت المواد امتحنت الأحياء بس و بالله عليكم محدش يقولي يعني انت عملت إيه على كده و مش عارف إيه انا واثق اني هقدر أذاكر الاربع مواد عشان بقيت فاهم بتتلعب ازاي بقيت فاهم اللعبه دلوقتي انا عايز اخطط لهدفي اللي أجلت عشانه من الاول الهدف محتاج شغل و كل اللي حوليا شايفني مش هقدر و انا بحلم بس انا نفسي اوصل لهدفي عايز اخطط مش قادر و غير ده كله انا وصلت لمرحله حلوه ف الدين انا و في فترة الامتحانات كنت بستشعر القرآن و بستشعر الذكر كنت مبسوط ف عز الضغط و التوتر كنت بدعي و دعائي يستجاب الحمدلله بس فجأه عملت ذنب كنت واخد عهد على نفسي اني مش هعمله و عملته هو مش حاجه كبيره عشان دماغكم متروحش بعيد بس انا حاسس أني نقدت العهد مه ربنا ف ربنا بيعاقبني فا حرمني من لذة الطمأنينة و السكينه اللي كنت فيه حرمني من لذة فهم و تدبر القرآن انا من كتر ما حبيت تدبر القرآن قررت أني أبدأ حفظ عشان انا حرفياً اتكسف اقول للناس السور اللي بصلي بيها بقالي سنين و نفسي كنت اجرب اصلي بيآت غيره اللي انا حافظه ف قيام الليل عشان اتدبر و هيكون الموضوع حلو قوي نفسي اجرب الشعور و كنت مقرر أبدأ ف دراسه الدين أكتر كل دي حاجات عايز اعملها ده غير الحاجات اللي محتاج اعملها عشان خاطر هدفي و عايز أبدأ اتمرن عشان عايز أظبط جسمي و عايز أتعلم مهارة تدخلي فولس عشان حالتنا الماديه بقيت صفر حرفياً انا حالياً لا قادر استريح من القلق و لا قادر اشتغل من التعب والله تعبت تعبت مش قادر حاسس انا مهدود مش قادر حته أرفه عن نفسي يا جماعه ارجوكم ساعدوني تعبان قوي مش فاهم إيه ده و حته ف فيديوهات عن المنتل هيلث لي أندرو هيبورمان عايز اسمعها مش قادر سلسه اسمها فقه النفس عايز أبدأ فيها مش قادر و انا بقيت عدواني بشكل غبي بفتعل مشاكل بشكل متخلف مش فاهم إيه ده و كل اللي حواليا بقيو كارهين يقعدو معايا أو حته يتكلمو معايا حته أهلي دي أكتر حاجه بخاف منها و بخاف تحصلي أن الناس تكرهني بس انا بقيت اتكره فعلا بقيت قعدتي لا تطاق انا مش كده والله انا محتاج ارتاح بس ارتاح و حته دي مش عارف اعملها,anxiety
596,كلمات اغنية عمل قلق فريد دة عمل قلق.. شقلب حالي وموازيني محتاج حاجة تهديني اصل انا قلبي في خطر يهبل بلد فلتة جماله استثنائي ماتشافش دة ربعه نهائي ولا حتى في بال خطر دة قمرنا بنفسه جنبه ولا يتذكر واثق لو شاف عيونه بينبهر,anxiety
597,خوف ولا قلق جماعة انا بخاف انزل اشتغل ناس كتير بتجبلي شغل وبتكلمني ع شغل ومبجرد م بسمع سيرة الشغل بقلق وبتوتر انا نزلت شغلانات قبل كده بس مكنتش بستمر فيها يعني اشتغل يومين تلاتة وازهق وبمشي منهم الفترة دي زادت معايا مبقتش انزل لو سمعت سيرة شغل بتعب وبتوتر وبخاف مش عاوز انزل شغل. بس مجبر عشان اصرف ع نفسي ياريت ال مر بالتجربة دي وحلها يقول بعد اذنكو عشان صعبة اووي,anxiety
598,الغريب اننا مش قادرين نترجم الشعور على انه قلق.. .,anxiety
"599,توصية قلق السعي إلى المكانة ربما يكون الخوف وحده هو جذر المشكلة، لأن الواثقين في قيمتهم الذاتية لن يتسلوا بتحقير الآخرين! وراء الاختيال والغرور يكمن ذعر مقيم، فحينما ننقل لبعض الناس الشعور بأنهم غير أكفاء لنا؛ يأتي القصاص اللازم بشعورنا بالدونية إزاء أشخاص آخرين.,anxiety"
600,لو عندك قلق لو بتعاني من اعراض القلق وعايز حل طبيعي غير الادوية والمهدئات مش بقول اطلاااااقا ان ده بديل ليهم فعندك نبات الكاموميل شيح البابونج خلي بالك اسمه شيح البابونج ،مش الشيح الجبليالبلدي ، ده حاجة وده حاجة رخيص جدا وممكن تجيبه من عند اي عطار ممكن تجيب ب١٠ جنيه مثلا او لو عايز تستنضف وتجيب حاجة جودتها اعلي ممكن تجيب من اي صيدلية المهم انت بتحط معلقة في كوباية وبتغلي ماية في البراد وبتصبها علي الكوباية ، بعدها غطي الكوباية عشان الكاموميل فيه زيوت طيارة ممكن لو سيبت الكوباية مش متغطية تطير منها بعد حوالي نص ساعة هتحس ان القلق راح بنسبة كبيرة او راح تماما وروقان وراحة بال ، وغالبا هيخليك تعوز تنام فحاول تاخده بالليل مش الصبح انا كنت باخدهالصبح عادي الصراحة مكانش بينيمني اوي بس براحتك عامة ده غير ان له فوايد تانية زي تحسين مشاكل القولون القولون الاعتراض الوحيد اللي عليها ان يقال ان يفضل مياخدهاش حد عنده ربو عشان ممكن تزود الربو المصدر جوجل جربوها مش هتخسروا حاجة وطعمها كويس شبه الينسون,anxiety
601,بتتعاملوا إزاي مع قلق ال ازيكوا، انا بشيفت حاليا لداتا انجنيرنج ، واللي مكنتش عارفه اني فعلاً حابب المجال دة، وواخده علشان المهارة نفسها، مش مجرد بس أشتغل في وظيفة بفلوس كويسة، لكن أكيد بردو بفكر في المستقبل، ايه اللي هيحصل مع السنين؟ هل فل متوسط المرتبات في مجالات البرمجة بكل أشكالها هتكون في اتجاه منخفض مع الوقت بسبب كمية الإقبال المهولة؟,anxiety
602,بقولك يا حلوة هتعملي قلق فين النهارده؟,anxiety
603,قلق ينتابُني قلقُ المصِيرِ وكلّما آنستُ لطفَ الله عَاد هدُوئي!,anxiety
604,جماعه انا تعبان قوي مش قادر اعمل حاجه و لا قادر ارتاح ولا قادر اشتغل و عندي قلق بالله عليكم حد يساعدني انا تعبت قوي مش فاهم إيه ده أرهاق و قلق انا كنت ف فترة امتحانات الثانوي و قسمت المواد امتحنت الأحياء بس و بالله عليكم محدش يقولي يعني انت عملت إيه على كده و مش عارف إيه انا واثق اني هقدر أذاكر الاربع مواد عشان بقيت فاهم بتتلعب ازاي بقيت فاهم اللعبه دلوقتي انا عايز اخطط لهدفي اللي أجلت عشانه من الاول الهدف محتاج شغل و كل اللي حوليا شايفني مش هقدر و انا بحلم بس انا نفسي اوصل لهدفي عايز اخطط مش قادر و غير ده كله انا وصلت لمرحله حلوه ف الدين انا و في فترة الامتحانات كنت بستشعر القرآن و بستشعر الذكر كنت مبسوط ف عز الضغط و التوتر كنت بدعي و دعائي يستجاب الحمدلله بس فجأه عملت ذنب كنت واخد عهد على نفسي اني مش هعمله و عملته هو مش حاجه كبيره عشان دماغكم متروحش بعيد بس انا حاسس أني نقدت العهد مه ربنا ف ربنا بيعاقبني فا حرمني من لذة الطمأنينة و السكينه اللي كنت فيه حرمني من لذة فهم و تدبر القرآن انا من كتر ما حبيت تدبر القرآن قررت أني أبدأ حفظ عشان انا حرفياً اتكسف اقول للناس السور اللي بصلي بيها بقالي سنين و نفسي كنت اجرب اصلي بيآت غيره اللي انا حافظه ف قيام الليل عشان اتدبر و هيكون الموضوع حلو قوي نفسي اجرب الشعور و كنت مقرر أبدأ ف دراسه الدين أكتر كل دي حاجات عايز اعملها ده غير الحاجات اللي محتاج اعملها عشان خاطر هدفي و عايز أبدأ اتمرن عشان عايز أظبط جسمي و عايز أتعلم مهارة تدخلي فولس عشان حالتنا الماديه بقيت صفر حرفياً انا حالياً لا قادر استريح من القلق و لا قادر اشتغل من التعب والله تعبت تعبت مش قادر حاسس انا مهدود مش قادر حته أرفه عن نفسي يا جماعه ارجوكم ساعدوني تعبان قوي مش فاهم إيه ده و حته ف فيديوهات عن المنتل هيلث لي أندرو هيبورمان عايز اسمعها مش قادر سلسه اسمها فقه النفس عايز أبدأ فيها مش قادر و انا بقيت عدواني بشكل غبي بفتعل مشاكل بشكل متخلف مش فاهم إيه ده و كل اللي حواليا بقيو كارهين يقعدو معايا أو حته يتكلمو معايا حته أهلي دي أكتر حاجه بخاف منها و بخاف تحصلي أن الناس تكرهني بس انا بقيت اتكره فعلا بقيت قعدتي لا تطاق انا مش كده والله انا محتاج ارتاح بس ارتاح و حته دي مش عارف اعملها,anxiety
605,قلق القلق والخوف اثرو على جودة حياتي من كل ناحية، كرهت هذا الشي فيني كل شي اقلق عليه تافه او مو تافه اعطي كل شي نفس القدر من الاهمية واقعد افكر طول اليوم باصغر الاشياء، تعقدت وحياتي خربت مو قادرة اعيش حياتي بشكل طبيعي، علاقاتي اكون قلقة فيها وافكر بكل حاجة واعطي هالعلاقات اهمية واقلق وافكر فيهم حتى لو كانو حرفيا اونلاين ومفروض ما اهتم وانا اقلق واشيك، حياتي الاكاديمية قاعدة تخرب بعد بسبب هالقلق ودايم عقلي مشغول وخايفة من اشياء ماصارت حتى واخرب على نفسي كثير، عيشة ماني عايشة ، حرفيا كاني بجحيم ومحصورة مع افكاري ومخاوفي وقلقي الزايد عن اللزوم، جودة نومي خربت بسبب هالشي واكون قلقانة حتى اول ما اصحى وماصار شي!، كل يوم وقت اعيش يومي يروح فيهم تعبت من شعور القلق وتعبت من شعور الخوف تعبت من التفكير الزايد وتعبت اني مو قادرة اعيش حياتي لدرجة اني اتمنى انام للابد ولا اقعد مع نفسي دقيقة لاني تعبت من الوضع,anxiety
606,الصوره دي عاملة قلق لبعض المسلمين المسلمين ماسكين الست دي بسبب الصوره دي وجايبة تفاعل عالمي وبعدين يجو يزعلو من الاسلاموفوبيا طول ماهم بالعقلية دي والفكره ان المشكله مش فى فكر الناس انما الاسلام فعلا ضد المرأه واي حريات عموما مهما كنت بتغطى جسمك هتلاقي اللى بيعلى عليك,anxiety
607,قلق الثانوية العامة ؟ إليك موعد النتيجة الرسمية وطريقة الاستعلام برقم الجلوس,anxiety
608,جماعه انا تعبان قوي مش قادر اعمل حاجه و لا قادر ارتاح ولا قادر اشتغل و عندي قلق بالله عليكم حد يساعدني انا تعبت قوي مش فاهم إيه ده أرهاق و قلق انا كنت ف فترة امتحانات الثانوي و قسمت المواد امتحنت الأحياء بس و بالله عليكم محدش يقولي يعني انت عملت إيه على كده و مش عارف إيه انا واثق اني هقدر أذاكر الاربع مواد عشان بقيت فاهم بتتلعب ازاي بقيت فاهم اللعبه دلوقتي انا عايز اخطط لهدفي اللي أجلت عشانه من الاول الهدف محتاج شغل و كل اللي حوليا شايفني مش هقدر و انا بحلم بس انا نفسي اوصل لهدفي عايز اخطط مش قادر و غير ده كله انا وصلت لمرحله حلوه ف الدين انا و في فترة الامتحانات كنت بستشعر القرآن و بستشعر الذكر كنت مبسوط ف عز الضغط و التوتر كنت بدعي و دعائي يستجاب الحمدلله بس فجأه عملت ذنب كنت واخد عهد على نفسي اني مش هعمله و عملته هو مش حاجه كبيره عشان دماغكم متروحش بعيد بس انا حاسس أني نقدت العهد مه ربنا ف ربنا بيعاقبني فا حرمني من لذة الطمأنينة و السكينه اللي كنت فيه حرمني من لذة فهم و تدبر القرآن انا من كتر ما حبيت تدبر القرآن قررت أني أبدأ حفظ عشان انا حرفياً اتكسف اقول للناس السور اللي بصلي بيها بقالي سنين و نفسي كنت اجرب اصلي بيآت غيره اللي انا حافظه ف قيام الليل عشان اتدبر و هيكون الموضوع حلو قوي نفسي اجرب الشعور و كنت مقرر أبدأ ف دراسه الدين أكتر كل دي حاجات عايز اعملها ده غير الحاجات اللي محتاج اعملها عشان خاطر هدفي و عايز أبدأ اتمرن عشان عايز أظبط جسمي و عايز أتعلم مهارة تدخلي فولس عشان حالتنا الماديه بقيت صفر حرفياً انا حالياً لا قادر استريح من القلق و لا قادر اشتغل من التعب والله تعبت تعبت مش قادر حاسس انا مهدود مش قادر حته أرفه عن نفسي يا جماعه ارجوكم ساعدوني تعبان قوي مش فاهم إيه ده و حته ف فيديوهات عن المنتل هيلث لي أندرو هيبورمان عايز اسمعها مش قادر سلسه اسمها فقه النفس عايز أبدأ فيها مش قادر و انا بقيت عدواني بشكل غبي بفتعل مشاكل بشكل متخلف مش فاهم إيه ده و كل اللي حواليا بقيو كارهين يقعدو معايا أو حته يتكلمو معايا حته أهلي دي أكتر حاجه بخاف منها و بخاف تحصلي أن الناس تكرهني بس انا بقيت اتكره فعلا بقيت قعدتي لا تطاق انا مش كده والله انا محتاج ارتاح بس ارتاح و حته دي مش عارف اعملها,anxiety
609,تقرير تأهب إسرائيلي لطرح اقتراح جديد بشأن صفقة الأسرى والمساعدات وسط قلق مصري وتحذيرات من خطة التهجير,anxiety
610,تقرير تأهب إسرائيلي لطرح اقتراح جديد بشأن صفقة الأسرى والمساعدات وسط قلق مصري وتحذيرات من خطة التهجير,anxiety
611,انا عايز اتعلم مهارات واشتغل كفريلانسر بس عندي قلق لما اوصل لسن الاربعين والخمسين هو الفريلانسر بيشتغل ايه في السن دا وهل بيقعد يشتغل لغايه سن معين ولالا,anxiety
612,انا عندى فيتش ايدين البنات و كل بما اشوف بنت اركز فى ايدها و بقلق ان تفتكر ان عايز اسرقها او اتحرش بيها و عايز حل ان ابص عادى و برحتى من غير قلق,anxiety
613,لو حد عنده تروما او اضطراب قلق او بيتعالج من قلق بادوية او ثيرابي انا عندي اضطراب قلق اكتشفته من شهور وحابب اتعلم واشارك تجربتي مع حد عنده نفس المشكله انا باخد ادوية للموضوع دا وساعدتني بشكل كبير جدا بفضل الله الحمد لله وبنصح بيها ولو حد بيفكر في الموضوع دا ممكن يكلمني هنا او برايفت وبو حد بياخد ادويه وحابب بس يحس انه مش لوحده انا موجود انا مبرمج مش دكتور وبرضو انا حاسس ان جزء من مشاكلي جذوره اساءات والديه من الطفوله مع اني علاقتي معاهم جميله دلوقتي الحمد لله لكن اثار اخطائهم لحد دلوقتي لسا موجوده ودي الحاجه اللي لو حد عمل تقدم فيها وحابب يساعدني او يشاركني اكون ممتن ليه للعلم نوع القلق اللي عندي اضطراب قلق معمم عشان لو حد عنده نفس التجربه وحابب يشارك,anxiety
614,قلق كبير في نيويورك صعود زهران مامداني الاشتراكي يصطدم بقادة الأعمال بانتخابات البلدية,anxiety
615,لو حد عنده تروما او اضطراب قلق او بيتعالج من قلق بادوية او ثيرابي انا عندي اضطراب قلق اكتشفته من شهور وحابب اتعلم واشارك تجربتي مع حد عنده نفس المشكله انا باخد ادوية للموضوع دا وساعدتني بشكل كبير جدا بفضل الله الحمد لله وبنصح بيها ولو حد بيفكر في الموضوع دا ممكن يكلمني هنا او برايفت وبو حد بياخد ادويه وحابب بس يحس انه مش لوحده انا موجود انا مبرمج مش دكتور وبرضو انا حاسس ان جزء من مشاكلي جذوره اساءات والديه من الطفوله مع اني علاقتي معاهم جميله دلوقتي الحمد لله لكن اثار اخطائهم لحد دلوقتي لسا موجوده ودي الحاجه اللي لو حد عمل تقدم فيها وحابب يساعدني او يشاركني اكون ممتن ليه للعلم نوع القلق اللي عندي اضطراب قلق معمم عشان لو حد عنده نفس التجربه وحابب يشارك,anxiety
616,لو حد عنده تروما او اضطراب قلق او بيتعالج من قلق بادوية او ثيرابي انا عندي اضطراب قلق اكتشفته من شهور وحابب اتعلم واشارك تجربتي مع حد عنده نفس المشكله انا باخد ادوية للموضوع دا وساعدتني بشكل كبير جدا بفضل الله الحمد لله وبنصح بيها ولو حد بيفكر في الموضوع دا ممكن يكلمني هنا او برايفت وبو حد بياخد ادويه وحابب بس يحس انه مش لوحده انا موجود انا مبرمج مش دكتور وبرضو انا حاسس ان جزء من مشاكلي جذوره اساءات والديه من الطفوله مع اني علاقتي معاهم جميله دلوقتي الحمد لله لكن اثار اخطائهم لحد دلوقتي لسا موجوده ودي الحاجه اللي لو حد عمل تقدم فيها وحابب يساعدني او يشاركني اكون ممتن ليه للعلم نوع القلق اللي عندي اضطراب قلق معمم عشان لو حد عنده نفس التجربه وحابب يشارك,anxiety
617,قلق عندي قلق وخوف مستمر من فقدان البصر بعد عمليه انفصال الشبكيه . افكر ب مستقبلي وعملي وحياتي وهذا الشي يأثر على صحتي يوميا . احاول اهدي نفسي يوميا ان الأمور بتصير بخير وعيني بتتحسن . اراجع الدكتور شهريا من بعد ماسويت العمليه ب عيني الاولى فقدت الشوف فيها ولكن بعد العمليه رجعلي النظر شوي وصرت اشوف الوان وملامح لكن بضبابيه عاليه ، ومادري إذا بيتحسن اكثر من كذا ، آخر مراجعه لي مع الدكتور بلغني ان عيني الثانيه اللي هي كانت سليمه صار فيها تاثر ولازم نبدا بالعلاج واذا مافاد ممكن نحتاج نسوي العمليه . الخوف انه لو اضطريت وسويت العمليه وانا بالعين الاولى لسى ما استشفت ، كيف راح اقدر أشوف .,anxiety
618,قلق بتعيشوا ازاي مع القلق ، يعني ازاي بتقدروا تصحوا و تمشوا يومكم عادي وتعرفوا تتكلموا مع الناس ، انا في ايام بتعدي عليا بحس اني مش قادرة اتنفس ولا عايزة اتحرك من شدة القلق للعلم انا بصلي عادي و بقرا ما تيسر من القران و بهدى بس بيجي عليا لحظات ببقى نفسي عمري ينتهي دلوقتي من شدة القلق مع طبيعة شغلي اني بنام طول المعار و اصحى طول الليل بحس ان ده بيزود الموضوع,anxiety
619,قلق مابعد الامومه؟ من يوم ماجبت بنتي واحس اني انا مو نفسي. اعرف انو طبيعي تغيير كبير سار لحياتي بس سرت متعلقة في بنتي وما اتحمل ما تكون معايا لفترات طويلة. موضوع الوظيفة اجلتو عشانها ولما بسيبها لفترات ما اقدر اسيبها غير عند زوجي او امي. هل دا الشي طبيعي ولا اروح اتعالج؟ كل الناس يقولولي اني ابالغ. بنتي عمرها ٧ شهور وانا عانيت في حياتي من التعلق المتوتر طبعاً غير الناس الي مابيحترمو رغباتي في تربية بنتي فممكن دي الاشياء زادت في موضوع تعلقي فيها؟,anxiety
620,هل هو اكتئاب؟ ياخي صاير ما احس بطعم شي اشتهي القهوه وادور اطلق مكان واكلم العيال ثم لا تقهويت ما احس بالمتعه اللي كنت احس به زمان وغيره كثير امثله احس الحياة صايره فكوك اقوم عشان اسوي مثل امس وارجع انام قبل امس كتبت بصب القصمان اني ابي اقابل شخص عشوائي اتقهوى معه بس زعلوا علي وحذفوا البوست,sadness
621,ليش اغلب الناس يلي هنا عندها اكتئاب؟ اش الأسباب يلي تتوقعها وصلتك لحالة الاكتئاب هذه؟,sadness
622,الناس الي تاخذ مضادات اكتئاب و قلق ايش تغير معاكم بالعلاج؟ بكمل ايام وانا اخذ مضاد اكتئاب واحس بنوع من التبلد اكثر من اول ماني عارف اوصف حالتي او التغيرات الي قاعده تصير,sadness
623,اكتئاب ما بعد الميدل بيست هل انا الوحيد اللي امر بهالحالة ؟ من بعد ما رحت هناك وشفت الناس نقدت على نفسي وقلت انا وش جابني ؟ حسيت هذا اني ارقى من المكان وما اقدر اتصنع الخفة والمطامر والجموح وغير كذا وانا بينهم تذكرة طفولتي المحافظة اللي كنت دايم اكرهها وقلت كيف انتهى بي المطاف بين ذا الملحجة او المتحرشين او المدمنين المختصر هل فيه احد كان متحمس وبعدها اكتشف انه بالمكان الخطأ ؟,sadness
624,النجاة من الاكتئابالإنتحا السلام عليكم ورحمة الله وبركاته. حبيت اقولكم قصتي باختصار عن كيف تخلصت من الاكتئاب لعل الناس يتسفيدون. يا إخواني واخواتي أنا من تقريبا كان عندي اكتئاب شديد وما اعرف شو معنى الحياة واحس الدنيا ابيض واسود وضيق شديييييييد. وطبعا حبيتلي بنت في المدرسة واستوا الي استوا وما استوينا ويا بعض وربيعي خذاها مني وكله ضيق على ضيق وكاره كل حد والدنيا وفيني مشاكل عصبية وافكار انتحار وبلاوي ما تخلص يا ناس والله ما تخلص. والله من بعد ما بديت أتعلم عن الدين اكثر واتعلم واطبق واحافظ عالفرايض وأكثر طاعة واترك محرمات يا ناس حسيت بالحياة وشعور مب طبيعي. كل شي حويليني تعدل والله. والكل يحبني الحين أنا حاليا عمري . والله يا ناس يا مسلمين ارجعوا إلى خالقكم والله الدنيا قصيرة وما تسوا والله العظيم الواحد يخاف على عمره يا ناس توبو وكل ما تذنبون توبو وتوبو. والله أنا اخطائي كثيرة بس الوحد يتوكل ويحاول ويرجع لربه. الله يجمعنا في الفردوس قولو آمين . بعد ادعوا انه أتزوج وانا صغير لانه الوضع خطير حاليا,sadness
625,هل تقبل تتزوج وحدة عندها اكتئاب شديد؟ سلام عليكم انا بنت عمرها ٢٤ وتفكر في الزواج بس عندي مخاوف بخصوص حالتي النفسية انا اخذ ادوية واخذت كثير جلسات علاج من ثلاث سنوات ولي ٧ محاولات انتحار في خلال ١٢ سنة درست الجامعة بتخصص صحي وانتهيت من الامتياز و اتوظفت وخرجت من الوظيفة انا حرفيًا مو كئيبة ولا منعزلة ولا بليدة بالعكس مرة حساسة والافكار الانتحارية تجيني بس لمن ادويتي تتلخبط سرت كدا بعد العلاج حبيت اوضح عشان الأفكار التقليدية عن الموضوعباقي الشهور انا كويسة نعم تغيرت بعد الاكتئاب وفي اشياء ما قدرت اسيطر عليها زي موضوع اني ما اقدر اقوم بالمهام المنزلية من تنظيف وترتيب لازم استعين بشخص خارجي واحيانًا اذا مافي حافز او شخص اقوم من السرير عشانه ما اتحرك، اتكلم اضحك اسوي كل شيء بس ما اقوم من السرير بدون حافز انا عندي رغبة كبيرة بالشفاء ومحاولاتي وطرقي للعلاج كثيرة وكل ما يأست ارجع من جديد واوقات كثير كان بدون دعم من الأهل بس انا من حالي لحالي قاعدة احاول لكنه أمر الله وابتلائه الله يجعل فيه الخير و المغفرة يارب انا اعرف اني استاهل زوج محبة وعيشة طيبة لكن اخاف موضوع مرضي يأثر على فرصي في الزواج ملاحظة مهما كانت الطريقة اللي عرفت فيها الشخص ومين ما كان ١٠٠٪؜ ح اقوله عن مرضي من البداية حتى ان كنت بهالطريقة ح اضيعه من يدي، لأن هذا مرض وما يجوز الغش في مثل هاذي الأمور تكون الصورة عنده أوضح وعنده فرصة أكبر لو اختار انه ما يكمل ويكون ما اتعلق فيني لكن هل اصلًا في احد رجل طبيعي ح يقبل؟ ولا هاذي دايمًا ح تكون أزمة؟ أتمنى تشاركوني ارائكم بكل صدق شاكرة لكم اي احد في حاجة لشخص يساعده لبدء رحلة العلاج من هذا المرض او محتاج شخص يسمع له بس انا أرحب فيه، شافاكم الله وعافاكم,sadness
626,هل هذي اعراض اكتئاب ولا مرض نفسي؟ السلام عليكم، انا عمري ٢٥ الحمدلله ملتزم، بدت هالاعراض تصير قوية من عمر ال١٩ تقريبا، عندي مشكلة التفكير المفرط، صدمة نفسية عاطفية كفختني طراقات بنفسيتي اولا و بصحتي ثانيا، تحولت من رياضي و فلاوي، الى شخص هزيل و كئيب، الاعراض لي هاليوم موجوده للاسف و تشنجات بالاطراف، نغزة جنها كهربه صوب القلب بدون سبب غالبا بالليل، عوار بنفس المنطقه بالليل، دوخه قويه و هبوط لدرجة ريولي ما تشيلني باي وقت و اي مكان، افز من نومي اكثر من مره تقريبا كل يوم على نبضات قلبي اللي سريعه بشكل غريب جني كنت قاعد اركض، و الشي اللي استحي اقوله و محد يعرفه الا اقرب ربعي اني اخاف اطلع اماكن بعيده عن البيت، اخاف من الليل، اخاف من الوحده، ما احس بخوف غريب، بشكل عام هالاعراض تزيد حيل بالليل او بالاماكن البعيدة. شكثر خذتني اسعاف من البيت يمكن كل شهر. تشوفني بالصج كلش ما يبين علي بس من داخلي شي ثاني. حياتي اجتماعيه و محد يلاحظ هالمشكله الا اهلي و ٣ من ربعي. راجعت دكاترة بالحكومة و الخاص، قلبي سليم الحمدلله، مافيني مشاكل ضغط ولا سكر، واضح المشكلة نفسيه، تعرفون احد جذي؟ اكثر من ٦ سنين اعاني و تعبت.,sadness
627,الاخبار دي المفروض تفرح بس بتجبلي اكتئاب بيجيلي اكتئاب لما بشوف الاخبار دي اليومين دول علشان حرفيا المقاومين في غزة مبقاش معاهم غير السكاكين علشان يدافعوا بيها عن نفسهم و بيجيلي اكتئاب اكتر لما افتكر عدد الذخائر والدبابات و الطيارات اللي مع المسلمين النهاردة و مع ذلك في مجموعة مسلمين بيحاربوا بالسكاكين تفتكرو فيه امل الناس دي تسامحنا في يوم من الايام ولا خلاص كدة؟,sadness
628,هي مفيش ناس عندها اكتئاب ما بعد التخرج,sadness
629,رسمتها لما كان عندي اكتئاب بقلم فلوماستر اسود عادي من العلبة اللي فيها ٦ الوان ب ١٠ جنيه الفكرة اني كنت عاوز افضفض بس بدل م اكتب او اكلم شخص معين لاني فقدت الثقة ف من الناس حوليا لانهم كان بيفشوا سري و دا واحد من اسباب الاكتئاب اصلا .. حاول متبصلهاش ككتلة واحدة افتح الصورة واقرأ الرسمة سطر سطر,sadness
630,اكتئاب ليه حاسس ان معظم الناس مكتئبه وتايهين,sadness
631,اكتئاب مفاجئ مثقل دم الاكتئاب المفاجئ رفهو عني,sadness
632,؟ لينكيد ان بيشجعك ولا بيجيبلك اكتئاب,sadness
"633,""دخلي حوالي ١٠,٠٠٠ دولار في الشهر في الأغلب هندم علي البوست ده، او هتشتم كتير، او هيتم التشكيك فيا... بس هكتبه من اكاونت جديد، يمكن في حد فعلًا يستفاد من ده... زي ال كده ما بيقول، انا بشتغل اونلاين من حوالي ١٣ـ ١٥ سنه انا ٣١ سنة واه بدأت بدري نيك. طبعًا في البدايات دخلي كان بيبقي صفر، ٥٠ دولار، او ١٠٠ دولار... وأفضل الشهور كان بيبقي ٥٠٠ دولار... فوقتها طبعًا ده كان كويس جدًا، كنت بساعد في البيت، وبدفع مصاريفي ودروسي والحاجات دي، بس اخل ٧٨ سنين دخلي زاد بشكل كبير فشخ، واخر ٤٥ سنين مثلا دخلي حوالي من ٧١٢ الف دولار في الشهر، شغلي كله من البيت، اونلاين، وكله بره مصر والعرب انا ليه كاتب البوست ده؟ عشان لو حد بيفكر هل الشغل الأونلاين بيجيب فلوس ولا لأ. يتأكد ان اه. ولو حد مش عارف يبدأ يتعلم حاجة ولا لأ، يتأكد ان اه ابدأ اتعلم. طيب ابدأ اتعلم ايه؟ مش هتفرق، بجد مش هتفرق، كل المجالات فيها فلوس وفلوس كتير. فيديو ايديتنج، برمجه، ماركتينج، سايبر سيكيوريتي، كريبتو، الخ فمتسحلش دماغك، مفيش مجال هيكون هو ده السر في نجاحك، اختار المجال اللي تقدر تقعد تتعلمه، انا مثلا بكره الديزاين، مقدرش اقعد اختار الوان والحاجات دي ١٠١٥ ساعه في اليوم، ف اه هبعد عن الديزاين، لكن مش عشان مفيهوش فلوس. بس عشان مش حابه فلو اختارت المجال ده لمجرد ان في ناس تانيه بتعمل منه فلوس، هفشل فشل زريع. مش هقدر اطور نفسي فيه ابدًا. ومتفكرش ان لا اكيد لو في فلوس هتعلم اي حاجة لأ، ده هيبقي في الأول بس، بعدها هيجيلك اكتئاب... لأننا بنتكلم انك تبقي ده معناه ايااام بدون نوم، وتعب كبير. فلازم علي الأقل يبقي في حاجة مستحمل تسمع عنها. فنصيحتي ليك انك تختار المجال اللي تقدر تقعد تشتغل وتتعلم عنه ١٠ ساعات في اليوم، المجال اللي تقدر تبقي مميز فيه. لأن مش معني ان الفلوس موجوده انها سهله، واي حد هياخد كورس هيعمل ١٠ الاف دولار، لأ. لازم تبقي شاطر، وشاطر جدًا. بس مش شاطر بس في مجالك، لأ ده مش كفايه، هل انا محتاج ١٣ سنة عشان اعمل الفلوس دي؟ لا طبعًا، انا كنت صغير، ومحدش بيقولي اعمل ايه، ومكنش في كل المعلومات دي اونلاين والكورسات وال فأغلب السنين دي انا بحاول، ومن الاخر بستهبل لكن مجرد ما خدت الموضوع جد، في اقل من سنة كنت بعمل مثلا ١٠٠٠ دولار في الشهر ازاي عديت ال ١٠٠٠ في الشهر؟ لحد من ٤ سنين مثلا قبل ما دخلي يزيد فشخ، كنت بعمل حوالي ٢٠٠٠ في الشهر، عارف ايه اللي اتغير؟ بطلت ابقي فريلانسر، بطلت اعمل شغل للناس واخد فلوس مقابل ده، وابتديت ابقي انا البيزنس اونر، وابيع انا منتجاتي، وانا ا ناس تشتغل تحتي، واعمل اعلانات، الخ ساعتها بس دخلي زاد بشكل كبير... هل ده معناه بلاش تبقي فريلانسر؟ لا طبعًا. دي اول حاجة لازم تبدأ بيها... دي اللي هتجيبلك فلوس عشان تقدر تستثمرها تاني في كورسات اكتر، وتطور من نفسك... ودي اللي هتديك خبره اكتر في مجالك وتطورك... بس لو فضلت تطور نفسك فقط في مجالك، دخلك هيقف. يعني لو انت مبرمج مثلًا، مينفعش تفضل طول وقتك بتتعلم برمجه وتطور نفسك في البرمجه... ده مش كفايه، لازم تبدأ تتعلم , , , بس فكك من بتوع هلس التنمية البشرية والحاجات دي... خليك في الكتب، ممكن مثلا تسيرش علي واقرا الكتب اللي هتطلعلك... اهم حاجة تتخلص من فكرة في كتاب سحري هو اللي هيعلمني في مجال سحري هو اللي فيه فلوس في معلومة سحرية لو عرفتها هبقي غني كل ده هيعطلك، انا معتقدش في حاجة في اللي انا بعملها سر او محدش يعرفها. الفكرة بس اني بطلت افكر وبطلت ادور علي السر واشتغلت، كتير، اوي... , . حاليًا انا دخلي حوالي ١٠ زي ما قولت، وفي خلال ٣ شهور اتوقع هيوصل ل ٣٠ ومش انا بس، انا ليا صحابي كتير فشخ، بيعملوا ارقام شبه كده او اكتر، اللي هندي، واللي من الفلببيين، اليمن، وكل الدول اللي ممكن تتخيلها... هل انا كاتب ده عشان اتمنظر مثلًا؟ لأ، لو كنت عايز اتمنظر، كنت هكتب من الأكاونت بتاعي، او اكتب ده علي الفيسبوك،. بس محدش فيكم يعرفني، ولا انا اعرفكم. بس انا كاتبه عشان بجد اوقات كتير بنبقي محتاجيين نسمع الحاجات دي، وانا اللي خلاني ابدأ الرحلة دي، كان بوست زي ده... انا ليه مكتبتش انا بشتغل ايه او بعمل ايه؟ عشان مش عايز حد يحس ان هو ده المجال اللي فيه الفلوس بس، ايه الأثبات اني بعمل الأرقام دي؟ ولا حاجة، فعلا مفيش اثبات ينفع اقدمه، هيخليك تصدق لو انت مش عايز تصدق. انزل سكرين شوت؟ عادي ناس هتقول فوتوشوب واه عادي بتحصل انزل فيديو؟ نفس الكلام بس انا معنديش سبب يخليني اكدب، لكن لو انت مش مصدق، حقك. هل اقدر اساعدك؟ اكيد لو محتاج تسأل علي حاجة اتفضل في الكومنتات، بس انا معنديش اي حاجة ابيعهالك، معنديش كورس تشتريه، مش بشغل فلوس حد، مش باخد فلوس من حد، مش بقابل حد. ولو عرضت عليك اي حاجة من دول، يبقي الاكاونت اتهكر وده مش انا، لول. اخر شيء، اسف لو البوست مش منظم، انا مفكرتش قبل ما اكتبه، وأكيد اي حد عنده سؤال، يتفضل"",sadness"
634,كيف عالجتخففت مشكلتك النفسيه قلق،اكتئاب،الخ تعبت من التفكير والقلق احتاج حلولكم,sadness
635,بقالي كتير عندي اكتئاب شديد ومش مهتم بحاجة، فكنوع من انواع التعافي هنشر حاجات كنت بكتبها او الصور الكنت بصورها، كل يوم صورة مثلا ودي أول صورة هشاركها,sadness
636,طالبه معايا اكتئاب عاوز اكتر فلم بقيت مكتئب بسببه,sadness
637,هل دخلت ف اكتئاب؟ حياتي ممله رتيبه، عاطله و غير متزوجه، ايامي تتكرر بدون اي شي مثير للاهتمام لدرجة اني الخبط بالايام لان كلها واحد، شخصيتي بدأت تميل للغضب و السخط، امسك نفسي في كثير من الاحيان و انعزل في غرفتي، صبري اصبح قليل، حتى لو ابي اجرب شي جديد لا توجد ماده. اتقوقع على نفسي لفترات طويله كل شيء ممل، المسلسلات ممله و الافلام كذلك. او اني فقدت الشغف؟ هل من حل؟,anger
638,اقولهم في الكشف الطبي اني عندي اكتئاب وباخد ادوية ليه ولا لاءة انا الكشف الطبي بتاعي الشهر ده وانا باخد ادوية اكتئاب من شهر يونيو فادلوقتي لو الدكتور سألني لو انا عندي حاجة اقوله انه عندي اكئتاب ولا لاءة اصل انا قلقان اقوله لاءة وبعدين ادخل الجيش واقولهم اني باخد ادوية اكتئاب وبردو قلقان اقوله اه ويدخلني في حوارات اني بمثل عليهم وبتاع علشان اخلع لأني سمعت حوارات عن الموضوع ده عن ناس قالوا انهم عندهم اكتئاب وافتكروا انهم بيمثلوا.,sadness
639,ليش الرياض تجيب لي اكتئاب احياناً احيانا احس الحياة في الرياض عبارة عن مقاهي ومطاعم، نفسي يوم أتمشى في الرياض وانبسط بدون ما أروح كوفي او مطعم والله صدق مكتئبة من الروتين حقنا في الاستمتاع بالحياة مين يحس بنفس معاناتي؟,sadness
640,الناس الي كان عندها اكتئاب ومكنتش شايفة امل ايه قصص نجاحكو؟ صباحو مساءو للي بيقرا باليل عندي اكتئاب وافكار انتحارية مكملة معايا اديلها سنين وحاسة اني في طريق مسدود ومش شايفة اي تحسن او ان حاجة تتغير تغيير جذري. حابة اعرف قصص ناس متشخصة باكتئاب او اي حاجة في المستوى دا وطلعت منه عملتو دا ازاي وايه قصتكو؟ احكو بالتفاصيل عشان حاسة اني محتاجة ا لحد وان دا هيساعدني في رحلتي للتعافي بشوف ثيرابيست وباخد مضادات اكتئاب وقلق,sadness
641,اكتئاب معرفتش اتجوز اللي بحبها,sadness
642,مسبب لي اكتئاب هالفتره تعديل تم انقاذ القطه والان في العمليات ادعو لها عندها حالة اجهاض وموت الجنين بداخل رحمها انا من طبعي اي حيوان اشوفه تعبان اخذه دايم واعتني فيه حاليا تزوجت وزوجي مايقصر ابدا ويدعمني في انقاذ الحيوانات لكن هالايام ظروفنا ماتسمح وانا عندي هديه من امي فلوس بدل لا اخبيها كان وودي انقذ فيها قط شفته وانا امشي بالحديقه شبه ميت وقلبي ماقدرت لا انام ولا اكل قلبي معاه دايم احس ربي مسخرني للحيوانات كانه يرسلهم بطريقي لكن ظروفي ماتسمح اللي اطلب انكم تخففون علي مشاعري او ااحد يعرف احد مثلي يقدر ينقذ هالفتره ارسله القطه,sadness
643,غلطتتتت وحكيت لاهلي انني مكتئب وكنت اوخذ دوا اكتئاب الله يوخذني لحظة ضعف ونرفزة وشرفي ولا صرلي اربع سنين ما بعرفو اشي عنني شكلي حندم عليها طول حياتي بس بلشو يقرفو عرضي بالصلاة والدين والقرآن وحيخلوني انتحر مش بس اكتاب مش قادر يا الله مش قادر حاسس حالي طفل مش ختيار مش عارف شو اعمل مو خايف منهم ولا خايف اتطاوش معهم بس خايف اخسرهم بحس الموضوع كأنني ب مو عارف أقرر اطلع منها و خايف اخسرهم عشان مصلحتي وانانيتي لقدام معاهم فلوس ل الله وبدي أستفيد من راحة البال اللي بتيجي من موضوع انني ما اقلق من الفلوس مش عارف شو اعمل عنجد كثير تعبان عندي شغلين و يدوب عندي وقت و فوق كل هاد فوق راسي بدهم اياني اعيط واستغفر ل هلوسات بيدوفيلي من الف واربعمية سنة,sadness
644,ضايعة وثقتي منكسرة وأعاني اكتئاب بعد موقف صعب السلام عليكم، أنا حالتي صعبة جدًا حاليًا وحاسة إني ضايعة. في نهاية صار لي موقف أثر فيني كثير وخلاّني بعيد عن أهلي أكثر. من بعدها حسيت إن في شي غلط جواي، وكنت أبكي طول الوقت. أحيانًا أحس إني بخير، لكن يرجع نفس الشعور ويكون أقوى. ثقتي في الناس نزلت بشكل كبير، وهذا زاد من صعوبتي. أفكر كثير في الناس اللي سببوا لي هذا الألم، وأقول حسبي الله ونعم الوكيل عليهم. صعب علي أتجاوز هالشي وأنا مجروحة كذا. أنا أحتاج دعواتكم ودعمكم، وإذا حد فيكم مر بمواقف مشابهة، كيف تجاوزتوا وكيف قدرتوا ترجعوا ثقتكم في نفسكم والناس؟ شكرًا لأنكم قريتوا قصتي، وأي كلمة طيبة أو نصيحة تريحني,sadness
645,ازاي الواحد يتعامل مع اكتئاب الشتاء اللي في اوروبا؟ هل الفيتامين ممكن تساعد فعلا؟,sadness
646,ما تحسون الانستا يجيب اكتئاب ويأثر على النفسية؟ كل مرة ادخل بيها للانستا واقلب بالريلز واقرأ التعليقات تلعب نفسي والمشكلة نفسيتي تتأثر بشكل سلبي جداً يعني الانستا مسيطرين عليه العراقيين اكثر شي كمنشورات واكثر الأشخاص يستخدمونه والاكسبلور كله عراقي وهالشي مقرف لان المحتوى العراقي على السوشل ميديا عبارة عن ميمز او شتائم وعنصرية وطائفية او البيجات إلي تحب القيل والقال والفضائح أو وحدة مسوية بيج والناس يدزولها مشاكلهم يعني قرف مو طبيعي عن نفسي اشوف نفسيتي تكون بأفضل حال لما استخدم تيك توك مثلاً هذا غير ان الناس على تيك توك ممكن تكون عقليتهم افضل من مستخدمي الانستا من حيث عقليتهم وعندهم شوية تفتح عقلي لذلك صار الانستا من البرامج إلي اكرهها وما استخدمه غير لما اطلب من البيجات ومن بعدها امسحه او أهمله لان اني لا من النوع إلي ينشر ستوريات ولا حتى عندي اصدقاء واحچي وياهم على الانستا ، عقلية العراقيين وتخلفهم وتعليقاتهم على انستا تخليني انقرف اكثر واكثر بحيث ما اتمنى غير اخلص من هالمجتمع وهالبلد واهج ما اكدر اتقبل اني عايشة بنص هيج عقليات وبنص هيج تخلف وقرف,sadness
647,كيف الحياه بدون اكتئاب؟ كيف الشعور؟,sadness
648,اكتئاب انا حاليا بمر بفترة اكتئاب مجهوله الاسباب,sadness
649,ليه اغلب الشباب مش عارف يحدد هو عايز إيه وداخل في اكتئاب من خلال عملي الطب النفسي لاحظت مشاكل كتير اغلبها اكتئاب حاد بسبب إن شباب كتير مش عارف يحدد هو عايز ايه و حاسس نفسه تايه و مش عارف يتحرك فين و ده في النهاية بيوصله لإكتئاب حاد ، انا هاقولك كام نقطة مهميين كمتخصص في العلاج النفسي لو إنت شاب تحت العشرين سنه و عايز تشتغل جمب الدراسة شوف تجارب الناس اللي في نفس سنك اسمع كتير عن كذا المجالات المطلوبة و قرر الحاجة اللي تحبها مينفعش تشتغل حاجة انت مش حاببها لمجرد انها التريند الحالي او إنها شغالة و خلاص لو انت شاب معدي التلاتين و حاسس الوقت فات و لسه مش عارف تقرر حاجة فأنا جايلك من السن ده و بقولك الوقت مفاتش ولا حاجة في تجارب كتير ناس نجحت بعد السن ده اطمن و ركز بس و شوف سوق العمل محتاج إيه لأن مفيش عندك رفاهية انك تختار حاجة تحبها عشان سنك لو انت شاب ناوي تسافر ركز في ده و اشتغل عليه و اشتغل اي حاجة تحققلك دخل عشان تعرف تسافر معاك مبلغ صغير تبتدي بيه و السفر عموماً محتاج فلوس مش قليلة لو تايه بقى و مش عارف تعمل إيه في حياتك اقعد مع نفسك و شوف ايه الاولوية اللي عندك و اكتب ده و بعد كده فكر بقى هتنفذ الأولوية دي إزاي يعني لو هدفك فلوس ركز تبحث عن شغل لو هدفك زواج اتحرك و دور على عروسة لو هدفك تسافر اسأل عن فرص السفر المتاحة ، بلاش تقعد تكتئب و تضيع وقت قوم اتحرك دور على الأولوية بتاعتك في النهاية ربنا يوفقكم و اللي محتاج أي استفسار او سؤال يتفضل,sadness
650,هذا اكتئاب ولا الكل كذا فترة المراهقة لي فترة ما ابي اسافر دولة ثانية ما ابي اقعد في دولتي ما ابي حبيب م ابي جامعة ولا ملايين الفلوس ولا اطلع مع اصحابي ولا اكل ولا شيء افكر فيه يسعدني بس كذا ابي اختفي. حاولت اقمع ذا الشعور وتوهمت انه حلمي اروح ادرس في جامعة برا المدينة الي انا عايشه فيها م ابي اقول اسمها ولي شهر اذاكر اذاكر اذاكر قدرات بس عشان اقدر انقبل وقبل ثلاث ايام اكتشفت انه مغصوبة على الحجاب هناك لانها مختلطة؟؟؟ وش ذا توقعت الدولة تطورت وش القرف هذا!! الصراحة لي اسبوع من يوم م اكتشفت ومات الشغف مره ثانيه وبس ودي اموت اساسا م كنت ابي الجامعة ذي منجد بس حاولت اقنع نفسي انه عندي احلام وطموحات وانا ادري اني ما ابغا ولا حاجة اساسا اريد اموت وبس. الله يعين,sadness
651,ستايله ستايل ناس فيهم اكتئاب,sadness
652,الواحد هيجيله اكتئاب بسبب البلد دي امبارح رحت شغل ونظرا ان معنديش اي مهارة زي البرمجه والانجليزي بتاعي يعتبر ف قولت اشتغل في محل رحت محل بتاع ادوات منزلية فضلت هناك اتناسر ساعه مشاوير وكنس ومسح واجيب فطار وقهوة وشاي اكني خدام في الاخر عرفت ان المرتب الفين ونص في الشهر تخيل تتمرمط اتناشر ساعه علي الفين ونص في الشهر رجعت البيت متكسر ومكتئب وزاد الاكتئاب لما قولت لواحد صاحبي اجنبي قالي ان المبلغ دا مرتب يوم اجازه مدفوع عندهم والله مبقتش عارف اعمل ايه ولا ايه,sadness
653,الدكتور عايزني اخد مضاد اكتئاب عشان يقلل احساس الهورني لو حد جرب او دكتور يريت يفيدني انا خايف اجربه ليكون ليه اثار جانبيه ونفس الوقت بقول ممكن يساعدني ابطل ابقا هورني عشان يساعدني ابطل بورن ؟,sadness
654,ازاي امنع نفشي يجيلي اكتئاب تاني من الكلية؟ خصوصا بسبب الضغوطات علشان نظام الموديولات الزبالة ده,sadness
655,اقتراحاتكم لـ فيلم يقطع مشاعرك ويجيب لك اكتئاب ثلاث سنين قدام اليوم خاطري اسهر وما اهتم في قومة الصبح للدوام بكره وشعور الخمول والكسل ..الخ.,sadness
656,اكتئاب نقلة الرياض ليا اسبوع في الرياض ويوم الاحد الجاي ابدا وظيفتي اللي نقلت عشانها. واليوم بالذات جايني اكتئاب وضياع وبعرف لو في احد خصوصا بنات زيي عندي اسئلة كثير وضغوطات وماعرف بنات هنا اسألهم وطبيعتي انطوائية ف بس الوالدة معايا وحاسة بضغط من ناحيتها لانها اجتماعية وحياتها كلها في جدة واحس بفضفض فمليون شي عارفة من جوا ان المفروض استمتع بهذي المرحلة والتغيير لكن مستصعبة جداا,sadness
657,يارب الخلاص علشان خلاص انا جالي اكتئاب والكتاب مش راضي يخلص حد هنا قرا الكتاب ده؟,sadness
658,في حالة اكتئاب شديدة من ساعة خطاب السيسي انا معنديش كلام عن اللي اتقال. انا حاسس ان وجود الشخص دة في مكانه اهانة لتاريخ البشرية كلها وانا مش مصدق ان الشخص دة بمستواه و تفكيره هو اللي مدمر حيواتنا كلها وان حمار زي دة ممكن ينهي حياتي ف اي وقت هو عايزه. ايه قيمة حياتي او حياتنا كلها لما هو دة الحال، دماغي هتفرقع مش قادر افهم.,sadness
659,مش فاكر شيرتها معاكم ولا لا بس دي رسمتي اللي عملتها ف فترة اكتئاب حاد مريت بيها اسمها مشهد من الجحيم و مرسومة بقلم فلوماستر اسود عادي,sadness
660,اكتئاب ما بعد التخرج بتعملوا ايه في اكتئاب ما بعد التخرج و انعدام الشغف و انعدام الرغبه و مفيش شغل,sadness
661,بما ان شاي بلبن انسحب اطالب بإعاده الانتخابات و اني انافس تايلر بدل شاي بلبن عشان انتو زعلتوني و انا جالي اكتئاب,sadness
662,الصراحة جاني اكتئاب و هم من ريديت أنا مش عارف كيف بتقعدوا عليه أنا هاد ٣ يوم و مستحملتش راح أحذفو سلام,sadness
663,اكتئاب فلسفي اللحين عمركم جتكم لحظة ادراك ان مستحيل تحصلون على كل شي وتجي بعدها لحظة تأمل وتكتشف ان فعلا محد عنده كل شي وتجي بعدها الاسئلة الميتافيزيقية من نوع وش الرسالة وش لازم اتعلم وش رسالتي بالحياة وتجي بعدها الاسئلة الوجودية هل أنا وجدت فعلا لسبب ولرسالة ولا بس كذا صدفت و ولا شي هذا له هدف وكلها صدف بصدف,sadness
664,بتعملو ايه عشان تخرجو من دايرة اكتئاب تقيلة؟ عايز اي حاجة تحفيزية ازاي حد خرج من فترة امتئاب استمرت سنين وحياته اتغيرت ١٨٠ درجة؟,sadness
665,عندي اكتئاب، كده هتحاسب؟ عندي اكتئاب متشخص من دكاترة و مش عاؤف اعمل حاجة انا عايزها سواء بحبها او لا مفيش حاجة عايز اعملها بقدر اعملها او لازم اعملها غير مبقدرش مبقتش قادر اصلي ، عليا امتحان بكرة و معايا فايل فيه اهم الملاحظات و الاسئلة اللي لو حلتها هجيب درجة عالية جدا و الحوار ده مش هياخد مني خمس دقايق بس مش قادر الحاجة الوحيدة اللي بعملها هي ان في لعبة عندي بلعبها علشان بتخليني نركز فيها ف بقدر اهرب مؤقتا من شعور الخنقة و العجز انما فعليا انا مش عارف اعمل حاجة بحبها او بكرهها و مش عارف اصلي كده انا هتحاسب على الصلاة ولا ايه انا معرفش والله ده كسل مني ولا من الاكتئاب ولا ايه انا مش قادر احدد والله انا تعبت,sadness
666,انا حاسس بتدهور كبير في المزاج اكتئاب الموضوع يمكن راجع لاختلاطي الكثير الايام دي بحكم الدراسة وكده، وبالذات لو بتتعامل مع شوية غنم وبهايم. متأكد ان فيه عدم توازن هرمونات الجسم برضو لاني قاطع ادوية الاكتئاب بقالي فترة انا بمر بفترة مؤلمة شوية,sadness
667,ادوية اكتئاب و قلق السلام عليكم ورحمه الله من منكم له تجربه مع ادوية الاكتئاب والقلق لي حدود شهر مع الباروكستين ٢٠ ملغم لعلاج القلق اعطاني تحسن بنتيجة ٥٠ بالمية فقط لكن يضل شيء ممتاز المعاناه فقط مع الاعراض الجانبية واكبر عرضين غثيان و ضعف في الشهوة طبيعي الامر ؟,sadness
668,اكتئاب بس اليوم صار عمري ١٩,sadness
669,السوشيال ميديا قنابل اكتئاب و قرف اليوم طلعت من الصبح و قعدت مع اسولف مع الناس يعني بكل بساطة مليان تفاعلات اجتماعية إيجابية و متذكر لما روحت الدار كانت نفسيتي جدا كويسة لحديت ما فتحت الانستا كومة كآبة عكومة قرف عشعور اني مش واصل نفس مستوى زي الناس اللي بعمري واني فاشل و الدراما طالعة ما بين فلان و فلان و للصراحة نفسيتي قلبت ١٨٠ درجة بعديها اتوقع اللي بحكيه مش اشي جديد ابدا للناس لكن اليوم لاول مرة بحس اه والله فعلا السوشيال ميديا مكان مقرف بحق,sadness
670,كيف انحف وانا عندي اكتئاب واخذ ادوية نفسية والادوية تفتح الشهية مره عطوني تجاربكم,sadness
671,اكتئاب فلسفي اللحين عمركم جتكم لحظة ادراك ان مستحيل تحصلون على كل شي وتجي بعدها لحظة تأمل وتكتشف ان فعلا محد عنده كل شي وتجي بعدها الاسئلة الميتافيزيقية من نوع وش الرسالة وش لازم اتعلم وش رسالتي بالحياة وتجي بعدها الاسئلة الوجودية هل أنا وجدت فعلا لسبب ولرسالة ولا بس كذا صدفت و ولا شي هذا له هدف وكلها صدف بصدف,sadness
672,اكتئاب حاد عندي اشغال كثيره وجالسه ادرس بس مو قادره اترك جوالي وابدا اشتغل ايش الحل,sadness
673,اقولهم في الكشف الطبي اني عندي اكتئاب وباخد ادوية ليه ولا لاءة انا الكشف الطبي بتاعي الشهر ده وانا باخد ادوية اكتئاب من شهر يونيو فادلوقتي لو الدكتور سألني لو انا عندي حاجة اقوله انه عندي اكئتاب ولا لاءة اصل انا قلقان اقوله لاءة وبعدين ادخل الجيش واقولهم اني باخد ادوية اكتئاب وبردو قلقان اقوله اه ويدخلني في حوارات اني بمثل عليهم وبتاع علشان اخلع لأني سمعت حوارات عن الموضوع ده عن ناس قالوا انهم عندهم اكتئاب وافتكروا انهم بيمثلوا.,sadness
674,احس بخنقة و اظن انو عندي اكتئاب الوضع بدا قبل شهور بالتحديد بداية السنة بديت احس بشعور مزعج متضايق من كلشي و مافي قادر اسوي واجباتي اليومية اغسل وجهي و اسناني و اروح النادي احيانا يمر يوم كامل و انا نايم و حتى لو ما نمت اقعد تحت البطانية يوم كامل بديت اهرب من المدرسة وقتها لانو الجو هناك اصلا يزيد يخنقك بديت ادخن اعمل سيلف هارم بس الحين لي وقت موقف عليهم مش لاني ابغا كذا لا الشي المضحك المبكي هو انني وقفتهم لانو ما عندي طاقة اسويهم اصلا الشفرة لي كنت اجرح بيها نفسي اختفت بدون سبب و في نفس ذي الفترة اكتشفت انني بايسكشوال و زيادة عن مشاكل الاهل تقريبا كل يوم يصير هواش و انا اخاف من الصوت العالي احيانا لو انا اتمشى مع واحد و هو بدا يصرخ فجاة مثلا ينادي واحد انا اخاف و ابدا ارجف الامر راجع للتعنيف الاسري و التنمر لي اخذته في طفولتي بديت اصير شخص عصبي و مزاجي المتقلب اليوم احبك و بكرا اكرهك كره العمى صرت ماني قادر اثبت على عاطفة معينة اتجاه شخص معين لذلك قررت اصغر دائري الاحتماعية لشخصين فقط الصيف ذا مع تراكم المشاكل فكرت انتحر بس لقيت انو كل الطرق مؤلمة ف كنسلت بعد اسبوعين راح نرجع للمدرسة و انا لي اشهر ما تعاملت مع واحد خارج نطاق العائلة رح اضطر كل يوم اني اشوف الوجوه ذيك الي تسد النفس و اعيش الاجواء لي تخنق ابغى انتقل لبيت جديد بلد جديد اغير اسمي و اعيش وحدي و انسى كلشي صار في حياتي السابقة و اكمل حياتي مع شخص يستاهل انو احبه شخص يتحملني بكل حالاتي شخص يفهمني و انا ساكت شخص يحبني لانني انا,sadness
675,اكتئاب شديد لكن حتُفرج بتعملوا شنو حاجات تهديكم وتفصلوا بيها نفسكم من الفظائع والحاجات يلي بنشوفها كل يوم في السوشل ميديا؟ كيف بتحاولوا تهدوا شويه وتحسوا باستقرار نفسي ؟ الموضوع مُتلف للاعصاب جدا وحاجات بتقهر وبتحرق القلب؟ انا بالجد بتمنى الفاشر ترجع ويدخلها الجيش، بالجد نفسي اقوم الصباح على الخبر دا على خبر تحريرها وإبادة الدعم السريع واعوانهم، بتمنى يموتوا وجثثهم تعفن في الشوارع وتاكلها الكلاب والديدان، بتمنى قبل يموتوا يتعذبوا اشد أنواع العذاب. بتمنى يكون في سلام. على ثَرى الفاشرِ النارُ استَعَرَتْ لكنَّ أرواحَنا كالنُّورِ ما انكسَرَتْ. جاءوا يُريدونَ أرضًا دونَ أهلِها فإذا بنا الجبلُ الراسِي إذا انفَجَرَتْ. من نيلِنا قامتِ الأمجادُ شامخةً تُغني السَّماءَ بأنَّا ما انحَدَرَتْ. نحنُ السُّودانُ، إنْ جارَ الزمانُ بنا فالدهرُ يَسقُطُ، إنْ سُودانُنا صَبَرَتْ. لا السِّجنُ يُطفِئُنا، لا القصفُ يُخضِعُنا في قلبِنا وطنٌ باللهِ قد ظَفَرَتْ. من دارفورَ إلى الآفاقِ نَرفَعُها راياتُنا بالعُلا والحقِّ قد ازدهَرَتْ. فليعلمِ العُدوانُ مهما حاوَلوا أنَّ الكرامةَ إنْ تُقتَلْ، قد انتَصَرَتْ. بحبك يا عزة، بحبك السودان.,sadness
676,اكتئاب و الشعور بالعزلة الحقيقة انا مش عارفة لكتب البوست ده ليه نظرا لان اغلب الصب اطفال فى الكلية بالنسبة لسنى بس الطب حقيقى بيديك شعور بالعزلة شديد بعد سن معين بتبقى تحركاتك من البيت للشغل لمشاوير شخصية اى وقت فراغ انت مطالب بالمذاكرة و لو مذاكرتش المذاكرة و احساس الذنب فى حياتك كل انجاز عملته لان انت كل انجازاتك تفتح السوشيال ميديا تكتئب .. انت مش بتعمل فيديوهات و بوستات زى الدكاترة التانية و لا عارفة تعمل الحاجات دى ازاى لان قضيت كل شبابك بتذاكر و طريقة تفكيرك متسمحلكش انك تعمل فيديو و لا رقصة و لا تمثيل سخيف مع سكرتيرتك على مشهد من مسلسل حقيقى الحاجات دى. جدا و اهين نفسى ازاى كدة تشوف فيديوهات لعيانين بيدوا ريفيو صوت و صورة و تحس انهم تحت تهديد السلاح انا جاى اتعالج بتصورنى ليه . تفكر فى ال و تشوفها بس اهو كله بياكل عيش تشوف الاساتذة بتوعك اللى انت عارف انهم بيكرهوا البنى ادمين و الكائنات الحية و يمكن بيكرهوا نفسهم حرفيا مضطرين مؤخرا انهم يفتحوا صفحة و يتصوروا جنب عيانينهم و هم شايلين لوحة عليها قلوب و. و حاجات كدة و تفتكر لما استاذك كان بيقول اللى بيكتب على النت كتير ده دكتور مش لاقى شغل و فاضى .. بس الموجة عالية و كله لازم يوطى ال بتاعك قليل و ال فاشخ عقلك و انت المفروض على الورق كويس بس حاسس ان لا مش كفاية و بعدين تلاقى بوستات لمعلومات طبية و حالات متعالجة غلط بس شكلها بس مبروك الدكتور ال . ده عنده اوفر كورسات تحفة تعالى خد فكرة تفكر فى الهجرة تلاقى يمين متطرف و كل شهاداتك اللى انت مش واثق فيها و لا فى نفسك مش معترف بيها تفكر فى الخليج و بعدين تقعد توزن هل هتقدر تعيش ال١٥ سنة الجاية من غير ما تشوف اولادك ؟؟؟ تشتغل طول الليل و تقابلهم الجمعة الصبح و نص الاسبوع و انت بتعملهم باى باى عشان نازلين المدرسة ترجع تانى تفتكر انك بتضيع وقت بكتابة البوست ده و التفكير و ان عندك مذاكرة كتير لامتحان انت مش ضامن هتعرف تحجزه عشان تاخد شهادة مش معترف بيها غير الدولة دى و الناصية اللى جنبها بس اهو اسمك ساعتها استشارى ؟؟؟ تقرا تقفل الكتاب و تنام تصحى متفتكرش حاجة لان دى مذاكرة اواخر التلاتينات للاسف و بعدين تشوف هتعمل صفحة على انستا و لا تيك توك و لا هتهبب ايه عشان صاحب السنتر عايز بيدج عشان تجيب شغل محتاج شوية بسيطة شوية على شوية سوشيال فى وقت انت مقاطع فيه السوشيال ميديا لانها كئيبة و كل البوستات يا عن شغل يا عن قد ايه العالم قذر و هيتدمر معاكش فلوس كفاية عشان تشغل حد و لا انت عشان تتصور و تتمايص قدام الكاميرا للاسف حياة طويلة من الجدية و انا بلبس السكراب و بسرح شعرى عشان اروح العيادة لان ال ليا كطبيبة كبيرة فى السن هتبقى الجرى ورا عيالى اللى لسة داخلين البيت من المدرسة او الحضانة عشان اغديهم و انزلهم تانى معايا الشغل او لوالدتى وسط نظرات من ال من كل الحضور تفتكر لما كنت داخل طب عشان تعالج الناس و تحس بحقد على كل موظف طبيعى فى شركة من برة ازاز بيشتغل من ٩٥ و بيشوف عياله و عايش من غير احساس ذنب فى خلفية مخه طول الوقت عشان مش فاكر معلومة ذاكرها من سنتين و لا عنده بليل مش قادر يذاكرله و لا على الاقل مطلوب منه يرقص قدام مكتبه عشان يجيب للبنك او لشركة زباين تروح الشغل تلاقى مرضى مصريين بيكرهوا الستات و مش بيحبوهم و تفتكر ان على الاقل انت بتعقم ادوات مش زى زمايلك الرجالة اللى بياخدوا اضعاف سعرك و اكثر شهرة و مبيعقموش اى حاجة بس هو العيان بيحب اللى بيضحك عليه لحظة تيأس تروح تتصل بجامعة لو سمحت ادرس اى حاجة تانية بيزنس كمبيوتر اى حاجة بتطلع موظف من ٩٥ . الرد اسفين انت الثانوية العامة بتاعتك تسقط بعد عدد سنين ملهاش صلاحية .. انت اتاخرت . الطب لعنة اسوء قرار اخدته فى حياتى يلا بقى عشان اقوم اكمل مذاكرة بما انى,sadness
677,داخله على مود اكتئاب دلوقتي عشان مفيش شغل,sadness
678,هل الاكتئاب ليه علامات واضحه بتقول ان ده اكتئاب ولا لا,sadness
679,تعبان نفسي جدا متشخص اكتئاب حاد والدواء مش جايب نتيجة وحياتي الاجتماعية بايظة وحياتي الجامعية برضوا ونفسي احب واتحب بس انا اصلا كاره نفسي وبفكر في الانتحار,sadness
680,فقدت الشغف ومش اكتئاب انا استغربت من نفسي اليوم، كنت دايما بجري ورا حاجة عشان احققها، وكنت غالبا بعمل كدا، انا طبيب ودرست الاكتئاب اشتغلت في اول تخرجي نفسية وعصبية فانا متاكد انه مش اكتئاب، عندي حاجات كتير محتاجة تتعمل وفرص كويسة، انا مش مهتم، ومش مضايق اني مش مهتم، الاول كان ممكن اسافر محافظة تانيه او حتى دولة عشان نص فرصة، ايه المشكلة، المشكلة اني محتاج اكمل الحاجات اللي محتاجة تكمل، شعوريالاول بالوصول للحاجة وزعلي اني محققتش وفرحي اني حققت كان بيدفعني لقدام بس معدش موجود,sadness
681,انا هدخل في نوبة اكتئاب. كل اما بشوف صوري ف موبايل حد مصورني باكتئب. لسة حد موريني صور ليا من الجنب وانا كاره شكلي المعاق الناقص المعيب وفكي الصغير والدبل تشن اللي عندي.,sadness
682,اكتئاب اشعر ب اكتئاب وقلق مميت .. احتاج ارتاح او اتطمن كنت زي الفراشة الطايرة واحس الان كني ميته بدون روح,sadness
683,انا متشخص اكتئاب حاد وباخد الدواء دا بس بسبب ظروف مادية بطلت الدواء نهائي لانه غالي ولانه مجابش نتيجة وكنت باخدة لمدة خمسة شهور متواصلة عاوز اعرف ممكن ايه التاثير السلبي اللي يحصل ليا يارت ضروري وازاي اقدر اساعد نفسي لان مش هقدر اروح لدكتور، وجزاكم الله خيرا,sadness
684,اكتئاب و استفزاز مش بترول بس بجد ليه هنا بالذات أما بتشات مع بنت لازم تطلع مكتئبة عيوطة سوداء قصيرة عيل اندر اندر اندر ايدج,sadness
685,رسمتها لما كان عندي اكتئاب بقلم فلوماستر اسود عادي من العلبة اللي فيها ٦ الوان ب ١٠ جنيه الفكرة اني كنت عاوز افضفض بس بدل م اكتب او اكلم شخص معين لاني فقدت الثقة ف ٩٩٪ من الناس حوليا لانهم كان بيفشوا سري و دا واحد من اسباب الاكتئاب اصلا .. حاول متبصلهاش ككتلة واحدة افتح الصورة واقرأ الرسمة سطر سطر,sadness
686,السواقة في الدمام مسببة لي اكتئاب،كيف اتعايش مع الموضوع؟,sadness
687,ايه السبب وراء قلة الثقة و الاحساس بالدونية مع العلم انا عندي و اقلق و اكتئاب,sadness
688,هواجيس مع شوي حزن و اكتئاب قد يوم من الأيام حسيتوا انكمتبغو تخلصوا من الحياة بسرعة؟ كذا والله تعبت من الحياة بس ما أبغى أموت، عندي ف أحس اني أبغى أشوف أو أعرف أو أعيش حياتي كلها في ثانية ولا دقيقة ولا يوم واحد و خلاص أروح منها دائما إحساس اللي مافي شي قاعد يظبط ولا في شي قاعد يتصلّح و لسا باقي وقت طويل لين أوصل للجزء الممتع من الحياة بس بعدين ارجع أفكّر..يمكن مافي جزء ممتع في الحياة هي كذا بس كلها تطلع و تنزل و مرات تطول و هي نازلة بس ليش ما تطول و هي فوق؟ مدري لو فهمتو ايش قصدي ب فوق و تحت بس تحت هي الأيام الحزينة أو عادية في أفضل تقدير بينما فوق هي الأيام اللي فيها هدف و شغف و رغبة بالحياة المشكلة الأكبر لما يكون عندك مشاكل و تعرف حلها بس ما تقدر تحلهاأو الحل المعروف اللي ينفع مع أغلب الناس مو قاعد يظبط معاك، ف هنا ايش الحل طيب؟ ما أعتقد في أحد يقدر يساعدني غير رب العالمين لأنه حتى أدوية و معالجين جربت ولا فيها الفائدة اللي توقعتها و مشكلة ثانية لما أشوف اني أنا سبب انه مو قاعدين يفيدونيالزبدة ادعولي لوسمحتوا,sadness
689,التعامل مع شخص عنده اكتئاب؟ كنت اعرف ناس عندهم مشاكل نفسية بس اول مره احس بالمسؤولية خصوصا يتكلمون لي عن ان كيف ودهم ينامون وما عاد يصحون اشياء م عندي رد لها، واحتار الصراحه هل المفروض اواسي او اسمعهم او ايش اسوي ؟ والحين صرت بس ارسلهم اشياء تضحك عشان يغيرون جوهم ووقفت اسألهم كيف الحال اليوم لان احسه سؤال لهم، كيف اتعامل مع الفترة الصعبه اللي يمرون فيها ؟,sadness
690,اكتئاب شو تجاربكم مع الاكتئاب و قدرتوا تتغلبوا عليه ؟,sadness
691,اكتئاب عندي احتقان و لقيت اهلي طالبين شاورما مش هعرف اكلها,sadness
692,احد يجيه اكتئاب ويحس يومه فاضي بأيام الراحة عشانه ما راح النادي ولا أنا أعاني من ادمان؟,sadness
693,اكتئاب فيني اكتئاب بسبب لخبطه نومي وحياتي مكركبه ومو عارف التفت لأيش وايش لدرجه حتى الشاور مستثقلته بشكل اعوذ بالله ، اطالع اصحابي والي حولي محد مكتئب نفسي واقول هل انا الوحيده الي قاعده اعاني مافيني حيل لدراسه ولا حااجه ، جا بأسوء وقت الي هو فتره الاختبارات,sadness
694,ممكن علي الصورة عشان عندي اكتئاب,sadness
695,شلون تتعاملون مع اكتئاب الدورة؟ نفسيتي دمار من الدورة حتى الاشياء الي احبها ما استمتع فيها، تعرفون شعور لما تقومين من مرض؟ يصير نصك تعبان والنص توه متعافي ومالك خلق لشي هذا هو شعوري,sadness
696,اقولهم في الكشف الطبي اني عندي اكتئاب وباخد ادوية ليه ولا لاءة انا الكشف الطبي بتاعي الشهر ده وانا باخد ادوية اكتئاب من شهر يونيو فادلوقتي لو الدكتور سألني لو انا عندي حاجة اقوله انه عندي اكئتاب ولا لاءة اصل انا قلقان اقوله لاءة وبعدين ادخل الجيش واقولهم اني باخد ادوية اكتئاب وبردو قلقان اقوله اه ويدخلني في حوارات اني بمثل عليهم وبتاع علشان اخلع لأني سمعت حوارات عن الموضوع ده عن ناس قالوا انهم عندهم اكتئاب وافتكروا انهم بيمثلوا.,sadness
697,باقة النت خلتني ادخل عالم اكتئاب اشتركت بباقة سوا شير بلس وهو معروف قسمين قسم السوشال نت واللوكال، طبعا السوشال هو انستقرام تويتر واتس وسناب ويوتيوب، واللوكال يشغل تيك توك وريديت وسفاري وكل التطبيقات حلو؟ حلو انا من كثر ما استخدم اللوكال خلص في غضون اسبوع ، واضطريت استخدم السوشال اللي هو انستا وسناب المهم يا انه جاني اكتئااااااااااب الفترة اللي راحت كلها ادخل تطبيقات لا انتمي لمحتواها حرفيا زفت وكلهم من دول ثانية يعني مو سعوديين وكذا، ومواضيعهم كلها هواش و سياسة ومشاكل المهم ان تيك توك وريديت الافضل حاليا ولا يشتغلون عندي لازم اشبك على نت اختي ، وجالسة اتعذب نفسيا ما ابالغ وهذا متنفسي الوحيد خلال اليوم.,sadness
698,ما وراء كواليس اكتئاب المتدينين,sadness
699,البنت اللى أسلمت مريم غالى .. مجموعة مسيحيين كانوا بيمارسوا ضغط و مظاهرات عشان الامن يسلم البنت تانى بعد ما أسلمت بحجة أنها مخطوفة و كدا!! تم بحمد الله اعتقالهم من الأمن بحسب مصادر مسيحية ...و البنت خرجت لوحدها بالسلامة مع اخوة مسلمين و ببطاقة مسلمة سليمة وورق سليم .,neutral
700,يجماعه هلا الولاد جد ما بخافو من الصراصير ولا ما بعبرو عشان ضغط المجتمع ؟,neutral
701,يا جدعان بقي ايه ضغط المياه ابن الوسخة ده مش عارف امسح طيزي,neutral
702,عشوائيات نيرس تعيش ضغط اكتوبر,neutral
703,ما بقى عندي جهد باش نتحمل لا ضغط نفسي ولا جسدي فهاد البلاد... الشكوى لله...,neutral
704,هوس الثراء ضغط اجتماعي ام دافع شخصي ليش مؤخرًا نسبة كبيرة من الناس عندهم هذا الهوس ليش مو عادي الواحد يصير شخص عادي هل المجتمع يضغط على الافراد؟ او هو دافع شخصي و طموح غير صحي؟,neutral
705,مش فاهمة ليه دايمًا الراجل هو اللي لازم يطارد، ويخطط، ويدفع ولو البنت هي اللي عملت كده بيعتبروها يائسة! هو احنا ليه لحد دلوقتي حاطين الرجالة تحت ضغط الأدوار القديمة,neutral
706,ضغط الاهل على البنات انا رفضت شخص تقدم لي عاجب اهلي مره لكن ماعجبني للأسباب كثيره، لكن الاهل مايشوفون العيوب اللي اشوفها فحصل بيننا تصادم ولي فتره اتحاشى اجلس معهم لان مابي تصير نقاشات حاده بدون فايده، اعرف ان اهلي بالنهاية مو متشددين ولا بيغصبوني اتزوج شخص مو عاجبني لكن مره مرهق النقاش عن هذي الامور، وصدق صرت اشيل هم المستقبل لو رفضت احد مره اخرى برجع ادخل بدوامة تبرير على قرار المفروض اني انا الامر والناهي فيه,neutral
707,ضغط العيلة مرحبا يا جماعة، كيف بتتعاملوا مع ضغط اهلكم عالزواج؟ انا عمري ٢٣ واهلي بلشوا يفتحوا معي موضوع الزواج، وانه احضر حالي انه ممكن اي حد يجي يطق الباب يطلبني! للعلم انا وضحتلهم نيتي اني اطلع برة البلد اكمل دراستي، واجهوا الموضوع بالرفض المطلق وما كان في منهم دعم ابدًا، بحكولي مستقبلك مربوط بزوجك وقراراته، وانه حرام البنت تسافر بدون محرم، لما تتزوجي لو زوجك كان بقبل تطلعي انت واياه بتطلعوا! طبعًا مستحيل احكيلهم انه اصلًا انا ليزبيان، وعندي حبيبة، وما رح اتزوج، وناوية لو اجاني عرسان، اقبل اشوفهم لكن اطفشهم، عشان ما أثير شكوك أهلي يلي مر بتجارب مشابهة، يحكي تجربته بليز، وسمعت عن الزواج الشكلي، هل فعليًا بنجح؟ وبتعرفوا حدا عمله؟ الزواج الصوري هو انه تنين يتزوجوا مش ليكونوا عيلة، لا، عشان يهربوا من ضغط المجتمع على الزواج، بكونوا زي ، ممكن يكون بين مثلي ومثلية، ويطلعوا برة البلد وكل حدا فيهم يعيش حياته بشكل منفصل، لكن قدام العيلة بمثلوا انهم متزوجين,neutral
708,مش هتعرف يعني ايه شغل تحت ضغط لغاية م تيجي تقف هنا ف الصورة التانية لسة هنبدأ نجهز لشغل الليل ومعرفين الويترز ان قدامنا ساعة و لقينا ٣ اوردرات دخلوا صديق ف الشغل صورني علشان يشوف هشتم انهي شتيمة المرة دي لأني كرييتڤ معاهم ف الحتة دي,neutral
709,انا حاسس ان كل اللي عمي مات عشانوا في حرب الاستنزاف و ابويا الله يرحمه خلاص كده؟ دا مش طبيعي و انا في كبوس. دول الحجات اللبقيني. شيت جديد و ضغط اعطاب رهيب.,neutral
710,دي رسمتي وتعبر عن حزني وانا بعمل عشر عدات ضغط في غرفتي في نص الليل,sadness
711,حاجه ف الرايق قبل ضغط العيد,neutral
712,نفسي ادرس بدون ضغط جد والله ودي اجرب الشعور بس داخلي كلب يعشق زنقه الكلاب,neutral
713,كيف اتعامل مع ضغط سنه ثاني طب ؟ السنه الاولى كانت خفيفه وبسيطه وسهله وخلصت منها بمعدل . ، هالسنه كمية اللكتشرات غير طبيعيه مو قادره الم المنهج واذا لميته ما عندي وقت اراجعه ، بنبدأ ميدات قريب وقاعده احس بالانهيار و بالكويزات ما حليت زين لان بعد بالكويزات كان ضغط كل ماده لكاتشر بأسبوع واحد بس عمري ما وصلت هالمرحله من شعوري بالفشل وحاسه اني لأبعد درجه,neutral
714,ضغط العائلة أنا عمري ١٧ سنة و الوحيدة المتنقبة بعيلتي كلها و ما اسمع موسيقى و ما أصافح ووو الحمدلله ربي هداني قبل ثلالث سنين تقريبا بس والله كان عندي ضغط نفسي بطريقة ، يعني نظرات الناس و الكلام ، المشكلة انه مو من الغرباء ، و لكن من الاهل و الأم و الأب ، كان شيء صعب و ما زال صعب . يعني كلهم شايفين انه أنا أكيد حشيل النقابً، و كل شيء عنده علاقة بالجامعة او احتفالات او او ، لازم يفتحون الموضوع و يحاولون يقنعوني انه عادي اشيله عشاني صغيرة يظهروني دائما بالمتشددة و كرهت إني دائما في وضع الدفاع او إثبات وجهة نظري ، احتاج اي نصائح تساعد,neutral
715,نوبات الهلع بسبب ضغط الدراسة قبل كم يوم جيت بنام بعد يوم طويل متعب مهلك ولقيتني ماني قادرة انام رغم المحاولات، انفجرت صياح لين ما جتني نوبة هلع وجاني تنميل وتشنج في كل جسمي، طبيعي وضعي، طبيعي ضغط الدراسة يسبب كل ذا؟ احس خايفة تتكرر عليي ومقدر اسيطر على الوضع,neutral
716,عندما نشرت هذا الخبر سابقا لأم تقتل ابنائها الثلاثة في فيلا وحقرت من التعليقات التي تلوم الزوج وتعجبت من التبرير لها وجدت ايضا من يبرر لها هنا ويقول ان ضغط زوجها هو السبب لذالك ودفعها إلي الجنون لذالك سأذكر السبب في هذا المنشور اتضح أن من قتلت أطفالها لم تتحمل عدم موافقة طليقها على سداد مصاريف مدارسهم البريطانية وخبر زواج زوجها كان من اللمكن ان تبيع الفيلا وتعيش في بيت متوسط كان من الممكن ان تدخلهم لمدارس حكومية كان من الممكن ان تتركهم لبيت لرعاية الأطفال صدقني هذا الموضوع من أكثر الأسباب التي تجعلني أكره النسوية ،فالنسوية لا تكره التعدد فحسب ،بل تكره كل الرجال ،والرجل الذي يرتبط بها يصبح أكبر عدو لها تحاول قدر الإمكان تدميره ، إنتهاء العلاقة تكون من جهتها هي ،فهو لا يحق له التطليق أبدا، لذلك ستجد النسوية الغربية تستميت على بقاء قانون تقسيم الممتلكات لأنه يمنع الزوج من التطليق وهي من تخلعه وتحاول قدر الإمكان تلفيق أكثر عدد من التهم ضده ، وتستميت المصرية على بقاء القائمة لنفس السبب، وترفع جميع القضايا التي من حقها بالقانون أن ترفعها ،ولا وجود لشيء إسمه عشرة ومعروف ،الموضوع حقد وكره نسوية، وتحاول بقية حياتها أن تنتقم من هذا الطليق إما،بحرمانه من أطفاله ،أو بتخنيث الأطفال ،أو رفع قضايا نفقة بشكل متكرر لتجعله مواظب على دخول المحاكم ،أو البحث عن رجل جديد ليعتني بهم ،وما يهمها تصوير هذا الرجل مع الأطفال لتنتقم من طليقها الذي منعته من رؤيتهم ،وتريه أن الغريب يربيهم، وأكبر مصيبة تحصل لها ،لو الطليق تزوج من جديد ، فهو في نظرها يجب أن يموت ، و زواجه يصيبها بجلطة ، لا يمكنك أبدا كرجل أن تتزوج أو تعشق أو تقترب من نسوية ،لأنك بإختصار شديد تصنع عدو، الموضوع ليس بيدك ،فهي مبرمجة من الأيدولوجية الحقيرة على عداوتك ،وهذه البرمجة موجودة غالبا بداية الزواج ،أو بعد حصولها على ما تستطيع تقديمه لها سكن ،أطفال،مصروف ،بعدها تصبح عدو ،فالحاجة لك توقفت ويجب أن تزيحك عن الطريق....الموضوع مرض عقلي ،وهذه الحادثة للأسف مثال على نتائج هذا المرض.,neutral
717,الزواج بدون ضغط معايير اختيار الزوجة اشوفه انه تتقبلك ك شخص اكثر من ان انت وش تشتغل او كم راتبك ، عشان ترتاح معها وتراعون بعض وتصبرون واذا عندكم اهداف مستقبلية تسوونها مع بعض ، عشان كذا اسمه شريك حياة هذا الزواج الصح احس ذا النوعية نادرة مرة في مجتمعنا,neutral
718,هو ضغط الشغل بعد الامتياز بيبقى قد ايه؟ ايه اطول شفت مممن اقعده؟ و لو اكتر من ٢٤ ساعه بيتطبق على البنات؟,neutral
719,ازاي بتتعاملو مع ضغط الدراسة؟ انا لازم كل ترم ابقى قلقان قلق مش طبيعي عن الامتحانات مع ان مذاكرتي كويسه و بحاول مبقاش مراكم مذاكرة بس برضو كل يوم ببقى خايف اني مجبش درجات كويسة او افشل ازاي بتتعاملو مع الضغط ده ؟,anxiety
720,حسابي كان انشر فيه رسم هنتاي وذا سبب لي ضغط وخوف من نشر شي ثاني هل في تشجيع؟,anxiety
721,كيف واجهتوا ضغط الأهل والمجتمع؟ وهل فكرّتوا بالهجرة؟ أعرف إن كثير من المثليينالمثليات في المجتمعات العربية يواجهون صعوبات كبيرة، خاصة بسبب الضغط من الأهل للزواج أو التغيير، وأحيانًا هذا الضغط يوصل لدرجة إن الشخص يفكر يهاجر أو يهرب، حتى لو كان يحب أهله ويحترمهم. سؤالي هو كيف تعاملتوا مع هذا النوع من الضغط؟ هل قررتوا الهجرة؟ وهل كان فيه دعم في المكان اللي رحتوا له؟ إذا في أحد هاجر أو انتقل لبيئة أكثر تقبلاً، ياليت يشاركنا تجربته وكيف كانت البداية وكيف أثرت على نفسيته وهويته. نحتاج نسمع قصص حقيقية تساعد وتعطي أمل,neutral
722,عندي وكمان بتوتر من اي تعامل مع ناس غريبه وبيخليني في ضغط حتى لو باين عليا من برا اني هاديه ف بتجنب اتكلم مع حد وبخليني مع دايرتي الصغيره الي عرفهم من زمان او قرايبي بس قي نفس الوقت بيبقى نفسي ان اقرب صحاب ليا يبقوا هما كمان انا الوحيده الي في حياتهم او مش شرط الوحيده لكن اقصد ان ابقى اقرب واحده ليهم والي بيعملوه معايا مش بيعملوه مع اي حد او مكانتي قريبه بنفس الدرجه لأن انا اصلا مليش غيرهم يعني انا بغير على صحابي القريبين مني اوي هتسألني طب وصحابك الي عرفتيهم عرفتيهم ازاي وانتي كدا انا اعرفهم من سنين وانا اصغر مكنتش انطوائيه زي دلوقتي معرفش هو انا كدا عندي مشكله ولا ده عادي انا بصراحه الموضوع مدايقني,anxiety
723,ضغط من كل إتجاه ، مفيش جانب واحد مريح,neutral
724,ضغط الدوام بنجن!!! هلا مين ودها نتحلطم عن الدوام والحياة و نخرج السلبيه؟,neutral
725,جماعه عديتو من ضغط ثانويه عامه ازي,neutral
726,جهاز ضغط مع قياس الاكسجين جهاز قياس ضغط الدم إلكتروني مع جهاز فحص اكسجين الدم الأجهزه جديدة و استعماله سهل الطقم الكامل بريال,neutral
727,ضغط هائل من كل النواحي اني اتزوج؟ السلام عليكم حبيت اتكلم عن حاجة مسببة شبه اكتئاب الزواج انا عمري خمس و عشرين و حاس من هذا الضغط مو بس من امي و ابوي يبون يشوفون احفادهم بس من اصحابي المتزوجين و زملاء العمل انا موقتا ماني حاسس ب اي رغبة في الزواج ولا اني قاعد افكر فيه بهذا العمر و حاس اني خائن للفطرة الانسانية هل هذا شي طبيعين,sadness
728,ضغط انا خلاص آخر سنة سنة خامس بإذن الله ربنا يسهل في جامعة الخرطوم تخصص علميوخلصنا السمستر اونلاين وان شاء الله الامتحانات غالبا في شهر ١٠ انا عايزة ارفع معدلي من . ل ٣ على الأقل هل بقدر؟ ده كان معدلي في سنة رابعة هل في أمل امتحاناتنا حاتكون للسمسترين انا ضيعت الوقت وماعارفة هل حا اقدر الحق ولالا اقرا ولا باقي لي اسايمنتات وتخيلو مشروع التخرج بس للآن فكرة مابديت فيه حاسةمستحيل الحق وخلاص الوقت فات هل في زول كان زي حالتي وانجز,neutral
729,بقت من شروط التقديم على ركوب المترو انك تعرف تعمل تحت ضغط,neutral
730,طباخ التمر ناوي يطبخنا بقدر ضغط,neutral
"731,غطّاس سمنان ضغط مباشر أوتوماتيك بوستر ثبات ضغط الشبكة لمنزل دائم الحركة الفكرة مضخة غاطسة مع كونترولبوستر مدمج يحافظ على الضغط ضمن نطاق ثابت. تشغيل تلقائي مع الطلب، وتوقف آمن عند انقطاع الماء. لماذا تختاره؟ حل أنيق من خط الخزان إلى البيت مباشرة. يوزّع الضغط على كل النقاط بدون هبّات مزعجة. تقليل الطرق الهيدروليكي مع تحكم ناعم. تركيب موصى به فلتر ترسيب قبل خط الضخ. حماية من الجفاف مستشعرفلوتر إن لم تكن مدمجة. صمام عدم رجوع عدّاد ضغط للمراقبة. صيانة تنظيف مدخل الغاطس، ومراقبة كابل التعليق. اختبار تسريب شهري، ومسح الأتربة عن وحدة التحكم. أسئلة شائعة هل يصلح للشقق؟ مخصص أكثر للتركيب مع خزانبيوت؛ للشقق يفضّل دينمو بوستر خارجي. الصوت؟ داخل الماء أهدأ من السطحي عادةً. التشغيل الجاف؟ تجنّبهالتعليمات توضّح وسائل الحماية. الخلاصة غطّاس سمنان بوستر يمنحك ضغطًا متزنًا لشبكتك المنزلية مع تحكم ذكي في التشغيل.,neutral"
"732,دينمو سمنان . كيلو وات متغيّرة السرعة ضغط ماء مستقر لبيوت الشقق والطوابق المنخفضة ماذا تعني متغيّرة السرعة؟ هي مضخّةدينمو بذكاء انفرتر يغيّر سرعة الموتور حسب الطلب؛ عند فتح صنبور واحد تعمل بهدوء وتوفّر طاقة، وعند تشغيل أكثر من نقطة معًا ترفع القدرة تلقائيًاضغط مستقر واستهلاك أقل. لمن تناسب قدرة . ؟ شقةدور صغير مع نقاط مياه محدودة. بيوت لا تعاني ارتفاعات كبيرة وتحتاج ضغطًا مستقرًا للاستحمام والمطبخ. تركيب بعد الخزان الأرضي لضخّ خط البيت بالكامل. مزايا تتوقعها تشغيلإيقاف تلقائي باستشعار الضغط. هدوء نسبي مقارنة بالمضخات التقليدية. حماية من الجفافالسخونة في طرازات عديدة. سهولة صيانة وفلاتر خطّية قبل المضخّة لحماية العمر التشغيلي. خطوات تركيب آمنة . فلتر ترسيب أولي قبل الدخول إلى الدينمو لحماية البلية والريش. . صمام عدم رجوع لضمان ثبات الضغط ومنع الارتداد. . عازل اهتزاز على القاعدة لتقليل الضجيج. . تأريض جيّد وفاصل كهربائي قريب للأمان. تشغيل وصيانة عدم تشغيلها جافّةتحضير ذاتي عند الحاجة وفق تعليمات الشركة. فحص التسريب في الوصلات خلال الأسبوع الأول. تنظيف فلتر الخطّ دوريًا؛ الأوساخ تقتل الأداء بسرعة. متابعة إنذار الانفرترحل الأعطال مبكّرًا يوفّر تكلفة لاحقة. أسئلة شائعة هل تكفي لطابقين؟ يعتمد على الارتفاع الفعلي؛ غالبًا مناسبة للدور الأرضي والأول مع تمديد مناسب. هل صوتها مرتفع؟ أخف من التقليدية بفضل التحكم بالسرعة، لكن يعتمد على موقع التركيب والعزل. هل تستهلك كهرباء كثيرًا؟ أقل في الاستخدام الجزئي بسبب خفض السرعة عند الطلب المنخفض. الخلاصة دينمو سمنان . كيلو وات متغيّرة السرعة تمنحك ضغطًا مستقرًا بدون هدر في الطاقةحلّ عملي لشقق العائلات ونقاط الماء اليومية.,neutral"
733,ضغط الكفرات السلام عليكم يا شباب انا عندي سيارتي كامري صاير لما اطلع الدوام الصبح تولع لمبه ضغط الكفر الصفراء بس في نص المشوار تروح هل ذا طبيعي ووش الحل مع العلم قبل كم فتره شيكت ماهم ناقصين هواء ولا شي,neutral
734,أعتقد أصبح جلياً أن أى طرف ينوى الدخول فى حرب مع إسرائيل يجب أن يكون شرس هجوميا أكثر من دفاعيا. واضح أن هذا ليس زمن التكتيكات الدفاعية بسبب الصناعات العسكرية الحديثة. الصهيونى لا يجلس على الطاولة و يقدم تنازلات إلا تحت ضغط. إيران و حزب الله كانا يجب أن يدركا ذلك مبكرا. السبب الرئيسى فى خسائر إيران و حزب الله الكبيرة هى إعطائهم إسرائيل المبادرة فى كل مرة. فى كل مرة إسرائيل هى من تحدد قواعد الإشتباك. ترفع السقف و تخفض السقف و الطرف الأخر بالكاد يحاول مجارتها بعدما تلقى الضربة الأولى. يجب أن يرى اللاعبون الإقليميون إسرائيل على حقيقتها التى لم تحاول إخفائها يوما. حيوان هائج عنيف عنصرى لا يكترث لحياة الأخرين عموما و العرب خاصة.,neutral
735,ازاي اعرف لو ضغط الدم عالي؟ حاسس دماغي مش تمام، وحركة فكي مش سلسه,neutral
736,السبب الأساسي لارتفاع ضغط الدم وعلاجه,neutral
737,ضغط مشروع التخرج ممكن مشروع التخرج يخلص في اقل من شهر اذا ضغطت نفسي ؟ انا مسويته لوحدي وللاسف ضيعت الزمن بسبب اني مشتتة وضايعة مابين المذاكرة والمشروع واشياء ثانية اقدر الحق على عمري ولا خلاص,neutral
738,مقال يتحدث عن ضغط الدم مقال يتحدث عن ضغط الدم وطرق قياسه في صوره مبسطة ...,neutral
739,كان فيه ضغط ع السيرفر ولا الشبكة كانت واقعة ولسة جاية ولا منطق العبط ده ايه لو فيه اله حقيقي للكون دلوقتي هيشويكم ع المسخرة اللي بتقولوها عليه والله,neutral
740,اللي جرب قدر ضغط كهربائي احتاج ترشحون لي وتعطوني رأيكم ونصائحكم، انا ساكن لحالي توي وابى ازبط كبوس ومضاغيط والقاز ممنوع بالسكن .,neutral
741,آبل في سبتمبر يغير قواعد اللعبة وساعة تراقب ضغط الدم!,neutral
742,فين ضغط تالتة ثانوي الي بيقولو عليه ده محدش مهتم,neutral
743,الغبي ضغط ستارت والفاهم لسه بقرأ الشروط في واحد كل ما بده يعمل إشي بيفكر بيفكر زيادة قبل ما يحكي بيقيس الكلمات قبل ما يتحمس بيحسب التكاليف قبل ما يحب براجع نتائج العلاقات اللي ما عاشها أصلًا مش جبان بس واعي أكثر من اللازم بعرف نهايات الطريق قبل ما يخطو فيه بعرف وين بتضعف الحماسة وين بتنقلب الوجوه وين بتبلش الوحدة تمشي معك بدون ما تطلبها فبيوقف بيسكت بيتحول لشخص بيتفرج شخص بيعيش نظريًا بيتخيل التجربة وما بيخوضها بيحسب الاحتمالات بس عمره ما لعب الناس اللي مش فاهمة اللي داخلة على أي إشي وهي مش دارية شو يعني أصلا أي إشي هم اللي بيعيشوا بيضحكوا غلط بيحبوا غلط بيفشلوا بس بيرجعوا والأغرب إنه أحيانًا بيزبط معهم بيصيروا هم الناجحين هم اللي في الصورة وإنت واقف على الطرف فاهم كل إشي بس مش موجود وكل مرة يضرب معهم الحظ بتهمس لنفسك كنت عارف إنها ما رح تزبط بس نسيت إنها زبطت لأنهم ما كانوا عارفين المشكلة إنك مش ذكي زيادة إنت واعي زيادة وعم تستخدم وعيك كأنه سجن كأنك محكوم عليه بالتحليل بدل الفعل بالفرجة بدل التجربة بالبقاء ثابت لأنك شايف كل الاحتمالات وما عاجبك ولا واحد منها بس في شغلة صغيرة نسيتها اللعبة هاي مش معمولة للناس اللي فاهمينها اللعبة معمولة للناس اللي بلعبوها حتى لو يخسروا حتى لو يوجعوا على الأقل عاشوا وإنت إنت شو عملت غير إنك قرأت كل التعليمات ونسيت تضغط ستارت انت ضغطت ستارت ولا لسة بتقرأ الشروط؟,joy
744,أنا ترانس مان لسه في بداية طريقي، وفي علاقة جدية مع بنت، وإحنا ناويين نتجوز بعد ما أوراقي تتغير رسمي. حاليًا في ضغط كبير من أهلها بخصوص الجواز، وده بيأثر علينا نفسيًا، فبنحاول نلاقي حل مؤقت يساعدنا نتخطى المرحلة دي من غير صدام أو ضرر. بنفكر في تكون مفهومة بين كل الأطراف أنا ترانس مان لسه في بداية طريقي، وفي علاقة جدية مع بنت، وإحنا ناويين نتجوز بعد ما أوراقي تتغير رسمي. حاليًا في ضغط كبير من أهلها بخصوص الجواز، وده بيأثر علينا نفسيًا، فبنحاول نلاقي حل مؤقت يساعدنا نتخطى المرحلة دي من غير صدام أو ضرر. بنفكر في تكون مفهومة بين كل الأطراف يعني زواج شكلي أو واجهة اجتماعية من غير أي التزامات عاطفية أو معيشية، مجرد اتفاق واضح يحمي من ضغط المجتمع أو الأهل. لو في حد من مجتمع الـ بيمر بنفس الضغط، ومحتاج نفس الترتيب، أو مش بيدور على علاقة بس محتاج حماية اجتماعية، ياريت نتكلم ونشوف لو نقدر نساعد بعض ونبني الاتفاق ده بشكل آمن ومحترم للطرفين. التواصل بس للناس اللي فاهمة معنى التفاهم ده وحدوده، ومش حابين دوشة أو دراما.,neutral
745,كيف اخفف ضغط الأوريا؟ سمعت ان الدوام و الكلاسات في الأوربت طويله جدا و متعبه وودي اخفف على نفسي باني اسكب بعض الليفلات ما ودي اسكب الاوريا كامل بس ابغى اخففه على نفسي كيف ؟,neutral
746,كيف ببتعاملوا مع ضغط الاهل للزواج؟ مرحبا عمري ٢٨ سنة و عايش مع اهلي، صعب استقل عنهم لحالي كونه ما الي دخل ثابت. المهم انهم بلوا يضغطوا بموضوع لازم تتزوج و ندور ع عروس الك، عم بحاول ارفض الفكرة و اخرها قدر المستطاع، بس خايف بيوم من الايام الاقي حالي مجبور ع زواج ما بدي اياه . كيف تتعاملوا مه اهلكم بهيك موضوع؟,neutral
747,اصعب بروجيكت أو ضغط مرتيو بيه كان ايه أصعب بروجيكت اضغط فيه أو حصلك ضغط نفسى وازاى كنت ذكى فيه,neutral
748,عندي ايام في اسكندريه افك ضغط الشغل و الحياة ساعدوني حاجز ايام في فندق في اسكندرية محتاج اعرف الخروجات المحترمة و المش محترمة اللي اخرج فيها و الاكل الجامد فيين ؟,neutral
749,تحب تجيب ٥٠ ضغط ولا ترفع ١٠٠ كيلو بنش بريس كذا عدة,neutral
750,صورة من العصور الوسطى الحدثة دي فيها مجموعة مصايب مركبة منها الاهالي المحجبات اللي شايفين انه الغش عادي وحق مكتسب مع انهم المفروض متدينات والمصيبة التانية التحقير من المراقبة كونها مسيحية اتقالها يا مسيحية يا بنت الوسخة والمصيبة التالتة ان الموضوع اتحل بعد ضغط من الداخلية شخصيا اللي هي منوطة انها تجبلها حقها,neutral
751,المستربيت عند ضغط و توتر المذاكره افشخ وقت للمستربيت حرفيا بيفكك من الضغط و التوتر غير المتعه و الارجازم مش قادر انسي كل مره كنت بذاكر فيها اقلع و ارفع رجلي ع المكتب و امستربيت و كسم المتعه ف كل مره هل انا لوحدي اللي كده ؟,anxiety
752,أنا ترانس مان لسه في بداية طريقي، وفي علاقة جدية مع بنت، وإحنا ناويين نتجوز بعد ما أوراقي تتغير رسمي. حاليًا في ضغط كبير من أهلها بخصوص الجواز، وده بيأثر علينا نفسيًا، فبنحاول نلاقي حل مؤقت يساعدنا نتخطى المرحلة دي من غير صدام أو ضرر. بنفكر في تكون مفهومة بين كل الأطراف أنا ترانس مان لسه في بداية طريقي، وفي علاقة جدية مع بنت، وإحنا ناويين نتجوز بعد ما أوراقي تتغير رسمي. حاليًا في ضغط كبير من أهلها بخصوص الجواز، وده بيأثر علينا نفسيًا، فبنحاول نلاقي حل مؤقت يساعدنا نتخطى المرحلة دي من غير صدام أو ضرر. بنفكر في تكون مفهومة بين كل الأطراف يعني زواج شكلي أو واجهة اجتماعية من غير أي التزامات عاطفية أو معيشية، مجرد اتفاق واضح يحمي من ضغط المجتمع أو الأهل. لو في حد من مجتمع الـ بيمر بنفس الضغط، ومحتاج نفس الترتيب، أو مش بيدور على علاقة بس محتاج حماية اجتماعية، ياريت نتكلم ونشوف لو نقدر نساعد بعض ونبني الاتفاق ده بشكل آمن ومحترم للطرفين. التواصل بس للناس اللي فاهمة معنى التفاهم ده وحدوده، ومش حابين دوشة أو دراما.,neutral
"753,""بنت انتحرت في جامعة العريش بسبب صور هشارك معاكم حادثة من اسبوع, بنت انتحرت في جامعة العريش, لأن الجامعة بتهدد الطلبة ان محدش يتكلم واللي هيتكلم هيتطرد. كنت قاعد في امان الله فجاءة لقيت واحد صحبي بيسئل علي جروب الشلة لو حد معاه اكونت فيك فيسبوك, فقولت لا عشان فعلا مش معايا ومش بستخدم فيسبوك من فترة, فدخلي قالي لو معاك ضروري عشان الموضوع مهم ولأني خريج حاسبات فمتوقع مني اني اقدر اساعد. فسئلته عن سبب احتياجه لاكونت فقالي ان في دفعة اولي كلية طب بيطري شوية شباب بنات وولاد قعدو يهددو بنت معاهم فالدفعه وبيلقحوا بالكلام عليها عشان معاهم صور ليها. في ناس بتقول ان الصور بنت صحبتها صورتهالها فحمام السكن بدون علمها وفي حد بيقول حد خد تلفونها وجاب الصور المهم دخلوا علي جورب دفعه ومن ضمن الجمل الي خلتني فعلا اقول احا الشيخة اللي كانت بتصلي بينا فالسكن وعاملها نفسها امام تحبو نفضحها يوم السبت ولا النهاردة الساعه بليل دا كان فوت علي الواتساب جروب الدفعه المهم بعد كل دا ومحاولات من البنت انها تصلح الموضوع وتحاول تتملك اعصبها مع ذلك شوية العيال دول قعدو يهددوها وكلام كتير عليها البنت انتحرت بحباية غلة, الجامعة كتبت ارتفاع حاد في ضغط دورة الدم ومكتبوش انتحار او حتي تسمم او اي حاجة عشان ميتهموش الجامعة, ومنعو الشباب في الجامعة تشارك الموضوع او تتكلم عن السوشيال ميديا وهددوهم بالطرد من الكلية. حاولت اعمل اكونت فيسبوك واشارك القصة والصور بس للأسف الاكونت اتقفل بعد ربع ساعة لانه جديد وبلاغ واحد هيقفله. البنت اسمها نيرة من المنصورة حبيت اشارك قصتها واتمني لو اي شخص سواء بنت او ولد اتعرض لاي نوع من انواع التنمر والتهديد يتكلم ويرفع محضر ويبلغ الشرطة صدقوني حقكم هيرجع صدقوني بلاش تضيع نفسك الانتحار مش الحل الوحيد. دا صورة تهديد وكيل الجامعة للشباب ان محدش يتكلم ودي صورة العيل اللي عمل الفوت باقي الصور علي اللينك ده .... تهديد وكيل الجامعة للشباب ان محدش يتكلم... صورة العيل اللي عمل الفوت..."",neutral"
754,ضغط حقوقي يراهن على إحالة المسطرة الجنائية إلى المحكمة الدستورية,neutral
755,ضغط المجتمع و الصلع الوراثي انا شاب في ال و عشرين من عمري و عندي بدايات صلع علي الارجح هو وراثي لان الصلع عندنا في العيلة يعني... الفترة الاخيرة ابتدي يظهرلي المحتوي بتاع علاج الصلع الوراثي و بدأ بنتشر و يكتر علي السوشيال ميديا و لان نسبة كتير من المصريين بيملكوا جينات الصلع ابتديت اشوف انعكاس دا في صحابي عرفت ان في ناس من دفعتي بدات تزرع شعر المثلثات و ناس تانية بتستخدم المينوكسديل و الفيناسترايد ... الحقيقة ان روحت لاكتر من دكتور و قالولي استخدم مينوكسديل بس انا رفضت علشان مطلوب مني استخدمه كل يوم مدي الحياة و علشان الاعراض الجانبية و لاني عارف ان اي محاولة لمحاربة الطبيعة الجينات في الاغلب هتفشل و وقتها هتضطر ازرع شعر مثلا لو مش قابل وضعي..المهم يعني مع الاخذ في الحسبان ان بسبب السوشيال ميديا المظاهر و الشكل في الرجالة بقت مهمة جدا انا عموما شاب مش مصنف يعني وسيم انا شكلي عادي جدا و كمان طولي بس يعني بس مهتم بلبسي و بنضافتي و صحتي و عامل جسم محترم الحمدلله يعني...هل بقي لو فضلت مستخدمش المنتجات اللي تمنع الصلع هينتهي بيا الموضوع ان الاقي ال بتاعي واقع وسط المجتمع اللي بقي اغلبه فيك و مش علي طبيعته؟,neutral
756,بدور علي زوجه تحميني من ضغط الاهل والناس,neutral
757,ضغط ثانوي بطلعوا فالايديت,neutral
758,صوؤة المنتدى تجيب ضغط نفسي أكثر من مصاعب الحياة,neutral
759,كمية ضغط ما طبيعيه وصف مشكلة لا حل لها حالياً في مشكله انت بدك تتقدم، بدك تتعلم وبدك تقرأ وبدك تلعب رياضه وبدك حياتك تزبط بس في مشكله الوقت ما عاد يكفي فكك من الماديات عنجد الوقت ما عاد بيكفي طول يومي بقضيه بالشغل هوا أنا الي هيك ولا في حدا غيري ليش كلشي صار سريع للا وسريع علينا نحنى بس في الشرق الأوسط بحكي رفقاتي برا والله الحياة ما هيك ٪عنجد أنا عايش في عبودية ١٠٠ عم احاول اطلع بحل، بفكرة، بطوق نجاة ياخي لك ما عاد بدي حل بدي طوق نجاة اكمل فيه يومي !!! غريييب كل شي غريب وكل شئ غلط ما في شئ بيمشي صح من تفتيح عيني على البلكونه واشوف منظر العماير العشوائيه لحد اخر الليل لاوصل لطريق البيت الي اغلبه مظلم لا عواميد كهربا شغاله ولا خط مواصلات منتظم عشوائيات حرفياً اليوم عبارة عن عشوائيات من المشاكل,neutral
760,مسرحية ضغط و فتح الباب للحرب إذا السياسة وصلت طريق مسدود اللي عم يصير ما متشددين و لا اي شي فوضوي. هي هية العمليات الاستخباراتية اللي بتسمع عنها بفيلم وثائقي بعد سنة. الغرض غالبا للضغط السياسي. انه كيف يعني سوريا تقول لأميريكا منقبل هاد الشرط و هداك لا؟!! شوف آخر تصريحات للشيباني، من شوي عالعربية و إلا شوي بقول تعو نوقع معاهدة سلام و كخ است الجولان. الحمدلله انه الحكومة مو متهورة و لو أنها بليدة. و الله يستر. في طبعا بس مجرد أدوات و ناس بتاكل الطعم بسهولة. القصد انه مو عفوية.,neutral
761,حالتي كويسه و لسا عايش في ضغط انا شاب دخلي كويس و مستقبلي نوعا ما مرسوم و حظي حلو ف الدنيا عندي اللي يساعدني لو وقعت مريت بظروف صحية صعبة جدا الفتره اللي فاتت و جالي تروما و دلوقتي افضل بس لسا عايش ف قلق و توتر لان عندي مرض وحش و معرض اتعب تاني ف اي وقت كل اما اجي انام بحس اني هتعب تاني قبل محقق حلمي و هوا الخروج من مصر حاسس ديما بحس ان كل المجهود اللي ببذله لهدفي ممكن يضيع ف لحظه لو تعبت حاسس ان اهدافي بتطاردني ديما و المرض متربصلي مهما احاول اجتهد و ارجع حياتي قبل متعب حاسس انه مش كفايه,anxiety
762,. في الفترة الأخيرة لاحظت كمية ضغط نفسي قوي علي الشباب والفتيات في مقتبل العمر بصفتي لايف كوتش ومستمع جيد وليس بمستوي الاحتراف اقدم مساعدتي للآخرين مجانا لوجه الله خصوصا أن في مقتبل الطريق ونظرا لغلاء الاسعار المتداولة في هذا المهنة وشكرا,neutral
763,العياط من ضغط الشغل اخر شهرين في حياتي حصلي فيهم حاجات صعبة وسيئة كتير على المستوى العام وعلى المستوى الشخصي وغيرت شغلي ٣ مرات في أقل من شهرين بسبب ظروف خارجة عن ارادتي انا بقيت طول الوقت بعيط ومش عارفة انام وحاسه اني بتضغط من أقل حاجة انا بشتغل بقالي سنين أول مرة اجرب العياط في حمام الشغل من الضغط ومن الزعل والخنقه وكل حاجه طول الوقت بانيك اتاكس ونفسي يضيق ودوخة من الخوف وعايزة اهرب ، مع العلم في حاجات كتير كويسة في المكان اعمل ايه انا طول الوقت تعبانه ومخنوقه وخايفه ومش مستحمله اي حاجه,anxiety
764,طول عمرى عايش فى ضغط وقرف ....مقدرتش افرح يوم واحد حتى ...كفاية بجد ...انا بقيت اذى نفسى ...مش قادر,joy
765,الصحة تسعى لإنقاذ المستعجلات في المغرب وسط ضغط كبير,neutral
766,مبعرفش اقيس ضغط زي ما التايتل بيقول كده، انا ف سنة خامسة و حاجة بسيطة زي دي مبعرفش اعملها، و كل ما حد يقولي قيسيلي الضغط بحس قلبي هيتخلع من مكانه كإن قامت قيامتي و بحاول اقول اللي سمعته و مرات اقول بالتقريب مبقدرش اركز اجيب القراية اللي الصوت بدأ عندها بالظبط و بنسى الرقم ده معناه واطي ولا عالي ولا ايه بنسى ان الضغط ١٢٠٨٠ و كل مرة يقولولي لا الجهاز بتاعك ده بايظ لا ده الدكتور فالعيادة مبيقيسوش كده لا مش عارف ايه. المشكلة مش بس في الضغط...المشكلة ممكن تشوفوها مبالغة بس مخلياني بحس اني هبقى دكتورة اي كلام و اني مش شاطرة و درجاتي بجيبها بالحظ. حاجات وحشة كتير اوي بحسها تجاه نفسي بقالي ٤ سنين منبعها الرئيسي الموضوع ده ملحوظة برضو انا مش مبحاولش اتعلمه...انا حاولت كتير جدا و من مصادر كتير و هو يعني نظريا مش صعب بس اهو لو حد عنده مصدر اتعلم منه يقول,neutral
767,أنا ترانس مان لسه في بداية طريقي، وفي علاقة جدية مع بنت، وإحنا ناويين نتجوز بعد ما أوراقي تتغير رسمي. حاليًا في ضغط كبير من أهلها بخصوص الجواز، وده بيأثر علينا نفسيًا، فبنحاول نلاقي حل مؤقت يساعدنا نتخطى المرحلة دي من غير صدام أو ضرر. بنفكر في تكون مفهومة بين كل الأطراف أنا ترانس مان لسه في بداية طريقي، وفي علاقة جدية مع بنت، وإحنا ناويين نتجوز بعد ما أوراقي تتغير رسمي. حاليًا في ضغط كبير من أهلها بخصوص الجواز، وده بيأثر علينا نفسيًا، فبنحاول نلاقي حل مؤقت يساعدنا نتخطى المرحلة دي من غير صدام أو ضرر. بنفكر في تكون مفهومة بين كل الأطراف يعني زواج شكلي أو واجهة اجتماعية من غير أي التزامات عاطفية أو معيشية، مجرد اتفاق واضح يحمي من ضغط المجتمع أو الأهل. لو في حد من مجتمع الـ بيمر بنفس الضغط، ومحتاج نفس الترتيب، أو مش بيدور على علاقة بس محتاج حماية اجتماعية، ياريت نتكلم ونشوف لو نقدر نساعد بعض ونبني الاتفاق ده بشكل آمن ومحترم للطرفين. التواصل بس للناس اللي فاهمة معنى التفاهم ده وحدوده، ومش حابين دوشة أو دراما.,neutral
768,عندي ضغط نفسي عالي جدا انا فريلانس بقالي داخل علي سنتين. سبت شغلي وبدأت والحمد لله في خلال ٣ شهور ربنا رزقني بكلاينت تقيل شركة ضخمة يعني وشغال معاهم لحد النهاردة. من ساعتها وانا عندي عالي جدا ان كل يوم بصحي الصبح مش بعمل حاجة غير الشغل اللي تبع الكلاينت دة واوقات كتير بيبقي شوية وخلاص. طول الوقت بيدور في دماغي افكار وحاجات كتير بس مفيش تنفيذ. احط واقول هبدأ أبدا شوية وارجع تلني معملش حاجة. من المفروض اني اعمل عشان اجيب مبيعات تاني واجيب واعمل ونفسي اعمل . دلوقتي انا عايش علي الفلوس اللي بتجيلي من الكلاينت دة والتجديد معاه سنوي وفلوسه الحمد لله كتير معايشاني. بس فكرة ال اللي هو العايش علي واحد عملالي . تخنت جدا وي وزني اكتر من ٣٠ كيلو. بنام قرب الفجر وبصحي مش من قبل ١١. دلوقتي انا حاطط في ال اني اروح الچيم واخس عشان يبقي شكلي كويس وانا بقابل كلاينتس. معنديش غير بدلة واحدة اللي بلبسها من تخني. بصحي كل يوم في لان وقت ما بنفذ ال يجيلي ضغط شغل من الكلاينتوبيأثر علي ال التانية. هتقوللي اعمل انا اكتر واحد في الدنيا ومن وانا صغير وانا دي طبعتي. مبقتش عارف المفروض اعمل ايه والحاجات. محتاج اعمل علي السوشيتل ميديا عشان الناس تعرفني ومحتاج اكلم ناس و واعمل . ال اللي عندي بقيت اصحي كل يوم الصبح متعذب ومفيش شغف اني اعمل اي حاجة وبفضل في السرير ولو نزلت اشتغلت شوية برجع بليل افضل في السرير مسحول علي السوشيال ميديا. اللي بيمر او مر زيي بالتجربة دي يقولي طلع منها ازاي او ايه الحل عشان انا حاليا تعبان جدا نفسياً,neutral
769,ضغط الشغل انا حاسس اني مضغوط اوي . نومي بقا مش كويس مبفكرش غير ف الشغل والعملا والتارجت و و و و و . حتى لما بخرج او بعمل اي حاجه ببقا مش قادر اتكلم، او عايز ابقا ساكت وبردو بفكر ف الشغل او بتشيك الايميلات، انا عايز افصل اللي هو يتحرق، بس مش عارف اعمل كده ازاي وف نفس الوقت انا بحب الشغل وبحب اشتغل بس حتى ف يوم الاجازه مبفصلش.,neutral
770,تجنيد ارتفاع فيه ضغط الدم يرجاله انا عندي ارتفاع فيه ضغط الدم واتحولت لمستشار قلب في الحلميه ايه اللي بيحصل بالنسبه لمستشار القلب هل هتحجز تلت ايام وهل فيه اعفا ولا لا,neutral
771,ضغط الصور وتقليل حجم الصورة أداة ضغط الصور المتقدمة مجاناً,neutral
772,ضغط النيابة بتحضروا نباطشيات ساعة ازاي ؟ يعنى بتفضلوا فايقين ازاي وبتكونوا مركزين ولا لا ؟ وهل بتختلف بين الباطنات والجراحات ؟,neutral
773,بوت لحجز أرض في أي مشروع سكني يتم طرحه لانه بسبب ضغط الموقع يتعذر الحجز,neutral
774,ضغط نفسي انا ف تالته ثانوي باقي علي امتحاناتي شهر وانا ف ضغط ان انا الوحيد مع امي واخواتي ف تنقل بسبب ابويا الي مطلعش راجل بدون تفاصيل ف انا ف نقله اول مره احس بيها مع اني دايما كنت ثابت بس ده بسبب التغير الي جه فجاه ف مبأتش عارف ازاكر ومراكم كل المنهج وكل مبدا اوحبط واخاف اني مكونش قد مسؤوليه امي واخواتي البنات عايز اعوضهم لانهم اتبهدلو كتير وعارف ان مفيش تعويض زي النجاح والفلوس افسحهم ووكده خايف لما اخلص الاقي مرتبي ٢٠٠٠جنيه عايز اطمن حد يقولي علي شغل او مهاره اتعلمها بسرعه تعدي ال١٠ لما اشتغل ف الكليه حتي لو بهدلتني ١٨ساعه اهم حاجه اطمن علي مستقبلي واخواتي حتي لو هيا البدايه فانا طموح وهزود من نفسي,neutral
"775,""تجربة انك تاكل ف مطعم ف رمضان في ظل الزحمة وال معلش يافندم عندنا ضغط والاردر بتاعك والله نسينا ما نطلعه , الكلام دا عندنا كتير ف محافظة السويس هل موجود فالمحافظات كلها ولا السويس بس اللي مليار نسمة"",neutral"
776,مشرف سابق يكشف خبايا دورة ليليا بلوغين وعود كاذبة، ضغط نفسي، ونجاح أقل من في المئة ياسين، مشرف سابق في مجتمع دورة ليليا بلوغين التي يديرها محمد صفرواي، قرر أخيرًا أن يكشف المستور. في مراجعة صادقة وشاملة، يشارك تجربته الحقيقية داخل الدورة ليس بدافع الانتقام فهو حصل بالفعل على استرداد ماله، بل لأنه يشعر أن من حق الناس معرفة الحقيقة. يتحدث عن أنواع الأشخاص الذين تجذبهم هذه الدورة محترفو الويب الباحثون عن استقرار، مبتدئون بالكامل تم بيعهم حلم النجاح السريع، وطلاب أو موظفون يحاولون التوفيق بين الدورة وحياتهم اليومية. وكلهم يُوعدون بشيء واحد النجاح المؤكد. لكن ياسين يقول إن الحقيقة مختلفة تمامًا. بحسب ما رأى، أقل من فقط يحققون أي نجاح فعلي. القليل الذين ينجحون يتم عرضهم في كل مكان كدليل على أن المنهج ينجح، لكن هؤلاء غالبًا ما يكون لديهم خبرة سابقة، أو يستخدمون أساليب غير نزيهة مثل السبام والتلقائيّات. أما الباقون؟ فيبقون تائهين ومحبطين. يوضح أن المنهجية داخل الدورة معطوبة من الأساس. هي تعتمد في الغالب على إغراق فيسبوك بمنشورات جاهزة الكل ينسخ ويلصق نفس النصوص. وفي النهاية، يلتقط خوارزم فيسبوك النمط ويبدأ في تقليل الوصول، والنتائج تتدهور. بدلًا من تقديم الدعم، يتم إلقاء اللوم دائمًا على الطالب. وإن تجرأت على طرح أي انتقاد، يتم حظرك وردّ أموالك ليس كحل، بل كوسيلة لإسكاتك. والضرر النفسي حقيقي. ياسين يقول إنه رأى أشخاصًا يغرقون في الديون، تتدهور علاقاتهم الأسرية، وفي بعض الحالات، يدخلون في حالة اكتئاب. الدورة لم تضيّع فقط أموالهم بل استنزفتهم نفسيًا وعاطفيًا. في النهاية، يرى ياسين أن هذا المشروع قائم على الأمل الكاذب والتلاعب ببعض قصص النجاح النادرة لجذب ضحايا جدد وإبقائهم في نفس الدوامة. شاهد الفيديو الكامل لتفاصيل أكثر بالأدلة شهادة صادمة من موديراطور سابق في دورة التدوين للصفراوي ليليا بلوغين ..,sadness
777,العمل عن بعد ضروري مرحبا انا عندي ظروف تجبرني انتقل الى مكان اخر للمعيشة و عملي بالبداية كانوا ممكن يخلوني اشتغل عن بعد فجأة قالوا لي ان قانونياً ما يصير .. بعد فترة من ماقالوا لي بلى ممكن ؟ هل في امل القى عمل عن بعد براتب جيد و مايكون .. حالياً اعيش مرحلة صعبة ان لابد ادور بديل و لحد الان مو لاقية شي,neutral
778,هل فيه طريقة اونلاين عمل اقدر من خلالها الحصول على ١٠ الاف جنيه فيما فوق انا كنت شغال مسئول تمويل في شركة قروض و استقلت منها بسبب انها ربا و كدا ، وحاليا بلا عمل وانا متزوج ، وبيجيلي شركات تانية بنفس التخصص بس مش عايز ارجع للشغل دا تانى ، فياريت اللى قدامه طريقة اقدر من خلالها الحصول على ١٠ الاف جنيه ، هكون شاكر جدا ليكم,neutral
779,عمل الرجال في تخصصات النساء وأنا بقلب علي فيـ.س بوك قابلني الصورة دي مع كابشن ليها حق التعليقات كانت منقسمة بين إن المفروض محلات ملابس النساء تكون العاملين فيها من النساء و بين ليه الرجل يعمل في مجال زي ملابس النساء خصوصا لو داخلية وعلي سبيل المثال زي عيادات أمراض النساء و محلا ت مساحيق التجميل وغيرو من متطلبات النساء سؤالي هل تواجد الرجل في محلات أو أماكن خاصة بالنساء ومتعلقاتهن مقبول عند النساء ؟ طب بالنسبة للأزواج ما رؤيتهم الموضوع ده ؟ ولو عمل المرأة في المجالات دي مطلوب دينيا فليه بتظهر دعوات بإهانة المرأة العاملة ؟,neutral
780,مظاهرة من اجل تثمين عمل المرأة في البيت ممكن شي شرح و رؤية كاملة على هاد الموضوع، حيت ايلا كان هاد المطلب موجه للدولة هي لي تخلصهم فرا برافو ليهم على هاد المطلب اما ايلا كان المقصود هو الدولة تحط قانون على الرجال لي ايتزوجو باش يولي يخلصوهم فرا نهار على نهار كانتأكدو انهم عن بصد باغين يضربو منظومة الأسرة و الزواج و يخليو الرجال مترددين فالزواج لي قرار صائب حيت مابقا رابح منو والو من غير صداع الراس,neutral
781,فرصة عمل ازيكم يشباب يارب تكونو بخير في البداية انا معيا فرصة عمل وطبعا ليكم وبجد علي المدي القريب والبعيد هتحقق مبالغ حلوة بالمصري والشغل مفيش اسهل منه والتحويل بيكون بالطريقة للي انت عايزها مع عميل او ليدر محترم الشغل ده ببساطة بيكون انك بتشتغل ضمن فريق عمل علي تطوير الذكاء الاصطناعي باشكاله وبتشتغلوا مع شركات اجنبية الشغل محترم جدا ومجزي وعبارة عن تفريغ صوتيات بكل اللغات وتسجيل صوتيات بكل اللغات وساعات بيكون تقييم محركات بحث وساعات بنشتغل بشات جي بي تي والريت بتاع التاسكات بيكون بالدولار وبيحولولكم الفلوس بالعملة للي انتوا عايزنها وغير كدة قبل كل شغل بينزلكم شرح والناس للي عندها لغة هتبقا متميزة قوي في شغل زي ده انا ليا تجربة واشتغلت مع الليدرز دول حوالي ١٤ تاسك الي الان وحققت حوالي ١٢ الف جنية علي مدار ٤ شهور وطبعا المبلغ ده بحكم اني بدري يعني مش فاضي انتوا تقدرو تعملوا اكتر من ده ١٠٠ مرة وبتشغيل الدماغ بس محتاج ناس صبورة مش ضعيفة اول ما تشوف لغة تطلع تجري الشغل اهبل خالص ملحوظة الشغل ده مش محتاج مهارة خالص هو بس محتاج دماغ واتقان فقط لا غير,neutral
782,افضل قرار فعله ترمب فيزا عمل امريكا تكلفتها ٣٧٥ الف ريال سنوياً، هل تطبق عندنا؟ الان فيزا العمل في امريكا تكلفتها ٣٧٥ الف ريال سنوياً، يعني تقريبا ٣١ الف ريال سعودي شهرياً. عندنا تقريبا نفس النظام رسوم الاقامة لكنها قليلة جداً بالمقارنة فقط ٨٠٠ ريال شهرياً! هل تعتقدوا انه لو طبقوا مبالغ اعلى بحيث تحفز التجار الجشعين على توظيف السعوديين برواتب اعلى و تدريب الخريجين و استغلال الاتمتة و التكنلوجيا لرفع الانتاجية و بالتالي رفع الناتج المحلي و زيادة الدخل الحكومي من الضرائب و بنقضي على البطالة و تسرب الاموال خارج الدولة و الزحمات الغير منطقية، و الجرائم و التخلف المصاحب لبعض الناس و الريحة الخايسة في المترو؟,neutral
783,البعثة المصريه في نيويورك ... عشان بس لو مش فاهم القصه بداءت ازاي و الأمن المصري عمل ايه و مين اللي طلب الشرطه عشان احتجاز طفل عنده ١٥ سنه البعثة المصريه في نيويورك ... عشان بس لو مش فاهم القصه بداءت ازاي و الأمن المصري عمل ايه و مين اللي طلب الشرطه عشان احتجاز طفل عنده ١٥ سنه,neutral
784,سؤال للبنات، هل لو فعلا عيل شمام او بلطجي عمل نوش او عاكسك وانتي مع خطيبك او جوزك هتعوزي الراجل الي معاكي يلم الموضوع ولا يجيب حقق؟ علشان انا غالبا هعوز اخربها بس بس بيبقي فيه خطر كبير علي الي معايا !! ملحظه ده سؤال علشان اعرف تفكير اغلب البنات مش اكتر لاكن انا عارف انا هعمل اية,neutral
785,عالاقل عنده حجه قدام ربنا عمل ايه لفلسطين بقاله تقريبا سنة ونصف وكل شويه يجددوا الحبس ، قولي رايك في حكومتك ؟ حكومتنا كلنا ؟,neutral
786,زميلة عمل تحولت إلى كابوس في أول شهر لي في الدوام كانت فيه زميلة غريبة شوي، من البداية كانت ترمي عليّ كلام وتتصرف بطريقة مو مريحة، وبعد فترة اكتشفت إنها أصلاً منبوذة في المكان ومطرودة وكانت بس تكمل فترة الاشعار. لكن الغريب إنها فجأة تغيّرت وصارت كأنها أطيب إنسانة، وتفضفض لي كل يوم وتشتكي إن كل الناس غلط وهي الوحيدة الصح وبصراحة شوي حسّيت اني عطفت عليها شوي وكنت اسمعها وانصحها أكثر من مرة، مع العلم إنها أكبر مني بأكثر من ١٥ سنة. خلال هالشهر صار لي مواقف كثيرة معها، منهم إنها كانت تقنعني ان الشركة سيئة وعليهم مشاكل قانونية وان كل الناس ينطردون منها، وكل يوم كانت تحن وتزن على راسي عشان استقيل قبل تنتهي فترة التجربة عشان على كلامها ما أتورط معهم. وأتذكر موقف وقتها ما أنساه. كنا بنطلع بريك انا وياها، وجت معنا وحدة من الزميلات، فقامت تصرخ علي وتقول إذا ذي بتجي أنا ماني جايه! أنا وقتها انفجرت من القهر، أولاً لأنّي ما عزمت البنت أصلاً، وثانياً لأن الموقف كان محرج وقلة ذوق وقلتلها قدام الكل، توكلي، إذا مو جايه لا تقعدين تهددين ومن بعدها بدأت أشوف الوجه الحقيقي لها أكثر. مثلا موقف آخر بعد هذا واللي خلاني أنفر منها أكثر، إنها مرة شافتني اتكلم مع زميل عن موضوع يخص العمل وفجاة عطتها وضعية أنها قفطتنا وقالت هااا انا عارفة وش تسوون، وانتي لو ما تتأدبين بوصل الكلام لأهلك! يعني تخيّلوا! تكلمني بهالأسلوب قدام الكل وتتهمني بقلة حيا وهي كانت مسويه نفسها صديقتي! والمشكلة عارفه ان الإشاعات هذي اكيد بتوصل لاهلي بحكم ان نشتغل بنفس الشركة، يعني فعلا حسيت أنها حقيرة وقتها!! المشكلة إنها بعد ما خلصت فترة إشعارها وطلعت من الشركة، صارت تتصل علي يوميًا وتبيني أجلس أتكلم معها من المغرب إلى الليل، وأنا من النوع اللي ما يحب يمسك الجوال كثير أو يطول في السوالف. وفوق هذا، أغلب كلامها سلبي! تتكلم عن الناس اللي في الشركة وكأنها ما زالت تشتغل هناك، وتشوه صورهم قدامي، وأنا بعدين أضطر أجلس ٩ ساعات مع نفس الأشخاص وأنا شايلة كلام عنهم في راسي. فصرت أطنّش شوي، يوم أرد ويوم لا، إلى أن أرسلت لي فقرة طويلة تتهمني فيها إني اخذت مصلحتي وسحبت عليها وبما إن خلاص صار مالي مصلحة صرت ما اتكلم معها. وانا رديت وقلت لها صراحة بالي مشغول هالفترة، ولازم تتعودين إني مو من الناس اللي تتواصل كثير وحتى قبل كذا، قلت لها أكثر من مرة إن جلساتنا تصير سلبية لأنها دايم تتكلم بالناس، بس ما كانت تتقبّل. الآن ما أدري كيف أتعامل معها. حرفيًا نشبت لي نشبة، كرهتني في نفسي من كثر ما تضغط عليّ بطريقتها السامة. انا عارفه ان بعضكم بيقولون لي اني غلطانه لاني عطيتها وجه، بس ترا انا ما اخذت وعطيت معاها ذاك الزود، وثانيا انا توقعتها إنسانة طبيعية طلعت مجنونة وكل كلامها تهديد واتهامات و تبلي على خلق الله وهي كبيرة بالسن مو صغيرة، تخيلوا حتى مره تقول لي لو اضطريت اجي بيتكم عشان تردين علي بجي !!!,neutral
"787,""هو ليه عمل معايا كدا هاي يا جماعه، ده اكونت فيك عشان هو عارف اكونتي الاساس، ياريت محدش ييجي يكلمني دي امز اللي عندو حاجه يقولها هنا انا كنت مع واحد بس كان معظم كلامنا سوشيال ومتقابلناش غير مرتين بس وكانو حلوين اوي وكان جينتل جدا وكل حاجه كان بيكلمني بحب وساعات بنقعد بالساعات بنتكلم ومكنش بيزهق مني وفي حركه عملها معايا لما كان بليل وكنت عايزه اوريلو صور عيب خالص انتو فاهمين وقولتلو اوريك؟ قاللي لا ملهاش لازمه، هنندم بلاش، بجد دي حاجه عمري ما شوفتها مع اي حد قبل كدا بل بلعكس انا اللي اعرفو ان الولاد هما اللي بيقعدو ويلحو بطريقه مستفزه بس ده حرفيا رفض بس للاسف بعد فتره بدأ يتجاهلني اكون باعتالو مش بيرد اقول يمكن مش فاضي مع أنه بيرد عليا في شغله عادي، الاقيه منزل ستوري بعدها بكام ساعه، ابعتلو تاني مش بترد ليه، مردش برضو بعتلو ف كل حته بنتكلم فيها مش بيرد، وهو كان قاللي مترنيش عليا غير لما يكون في حاجه مهمه, قعدت مستنياه شويه اخر ما اتجننت قومت رانه عليه راح قفل بعد اول رنتين، جبت اخري وكنت داخله ازعقله على الواتس لقيته تايبينج، قعد دقيقه بحالها بيكتبلي في ايه قعدت ازعق واقوله انت بتتجاهلني ومش بترد عليا مع انك فاتح وكلام من ده وهو بيقوللي لا مش بتجاهلك انا مشغول شويتين بس واقولو لا انت مش مشغول انت بتتلكك قعدنا على الخناقه الزفت دي حبه حلوين لحد ما قولتلو انت عايز ايه يعني عايزنا ننهي؟ قاللي الموضوع بايدك انتي اللي بداتي، وايوه انا اللي بدات فعلا وممكن ابقى انزل بوست تاني عشان انا مكنتش قايلالو بحبك وخلاص قعدنا برضو نتكلم في الحوار المهبب ده وانت كدا باين انك مش عايزني كنت تقوللي بدل ما تتجاهل رح رد برساله طويله شويه ملخثها انه انا بعمل حاجات كتير بتدايقه ومش هيعرف يقوللي عشان مش هفهم قصده ايه قولتله طب قوللي قاللي لا مش هتفهمي قعدنا بتاع ربع ساعه مش راضي يقوللي اخر ما تعبت والمخده اتغرقت والمناديل قربت تخلص قولتله يعني انت شايف ايه راح برضو زفت قاللي جمله مش عارفه انساها شوفي انتي عايزه ايه اهم حاجه تبقي مبسوطه ومرتاحه، وانا كمان هبقى مبسوط ومرتاح طول ما انتي مبسوطه ومرتاحه، عايزه نكمل معنديش مشكله، مش عايزه معنديش مشكله برضو، انتي اختاري عشان انا بجد مش عارف بس انا مازلت بحبك عموما قال دي من هنا وانا خلاص اتجننت رسمي يعني ايه لسه بحبك انت باين اوي من تصرفاتك اخر فتره انك مش بتحبني، لا وكمان معندكش مشكله لو مش عايزه اكمل؟ مش هتموت عليا زي ما بموت عليك؟ كل ده كلام بقولو لنفسي في الاخر قولتلو خلينا على الاقل صحاب، وهو وافق، طبعا ولا كاننا منعرفش بعض اصلا ولا هو بيبعت حاجه ولا بيبعت ريل ولا اي زفت انا بس عايزه اعرف هو كدا ايه، هو كدا بجد ايه، هو كان بيحبني ولا بيلعب طب ما كان لو بيلعب كان وافق على النودز لو كان بيلعب مكنش خرج معايا ودفع كل حاجه وبرضو لو كان بيحبني مكنش عمل كل اللي في الاخر ده انا بجد مش عارفه مش عارفه حاجه انا خلاص جبت اخري يارب اصحى في يوم الاقيه بيقوللي ازيك حتى اي حاجه مش مهم انا كنت بفضفض بس واللي عندو حاجه يقولو مهتمه اعرف رايكم وياريت بلاش شتيمه فيا او فيه"",neutral"
788,بعد ما متحرش أون زا ران عمل فيديو عن إنه إزاي فيديو التحرش أذاه نفسياً، منة جبران خرجت ببوست توضح إن لسه بيتتبعها على مدى السنين اللي فاتت ده كلام البوست بتاعها متحرش اون زا ران ده الحصل كنت ماشية في الشارع لقيت واحد ماشي ورايا، طلع راسه من الشباك وابتدى يتكلم. أنا تجاهلته كأني مش سامعة حاجة. بدأ يزود في الكلام، رحت بصيت له بصة انا مش مهتمة امشي. كملت ماشي عادي، وبعدها مشيت بسرعة وبدأت أحس بعدم أمان إن في حد بيتابعني. دخلت ولسه هو ورايا، فدخلت سوبر ماركت جنبة استخبة جواه و اتوهه عشان ميعرفش مكاني. بعدين لقيته زحمة وطلعت تاني عشان أروح البيت، لقيته راكن عربيته وواقف مستنيني. ساعتها خفت ، فقمت مصوّراه بالموبايل عشان يبطل مطاردة. مش زاي ما اتقال انا حاولت اتعرف و مشيت و سيبتها لما رفضت!! لا هو مشي بس عشان انا بصور ف عمل فيها قدام الكاميرا جينتل و بيساعدني.. بعدها جاب الاكونت بتاعي بعتلي فويس نوت انو بيشكورني اني صورته و انها احلي ٢٦ ثانية ف حياته و ان الفيديو ساعده انه عمل علاقات و صحاب و انه متأزاش في حاجة. علي مدار ال ٧ سنين مكمل رسايل ٢٠٢٢منه انا محمود سليمان الي انت صورتيه بعد اذنك كلمني عايزك في مصلحه حلوه جدا لو انتي حابه تعملي فلوس وشهره ٢٠٢٣ منه هو مش ده رقم تليفونك انا رقمك معايا من تاني يوم صورتيني فيه الفيديو ومفكرتش اتصل بيكي وببتعلك هنا عشان دماغك متودكيش في اي حته تاني معايا ٢٠٢٣منه هو احنا ممكن نتكلم في بيزنس مربح لينا احنا الاتنين ولا انتي عندك مشكله ألغي الموضوع اصلا منه بعد اذنك احنا محتاجين نتقابل ١٠ دقائق عايز اعرض عليكي فكره بيزنس حلوه في المكان و الوقت انت تختاريه عجبتك خير وبركه معجبتكيش خلاص اعتقد مخصرتيش حاجه الملاحقة تحرش و التخويف و الاصرار علي التعرف وإجبارها علي دخول اماكن للاحتماء و انتظارها في الخارج تحرش ! . .,neutral
789,الطفل المعجزه الي عمل سله زباله اوتوماتيك هو انا الوحيد الي حاسس انه مش مستاهل كل ده ؟ مش غيره ولا حاجه بس ده موديل و اي حد ممكن يعمل السله دي في نص ساعه بس,neutral
790,انا كنت عايز اعمل بانكيك بس طلع معايا عمل سفلي,neutral
791,لو جيت تترجم عمل سعودي، وفي النص مكتوب شايفني حمار عندك؟ كيف تترجمها؟ هل بتكون ترجمتك مثل القسم الأول ثم توضح ان حمار معناها غبي عند العرب؟ والهدف من استعمال الترجمة ذي عشان توضح ان فيه تشبيه مبالغة في السخرية مستعملة في الجملة لان بعض المشاهدين ما يحبون التغيير في المحتوى وطمس التفاصيل. ولا القسم الثاني اللي هي ترجمة بالمعنى لكن الخبير في اللغتين او المهتم بالعمل ويروح يقرا ترجمات بيدري ان التشبيه الساخر ما هو موجود، وذا يُفقد الجملة سبب وجودها,neutral
"792,التقاعد من سنة عمل أون لاين شغال أون لاين من ، وبرتب أسيب الأون لاين تمامًا .. تقاعد من كل ما هو أون لاين .. العمل أون لاين بيحرق صحة وطاقة ونفسية أكتر بكتير من أي عمل تقليدي .. غلطتي إني اتأخرت في التفكير في كيفية التقاعد رغم إني بحوش من الدخل والحمد لله. عمومًا اشترتيت سبايك ذهب لبناتي لزوم جوازاتهم تكفيهم وزيادة الحمد لله .. ولادي بنيت لهم شققهم أفضل ما يمكن في قريتي المتواضعة، وهما لو عاوزين يشقوا طريقهم بره براحتهم المهم عملت اللي عليا تجاههم، وفلوس جوازاتهم سبايك برضو وقت ما يقولوا يا جواز. اشتريت شقتين في مكان كويس مش واو .. لكن مرضي جدا .. أنا الكونسبت عندي إن وطني جوه بيتي .. فلو في كفر ولا نجع لكن بيتي من جوه أفضل تأثيث؛ فهذا يكفيني .. كده كده تحركاتي بعربية، وأي حاجه تخلص ف دقايق ب ج، بدفع ج وأخلصها ف دقيقة لتقليل احتكاكي بالناس .. شقه هنقل ليها بعد جواز الأولاد وأتقاعد فيها، والتانيه هأجرها. حاليا تركيزي على شرا محل وأأجره وزعت فلوسي على أكتر من بنك ما باخدش منهم فوائد إلا واحد اطمأن قلبي ليه من الناحية الشرعية وعملت شهادات اعذروني مش هقدر أسميه .. ابحث بنفسك؛ دي جنه ونار وممكن أطلع غلط وأشيل شيلة غيري. جو البورصة والكريبتو حرق الأعصاب ده ماليش فيه .. ج براحة بال أحسن عندي من بتعب الأعصاب. أول ما ألاقي المحل وأبدأ أحصل ايجار أرباح الشهادات .. هتقاعد بإذن الله أنا شخص راضي .. مابجريش ورا تعظيم الموارد أكتر من تحصيل ما يجعل حياتي كريمة. فما الرأي؟ وخاصة لمن في نفس وضعي .. في منتصف الأربعينات، ولديّ أولاد على وشك الزواج.,neutral"
793,البنات اتهورت وكلو عمل فيس ريفيل,neutral
794,بغض النظر عن كرهنا ليه بس هو عمل إنجاز وحاجه بجد مش اي حد يقدر يعمله يكفي انه انقذ مليون شخص من الإبادة ومش دخلنا حرب مع الشراميط,neutral
795,غداء عمل مع الزميلات مقدمة هلا وسهلا جميعاً هذي اول مره اكتب بوست في ريديت وكنت متابع السب هذا لفترة وماكنت اتوقع ابكتب شيء فيه، لكن صار لي موقف غريب والحقيقة مستغرب منه خلفية انا حديث تخرج واعمل في احدا الشركات العالمية في الرياض ففيه موظفين من الشتى الدول واللهم لك الحمد الوظيفة جداً ممتازة ومعجبتني لولا انها مرات تاخذ كل يومك، صار لي سنة معهم فعرفت نظامهم واسلوبهم. وكأي بيئة عمل فيه جانب نسائي ومن ابسط حقوقهم ذا الشيء، لكن انا ما احب انخرط معهم كثير كلمة ورد غطاه فماشي بحال سبيلي واحتكاكي معهم قليل المشكلة في أحد الأيام الاسبوع الماضي، طلبت مني وحده من الأخوات كأنها بمنصب مديري اني اسعادها بشغله معينه وكان معنا ايضاً اخت اخرى كلنا سعوديين فكان الفريق عبارة عن الأختين وانا معهم، اشتغلنا طول اليوم على ذيك الشغلة وكانت معجبه بالشغل اللي سويناه وشكرتنا الغريب انه أصرّت من ضمن شكرها انها تعزمنا على غداء برا المكتب يوم الخميس، انا للأمانة ما قد رحت اتغدى مع بنات في الدوام، ناهيك على اني لحالي معاهن حاولت اني اتملّص واعبّر عن امتناني وانه ما يحتاج كوننا ما سوينا شيء واجد، فكنت متوقع انها تقولها لكن ما تعنيها حقيقة زي اذا قلت لواحد اقلط وقلط جاء الخميس الموعود وانا متوقع الى تلك اللحظه انها ما كانت جادّه، تفاجئت انها جت وقالت يالله مشينا للمطعم! لحسن الحظ ان الشباب كانوا طالبين غداء لكل المكتب فقلت لها انه فيه غداء ولعلها المره الجايه، تفهمت الموضوع وراحت شوي الا القى دعوه في الايميل لغداء الاسبوع الجاي انا وهي والأخت الثانية الي معنا في الفريق انا شاكر ومقدّر للكرم والطيبه الي قاعده تعطينا اياه لكن الفكره من اساسها غلط وغير مريحه السؤال هل صار لكم شيء مشابه؟ كيف تعاملتوا معه؟ هل ذا الشيء صار طبيعي ببيئات العمل؟ هل ارفض ولا اقبل وامشي الليلة؟ طيب لو ابرفض، كيف اقدر اني ارفض بدون ما احرجها او اجرحها؟ هل لو رفضت ممكن ذا يأثر بشكل سلبي علي؟ الخاتمة نعتذر عن طول المنشور ولكن الموضوع سبب لي حيره في الأيام الماضية شكراً لكم على حسن القراءة وننتظر تعليقاتكم,neutral
796,ايه الرأي الي عمل وشك كدا؟,neutral
797,صور قطط الشارع. ردًا على الشخص اللي عمل بوست امبارح. بموت فيهم!! عندكم ١٥ صورة ل ١٥ قطة مختلفة في حتت متفرقة في محافظتي القاهرة و الجيزة. ٤ و ٥ مش نفس القطة بالمناسبة,neutral
798,عمل فني صممته للعبة بستنة لا تزال قيد التطوير. ما رأيكم؟,neutral
799,عمل المرأة بين الرفاهية و الضـرورة من زمان و أنا بسأل تفسي هل شغل البنت شيء أساسي في حياتها، ولا مجرد مرحلة مؤقتة؟ و الحقيقة لما كنت بعمل بحث في الموضوع دا بجد إن الآراء متباينة جدًا، و من هُنا وجدت إن البنات اللي بيكملوا في الشغل لسنين طويلة مش كتير. وفي الغالب، فيه أنماط متكررة بتخلي البنت تشتغل أو تسيب الشغل بعد فترة. خلوني أشارك معاكم الحالات اللي بشوفها أكتر حاجة في الواقع نادراً ما تلاقي بنت بتدي أداء عالي في شغلها وترضى بمرتب قليل، إلا في حالات معينة ١ بنت داخلة الشغل علشان تقتل ملل البيت، ودي غالبًا بتدور على تسلية مش على كارير ، ومش هتلاقيها في مواقع مهمة إلا نادر جدًا. ٢ بنت معندهاش مصدر دخل ومضطرة تشتغل لأي سبب يخصها، ودي حتى لو بتدي كواليتي كويس، أول ما تلاقي فرصة أفضل هتسيب الشغل. ٣ بنت قدراتها محدودة أو مش بتحب التغيير، فبتمسك أي شغل ثابت حتى لو المرتب بسيط، وتفضل مستمرة فيه بروتينية من غير ما تطور نفسها. ٤ في بنات بيشتغلوا بدافع اجتماعي، سواء عشان فرصة للتعرف على شريك مناسب في محيط الشغل ، أو عشان يظهروا بصورة معينة قدام المجتمع. وفي كل الأحوال، من الأربع نماذج دول، مش هتلاقي غير حوالي ٢٠٪ بس اللي بيكملوا تحت قيد العمل حتى لو غيروا مكانهم، لكن الغالبية بعد من ٢ لـ ٥ سنين بيختاروا يقعدوا في البيت . كنت كتبت الكلام دا في بوست سريع من فترة ، لكن دلوقتي حبيت أفتحه للنقاش بشكل أوسع هل فعلاً شغل البنت ضرورة أساسية، ولا مجرد مرحلة مؤقتة؟,neutral
800,مش كتير فاكرين الماتش ده بس نيمار ساعتها عمل كل شئ فالكوره بنسبالي من اعظم الاداءات الفرديه الي شوفتها,neutral
801,اخويا عمل مصيبة و ضيعنا كلنا بغباءة لو حد فيكم فاكر نصيابة الرمال البيضاء و هوججبول و النصابين اللي بيكلموك علي تلجرام و العبط دا حاجة معروفة فشخ انها عبط ونصب بس اخويا الكبير ذا ال سنة كان لية راي تاني الولية النصابة كلمتة علي تلجرام و قالتلة شغل و كدا و اعمل مهمات ونديك فلوس و هو تمام و صدق كل حاجة و عمل المهمات و هوب بعد كام مهمة بعتتلة الف جنية طبعا اخويا عينة طلعت قلوب و زي العبيط قال فلوس ببلاش و النصابين قالولو لو عايز تكمل تدفع و فلوس تجر فلوس اخويا دفعالف و طبعا معوش فلوس اصلا لانة سايب الشغل من شهرين ف جاب الفلوس منين اخويا عارف عنة انه لو بيموت من الجوع مبيمدش ايدة علي فلوس مش بتاعتة ولا بيستلف من حد بس هو من كتر الثقة فيهم ولانه غلبان و ميعرفش كتير خد كل فلوس قبض ابويا و خد الفلوس بتاعت الطيارة اللي جدو رايح يحج كمان اسبوع و استلف من ناس برا و كل دا علي ثقة علي انه هيرجعلهم الفلوس علطول و كمان النصابين بيقولولو انه يبعت الف كمان عشان ياخد فلوسة بعد الزيادة الف و هو طبعا معوش فلوس تاني من اي مصدر يدفع و خد كل الفلوس اللي ف الشقة و المصيبة انه مقالش لاي حد خالص علي الحوار دة و امةبس كانت عارفة انه استلف منها الف و لقيتة قاعد يعيط انه مش عارف يجيب التلاتين الف الباقي عشان يسحب الفلوس امي قالتلة ف داهية اي حاجة و طظ ف ال الف عادي تعيش و تجيب غيرهم بس اول ما قالها انه صفي كل فلوس البيت و الاحتياطي و فلوس حج جدو و فلوس من ناس برا امي مصدقتش نفسها ونا لحد دلوقتي مكنتش اعرف اي حاجة لحد ما نادتني و قالتلي الحق اخوك عمل اية اخويا لحد اللحظة فاكر ان الفلوس هترجع و اول ما اقنعتة ان دا نصب و مفيش جنية رتجع حط ايدة علي قلبة كدا و قعد يقول اه.....اه.....اه و طب ساكت علي السرير امي تصوت و انا افوقة و طلبنا اسعاف و كان ليلة سودة علي دماغنا كلنا اغمي علية و قعد يتشنج بس دلوقتي هوا فاق بس مش قادر يفتح بقة دلوقتي انا عارف انه ابتلاء من ربنا و انها مصيبة بس مش عارف اعمل اي دلوقتي ولا اللي ممكن اعملة و هتجنن خلاص و ابويا هوا كمان شايل جوا نفسة لحد ما يموت ونا كدا ابويا و اخويا لو راحو انا اللي هبقي في الواجهة و هشيل الليلة انا مش هارف اعمل اية,neutral
802,عمل الي باند وانا اصلا ما عمري نشرت هناك ولا مفكرة انشر هههههه بس لاني حكيت لحدا هون انه صب جوردينين احسن صب ضحكت يعني غيره و هيك المود الشخصوني اسفين إذا جرحنا مشاعرك,joy
803,طبعا دا عمل فردي و مش إرهاب، و جريمة قتل مش تطرف,neutral
804,تم عمل داون فوت لكل التعليقات علشان الكارما شيء المفروض ميتشحتش لازم تستحقه علشان اعملك اب فوت بوظتو ريديت ربنا يسامحكو,neutral
805,سعوديين مؤهلين بلا عمل لاحظت مؤخرًا ان الفرق بين سوق العمل في السعودية وأمريكا مثير للاهتمام في السعودية فيه نسبة كبيرة من المواطنين عندهم مهارات عالية في مجالات مثل التقنية، الإدارة، والهندسة، لكن كثير منهم ما يلقى وظيفة مناسبة له، اما بسبب قلة الفرص أو لأن الشركات تفضل توظيف أجانب برواتب أقل، أو لأن السوق نفسه ما توسع بما فيه الكفاية. أما في أمريكا الوضع غالبا العكس كثير من الناس يشتغلون بوظائف تتطلب مهارات عالية لكن السوق مليان بأشخاص مهاراتهم متوسطة أو متدنية وهذا يخلق فجوة ثانية بس من جهة مختلفة و جهة مناقضة تماما عننا. فحبيت أطرح سؤال هل احنا في السعودية فعلا نواجه فجوة من نوع مختلف؟ سوق فيه كفاءات، بس ما فيه وظائف تناسبهم؟وإذا صح مين المسؤول؟ الدولة، القطاع الخاص، ولا طريقة تأهيل الناس؟,neutral
806,مطالبة بتمديد ساعات عمل مكتبة الكويت الوطنية و جعلها متاحة ٢٤٧ للدراسة و القراءة مو معقولة صرح ثقافي جبار و مرتب و غني بالموارد الثقافية يكون مفتوح و متاح اقل من٣٠ ساعة بالاسبوع ! المكان ممتاز للدراسة و القراءة و مثالي للطلاب لكن ساعات العمل المحدودة تخليه بدون فائدة، چنه بس متحف. شرايكم؟,neutral
807,رابع يوم عمل وتأخرت! للأسف راحت علي نومه، اليوم رابع يوم لي بوظيفة جديدة والدوام يبدا ٩ وما حضرت الا ١٢، اكتشفت اني ما حطيت المنبه. لقيت رسالة من مديرتي المباشرة تقول لي فيها بطريقة غير مباشرة فيه شغل ينتظرك، ارسلت لها ان حصل لي ظرف واني جايه بالطريق. ما قالت شي لما جيت، لكن افكر اني واعلمها عن سبب تأخيري عشان ما تحسب اني لعابه. ملاحظة لسه ما وقعت عقد ولا عندي بصمة والاتش ار في اجازة. لو كنت مدير، تفضل اني اقول لك السبب؟,neutral
808,بخصوص بيئة عمل أرامكو.. أمس أو قبله شفت بوست لأخ تكلم عن تجربته في الشركة، وأظنه كان موظف اتش ار جامعي، يعني أفهم أنه توظف على قريد ١١ سينيَر. حاب أقول للأخ أن بعدك ما شفت شيء. إذا تعتبر بيئة أرامكو في المكاتب توكسيك، فهي توكسيك من نوع آخر في المعامل. أتكلم عن تجربتي كموظف قريد ٧ جونيور.. الشركة هذه قائمة على الاستبداد واستعباد أصحاب المراتب الدنيا والمقاولين الكونتراكترز، ما كنت أعرف وش معنى قهر الرجال اللي كان يتعوّذ منه الرسول إلا لمن توظفت في هالشركة. طبعًا القسم اللي توظفت فيه هو قسم المستبدّين اللي يعاملون المقاولين كعبيد، واللي فوقنا يعاملوننا كعبيد والدنيا ماشية كذا. بروباغندا الشركة الوردية عن السواعد السعودية والاستدامة سيستاينبلتي كلها تتبدد لمن تشتغل في المعامل وتشوف معاملة أرامكو اللإنسانية لجزء من الموظفين ولعموم المقاولين. حقين المكاتب ما يعرفون حجم البؤس اللي يعيشه الأجانب خاصةً الآسيويين في فرّامة الإنتاج الأب ستريم. الشركة معظمها ناس للأسف ورثت الأخلاق السيئة وسوء التعامل من الأجيال اللي قبل بالشركة، وفيهم تعالم وتعاظم فظيع، يظنون أنهم أعرف الناس وهم أدجّهم. لا شك فيه ناس طيبين، ولا فيه مكان يخلو من الطيبين شرواكم إن شاء الله، لكن أرامكو؟ توو توكسيك والمنشور ما يكفي الله يرزقنا واياكم من واسع فضله، ونصيحتي للجميع.. ميزة أرامكو هي التأمين الطبي وبدل السكن وبرنامج تملّك البيوت.. عدا ذلك فهي كيان رأسمالي بيروقراطي لا إسلامي لا إنساني قذر، إلا من رحم الله الشركة فيها خير وفيها ناس يشتغلون وطيبين لكنهم قليليييين وهم اللي شايلين الشركة، الباقين حرفيًا تكملة عدد. نصيحة، إذا أنت صاحبة معيار شرعي وحلال وحرام وصاحبة ضمير ومبادئ وقِيم وعندك بديل عن أرامكو ولو أقل من مميزاتها بشوي.. فانحش وشكرًا,neutral
809,هو نجيب محفوظ عمل إيه خلى جماعة الاخوان المسلمين عايزة تقتله، يوسف ادريس معملهوش؟ حاليا بقرا قصص قصيرة ليوسف ادريس و مستوقفني الجراءة ف التجديف الديني الجراءة ف العلاقات الجنسية بين القرايب و الارحام أحيانا حتى الدفاع عن الخيانة الزوجية أسلوبه حلو جدا و منطق مفهموم بس جرئ و رغم كده مسمعتش عن محاولة اغتياله رغم إن واحد زي نجيب محفوظ حاولوا يقتلوه هل الفكرة شهرة نجيب ؟,neutral
810,تجربة اول سنة عمل بعد مرور سنة من تخرجي، دخولي سوق العمل وتغيير جهة عملي اكثر من مرة وصولا الى جهة عمل ممتازة، حبيت اشارككم نصائح فيها خلاصة تجربتي البسيطة. لعلها تفيد حديثي التخرج والجديدين على سوق العمل مديرك موب زي دكتور الجامعة، لاتكثر أسألة بيسك وتعتقد انه لازم يجاوب عليها. الأسإلة هذي وجهها لزملاء العمل الي حواليك كيف انسق اجتماع، كيف ارسل ايميل، كيف استاذن، الساعات المرنة، الخ. مديرك شخص مشغول وفيه امور كثيرة تشغل باله، لاتصير وجع راس. في نفس الوقت، هو عارف انك حديث تخرج، فعادي تساله اكثر من الباقين بخصوص التاسكات الي يعطيك، مع الوقت بتكسب خبرة وبتقل الأسالة. اذا مديرك عطاك تاسك، تاكد ان اسالتك تساعدك في فهم التاسك لمين بنقدم البريزنتيشن، ليه نضيف الداتا هذي، لمين بنقدم العرض، وش الفكرة الي نبغى نوصلها، موب بس كيف تخلصها كم سلايد، وش الداتا الي نضيفها، متى لازم نسلمها. ورّ مديرك انك مهتم بمجالات عمل ادارتك وتبي تكون عضو فعال، بالاضافة الى انك لو فهمت التاسك بتعرف تخلصه بالشكل الممتاز، وبتقدر تبدع من عندك اشياء وتتميز. بعد ماتفهم التاسك وتبدا شغل، حاول قدر الامكان ماترجع لمديرك الا والشغل جاهز، اسال زملاءك وخلهم يساعدونك، واذا اكتمل الشغل رح لمديرك. ولاتنسى تذكر له ان فلان ساعدك. كل فترة اطلب من مديرك فيدباك، وش الاشياء الكويسة الي سويتها ووش الاشياء الي تحتاج تشتغل عليها، بس اذا حسيته مايفضل يجلس معك ويسوي سشن لانشغاله، ابدا اساله بعد ماتخلص شغله معينه عن الفيدباك في لحظتها هل كان كويس اني كلمت فلان عشان أستفسر؟ هل كان افضل لو عطيتهم الملفات يراجعونها؟ وهو بيعطيك فيدباك. بحكم انك جديد على بيئة العمل وسوق العمل، انت ماتفهم ليش الامور تمشي بهالشكل، وغالبية الافكار الي بتجيك عشان تطور بيئة عملك بتكتشف ان مالها داعي وان الموضوع أعقد من كذا. لذلك حاول في بداياتك تسمع وتتعلم اكثر مما تتكلم وتقترح، واذا جا فبالك اقتراح اطرحه على زملاؤك اول وناقشه معهم، اذا شفت انه مناسب ممكن تطرحه على مديرك. أسوا شي ممكن يصير في أول سنة لك هو انك ماتشتغل. فيه احتمالية جيدة انك بتجلس فترات طويلة بدون اي تاسكات، موب لانك شخص سيء، بس لان فريقك يمر بفترات يكون الضغط فيها عالي ويحتاجون ينجزون. لازم ماتقعد على جوالك، سجل لك في دورات احترافية زي كابم وبي ام بي وسكس سيقما او شي يخص تخصصك، رتب ملفات الادارة، شف لك مبادرة تشتغل عليها او مؤتمر تحضره، واذا مر اكثر من ايام ابدا انشب لادارتك وبين لهم انك متحمس تشتغل معهم. يمديك تسالهم وقت الغداء عن الشغل الحالي ثم اعرض خدماتك عليهم، لو تسوي شي بسيط. اذا جلست اكثر من اسبوع وحسيت الكل ساحب عليك اعرف ان فيه شي غلط، اما انهم جايبينك سعودة او ان فيه ملاحظة عليك. حاول انك تكون احترافي واجلس مع مديرك واشرح له مخاوفك. اذا قعدت على جوالك بتحس اليوم كانه اسبوع وبيجيك شعور نفسي سيء. هدفك في أول سنة انك توري مديرك انك قابل للتعلم، متحمس للانجاز، وتهمك مصلحة الادارة. سولف مع زملاءك عن تجاربهم متى بديت هنا، كيف كانت الادارة يوم جيت، وش رايك في شغل الادارة حاليا، وش الدورات الي تنصح فيها، الخ. بتلقى في اجوبتهم اشياء كثيرة مشابهه للي تمر فيه والي بتمر فيه، حلو انك تكون مستعد لها مسبقا. في كل بيئة عمل بتجد شخص حانق على جهة عملك كاره لها يعتقد ان كل شيء فيها يعمل بالشكل الخاطئ وان اي جهة في الكوكب افضل منها. لاتسمع لهم، غالبية الناس هذي مرت بمشاكل مع اداراتها او تمر بمشاكل شخصية، غالبية كلامهم غير صحيح، ركز على نفسك وانساهم.. في اول وظيفة لك خل مجال العمل والجهة ركائز اساسية واهتم فيها اكثر من الراتب بالذات اذا كنت غير متزوج، ما اقول ارضى ب في الشهر، بس اذا كان حول متوسط الرواتب وفي مجال وجهة ممتازة رح لها. تعلم واستخدم تشات جي بي تي واحلبه في عملك، هذا نعمة وميزة اذا صرت كويس فيه فانت بتهكر السستم وبتكون فعاليتك في بعض التاسكات اعلى من زملاءك اصحاب الخبرة الي مايستخدمونه. بس تاكد انه مسموح فيه وان الي تكتبه له موب سري. واحد من الشباب عندنا سوى حركة رهيبة، كل خميس نطلب قهوة وحلا كفريق ونسولف مع المدير في مختلف المواضيع، منها مهنية ومنها حياتية ومنها ضحك وسوالف. ما ابالغ لو اقول ان هذي العادة لحالها كانت كفيلة باني اعرف زملائي وامون عليهم. جرب في يوم خميس تقول لزملاءك عازمكم على قهوة واطلب من التطبيقات، واذا وصلت كلم مديرك وقله عازمينك على قهوة نبي منك دقايق. اذا ماكان مشغول بيتكي معكم، واذا شفتها ناجحة قل وش رايكم نعيدها الاسبوع الجاي. بتتعود على الدوام، والقومة بدري، والالتزام. وبتصير الاسابيع تمر بسرعة. اصبر على نفسك، ولاتحكم على الدوام من اول شهرين. فالبداية الاشياء البسيطة بتاخذ منك جهد وتصير متعبة، مع الوقت بتصير اغلب الاشياء بسيطة وسهله. عطوني رايكم في النقاط هذي، سواء كنت تتفق او تختلف وعلمنا ليش، واذا عندكم نقاط اضافية افيدونا,joy
811,حرام عليكو دة كان اسمها امريكا الصغرى و بصوا الاسلام عمل فيها ايه,neutral
812,رد على دعوة عشاء عمل اول مره بروح عشا عمل ومديري ارسل هذي الرسالة ابغى رد بروفشنل شوي بدال ما اسال شات جي بي تي سالتكم حسيتها ما تنقص من الاورا كثير الاخوة والاخوات الافاضل فريق العمل الموقرين تتشرف الادارة التنفيذية دعوتكم للقاء بأمسية ندية لتكريم فريق العمل وتناول وجبة العشاء ل نجاح مشاركتي معرض. ومؤتمر .. بجداره نظير الجهود المباركة وذلك مساء يوم الجمعة العشاء بمناسبة جهودنا اللي بذلناها لان الشهر هذا كان ضغططط,neutral
813,الستات المصريات اللى تعرضوا للتحرش لما تم سؤالهم عن أسباب التحرش كان ردهم إن من الأسباب الرئيسية البورنوجرافى و غياب الوازع الدينى و عدم الإلتزام بالمظهر الشرعى. و لما إتسألوا عن الحلول قالوا تغليظ العقوبات و توفير فرص عمل و فرض رقابة على الميديا.,neutral
814,شكون الانسان اللي ماتسامحوش في حياتك ؟وشنوا عمل معاك؟ برشا عباد يغلطوا في حق عباد منهم اللي يفيق بغلطتو يندم ويطلب السماح ومنهم اللي عايش حياتو لاكان ولاصار وانتي شكون الانسان اللي ماتسامحوش لادنيا ولآخرة وشنوا عمل معاك بش ماتغفرلوش,neutral
815,حل نهائي لإستقبال التحويلات من الخارج سواء باي بال، منصة عمل حر او شركتك السلام عليكم، انا مؤسس اللي بدأت من هنا وهدفنا الأساسي تحسين حياتنا كفري لانسرز سواء في اننا ندفع و نشتري حاجه من بره او نستقبل فلوسنا من بره. كاردي الحمد لله في خلال شهر او أقل هتطلق الخدمة الجديدة وهي الحسابات البنكية الامريكية والاوروبية. تقدروا تستقبلوا تحويل من اي حد عن طريق ال لحسابك البنكي الامريكي او عن طريق لحسابك الأوروبي. دي بعض مميزات الحساب مفيش حد ادني او اقصى للإستقبال او الإرسال او السحب على مصر هيكون متاح السحب الفوري للجنية، السحب في نفس اليوم للدولار سواء على حسابات بنكية او محافظ الكترونية تقدروا تحولوا على الكارت الخاص بكاردي من الحساب ده مباشرة من غير اي رسوم وطبعا تشتروا به اونلاين. متاح اصدار وتقديمها لأي جهة بتطلبها تقدر تحول لأي حساب بنكي في امريكا بال واي حساب بنكي عموما قد يكون مفيد لو حد بيدفع مصاريف جامعة او لمنصات الإستثمار بيتربط ببايبال كوسيلة سحب، سواء بشكل يدوي في اي يوم من الشهر او كوسيلة سحب تلقائية اخر كل شهر. تقدر تربطه بأي منصة عمل حر بتدعم السحب على حساب امريكي زي الرسوم واضحة ومفيهاش اي تعقيد مرة واحدة رسوم فتح الحساب . على اي عملية استقبال. . على اي عملية سحب . للإيداع في الكارت الخاص بكاردي بدل ال . مفيش اي رسوم شهرية او سنوية. التسجيل في ال هيكون متاح خلال ايام ان شاء الله حابب اسمع منكم اي تعليق سواء سلبي او ايجابي، واذا فيه مميزات معينة حابين نضيفها او تغييرات لو حد محتاج الخدمة بشكل ضروري نقدر نساعده قبل الإصدار الرسمي,neutral
"816,""حد استثمر في الكريبتو و عمل ربح كويس قبل كدا ؟ السؤال هو العنوان, و ايه العملات الي حطيت فلوسك فيها و بناءاً علي ايه ؟ شاركونا علشان كنت حاطط من اربع شهور مبلغ في و خوفت و طلعت كان ب دلوقتي عدت"",anxiety"
817,الحمدلله يا رب ... بلبن عمل إشي طبيعي اللي بحب الشوكولاته راح يحبها أول مرة بلبن بعمل إشي طبيعي كيكة شوكولاته عادي كثير زاكية صراحة ، حلوة شوي بس مع قهوة راح تكون ممتازة ونصيحة جيبوا الحجم الصغير عشان قطعة صغيرة كافية جدا وتعطيك مرتبة,neutral
818,يبني ما لو يعرف يعمل حاجة كان عمل من بدري كسم الضحك يعني بقالكوا فوق ال٥٠ سنة بتدعوا ومحصلش حاجة ايه اللي اختلف دلوقتي,joy
819,نازل مقابلة عمل كدا فورمال ولا كرافته احسن بسرعه ارجوكم,neutral
820,ليه عمل معايا كده في ولد معايا في الكليه احنا عارفين بعض من سنه اولي بس كان كلامنا عادي بس كان بيفتح كلام بس انا مكنتش بديله وش اوي رغم انه كان عاجبني اوي وعاحبني شخصيته بس مكنتش ببين كان بيبعتلي في عيد ميلادي برضو كان في عمره لقيته بيقولي انا دعيلتك وانا هناك وانا برضو برد ب زوق وحدود المهم جينا قربنا في سنه تانيه شويه كنت بطلب منه حاجات وبقينا سوا في كذا بروجيكت ف حصل بينا كلام اكتر هو كان لطيييف اوي معايا انا كنت شويه مش اوفر يعني بس انا كان عاجبني اوويييي ومكنتش عايزه ابين ف كنت بخلي اسلوبي وحش عشان ميحسش بدا يقولي نضيف بعض سناب و تيك توك ونستريك ونعمل سكور وانا وافقت وعادي كان بقي بيحكيلي كل حاجه ننزل الجامعه عنينا علي بعض انا كنت حباه اوي ولما اتكلمت معاه حبيت شخصيته اكتر هو كان اسلوبه لطيف معايا اوييي وكان بيحكيلي كل حاجه عنه واسراره لما كان بيتخانق مع اهله او اهله عندهم مشكله كان ييجي يقولي ويفتح معايا كلام ويحكيلي انا كنت حابه صداقتنا اوي وهو كان جدع معايا ك زميل برضو وانا برضو اعمل معاه ريسرش هو يبعتلي ورق كورس مثلا كده انا حتي عمري م حبيت الكوره بدات اهتم بيها عشانه وبقيت مهتمه بيها جدا وبحب برشلونه زيه مكنتش ببين اعجابي في كلامنا بس كنت بعمل حاجات تبين ده المهم بدا يبعد في اخر الترم التاني وانا لاحظت بس مكنتش بعلق مكنتش عايزه ابين اني ملاحظه بس بدات اخلي اسلوبي معاها اكتر حسيت اني عايزه احط حدود هو كان مدايق من اسلوبي بس انا برضو مدايقه من تغيره معايا حتي مبقاش مهتم ب الستريك زي م كان عايز نعمل في الاول المهم حصل خناقه بينا وقالي كلام وحش اوييي بجد قال اني بعامله ب اسلوب وحش وقالي انتي بتبضنيني كل لما اجي اتكلم معاكي وانا دايما بحب انصحه لان مكنتش عابزاه يغير شخصيته لانها كانت مختلفه ف قالي في وسط الخناقه انتي بتدخلي في حياتي بناءا علي ايه انتي فاكره نفسك ايه و كلام كتيرر كان وحش وكل حاجه كانت عجباه في انا بقيت فجاءه مش عجباه وبقي بينتقد اسلوبي معان هو كان دايما يضحك علي طريقتي وكان بيجي يحكيلي هو مشاكله انا عمري م ادخلت خلاني بدخل وبتحشر وبيقول انت فاكره نفسك امي انا انهرت اوي لدرجه اني صدقت انه صح وقولت انا اسفه وكده وانا برضو عاتبته في حاجات بس برضو هو كان شايف اني غلطانه اكتر كل الي قاله لو عايزه نخلي علاقتنا علي قد واتساب بس تمام وقتها حسيت انه عايز يقطع فعلا انا مخدتش بالي من كل ده غير بعد الخناقه ب كام يوم لاني في الاول كنت حاسه بالذنب وان انا المخطئه فعلا لما هديت خدت بالي بعدنا خالص كنا بنتكلم بس بسيط اوي وهو كان اسلوبه رخم ف مجرد مخلصنا الامتحانات بطلنا كلام مكلمنيش بقاله تلت شهور انا قولت هنسطحها ك زمايل عادي ف هنتعامل زي زمان ف قولت فاكس رغم اني كنت زعلانه اوي لاني انا عملت ايه ل كل ده وصعبت علي نفسي اوي كلامه كان جارح ووحش اوييي لما جه عيد ميلادي استنيت انه يرد علي استوري يقول كل سنه وانتي طيبه لا بعت ولا اهتم ولا كاني موجوده انا مش عارفه ليه بيعمل كده انا بعترف ان اسلوبي كان معاها فعلا الفتره الاخيره بس اوردي اعتذرتلك ليه بيعمل كده ولا كانه شايفني انا مستغربه اوي بجد لاني كنت بحترم شخصيته حاسه ان مش ده الي عرفته وكلمته كان لطيف اوي انا حتي مش قادره انساه اول مره كان ولد يعجبني كده كانت شخصيته حلو اوي بالنسبالي بي جرحني اول قد م انا مدايقه لانه بعد عني قد م برضى مجروحه من جوايا من الكلام الي قال لي,joy
821,مع ام ضدد عمل المرأه انا ضدد احب اسمع ارائكم,neutral
822,تابعت عمل ما توقعت بتابعه و اعجبني انمي من نزل الموسم الاول و شفت عليه اقبال كبير و اغلبه كان نقد صراحه و انا كنت من الناقدين للانمي لان اللقطات الي انشهرت له اغلبها مخله و كان مستحيل اتابعه و اختفى الانمي من بالي و قبل كم يوم قررت اتابع شي خفيف جدا و بسيط و شفت لقطه للشخصية الرئيسه مارينو كانت لطيفه و شخصيتها رهيبه فا تابعته و انهتيه بجسلستين الموسم الاول و الثاني و الانمي جدا اعجبني لكن خربوه و دمروه بشكل فضيع بالفات سيرفس حرفيا يحطونه على اي شي و بدون سبب يعني الانمي كان لطيف و البطل كويس و البطله رهيبه و الشخصيات الجانبيه جيده و القصه ممتعه نوعا ما المهم ان شخصية مارين عيبها الوحيد انها شخصية صممت للذكور و عارف ان بيجي واحد ينعتني بالويب مع صوره ذيك لكن الي تابع الانمي بيفهم وش قصدي,neutral
823,ماذا استفاد المجتمع من عمل المرأة؟ ما أتكلم عن الفائدة الشخصية أو التي تعود على المرأة ذاتها او الفتاة نفسها.. تستفيد والله يبارك لها، انا أتكلم عن المجتمع ما المردود الراجع للمجتمع من عملها ؟ حين نعلم انه ليس مطلوب منها أي شيء مادي او مالي..,neutral
824,كي نكون خارج في مهمة عمل، هل يحوسو على الخدمة الوطنية السلام دك انا خارج لإيطاليا بإذن الله في مهمة عمل تاع أيام تقريبا، وبالنسبة للخدمة الوطنية مزال مابعثوليش الاستدعاء الأول. يحوسو عليا ؟ يعني يطلبو بطاقة ولا تأجيل؟ ونظن الفترة تاع أيام راح تكون في نهاية سبتمبر يعني من المؤكد يكونو بعثو الإستدعاء الأول بحلول هذاك الوقت... واش معناتها مانقدرش نخرج برك ؟ ولا من المطار يبعثوني ؟ هذه من ناحية، من ناحية أخرى حبيت نعرف حاجة، دك الشركة راهي باعثتني في وفد صغير لإجراء مفاوضة. المشكل انو باش نطلب فيزا لازم حساب بنكي فيه . هل ممكن نفتح حساب ؟ يعني عادي قانونيا ؟ وهل لازم المبلغ يكون فيه ؟ صراحة شيء غريب انو كل واحد لازم يكون في حسابو المبلغ هذا بالرغم من انو الشركة تتحمل كل شيء. يعني هل اذا ماوفرتش المبلغ وإذا كان إلزامي نقدر نقول للشركة تعمرلي الحساب قيس مانخرج ونولي نردهم ولا كيفاش ؟,neutral
825,عمل حركة مش فهماها كنا قاعدين سوا و بعدين مسك ايدي و قعد يقشر المناكير و لغاية دلوقت مش فاهمه هو شاله ليه مرضاش يقولي.,neutral
826,في سوق عمل الـ اسألوني عن اي شيء في بالكم في سوق الـ الحمدلله خبرتي مو بطاله في السوق وودي افيد اكبر عدد ممكن يفهمون السوق و الخبرات الي عندهم يطورون منها عشان يقدرون ينافسون ويواكبون السوق,neutral
827,عطني عمل فني انمي او مسلسل او فيلم او لعبة تحس انك الوحيد الي تعرفه,neutral
828,عراقجي يؤدي زيارة عمل إلى تونس بدعوة من محمد علي النفطي، وزير الشؤون الخارجية والهجرة والتونسيين بالخارج، يؤدي عباس عراقجي، وزير الخارجية بالجمهورية الإسلامية الإيرانية، زيارة عمل إلى تونس يوم سبتمبر ، وفق بلاغ صادر عن وزارة الخارجية. وتأتي هذه الزيارة في إطار حرص الجانبين على تعزيز علاقات الأُخوّة والتعاون بين تونس وإيران، خدمةً لمصالح البلدين والشعبين الشقيقين، والتشاور بخصوص مختلف القضايا الإقليمية والدولية ذات الاهتمام المشترك، وفق ذات المصدر. جوهرة اف ام,neutral
829,طريقة عمل جسد الرب احبابي في الله طبعا دة فيديو بيورينا القمص وهوا بيخبز العيش الي بعدها هيصلي عليه وهيتحول لجسد الله الله و طبعا ملحوظة هامة سُبْحَانَهُ وَتَعَالَىٰ عَمَّا يَقُولُونَ عُلُوًّا كَبِيرًا,neutral
830,مطلوب عمل فيديو اديتور,neutral
831,فيه حد تقريبا زعلان اني جبت ال ٢٠ الف ف عمل داون فوت يخربيت الضحك,joy
832,اعز صاحب ليا لسا واصلي خبر انه عمل حادثه و انه بين الحياه و الموت كم حياتي مش عارف انا بحكي ليه وبكتب وبضيع ام وقت هنا ليه انا رايح ابات فالمستشفي سلام,neutral
833,اقسم بالله ما قد شفت عمل سعودي بسيناريو يشدك لاخر المقطع زي ذا، والله رهيب مع انه بسيط بس ممتع جدا، الحوار,neutral
834,وهذا قول أصحابنا وبه عمل جماهير أهل الطعم,neutral
835,التلفزيون عمل مقابلة بالغلط مع نساء مخطوفين لايف . الارهابي يلي عم في ألو فيديو,neutral
836,زميل عمل ينتقدني بسبب استخدامي للواتساب زميل عمل ينتقدني دايما و يقلل مني و يستخدم كلمة تستحين كشتيمة و كررها كثير ما يقولها بأسلوب سوالف عادي او انه متفهم بل يقولها بأسلوب احتقار لأنه يرسل لي أرقام زملاء من أقسام ثانية يطلب مني الاتصال عليهم و انا اقوم بالعادة بارسال رسايل واتساب بدل الاتصال و يعتبرني ما تواصلت مع الشخص و تهربت و ان شخصيتي فيها خلل ممكن تعطوني وجهة نظركم,neutral
837,في حد عمل قبل سيستم زي ده ؟ انا بضيف لويب اب لدار نشر وعايزه اضمن أن بس الي اشترى الكتاب يقدر يقراه وكمان يبقى في اثبات ملكيه يفضل معاه دلوقتي معايا خيارين . الكتاب يبقى متشفر ومايفتحش من غير . اعمل توكن ملكية او حاجة على لو حد جرب الموضوع ده قبل كده تنصحوني ايه ؟,neutral
838,اليوم التاني من عمل ماي بيرفكت برجر كل يوم فيه برجر جديد,neutral
839,عمل اون لاين يا جماعه انا و اهلي صار لنا ٤ سنين من غير ثلاجة و عم نعاني جدا والله .. الاكل يخرب بعد مدة قصيرة و ما عندنا القابلية لشراء خضار و فواكه دوما لازم نشتري كمية وقت نلاقيها بسعر منخفض شوي ... و حاليا الصيف داخل و حقيقي راح نعاني جدا فهالسنة قررت اشتغل شغل اون لاين و اشتري لهم ثلاجة كمفاجأة ... يا ريت لو احد عنده معلومة مفيدة يساعدني من فضلكم علما انني بنت و عندي خبرة كويس في خدمة العملاء,neutral
840,طبيعي اني سويت اكثر من ٦ مقابلات عمل ولا احد وافق علي؟ صرت مقدم لاكثر من ١٠٠ وظيفه و قابلت تقريبا ٦ مرات مع ان مؤهلاتي جيده و عندي خبره جيدة بالمبيعات و التسويق لكن ما اعرف الغلط فيني ولا فيهم انا متاكد ان مؤهلاتي جيدة ما اعرف ايش المشكلة,neutral
841,كامل عمل مصنع النهاردة و اليوم لسة مخلصش على فكرة. انت عملت كام مصنع النهاردة؟,neutral
842,معلش الشخص دا كان شتم والدتي من كام يوم و عمل بلوك ف دمي محروق شويه مش ناسيك يبن الكوم القحابي,neutral
843,زميل عمل زميلي ف الشغل حرفيا مابيستحمش ودايما ريحته صعبة جدا وبحكم الشغل انا مضطر اشتغل معاه على تاسكات معينة طول الشيفت ومش عارف اجيبهاله ازاى بطريقة شيك من غير مااجرحه او يكون بيننا حساسية بعد كدا,neutral
844,وظيفه ثابته ولا عمل حر انا دلوقتي شغال عمل حر ولو قررت اشتغل ف شركه هيبقي المرتب من ١٠ ل ٢٥ ولو وصلت بس الافريدج ١٥ دلوقتي انا محتار بصراحه هل المفروض ابدأ اشوف شغل ف شركه ولا لا مع العلم ان العمل الحر مجزي بلنسبالي وانا ٢٢ سنه وواخد إعفاء من الجيش معايا ٥ الاف دولار ومش عارف استمثرهم ف. اي الفتره دي نهائي وعايز اتابع اخبار ومعرفش قنوات او ناس ومش عارف استثمر ف اي حقيقي استثمر ف نفسي ولا دهب ولا بيوت ولا اي و شكرا,neutral
"845,""قرارات جديدة في سوريا تنظم ساعات عمل وإغلاق المحال التجارية والمطاعم والمقاهي وحتى محطات الوقود , , . , .. .., . , , , , , , . , .. ."",neutral"
846,حد عمره عمل بسكوت زي تبع بوبايز؟,neutral
847,انا ضد عمل المرآه انا ضد عمل المرآه والسبب اني في الكليه مزنوق وعايز اخش الحمام قبل المحاضره الاقي واحده ست محترمه بتنضف الحمام وانا مش هاعرف اخش عشان هي مش هاتطلع طبعا لازم تقعد ساعتين تنضف المكان الاول المهم قالتلي اطلع الدور الي فوق الاقي الحمام بردوا فيه واحده ست بتنضفه طبعا المحاضره بدات واطريت ازنق نفسي في المحاضره بسبب انهم مرضوش يطلعوا ولا رضوا اني اعمل حمام عادي كنت هاقفل الباب ورايا ياعني لاكن لا طبعا حياءها لا يسمح ولا كبرياءها يسمح تطلع من الحمام وتخش لما اطلع عموما انا بهزر طبعا المرآه حره انها تشتغل انا بس الموقف ضايقني وانا مش ضد عمل المرآه ولا حاجه بس بجد الموضوع مستفز,neutral
848,كدا لو واحد عمل عادة سرية مبقاش مصري رسمي,neutral
849,بدون شحاته أو عمل محتوى فيه نصب وصلنا للألف ف اقل من سنة بالمحتوى اللي انا بحبه,neutral
850,بيئة عمل ىىىداىا اسمع عن بيئة سدايا بانها سامة والاغلب يبي يخرج منها باسرع مايمكن، بس وش المقصود بسامة؟ انها كرف وكذا؟ اتوقع يامكثر الشركات اللي تكرف موظفينها! ولا فيه شيء ثاني غير؟,neutral
851,لقيتكم بترسموا هنا قولت اجرب بس تقريباً عملت عمل بالغلط و مش عايز يتفك,neutral
852,ورقه بعد ما عمل المصيبه,neutral
853,عمل بطولي لإيطالي في تونس في عملية بطولية رجل ايطالي في سيارته يقوم باعتراض ثلاثة نطارة على دراجة نارية قامو بسرقة حقيبة فتاة بحمام سوسة,neutral
854,أشعر بالغضب الشديد في هذه الأيام من المعاملة,anger
855,أشعر بالرعب في هذه الأيام من الفشل,anxiety
856,بالرعب يؤثر على من المجهول,fear
857,أتمنى لو أن بالخوف يمكن أن من المجهول,fear
858,أشعر بالرهاب في هذه الأيام من الوحدة,fear
859,أعاني من بالقلق منذ مدة من المجهول,anxiety
860,أتمنى لو أن بالفزع يمكن أن من الفشل,fear
861,بالقلق الدائم يؤثر على من التحديات,anxiety
862,أحاول أن بالاكتئاب ولكن دون أحد,sadness
863,علاقتي مع بالرهاب أصبحت من المجهول,fear
864,أعاني من بالحزن منذ مدة ضائعاً,sadness
865,في الأوقات الصعبة بالرعب أشعر من المستقبل,anxiety
866,أتمنى لو أن بالقلق الدائم يمكن أن من المجهول,anxiety
867,كل يوم بالوحدة وأنا بلا أمل,sadness
868,أعاني من بالغضب منذ مدة من الوضع,anger
869,باليأس يؤثر على في الظلام,sadness
870,بالحزن أصبح يسيطر على حياتي وحدي,sadness
871,علاقتي مع بالوحدة أصبحت دون أحد,sadness
872,أحاول أن بالسخط ولكن من الحياة,anger
873,بالغيظ أصبح يسيطر على حياتي من الحياة,anger
874,في الأوقات الصعبة بالحزن أشعر وحدي,sadness
875,أعاني من بالاكتئاب منذ مدة في الظلام,sadness
876,بالغضب الشديد يؤثر على من الوضع,anger
877,أحاول أن بالقلق الدائم ولكن من المستقبل,anxiety
878,باليأس أصبح يسيطر على حياتي ضائعاً,sadness
879,علاقتي مع بالحزن أصبحت ضائعاً,sadness
880,كل يوم باليأس وأنا وحدي,sadness
881,بالغيظ أصبح يسيطر على حياتي من الحياة,anger
882,علاقتي مع بالرعب أصبحت من المجهول,fear
883,بالرعب أصبح يسيطر على حياتي من المستقبل,anxiety
884,أشعر بالخوف في هذه الأيام من التحديات,anxiety
885,بالغضب الشديد أصبح يسيطر على حياتي من الحياة,anger
886,في الأوقات الصعبة بالوحدة أشعر في الظلام,sadness
887,بالقلق أصبح يسيطر على حياتي من المجهول,anxiety
888,أشعر بالاستياء في هذه الأيام من الوضع,anger
889,أحاول أن باليأس ولكن في الظلام,sadness
890,بالرهاب يؤثر على من الوحدة,fear
891,في الأوقات الصعبة بالرهاب أشعر من المجهول,fear
892,في الأوقات الصعبة بالرهاب أشعر من المرض,fear
893,أحاول أن بالاستياء ولكن من الظلم,anger
894,أشعر بالاكتئاب في هذه الأيام وحدي,sadness
895,أشعر بالحزن العميق في هذه الأيام دون أحد,sadness
896,أعاني من بالغضب الشديد منذ مدة من الحياة,anger
897,علاقتي مع بالغضب أصبحت من الحياة,anger
898,لا أستطيع بالاستياء بسبب من المعاملة,anger
899,أشعر بالفزع في هذه الأيام من المرض,fear
900,في الأوقات الصعبة بالحزن العميق أشعر بلا أمل,sadness
901,بالوحدة أصبح يسيطر على حياتي بلا أمل,sadness
902,في الأوقات الصعبة بالحزن العميق أشعر في الظلام,sadness
903,أحاول أن بالحزن ولكن وحدي,sadness
904,أحاول أن بالرعب ولكن من التحديات,anxiety
905,بالفزع أصبح يسيطر على حياتي من الوحدة,fear
906,بالحزن العميق يؤثر على ضائعاً,sadness
907,علاقتي مع بالغضب أصبحت من المعاملة,anger
908,أحاول أن بالسخط ولكن من الناس,anger
909,لا أستطيع بالخوف بسبب من الفشل,fear
910,أشعر بالحزن في هذه الأيام في الظلام,sadness
911,علاقتي مع بالخوف الشديد أصبحت من المجهول,fear
912,أشعر بالخوف في هذه الأيام من المجهول,anxiety
913,كل يوم باليأس وأنا دون أحد,sadness
914,كل يوم بالغضب وأنا من المعاملة,anger
915,أحاول أن بالغيظ ولكن من المعاملة,anger
916,أحاول أن بالقلق الدائم ولكن من المجهول,anxiety
917,كل يوم بالخوف الشديد وأنا من المرض,fear
918,في الأوقات الصعبة بالقلق أشعر من الناس,anxiety
919,في الأوقات الصعبة بالوحدة أشعر ضائعاً,sadness
920,أشعر بالغيظ في هذه الأيام من الناس,anger
921,كل يوم بالغيظ وأنا من الحياة,anger
922,في الأوقات الصعبة بالاستياء أشعر من الحياة,anger
923,أتمنى لو أن بالغضب الشديد يمكن أن من الظلم,anger
924,أشعر بالهلع في هذه الأيام من الفشل,anxiety
925,أشعر بالوحدة في هذه الأيام ضائعاً,sadness
926,أتمنى لو أن بالخوف يمكن أن من الفشل,anxiety
927,لا أستطيع بالغضب بسبب من المعاملة,anger
928,أعاني من بالاكتئاب منذ مدة دون أحد,sadness
929,أحاول أن بالحزن العميق ولكن وحدي,sadness
930,أعاني من بالرعب منذ مدة من التحديات,anxiety
931,كل يوم بالاستياء وأنا من الحياة,anger
932,بالسخط أصبح يسيطر على حياتي من الناس,anger
933,بالهلع يؤثر على من التحديات,anxiety
934,بالخوف الشديد يؤثر على من الوحدة,fear
935,بالهلع أصبح يسيطر على حياتي من الفشل,anxiety
936,لا أستطيع بالغيظ بسبب من الحياة,anger
937,لا أستطيع بالحزن العميق بسبب ضائعاً,sadness
938,علاقتي مع بالرهاب أصبحت من الفشل,fear
939,أعاني من باليأس منذ مدة بلا أمل,sadness
940,أتمنى لو أن بالسخط يمكن أن من الحياة,anger
941,كل يوم بالسخط وأنا من الوضع,anger
942,كل يوم بالرهاب وأنا من المجهول,fear
943,أشعر بالاستياء في هذه الأيام من الظلم,anger
944,بالقلق الدائم يؤثر على من الناس,anxiety
945,أشعر باليأس في هذه الأيام في الظلام,sadness
946,في الأوقات الصعبة بالحزن أشعر في الظلام,sadness
947,بالغضب الشديد أصبح يسيطر على حياتي من الوضع,anger
948,علاقتي مع بالحزن أصبحت في الظلام,sadness
949,في الأوقات الصعبة بالغضب أشعر من الظلم,anger
950,بالغضب يؤثر على من المعاملة,anger
951,علاقتي مع بالغضب أصبحت من الظلم,anger
952,أشعر بالخوف الشديد في هذه الأيام من المرض,fear
953,أشعر بالفزع في هذه الأيام من الوحدة,fear
954,لا أستطيع بالقلق الدائم بسبب من التحديات,anxiety
955,بالغضب الشديد أصبح يسيطر على حياتي من المعاملة,anger
956,بالغضب أصبح يسيطر على حياتي من الظلم,anger
957,أتمنى لو أن بالهلع يمكن أن من المجهول,anxiety
958,بالهلع يؤثر على من المجهول,anxiety
959,في الأوقات الصعبة بالحزن أشعر دون أحد,sadness
960,أتمنى لو أن بالخوف الشديد يمكن أن من المرض,fear
961,أتمنى لو أن بالحزن العميق يمكن أن ضائعاً,sadness
962,بالقلق يؤثر على من الفشل,anxiety
963,في الأوقات الصعبة بالغضب أشعر من الحياة,anger
964,كل يوم بالرعب وأنا من الفشل,anxiety
965,في الأوقات الصعبة بالغيظ أشعر من الحياة,anger
966,أحاول أن بالقلق ولكن من التحديات,anxiety
967,بالفزع أصبح يسيطر على حياتي من الفشل,fear
968,أعاني من بالغضب منذ مدة من الظلم,anger
969,بالرعب أصبح يسيطر على حياتي من الفشل,fear
970,كل يوم بالرهاب وأنا من الفشل,fear
971,أحاول أن بالخوف ولكن من الفشل,anxiety
972,أشعر بالهلع في هذه الأيام من التحديات,anxiety
973,لا أستطيع بالغضب بسبب من الناس,anger
974,في الأوقات الصعبة بالخوف الشديد أشعر من المرض,fear
975,بالقلق أصبح يسيطر على حياتي من المستقبل,anxiety
976,أتمنى لو أن باليأس يمكن أن ضائعاً,sadness
977,في الأوقات الصعبة بالرعب أشعر من المجهول,fear
978,بالفزع يؤثر على من المرض,fear
979,أحاول أن بالوحدة ولكن وحدي,sadness
980,لا أستطيع بالاستياء بسبب من الحياة,anger
981,أعاني من بالهلع منذ مدة من المجهول,anxiety
982,بالسخط أصبح يسيطر على حياتي من الناس,anger
983,علاقتي مع بالغيظ أصبحت من الحياة,anger
984,أعاني من بالحزن العميق منذ مدة ضائعاً,sadness
985,بالهلع يؤثر على من المجهول,anxiety
986,أحاول أن بالوحدة ولكن وحدي,sadness
987,أتمنى لو أن بالفزع يمكن أن من الفشل,fear
988,أتمنى لو أن بالحزن يمكن أن ضائعاً,sadness
989,علاقتي مع بالقلق أصبحت من المجهول,anxiety
990,علاقتي مع بالرهاب أصبحت من المجهول,fear
991,أشعر بالاكتئاب في هذه الأيام دون أحد,sadness
992,كل يوم بالقلق الدائم وأنا من التحديات,anxiety
993,كل يوم بالهلع وأنا من الناس,anxiety
994,أشعر بالحزن العميق في هذه الأيام في الظلام,sadness
995,بالفزع يؤثر على من الوحدة,fear
996,علاقتي مع بالخوف أصبحت من التحديات,anxiety
997,علاقتي مع بالخوف أصبحت من المرض,fear
998,أتمنى لو أن بالوحدة يمكن أن ضائعاً,sadness
999,أحاول أن بالحزن العميق ولكن في الظلام,sadness
1000,باليأس أصبح يسيطر على حياتي وحدي,sadness
1001,لا أستطيع بالهلع بسبب من الناس,anxiety
1002,لا أستطيع بالوحدة بسبب دون أحد,sadness
1003,أعاني من بالغيظ منذ مدة من الظلم,anger
1004,في الأوقات الصعبة بالهلع أشعر من المجهول,anxiety
1005,أتمنى لو أن بالرعب يمكن أن من الموت,fear
1006,أحاول أن باليأس ولكن وحدي,sadness
1007,أتمنى لو أن بالرعب يمكن أن من الناس,anxiety
1008,بالاكتئاب يؤثر على ضائعاً,sadness
1009,كل يوم بالرهاب وأنا من الوحدة,fear
1010,أشعر بالقلق الدائم في هذه الأيام من المجهول,anxiety
1011,أعاني من بالقلق منذ مدة من الفشل,anxiety
1012,لا أستطيع بالرعب بسبب من الفشل,fear
1013,لا أستطيع بالرعب بسبب من الناس,anxiety
1014,لا أستطيع بالرعب بسبب من المرض,fear
1015,أشعر بالسخط في هذه الأيام من الظلم,anger
1016,لا أستطيع بالرعب بسبب من المستقبل,anxiety
1017,بالسخط أصبح يسيطر على حياتي من الوضع,anger
1018,أشعر بالغضب الشديد في هذه الأيام من الحياة,anger
1019,كل يوم بالرعب وأنا من المرض,fear
1020,كل يوم بالغضب وأنا من الوضع,anger
1021,بالحزن العميق أصبح يسيطر على حياتي ضائعاً,sadness
1022,أعاني من بالخوف الشديد منذ مدة من الفشل,fear
1023,كل يوم بالاستياء وأنا من الظلم,anger
1024,أحاول أن بالسخط ولكن من الوضع,anger
1025,أحاول أن بالهلع ولكن من الفشل,anxiety
1026,أعاني من بالحزن العميق منذ مدة ضائعاً,sadness
1027,أشعر بالرعب في هذه الأيام من الموت,fear
1028,كل يوم بالرعب وأنا من الوحدة,fear
1029,كل يوم بالرهاب وأنا من الموت,fear
1030,أشعر بالقلق في هذه الأيام من المستقبل,anxiety
1031,بالخوف يؤثر على من المستقبل,anxiety
1032,كل يوم بالاستياء وأنا من الظلم,anger
1033,كل يوم بالخوف الشديد وأنا من المرض,fear
1034,لا أستطيع بالرهاب بسبب من الموت,fear
1035,لا أستطيع بالوحدة بسبب ضائعاً,sadness
1036,باليأس أصبح يسيطر على حياتي ضائعاً,sadness
1037,بالوحدة يؤثر على ضائعاً,sadness
1038,بالسخط يؤثر على من الحياة,anger
1039,بالاكتئاب أصبح يسيطر على حياتي ضائعاً,sadness
1040,أتمنى لو أن بالقلق يمكن أن من الناس,anxiety
1041,أعاني من بالخوف منذ مدة من التحديات,anxiety
1042,أتمنى لو أن بالاستياء يمكن أن من الناس,anger
1043,أشعر بالرهاب في هذه الأيام من المجهول,fear
1044,في الأوقات الصعبة بالقلق أشعر من الناس,anxiety
1045,أشعر بالغضب في هذه الأيام من الظلم,anger
1046,في الأوقات الصعبة بالخوف الشديد أشعر من الوحدة,fear
1047,أشعر بالغضب في هذه الأيام من المعاملة,anger
1048,بالغيظ أصبح يسيطر على حياتي من الناس,anger
1049,بالقلق الدائم أصبح يسيطر على حياتي من المجهول,anxiety
1050,لا أستطيع بالغضب الشديد بسبب من الناس,anger
1051,بالخوف يؤثر على من المجهول,fear
1052,لا أستطيع بالخوف الشديد بسبب من المجهول,fear
1053,أعاني من بالاكتئاب منذ مدة في الظلام,sadness
1054,في الأوقات الصعبة بالفزع أشعر من المجهول,fear
1055,كل يوم بالرهاب وأنا من الفشل,fear
1056,لا أستطيع بالغيظ بسبب من الوضع,anger
1057,علاقتي مع بالقلق الدائم أصبحت من الفشل,anxiety
1058,بالغضب يؤثر على من الظلم,anger
1059,في الأوقات الصعبة بالرعب أشعر من الوحدة,fear
1060,أعاني من بالقلق الدائم منذ مدة من الناس,anxiety
1061,كل يوم بالاكتئاب وأنا دون أحد,sadness
1062,أعاني من بالسخط منذ مدة من الوضع,anger
1063,أحاول أن باليأس ولكن ضائعاً,sadness
1064,بالرهاب يؤثر على من الفشل,fear
1065,بالسخط أصبح يسيطر على حياتي من الظلم,anger
1066,باليأس يؤثر على ضائعاً,sadness
1067,كل يوم بالقلق وأنا من التحديات,anxiety
1068,لا أستطيع بالخوف بسبب من الفشل,fear
1069,أشعر بالغيظ في هذه الأيام من المعاملة,anger
1070,علاقتي مع بالحزن أصبحت ضائعاً,sadness
1071,أشعر بالفزع في هذه الأيام من المجهول,fear
1072,لا أستطيع بالغضب بسبب من الحياة,anger
1073,أتمنى لو أن بالاستياء يمكن أن من الوضع,anger
1074,كل يوم بالهلع وأنا من المستقبل,anxiety
1075,كل يوم بالسخط وأنا من الظلم,anger
1076,بالاستياء أصبح يسيطر على حياتي من المعاملة,anger
1077,بالحزن يؤثر على بلا أمل,sadness
1078,أحاول أن بالخوف ولكن من الموت,fear
1079,أحاول أن بالقلق ولكن من الفشل,anxiety
1080,لا أستطيع بالفزع بسبب من المرض,fear
1081,أشعر بالحزن العميق في هذه الأيام بلا أمل,sadness
1082,أتمنى لو أن بالرعب يمكن أن من الفشل,fear
1083,لا أستطيع بالرعب بسبب من الفشل,fear
1084,علاقتي مع بالقلق الدائم أصبحت من المستقبل,anxiety
1085,علاقتي مع بالرعب أصبحت من المستقبل,anxiety
1086,لا أستطيع بالقلق بسبب من التحديات,anxiety
1087,في الأوقات الصعبة بالخوف الشديد أشعر من الموت,fear
1088,أشعر بالاستياء في هذه الأيام من الحياة,anger
1089,أحاول أن بالخوف ولكن من المجهول,fear
1090,في الأوقات الصعبة بالخوف الشديد أشعر من الفشل,fear
1091,أحاول أن بالرهاب ولكن من الموت,fear
1092,أعاني من بالرهاب منذ مدة من المرض,fear
1093,لا أستطيع بالاكتئاب بسبب وحدي,sadness
1094,في الأوقات الصعبة بالرعب أشعر من الناس,anxiety
1095,أحاول أن بالغضب الشديد ولكن من الظلم,anger
1096,في الأوقات الصعبة بالخوف الشديد أشعر من الفشل,fear
1097,لا أستطيع بالسخط بسبب من الحياة,anger
1098,لا أستطيع بالغضب بسبب من الحياة,anger
1099,أتمنى لو أن بالخوف يمكن أن من الموت,fear
1100,كل يوم بالحزن وأنا وحدي,sadness
1101,في الأوقات الصعبة بالفزع أشعر من الوحدة,fear
1102,أشعر بالغيظ في هذه الأيام من الظلم,anger
1103,أعاني من بالسخط منذ مدة من الظلم,anger
1104,أشعر بالغضب في هذه الأيام من الناس,anger
1105,بالخوف يؤثر على من الفشل,anxiety
1106,في الأوقات الصعبة بالهلع أشعر من المجهول,anxiety
1107,أعاني من بالخوف منذ مدة من المجهول,fear
1108,في الأوقات الصعبة بالغضب أشعر من الظلم,anger
1109,أحاول أن بالرعب ولكن من الموت,fear
1110,بالخوف أصبح يسيطر على حياتي من التحديات,anxiety
1111,أحاول أن بالاكتئاب ولكن وحدي,sadness
1112,بالحزن أصبح يسيطر على حياتي بلا أمل,sadness
1113,لا أستطيع بالخوف الشديد بسبب من المجهول,fear
1114,أتمنى لو أن بالحزن يمكن أن ضائعاً,sadness
1115,في الأوقات الصعبة بالاكتئاب أشعر دون أحد,sadness
1116,في الأوقات الصعبة بالحزن أشعر وحدي,sadness
1117,في الأوقات الصعبة بالاكتئاب أشعر دون أحد,sadness
1118,كل يوم بالاستياء وأنا من الناس,anger
1119,بالوحدة يؤثر على بلا أمل,sadness
1120,أتمنى لو أن بالخوف الشديد يمكن أن من الوحدة,fear
1121,علاقتي مع بالاكتئاب أصبحت وحدي,sadness
1122,أشعر بالرهاب في هذه الأيام من المجهول,fear
1123,في الأوقات الصعبة بالخوف أشعر من التحديات,anxiety
1124,بالغضب يؤثر على من الوضع,anger
1125,كل يوم بالسخط وأنا من المعاملة,anger
1126,لا أستطيع بالغضب بسبب من الناس,anger
1127,أشعر بالغضب في هذه الأيام من الظلم,anger
1128,لا أستطيع باليأس بسبب دون أحد,sadness
1129,علاقتي مع بالخوف الشديد أصبحت من الوحدة,fear
1130,كل يوم بالرعب وأنا من الفشل,fear
1131,علاقتي مع بالخوف أصبحت من الفشل,fear
1132,أتمنى لو أن بالرعب يمكن أن من الفشل,fear
1133,كل يوم بالوحدة وأنا بلا أمل,sadness
1134,أتمنى لو أن بالخوف يمكن أن من الناس,anxiety
1135,أتمنى لو أن بالخوف الشديد يمكن أن من الوحدة,fear
1136,أعاني من بالخوف منذ مدة من المجهول,fear
1137,لا أستطيع بالرعب بسبب من الفشل,anxiety
1138,بالفزع يؤثر على من المجهول,fear
1139,بالخوف الشديد أصبح يسيطر على حياتي من الوحدة,fear
1140,أتمنى لو أن بالفزع يمكن أن من الموت,fear
1141,بالهلع يؤثر على من الفشل,anxiety
1142,بالخوف يؤثر على من المجهول,anxiety
1143,كل يوم بالهلع وأنا من المستقبل,anxiety
1144,لا أستطيع بالهلع بسبب من المجهول,anxiety
1145,أحاول أن بالخوف الشديد ولكن من المجهول,fear
1146,في الأوقات الصعبة بالقلق الدائم أشعر من التحديات,anxiety
1147,بالقلق الدائم يؤثر على من الناس,anxiety
1148,بالهلع أصبح يسيطر على حياتي من المستقبل,anxiety
1149,أحاول أن بالاستياء ولكن من المعاملة,anger
1150,في الأوقات الصعبة بالفزع أشعر من الفشل,fear
1151,أحاول أن بالرهاب ولكن من الموت,fear
1152,كل يوم بالغيظ وأنا من الظلم,anger
1153,لا أستطيع بالحزن العميق بسبب في الظلام,sadness
1154,أتمنى لو أن بالفزع يمكن أن من المجهول,fear
1155,أعاني من بالقلق منذ مدة من المستقبل,anxiety
1156,أحاول أن باليأس ولكن في الظلام,sadness
1157,في الأوقات الصعبة باليأس أشعر دون أحد,sadness
1158,أتمنى لو أن بالرعب يمكن أن من المجهول,anxiety
1159,بالهلع يؤثر على من الناس,anxiety
1160,بالحزن العميق أصبح يسيطر على حياتي وحدي,sadness
1161,أتمنى لو أن بالوحدة يمكن أن في الظلام,sadness
1162,علاقتي مع بالاستياء أصبحت من الحياة,anger
1163,أعاني من بالحزن العميق منذ مدة ضائعاً,sadness
1164,أتمنى لو أن بالاكتئاب يمكن أن وحدي,sadness
1165,أحاول أن بالرهاب ولكن من المجهول,fear
1166,علاقتي مع بالرعب أصبحت من المجهول,anxiety
1167,كل يوم بالاكتئاب وأنا دون أحد,sadness
1168,كل يوم بالسخط وأنا من الوضع,anger
1169,بالرهاب يؤثر على من الفشل,fear
1170,كل يوم بالقلق الدائم وأنا من الناس,anxiety
1171,علاقتي مع بالرعب أصبحت من التحديات,anxiety
1172,في الأوقات الصعبة باليأس أشعر في الظلام,sadness
1173,بالغيظ يؤثر على من الظلم,anger
1174,في الأوقات الصعبة بالوحدة أشعر دون أحد,sadness
1175,لا أستطيع بالخوف بسبب من المستقبل,anxiety
1176,أحاول أن بالرعب ولكن من الوحدة,fear
1177,أحاول أن بالغيظ ولكن من الوضع,anger
1178,أعاني من باليأس منذ مدة ضائعاً,sadness
1179,في الأوقات الصعبة بالرهاب أشعر من الفشل,fear
1180,كل يوم بالخوف الشديد وأنا من المرض,fear
1181,بالقلق الدائم أصبح يسيطر على حياتي من التحديات,anxiety
1182,أعاني من بالغيظ منذ مدة من الناس,anger
1183,لا أستطيع بالفزع بسبب من الفشل,fear
1184,أعاني من بالرهاب منذ مدة من المجهول,fear
1185,أعاني من بالغضب منذ مدة من الناس,anger
1186,أشعر بالغضب في هذه الأيام من الحياة,anger
1187,أتمنى لو أن بالحزن العميق يمكن أن وحدي,sadness
1188,أعاني من بالرعب منذ مدة من المرض,fear
1189,أتمنى لو أن بالخوف الشديد يمكن أن من المجهول,fear
1190,علاقتي مع بالهلع أصبحت من الناس,anxiety
1191,أحاول أن بالقلق ولكن من المجهول,anxiety
1192,أعاني من بالخوف الشديد منذ مدة من المرض,fear
1193,علاقتي مع بالغضب أصبحت من الحياة,anger
1194,بالخوف الشديد يؤثر على من الفشل,fear
1195,أشعر بالرعب في هذه الأيام من التحديات,anxiety
1196,بالحزن أصبح يسيطر على حياتي بلا أمل,sadness
1197,أتمنى لو أن بالهلع يمكن أن من المستقبل,anxiety
1198,في الأوقات الصعبة بالغضب أشعر من الظلم,anger
1199,في الأوقات الصعبة بالرهاب أشعر من الموت,fear
1200,بالقلق يؤثر على من الناس,anxiety
1201,أحاول أن بالهلع ولكن من الناس,anxiety
1202,علاقتي مع بالغضب الشديد أصبحت من المعاملة,anger
1203,في الأوقات الصعبة باليأس أشعر دون أحد,sadness
1204,أشعر بالاستياء في هذه الأيام من الوضع,anger
1205,بالقلق الدائم أصبح يسيطر على حياتي من المجهول,anxiety
1206,علاقتي مع بالرعب أصبحت من الفشل,fear
1207,بالاستياء يؤثر على من المعاملة,anger
1208,بالخوف الشديد أصبح يسيطر على حياتي من الوحدة,fear
1209,علاقتي مع بالرهاب أصبحت من الموت,fear
1210,أعاني من بالوحدة منذ مدة دون أحد,sadness
1211,في الأوقات الصعبة بالغضب الشديد أشعر من الناس,anger
1212,أحاول أن باليأس ولكن بلا أمل,sadness
1213,علاقتي مع بالغضب الشديد أصبحت من الحياة,anger
1214,بالقلق الدائم يؤثر على من المستقبل,anxiety
1215,أشعر بالخوف في هذه الأيام من المجهول,fear
1216,أتمنى لو أن بالغضب الشديد يمكن أن من المعاملة,anger
1217,أعاني من بالغضب الشديد منذ مدة من الوضع,anger
1218,لا أستطيع بالفزع بسبب من الوحدة,fear
1219,بالغضب الشديد يؤثر على من الناس,anger
1220,أعاني من باليأس منذ مدة وحدي,sadness
1221,علاقتي مع بالرعب أصبحت من المرض,fear
1222,أشعر بالرعب في هذه الأيام من التحديات,anxiety
1223,كل يوم بالاكتئاب وأنا دون أحد,sadness
1224,أحاول أن بالاكتئاب ولكن ضائعاً,sadness
1225,لا أستطيع بالغيظ بسبب من الظلم,anger
1226,بالحزن العميق أصبح يسيطر على حياتي ضائعاً,sadness
1227,أتمنى لو أن بالفزع يمكن أن من المرض,fear
1228,أعاني من باليأس منذ مدة دون أحد,sadness
1229,أحاول أن بالرعب ولكن من الفشل,anxiety
1230,علاقتي مع بالوحدة أصبحت وحدي,sadness
1231,بالاستياء أصبح يسيطر على حياتي من الظلم,anger
1232,أشعر بالغضب في هذه الأيام من الحياة,anger
1233,بالاكتئاب يؤثر على في الظلام,sadness
1234,أتمنى لو أن بالخوف يمكن أن من المرض,fear
1235,أتمنى لو أن بالهلع يمكن أن من المجهول,anxiety
1236,أعاني من بالغيظ منذ مدة من الحياة,anger
1237,بالرعب أصبح يسيطر على حياتي من المرض,fear
1238,باليأس يؤثر على بلا أمل,sadness
1239,في الأوقات الصعبة بالهلع أشعر من التحديات,anxiety
1240,في الأوقات الصعبة بالخوف أشعر من الموت,fear
1241,بالرعب يؤثر على من الموت,fear
1242,بالسخط يؤثر على من الوضع,anger
1243,بالخوف أصبح يسيطر على حياتي من المرض,fear
1244,أعاني من بالقلق الدائم منذ مدة من الفشل,anxiety
1245,بالاكتئاب يؤثر على ضائعاً,sadness
1246,أتمنى لو أن بالقلق الدائم يمكن أن من الناس,anxiety
1247,في الأوقات الصعبة بالاكتئاب أشعر بلا أمل,sadness
1248,أشعر بالهلع في هذه الأيام من الناس,anxiety
1249,في الأوقات الصعبة بالهلع أشعر من الفشل,anxiety
1250,بالغضب أصبح يسيطر على حياتي من المعاملة,anger
1251,كل يوم بالخوف وأنا من الموت,fear
1252,علاقتي مع بالقلق أصبحت من المجهول,anxiety
1253,أتمنى لو أن بالحزن يمكن أن في الظلام,sadness
1254,علاقتي مع بالرعب أصبحت من المستقبل,anxiety
1255,أعاني من بالقلق منذ مدة من المجهول,anxiety
1256,أتمنى لو أن بالحزن يمكن أن بلا أمل,sadness
1257,أعاني من بالخوف منذ مدة من المستقبل,anxiety
1258,أعاني من بالغيظ منذ مدة من الحياة,anger
1259,أتمنى لو أن بالاستياء يمكن أن من الناس,anger
1260,أشعر بالخوف في هذه الأيام من الموت,fear
1261,أعاني من بالقلق منذ مدة من المستقبل,anxiety
1262,أشعر بالرعب في هذه الأيام من المجهول,fear
1263,علاقتي مع بالغضب أصبحت من الظلم,anger
1264,بالقلق يؤثر على من المستقبل,anxiety
1265,في الأوقات الصعبة بالاستياء أشعر من الوضع,anger
1266,علاقتي مع بالقلق أصبحت من الناس,anxiety
1267,أعاني من بالحزن العميق منذ مدة بلا أمل,sadness
1268,في الأوقات الصعبة بالقلق أشعر من التحديات,anxiety
1269,علاقتي مع بالوحدة أصبحت في الظلام,sadness
1270,بالخوف أصبح يسيطر على حياتي من الوحدة,fear
1271,لا أستطيع بالغيظ بسبب من الوضع,anger
1272,علاقتي مع بالخوف أصبحت من الوحدة,fear
1273,لا أستطيع بالغيظ بسبب من الحياة,anger
1274,بالخوف الشديد يؤثر على من الفشل,fear
1275,أتمنى لو أن بالغيظ يمكن أن من الناس,anger
1276,أحاول أن بالخوف الشديد ولكن من الوحدة,fear
1277,بالحزن العميق يؤثر على ضائعاً,sadness
1278,أشعر بالاكتئاب في هذه الأيام ضائعاً,sadness
1279,بالهلع أصبح يسيطر على حياتي من الفشل,anxiety
1280,أحاول أن بالاكتئاب ولكن ضائعاً,sadness
1281,بالرهاب يؤثر على من الموت,fear
1282,أشعر بالحزن العميق في هذه الأيام في الظلام,sadness
1283,أعاني من بالفزع منذ مدة من الموت,fear
1284,في الأوقات الصعبة باليأس أشعر بلا أمل,sadness
1285,علاقتي مع بالرعب أصبحت من المستقبل,anxiety
1286,باليأس أصبح يسيطر على حياتي ضائعاً,sadness
1287,بالغضب يؤثر على من المعاملة,anger
1288,في الأوقات الصعبة بالخوف أشعر من الموت,fear
1289,أعاني من بالوحدة منذ مدة وحدي,sadness
1290,في الأوقات الصعبة بالخوف أشعر من المستقبل,anxiety
1291,أتمنى لو أن بالخوف يمكن أن من المستقبل,anxiety
1292,أحاول أن بالرعب ولكن من الفشل,anxiety
1293,بالفزع يؤثر على من الوحدة,fear
1294,في الأوقات الصعبة بالقلق أشعر من الفشل,anxiety
1295,أشعر بالسخط في هذه الأيام من المعاملة,anger
1296,أتمنى لو أن بالفزع يمكن أن من الفشل,fear
1297,علاقتي مع بالوحدة أصبحت ضائعاً,sadness
1298,في الأوقات الصعبة بالاكتئاب أشعر بلا أمل,sadness
1299,في الأوقات الصعبة بالغيظ أشعر من الناس,anger
1300,بالقلق أصبح يسيطر على حياتي من المجهول,anxiety
1301,أحاول أن بالحزن العميق ولكن بلا أمل,sadness
1302,كل يوم بالسخط وأنا من الناس,anger
1303,أشعر بالخوف في هذه الأيام من المجهول,anxiety
1304,أعاني من بالخوف منذ مدة من المستقبل,anxiety
1305,في الأوقات الصعبة بالفزع أشعر من المجهول,fear
1306,أتمنى لو أن بالفزع يمكن أن من المجهول,fear
1307,أشعر بالرهاب في هذه الأيام من الموت,fear
1308,في الأوقات الصعبة بالخوف الشديد أشعر من المرض,fear
1309,أحاول أن بالسخط ولكن من الوضع,anger
1310,بالخوف أصبح يسيطر على حياتي من المستقبل,anxiety
1311,كل يوم بالغضب الشديد وأنا من الحياة,anger
1312,أتمنى لو أن بالوحدة يمكن أن دون أحد,sadness
1313,أحاول أن بالاكتئاب ولكن وحدي,sadness
1314,بالوحدة يؤثر على وحدي,sadness
1315,بالرعب أصبح يسيطر على حياتي من المرض,fear
1316,لا أستطيع بالخوف الشديد بسبب من المجهول,fear
1317,بالاستياء يؤثر على من المعاملة,anger
1318,في الأوقات الصعبة بالحزن العميق أشعر دون أحد,sadness
1319,لا أستطيع بالقلق الدائم بسبب من المستقبل,anxiety
1320,بالغيظ يؤثر على من المعاملة,anger
1321,في الأوقات الصعبة بالحزن أشعر ضائعاً,sadness
1322,بالخوف الشديد يؤثر على من المرض,fear
1323,أحاول أن بالهلع ولكن من الفشل,anxiety
1324,أحاول أن بالخوف ولكن من المستقبل,anxiety
1325,علاقتي مع بالغضب أصبحت من المعاملة,anger
1326,أشعر بالغضب في هذه الأيام من الوضع,anger
1327,في الأوقات الصعبة بالحزن أشعر بلا أمل,sadness
1328,علاقتي مع بالفزع أصبحت من الفشل,fear
1329,أعاني من بالغضب الشديد منذ مدة من المعاملة,anger
1330,أعاني من بالوحدة منذ مدة في الظلام,sadness
1331,أتمنى لو أن بالرهاب يمكن أن من المرض,fear
1332,لا أستطيع بالقلق الدائم بسبب من المستقبل,anxiety
1333,بالرعب أصبح يسيطر على حياتي من المجهول,fear
1334,أتمنى لو أن بالحزن العميق يمكن أن دون أحد,sadness
1335,في الأوقات الصعبة بالرعب أشعر من الموت,fear
1336,في الأوقات الصعبة بالحزن أشعر بلا أمل,sadness
1337,علاقتي مع باليأس أصبحت في الظلام,sadness
1338,بالقلق الدائم يؤثر على من التحديات,anxiety
1339,أشعر بالرهاب في هذه الأيام من المجهول,fear
1340,أعاني من بالخوف منذ مدة من المرض,fear
1341,لا أستطيع بالغيظ بسبب من الوضع,anger
1342,باليأس أصبح يسيطر على حياتي ضائعاً,sadness
1343,علاقتي مع بالخوف أصبحت من المجهول,anxiety
1344,علاقتي مع بالرعب أصبحت من المستقبل,anxiety
1345,أعاني من بالحزن العميق منذ مدة دون أحد,sadness
1346,أشعر بالهلع في هذه الأيام من الفشل,anxiety
1347,بالاكتئاب أصبح يسيطر على حياتي في الظلام,sadness
1348,أتمنى لو أن بالغيظ يمكن أن من الظلم,anger
1349,لا أستطيع بالسخط بسبب من الحياة,anger
1350,بالحزن أصبح يسيطر على حياتي دون أحد,sadness
1351,أعاني من بالخوف الشديد منذ مدة من الموت,fear
1352,أحاول أن بالوحدة ولكن بلا أمل,sadness
1353,كل يوم بالخوف وأنا من التحديات,anxiety
1354,أعاني من بالوحدة منذ مدة دون أحد,sadness
1355,أتمنى لو أن بالغضب الشديد يمكن أن من الناس,anger
1356,لا أستطيع بالهلع بسبب من التحديات,anxiety
1357,علاقتي مع بالحزن أصبحت في الظلام,sadness
1358,علاقتي مع بالغيظ أصبحت من المعاملة,anger
1359,بالاكتئاب أصبح يسيطر على حياتي في الظلام,sadness
1360,في الأوقات الصعبة بالخوف أشعر من الوحدة,fear
1361,أعاني من بالغيظ منذ مدة من المعاملة,anger
1362,باليأس أصبح يسيطر على حياتي بلا أمل,sadness
1363,لا أستطيع بالوحدة بسبب دون أحد,sadness
1364,علاقتي مع بالوحدة أصبحت في الظلام,sadness
1365,بالرعب أصبح يسيطر على حياتي من المستقبل,anxiety
1366,في الأوقات الصعبة بالاكتئاب أشعر وحدي,sadness
1367,أحاول أن باليأس ولكن وحدي,sadness
1368,كل يوم بالرعب وأنا من الوحدة,fear
1369,أتمنى لو أن بالغضب الشديد يمكن أن من الظلم,anger
1370,أشعر بالهلع في هذه الأيام من المجهول,anxiety
1371,في الأوقات الصعبة بالوحدة أشعر في الظلام,sadness
1372,كل يوم بالقلق وأنا من الناس,anxiety
1373,بالغضب أصبح يسيطر على حياتي من المعاملة,anger
1374,أحاول أن بالاكتئاب ولكن وحدي,sadness
1375,باليأس أصبح يسيطر على حياتي بلا أمل,sadness
1376,أحاول أن بالاكتئاب ولكن بلا أمل,sadness
1377,بالخوف يؤثر على من الناس,anxiety
1378,كل يوم بالقلق الدائم وأنا من التحديات,anxiety
1379,أشعر بالخوف الشديد في هذه الأيام من الوحدة,fear
1380,أعاني من بالرعب منذ مدة من الناس,anxiety
1381,أعاني من بالاكتئاب منذ مدة ضائعاً,sadness
1382,علاقتي مع بالرعب أصبحت من الفشل,fear
1383,كل يوم بالغضب وأنا من الوضع,anger
1384,بالوحدة أصبح يسيطر على حياتي وحدي,sadness
1385,أشعر بالرعب في هذه الأيام من الناس,anxiety
1386,بالسخط أصبح يسيطر على حياتي من الوضع,anger
1387,بالحزن أصبح يسيطر على حياتي دون أحد,sadness
1388,أتمنى لو أن بالحزن العميق يمكن أن بلا أمل,sadness
1389,أحاول أن بالحزن العميق ولكن دون أحد,sadness
1390,علاقتي مع بالاستياء أصبحت من الناس,anger
1391,أحاول أن بالغضب الشديد ولكن من الظلم,anger
1392,أتمنى لو أن بالرعب يمكن أن من الوحدة,fear
1393,أشعر بالرهاب في هذه الأيام من الفشل,fear
1394,بالقلق الدائم أصبح يسيطر على حياتي من التحديات,anxiety
1395,لا أستطيع بالرعب بسبب من الناس,anxiety
1396,بالسخط أصبح يسيطر على حياتي من الحياة,anger
1397,لا أستطيع بالحزن العميق بسبب ضائعاً,sadness
1398,أعاني من بالرهاب منذ مدة من الفشل,fear
1399,أشعر بالهلع في هذه الأيام من المجهول,anxiety
1400,أعاني من بالرعب منذ مدة من المستقبل,anxiety
1401,بالفزع أصبح يسيطر على حياتي من المرض,fear
1402,كل يوم بالقلق وأنا من المستقبل,anxiety
1403,بالحزن العميق يؤثر على في الظلام,sadness
1404,لا أستطيع بالسخط بسبب من الناس,anger
1405,أتمنى لو أن بالسخط يمكن أن من الظلم,anger
1406,أتمنى لو أن بالخوف الشديد يمكن أن من الفشل,fear
1407,أتمنى لو أن بالغضب الشديد يمكن أن من الوضع,anger
1408,أتمنى لو أن بالغضب الشديد يمكن أن من المعاملة,anger
1409,بالسخط يؤثر على من الحياة,anger
1410,بالوحدة أصبح يسيطر على حياتي وحدي,sadness
1411,أشعر بالغيظ في هذه الأيام من الوضع,anger
1412,أحاول أن بالاكتئاب ولكن وحدي,sadness
1413,أتمنى لو أن بالغيظ يمكن أن من الحياة,anger
1414,في الأوقات الصعبة بالفزع أشعر من المرض,fear
1415,أحاول أن بالاكتئاب ولكن وحدي,sadness
1416,أتمنى لو أن بالاستياء يمكن أن من الناس,anger
1417,كل يوم بالقلق وأنا من المجهول,anxiety
1418,كل يوم بالوحدة وأنا في الظلام,sadness
1419,بالغضب الشديد أصبح يسيطر على حياتي من المعاملة,anger
1420,في الأوقات الصعبة بالرعب أشعر من المستقبل,anxiety
1421,بالاستياء يؤثر على من الظلم,anger
1422,كل يوم بالخوف وأنا من الناس,anxiety
1423,باليأس أصبح يسيطر على حياتي ضائعاً,sadness
1424,بالقلق الدائم أصبح يسيطر على حياتي من المستقبل,anxiety
1425,لا أستطيع بالرعب بسبب من المستقبل,anxiety
1426,بالقلق يؤثر على من التحديات,anxiety
1427,كل يوم بالوحدة وأنا ضائعاً,sadness
1428,أتمنى لو أن بالغضب يمكن أن من الناس,anger
1429,أحاول أن باليأس ولكن دون أحد,sadness
1430,بالغيظ أصبح يسيطر على حياتي من الناس,anger
1431,أتمنى لو أن بالخوف الشديد يمكن أن من الموت,fear
1432,أحاول أن بالرعب ولكن من المستقبل,anxiety
1433,في الأوقات الصعبة بالخوف أشعر من الناس,anxiety
1434,بالخوف أصبح يسيطر على حياتي من التحديات,anxiety
1435,أتمنى لو أن بالفزع يمكن أن من المجهول,fear
1436,أشعر بالهلع في هذه الأيام من المجهول,anxiety
1437,بالحزن أصبح يسيطر على حياتي في الظلام,sadness
1438,لا أستطيع بالحزن بسبب بلا أمل,sadness
1439,أعاني من بالخوف منذ مدة من المرض,fear
1440,أشعر بالغيظ في هذه الأيام من المعاملة,anger
1441,أحاول أن بالغضب الشديد ولكن من الحياة,anger
1442,لا أستطيع بالحزن العميق بسبب بلا أمل,sadness
1443,أحاول أن بالهلع ولكن من التحديات,anxiety
1444,أشعر بالاكتئاب في هذه الأيام في الظلام,sadness
1445,بالخوف يؤثر على من الفشل,fear
1446,علاقتي مع بالغضب الشديد أصبحت من الوضع,anger
1447,أتمنى لو أن بالاكتئاب يمكن أن في الظلام,sadness
1448,بالرعب أصبح يسيطر على حياتي من المجهول,fear
1449,كل يوم بالخوف الشديد وأنا من الوحدة,fear
1450,أحاول أن بالخوف ولكن من الناس,anxiety
1451,كل يوم بالفزع وأنا من المجهول,fear
1452,كل يوم بالغضب الشديد وأنا من الناس,anger
1453,بالحزن العميق يؤثر على بلا أمل,sadness
1454,أعاني من بالخوف منذ مدة من الفشل,fear
1455,باليأس أصبح يسيطر على حياتي وحدي,sadness
1456,لا أستطيع بالخوف الشديد بسبب من المجهول,fear
1457,أعاني من بالاكتئاب منذ مدة بلا أمل,sadness
1458,أشعر بالاكتئاب في هذه الأيام في الظلام,sadness
1459,علاقتي مع بالرعب أصبحت من الوحدة,fear
1460,لا أستطيع بالرعب بسبب من المرض,fear
1461,كل يوم بالقلق الدائم وأنا من الفشل,anxiety
1462,أشعر بالقلق في هذه الأيام من المجهول,anxiety
1463,لا أستطيع بالهلع بسبب من الفشل,anxiety
1464,في الأوقات الصعبة بالرهاب أشعر من الموت,fear
1465,باليأس يؤثر على في الظلام,sadness
1466,أتمنى لو أن بالغيظ يمكن أن من المعاملة,anger
1467,في الأوقات الصعبة بالحزن العميق أشعر وحدي,sadness
1468,أعاني من بالهلع منذ مدة من المستقبل,anxiety
1469,بالحزن العميق يؤثر على بلا أمل,sadness
1470,أشعر بالخوف في هذه الأيام من الوحدة,fear
1471,أتمنى لو أن بالرعب يمكن أن من المجهول,fear
1472,أشعر بالغضب في هذه الأيام من الناس,anger
1473,علاقتي مع بالسخط أصبحت من المعاملة,anger
1474,أشعر بالوحدة في هذه الأيام في الظلام,sadness
1475,أحاول أن بالغضب الشديد ولكن من المعاملة,anger
1476,بالاكتئاب أصبح يسيطر على حياتي دون أحد,sadness
1477,أشعر بالقلق الدائم في هذه الأيام من المستقبل,anxiety
1478,أشعر بالحزن العميق في هذه الأيام دون أحد,sadness
1479,في الأوقات الصعبة بالفزع أشعر من المجهول,fear
1480,لا أستطيع بالاكتئاب بسبب في الظلام,sadness
1481,أشعر باليأس في هذه الأيام وحدي,sadness
1482,أتمنى لو أن بالغيظ يمكن أن من الوضع,anger
1483,كل يوم بالفزع وأنا من المجهول,fear
1484,علاقتي مع بالغضب أصبحت من الحياة,anger
1485,في الأوقات الصعبة بالرعب أشعر من الموت,fear
1486,أعاني من بالحزن منذ مدة ضائعاً,sadness
1487,أحاول أن بالغيظ ولكن من الوضع,anger
1488,كل يوم بالغيظ وأنا من الناس,anger
1489,أحاول أن باليأس ولكن دون أحد,sadness
1490,باليأس أصبح يسيطر على حياتي دون أحد,sadness
1491,باليأس يؤثر على وحدي,sadness
1492,علاقتي مع بالرعب أصبحت من الموت,fear
1493,بالاكتئاب يؤثر على في الظلام,sadness
1494,أحاول أن بالرهاب ولكن من المرض,fear
1495,أحاول أن بالرعب ولكن من التحديات,anxiety
1496,لا أستطيع بالغضب بسبب من الحياة,anger
1497,بالحزن العميق يؤثر على في الظلام,sadness
1498,بالسخط أصبح يسيطر على حياتي من الحياة,anger
1499,علاقتي مع بالحزن أصبحت دون أحد,sadness
1500,بالقلق الدائم يؤثر على من الفشل,anxiety
1501,بالاستياء يؤثر على من الناس,anger
1502,علاقتي مع بالقلق الدائم أصبحت من الفشل,anxiety
1503,في الأوقات الصعبة بالغضب الشديد أشعر من المعاملة,anger
1504,أشعر بالخوف في هذه الأيام من المجهول,fear
1505,أشعر بالخوف في هذه الأيام من المجهول,anxiety
1506,أحاول أن بالغيظ ولكن من الحياة,anger
1507,لا أستطيع بالرعب بسبب من المستقبل,anxiety
1508,بالرعب يؤثر على من الناس,anxiety
1509,علاقتي مع بالخوف الشديد أصبحت من الموت,fear
1510,أعاني من بالوحدة منذ مدة في الظلام,sadness
1511,أعاني من بالخوف الشديد منذ مدة من المجهول,fear
1512,كل يوم بالقلق وأنا من المستقبل,anxiety
1513,في الأوقات الصعبة بالخوف أشعر من المرض,fear
1514,علاقتي مع بالسخط أصبحت من المعاملة,anger
1515,أحاول أن بالسخط ولكن من الظلم,anger
1516,علاقتي مع بالرهاب أصبحت من المرض,fear
1517,علاقتي مع بالغيظ أصبحت من الوضع,anger
1518,أشعر بالهلع في هذه الأيام من المجهول,anxiety
1519,أشعر بالغيظ في هذه الأيام من الوضع,anger
1520,في الأوقات الصعبة بالسخط أشعر من الظلم,anger
1521,بالهلع يؤثر على من المستقبل,anxiety
1522,علاقتي مع بالاستياء أصبحت من الوضع,anger
1523,بالحزن يؤثر على دون أحد,sadness
1524,بالوحدة أصبح يسيطر على حياتي دون أحد,sadness
1525,علاقتي مع بالاكتئاب أصبحت دون أحد,sadness
1526,لا أستطيع بالاكتئاب بسبب وحدي,sadness
1527,علاقتي مع بالغضب أصبحت من المعاملة,anger
1528,أتمنى لو أن بالفزع يمكن أن من الوحدة,fear
1529,أتمنى لو أن بالخوف الشديد يمكن أن من الموت,fear
1530,أتمنى لو أن بالغيظ يمكن أن من الظلم,anger
1531,في الأوقات الصعبة بالقلق الدائم أشعر من الناس,anxiety
1532,أعاني من بالهلع منذ مدة من الناس,anxiety
1533,في الأوقات الصعبة بالاستياء أشعر من الظلم,anger
1534,علاقتي مع بالهلع أصبحت من المستقبل,anxiety
1535,أشعر بالهلع في هذه الأيام من الناس,anxiety
1536,كل يوم بالرهاب وأنا من الفشل,fear
1537,أعاني من بالهلع منذ مدة من المستقبل,anxiety
1538,بالغيظ يؤثر على من الناس,anger
1539,أتمنى لو أن بالغضب يمكن أن من الحياة,anger
1540,بالخوف يؤثر على من الفشل,anxiety
1541,أشعر بالاكتئاب في هذه الأيام بلا أمل,sadness
1542,أتمنى لو أن بالحزن يمكن أن في الظلام,sadness
1543,في الأوقات الصعبة بالسخط أشعر من الناس,anger
1544,بالرعب أصبح يسيطر على حياتي من الوحدة,fear
1545,بالغيظ أصبح يسيطر على حياتي من الوضع,anger
1546,بالسخط أصبح يسيطر على حياتي من الوضع,anger
1547,لا أستطيع بالخوف الشديد بسبب من الوحدة,fear
1548,علاقتي مع بالاستياء أصبحت من الظلم,anger
1549,بالهلع يؤثر على من المستقبل,anxiety
1550,بالغضب يؤثر على من الظلم,anger
1551,أحاول أن بالغضب الشديد ولكن من الظلم,anger
1552,باليأس يؤثر على ضائعاً,sadness
1553,أتمنى لو أن بالحزن العميق يمكن أن وحدي,sadness
1554,في الأوقات الصعبة بالرعب أشعر من المجهول,anxiety
1555,أتمنى لو أن بالرعب يمكن أن من الوحدة,fear
1556,أشعر بالخوف في هذه الأيام من الموت,fear
1557,علاقتي مع بالخوف أصبحت من الفشل,fear
1558,أتمنى لو أن بالخوف يمكن أن من الوحدة,fear
1559,بالرعب يؤثر على من المجهول,anxiety
1560,كل يوم بالحزن العميق وأنا وحدي,sadness
1561,لا أستطيع بالرهاب بسبب من المجهول,fear
1562,في الأوقات الصعبة بالرعب أشعر من المستقبل,anxiety
1563,بالاستياء يؤثر على من الوضع,anger
1564,أحاول أن بالحزن ولكن في الظلام,sadness
1565,في الأوقات الصعبة بالاستياء أشعر من الظلم,anger
1566,أتمنى لو أن بالاستياء يمكن أن من الناس,anger
1567,بالخوف أصبح يسيطر على حياتي من الوحدة,fear
1568,لا أستطيع بالفزع بسبب من الوحدة,fear
1569,علاقتي مع بالقلق الدائم أصبحت من التحديات,anxiety
1570,أحاول أن بالاستياء ولكن من الناس,anger
1571,أعاني من بالرهاب منذ مدة من المجهول,fear
1572,أعاني من بالاستياء منذ مدة من الظلم,anger
1573,أعاني من بالقلق منذ مدة من الناس,anxiety
1574,بالاستياء يؤثر على من الحياة,anger
1575,أحاول أن بالرعب ولكن من المستقبل,anxiety
1576,لا أستطيع بالغضب الشديد بسبب من الناس,anger
1577,أحاول أن بالحزن ولكن في الظلام,sadness
1578,بالسخط أصبح يسيطر على حياتي من الحياة,anger
1579,كل يوم بالسخط وأنا من المعاملة,anger
1580,بالوحدة يؤثر على بلا أمل,sadness
1581,بالرعب أصبح يسيطر على حياتي من المستقبل,anxiety
1582,أتمنى لو أن بالقلق الدائم يمكن أن من التحديات,anxiety
1583,أشعر بالرهاب في هذه الأيام من المرض,fear
1584,لا أستطيع بالرعب بسبب من المجهول,fear
1585,في الأوقات الصعبة بالحزن أشعر في الظلام,sadness
1586,كل يوم بالرهاب وأنا من الفشل,fear
1587,بالوحدة أصبح يسيطر على حياتي في الظلام,sadness
1588,بالرعب يؤثر على من الفشل,anxiety
1589,في الأوقات الصعبة بالحزن العميق أشعر وحدي,sadness
1590,بالهلع أصبح يسيطر على حياتي من التحديات,anxiety
1591,أعاني من بالرعب منذ مدة من الفشل,fear
1592,كل يوم بالفزع وأنا من الوحدة,fear
1593,بالقلق الدائم يؤثر على من الفشل,anxiety
1594,في الأوقات الصعبة بالخوف الشديد أشعر من الموت,fear
1595,بالخوف يؤثر على من الفشل,anxiety
1596,كل يوم بالحزن العميق وأنا ضائعاً,sadness
1597,لا أستطيع بالوحدة بسبب بلا أمل,sadness
1598,لا أستطيع بالرعب بسبب من المجهول,fear
1599,علاقتي مع بالرهاب أصبحت من الوحدة,fear
1600,علاقتي مع باليأس أصبحت بلا أمل,sadness
1601,في الأوقات الصعبة باليأس أشعر بلا أمل,sadness
1602,في الأوقات الصعبة بالحزن أشعر في الظلام,sadness
1603,علاقتي مع بالحزن العميق أصبحت دون أحد,sadness
1604,كل يوم بالرهاب وأنا من الفشل,fear
1605,أتمنى لو أن بالوحدة يمكن أن وحدي,sadness
1606,كل يوم بالغضب وأنا من الوضع,anger
1607,أحاول أن بالحزن ولكن دون أحد,sadness
1608,أحاول أن بالقلق ولكن من الفشل,anxiety
1609,أعاني من بالهلع منذ مدة من التحديات,anxiety
1610,أحاول أن بالوحدة ولكن بلا أمل,sadness
1611,علاقتي مع بالهلع أصبحت من المستقبل,anxiety
1612,لا أستطيع بالغضب الشديد بسبب من المعاملة,anger
1613,علاقتي مع بالفزع أصبحت من المرض,fear
1614,كل يوم بالهلع وأنا من المجهول,anxiety
1615,في الأوقات الصعبة بالسخط أشعر من الوضع,anger
1616,بالغضب أصبح يسيطر على حياتي من المعاملة,anger
1617,لا أستطيع بالفزع بسبب من المرض,fear
1618,علاقتي مع بالغضب أصبحت من الظلم,anger
1619,بالاكتئاب يؤثر على ضائعاً,sadness
1620,لا أستطيع بالفزع بسبب من المرض,fear
1621,علاقتي مع بالخوف أصبحت من المستقبل,anxiety
1622,بالرعب أصبح يسيطر على حياتي من المرض,fear
1623,باليأس يؤثر على ضائعاً,sadness
1624,أشعر بالاكتئاب في هذه الأيام بلا أمل,sadness
1625,أحاول أن بالهلع ولكن من المستقبل,anxiety
1626,لا أستطيع بالحزن العميق بسبب وحدي,sadness
1627,في الأوقات الصعبة بالخوف أشعر من الفشل,fear
1628,لا أستطيع بالفزع بسبب من المرض,fear
1629,كل يوم بالحزن العميق وأنا في الظلام,sadness
1630,لا أستطيع بالرعب بسبب من الموت,fear
1631,لا أستطيع بالرعب بسبب من المجهول,fear
1632,علاقتي مع بالرعب أصبحت من المرض,fear
1633,في الأوقات الصعبة بالحزن العميق أشعر وحدي,sadness
1634,لا أستطيع بالغيظ بسبب من الظلم,anger
1635,أشعر بالرعب في هذه الأيام من المستقبل,anxiety
1636,أعاني من بالخوف منذ مدة من المجهول,anxiety
1637,لا أستطيع بالرعب بسبب من الفشل,fear
1638,أشعر بالقلق في هذه الأيام من الفشل,anxiety
1639,في الأوقات الصعبة بالغيظ أشعر من الوضع,anger
1640,في الأوقات الصعبة بالرهاب أشعر من الوحدة,fear
1641,أتمنى لو أن بالحزن يمكن أن بلا أمل,sadness
1642,أشعر بالقلق الدائم في هذه الأيام من المستقبل,anxiety
1643,كل يوم بالخوف وأنا من الفشل,fear
1644,علاقتي مع بالخوف الشديد أصبحت من المجهول,fear
1645,أتمنى لو أن بالهلع يمكن أن من الناس,anxiety
1646,أتمنى لو أن باليأس يمكن أن وحدي,sadness
1647,في الأوقات الصعبة بالغضب أشعر من الظلم,anger
1648,علاقتي مع بالخوف أصبحت من المجهول,anxiety
1649,لا أستطيع بالاستياء بسبب من الوضع,anger
1650,باليأس أصبح يسيطر على حياتي ضائعاً,sadness
1651,بالغضب يؤثر على من المعاملة,anger
1652,بالحزن أصبح يسيطر على حياتي في الظلام,sadness
1653,بالغضب الشديد يؤثر على من الناس,anger
1654,أعاني من بالغضب منذ مدة من الظلم,anger
1655,لا أستطيع بالرعب بسبب من المرض,fear
1656,أشعر بالرعب في هذه الأيام من المرض,fear
1657,كل يوم بالخوف الشديد وأنا من المجهول,fear
1658,كل يوم بالفزع وأنا من الموت,fear
1659,أعاني من بالغيظ منذ مدة من الحياة,anger
1660,بالغضب أصبح يسيطر على حياتي من الوضع,anger
1661,كل يوم بالغضب الشديد وأنا من المعاملة,anger
1662,علاقتي مع باليأس أصبحت ضائعاً,sadness
1663,بالحزن أصبح يسيطر على حياتي ضائعاً,sadness
1664,أحاول أن بالاكتئاب ولكن بلا أمل,sadness
1665,أحاول أن بالخوف ولكن من الناس,anxiety
1666,علاقتي مع بالغضب أصبحت من الناس,anger
1667,أشعر بالرهاب في هذه الأيام من الفشل,fear
1668,في الأوقات الصعبة بالوحدة أشعر وحدي,sadness
1669,بالهلع يؤثر على من المجهول,anxiety
1670,أحاول أن بالرهاب ولكن من الفشل,fear
1671,بالغيظ أصبح يسيطر على حياتي من الوضع,anger
1672,أشعر باليأس في هذه الأيام بلا أمل,sadness
1673,كل يوم بالهلع وأنا من الفشل,anxiety
1674,لا أستطيع بالرعب بسبب من المستقبل,anxiety
1675,في الأوقات الصعبة بالاستياء أشعر من الناس,anger
1676,أعاني من بالغضب الشديد منذ مدة من الوضع,anger
1677,كل يوم بالاستياء وأنا من الوضع,anger
1678,لا أستطيع بالغيظ بسبب من الناس,anger
1679,أشعر بالرعب في هذه الأيام من المرض,fear
1680,أعاني من بالفزع منذ مدة من المجهول,fear
1681,بالغضب أصبح يسيطر على حياتي من الحياة,anger
1682,علاقتي مع بالغضب الشديد أصبحت من الحياة,anger
1683,كل يوم بالحزن وأنا وحدي,sadness
1684,أعاني من بالغضب الشديد منذ مدة من الحياة,anger
1685,أتمنى لو أن بالخوف يمكن أن من الفشل,anxiety
1686,بالحزن العميق أصبح يسيطر على حياتي في الظلام,sadness
1687,أشعر بالقلق الدائم في هذه الأيام من الفشل,anxiety
1688,أتمنى لو أن بالحزن العميق يمكن أن وحدي,sadness
1689,أتمنى لو أن بالخوف يمكن أن من الفشل,fear
1690,كل يوم بالقلق الدائم وأنا من المجهول,anxiety
1691,بالاكتئاب يؤثر على بلا أمل,sadness
1692,بالقلق أصبح يسيطر على حياتي من الناس,anxiety
1693,أشعر بالغيظ في هذه الأيام من المعاملة,anger
1694,بالغضب الشديد أصبح يسيطر على حياتي من الظلم,anger
1695,في الأوقات الصعبة باليأس أشعر دون أحد,sadness
1696,علاقتي مع بالخوف أصبحت من المرض,fear
1697,أشعر بالحزن في هذه الأيام في الظلام,sadness
1698,بالغضب أصبح يسيطر على حياتي من الناس,anger
1699,في الأوقات الصعبة بالخوف أشعر من المرض,fear
1700,أحاول أن بالقلق الدائم ولكن من المستقبل,anxiety
1701,كل يوم بالخوف الشديد وأنا من الفشل,fear
1702,لا أستطيع بالغيظ بسبب من الناس,anger
1703,علاقتي مع بالفزع أصبحت من الوحدة,fear
1704,أشعر باليأس في هذه الأيام في الظلام,sadness
1705,بالخوف الشديد يؤثر على من الموت,fear
1706,أعاني من بالخوف الشديد منذ مدة من الفشل,fear
1707,كل يوم بالسخط وأنا من الظلم,anger
1708,بالرعب أصبح يسيطر على حياتي من التحديات,anxiety
1709,في الأوقات الصعبة باليأس أشعر وحدي,sadness
1710,كل يوم بالخوف الشديد وأنا من المجهول,fear
1711,علاقتي مع باليأس أصبحت في الظلام,sadness
1712,علاقتي مع بالرعب أصبحت من المجهول,anxiety
1713,علاقتي مع بالفزع أصبحت من المجهول,fear
1714,في الأوقات الصعبة بالغضب الشديد أشعر من الوضع,anger
1715,أعاني من بالوحدة منذ مدة دون أحد,sadness
1716,في الأوقات الصعبة بالخوف أشعر من المجهول,anxiety
1717,أشعر بالقلق في هذه الأيام من المجهول,anxiety
1718,بالرهاب يؤثر على من الوحدة,fear
1719,علاقتي مع بالخوف أصبحت من الفشل,anxiety
1720,لا أستطيع بالحزن بسبب ضائعاً,sadness
1721,أشعر بالخوف في هذه الأيام من المرض,fear
1722,علاقتي مع بالغضب الشديد أصبحت من الحياة,anger
1723,كل يوم بالوحدة وأنا ضائعاً,sadness
1724,علاقتي مع بالاستياء أصبحت من المعاملة,anger
1725,لا أستطيع بالاكتئاب بسبب بلا أمل,sadness
1726,بالغيظ أصبح يسيطر على حياتي من المعاملة,anger
1727,في الأوقات الصعبة بالقلق الدائم أشعر من الفشل,anxiety
1728,لا أستطيع بالقلق بسبب من المجهول,anxiety
1729,أحاول أن بالغضب الشديد ولكن من الوضع,anger
1730,أعاني من بالقلق منذ مدة من المجهول,anxiety
1731,في الأوقات الصعبة بالقلق الدائم أشعر من المستقبل,anxiety
1732,بالخوف أصبح يسيطر على حياتي من المستقبل,anxiety
1733,علاقتي مع بالهلع أصبحت من التحديات,anxiety
1734,لا أستطيع بالسخط بسبب من المعاملة,anger
1735,كل يوم بالخوف الشديد وأنا من المرض,fear
1736,أشعر بالغضب في هذه الأيام من الظلم,anger
1737,علاقتي مع بالقلق أصبحت من الناس,anxiety
1738,أشعر بالحزن في هذه الأيام دون أحد,sadness
1739,كل يوم بالقلق الدائم وأنا من المجهول,anxiety
1740,أحاول أن باليأس ولكن في الظلام,sadness
1741,بالغضب الشديد أصبح يسيطر على حياتي من الظلم,anger
1742,لا أستطيع بالهلع بسبب من الناس,anxiety
1743,أحاول أن بالرعب ولكن من المجهول,anxiety
1744,لا أستطيع بالخوف الشديد بسبب من المرض,fear
1745,في الأوقات الصعبة بالفزع أشعر من الموت,fear
1746,علاقتي مع باليأس أصبحت في الظلام,sadness
1747,أتمنى لو أن بالحزن يمكن أن بلا أمل,sadness
1748,كل يوم بالغضب وأنا من الوضع,anger
1749,بالسخط يؤثر على من الظلم,anger
1750,أعاني من بالفزع منذ مدة من الفشل,fear
1751,أعاني من بالخوف منذ مدة من الموت,fear
1752,بالخوف أصبح يسيطر على حياتي من التحديات,anxiety
1753,بالحزن العميق أصبح يسيطر على حياتي ضائعاً,sadness
1754,بالخوف يؤثر على من الموت,fear
1755,بالرعب يؤثر على من الفشل,anxiety
1756,بالغضب الشديد أصبح يسيطر على حياتي من الحياة,anger
1757,في الأوقات الصعبة بالسخط أشعر من الظلم,anger
1758,أشعر بالوحدة في هذه الأيام ضائعاً,sadness
1759,أتمنى لو أن بالفزع يمكن أن من الوحدة,fear
1760,أشعر بالفزع في هذه الأيام من المرض,fear
1761,بالغضب يؤثر على من المعاملة,anger
1762,علاقتي مع بالخوف الشديد أصبحت من الموت,fear
1763,بالغضب أصبح يسيطر على حياتي من الحياة,anger
1764,بالاستياء يؤثر على من الحياة,anger
1765,في الأوقات الصعبة بالرعب أشعر من الناس,anxiety
1766,أعاني من بالاكتئاب منذ مدة وحدي,sadness
1767,كل يوم بالخوف وأنا من الموت,fear
1768,بالغيظ يؤثر على من الوضع,anger
1769,أحاول أن بالغضب الشديد ولكن من الظلم,anger
1770,بالحزن أصبح يسيطر على حياتي ضائعاً,sadness
1771,أشعر بالخوف في هذه الأيام من المرض,fear
1772,أتمنى لو أن بالغيظ يمكن أن من المعاملة,anger
1773,أتمنى لو أن بالرعب يمكن أن من التحديات,anxiety
1774,أشعر بالغضب في هذه الأيام من الناس,anger
1775,كل يوم بالاكتئاب وأنا ضائعاً,sadness
1776,باليأس يؤثر على ضائعاً,sadness
1777,بالخوف الشديد يؤثر على من المرض,fear
1778,علاقتي مع باليأس أصبحت ضائعاً,sadness
1779,أعاني من بالحزن العميق منذ مدة ضائعاً,sadness
1780,أتمنى لو أن بالقلق يمكن أن من المجهول,anxiety
1781,كل يوم بالغضب الشديد وأنا من الناس,anger
1782,كل يوم بالغضب وأنا من الظلم,anger
1783,أتمنى لو أن بالفزع يمكن أن من الموت,fear
1784,أشعر بالخوف في هذه الأيام من الفشل,anxiety
1785,علاقتي مع بالرعب أصبحت من المجهول,fear
1786,بالهلع أصبح يسيطر على حياتي من المستقبل,anxiety
1787,كل يوم بالحزن وأنا بلا أمل,sadness
1788,بالغيظ يؤثر على من الظلم,anger
1789,كل يوم بالاستياء وأنا من الناس,anger
1790,في الأوقات الصعبة بالرعب أشعر من الفشل,fear
1791,أتمنى لو أن بالخوف يمكن أن من المجهول,anxiety
1792,أتمنى لو أن بالخوف يمكن أن من المرض,fear
1793,أحاول أن بالوحدة ولكن ضائعاً,sadness
1794,في الأوقات الصعبة بالرهاب أشعر من الموت,fear
1795,أحاول أن بالخوف ولكن من المستقبل,anxiety
1796,في الأوقات الصعبة بالخوف أشعر من المرض,fear
1797,أشعر بالاستياء في هذه الأيام من الناس,anger
1798,بالغضب أصبح يسيطر على حياتي من الحياة,anger
1799,علاقتي مع بالرعب أصبحت من المستقبل,anxiety
1800,في الأوقات الصعبة بالقلق الدائم أشعر من التحديات,anxiety
1801,في الأوقات الصعبة بالاكتئاب أشعر ضائعاً,sadness
1802,أشعر بالوحدة في هذه الأيام وحدي,sadness
1803,كل يوم بالحزن وأنا ضائعاً,sadness
1804,لا أستطيع بالرعب بسبب من الفشل,anxiety
1805,أحاول أن بالرعب ولكن من الناس,anxiety
1806,أتمنى لو أن بالاكتئاب يمكن أن في الظلام,sadness
1807,كل يوم بالاكتئاب وأنا في الظلام,sadness
1808,أحاول أن بالقلق ولكن من المستقبل,anxiety
1809,أتمنى لو أن بالاستياء يمكن أن من الظلم,anger
1810,أتمنى لو أن بالحزن العميق يمكن أن بلا أمل,sadness
1811,في الأوقات الصعبة بالحزن العميق أشعر دون أحد,sadness
1812,بالغضب أصبح يسيطر على حياتي من المعاملة,anger
1813,كل يوم بالحزن وأنا ضائعاً,sadness
1814,كل يوم باليأس وأنا ضائعاً,sadness
1815,في الأوقات الصعبة بالغيظ أشعر من الظلم,anger
1816,أعاني من بالوحدة منذ مدة بلا أمل,sadness
1817,علاقتي مع بالخوف الشديد أصبحت من المجهول,fear
1818,أحاول أن بالاكتئاب ولكن ضائعاً,sadness
1819,علاقتي مع بالغضب الشديد أصبحت من الظلم,anger
1820,أتمنى لو أن باليأس يمكن أن بلا أمل,sadness
1821,بالحزن يؤثر على دون أحد,sadness
1822,أحاول أن بالرعب ولكن من الموت,fear
1823,أشعر بالرعب في هذه الأيام من المجهول,anxiety
1824,علاقتي مع بالحزن أصبحت في الظلام,sadness
1825,بالرعب يؤثر على من المجهول,anxiety
1826,أحاول أن بالهلع ولكن من المجهول,anxiety
1827,لا أستطيع بالقلق بسبب من المجهول,anxiety
1828,كل يوم بالخوف الشديد وأنا من الوحدة,fear
1829,أعاني من بالقلق الدائم منذ مدة من المستقبل,anxiety
1830,علاقتي مع بالغيظ أصبحت من الناس,anger
1831,أشعر بالغيظ في هذه الأيام من الظلم,anger
1832,كل يوم بالاكتئاب وأنا دون أحد,sadness
1833,لا أستطيع بالسخط بسبب من المعاملة,anger
1834,أعاني من بالخوف منذ مدة من المستقبل,anxiety
1835,أعاني من بالاستياء منذ مدة من المعاملة,anger
1836,أحاول أن بالوحدة ولكن وحدي,sadness
1837,في الأوقات الصعبة بالرعب أشعر من المستقبل,anxiety
1838,في الأوقات الصعبة بالرعب أشعر من المجهول,fear
1839,كل يوم بالرعب وأنا من الفشل,anxiety
1840,أتمنى لو أن بالاستياء يمكن أن من الناس,anger
1841,بالقلق الدائم أصبح يسيطر على حياتي من المجهول,anxiety
1842,علاقتي مع بالفزع أصبحت من الفشل,fear
1843,أشعر بالحزن في هذه الأيام دون أحد,sadness
1844,بالخوف الشديد أصبح يسيطر على حياتي من المجهول,fear
1845,بالوحدة يؤثر على دون أحد,sadness
1846,أحاول أن بالوحدة ولكن دون أحد,sadness
1847,في الأوقات الصعبة بالغضب أشعر من المعاملة,anger
1848,أتمنى لو أن بالاستياء يمكن أن من المعاملة,anger
1849,أعاني من بالخوف منذ مدة من الفشل,anxiety
1850,في الأوقات الصعبة بالسخط أشعر من المعاملة,anger
1851,أتمنى لو أن بالحزن العميق يمكن أن بلا أمل,sadness
1852,أعاني من بالغضب منذ مدة من المعاملة,anger
1853,أشعر بالخوف في هذه الأيام من الفشل,fear
1854,أحاول أن بالخوف الشديد ولكن من الوحدة,fear
1855,بالهلع يؤثر على من المستقبل,anxiety
1856,أتمنى لو أن بالرهاب يمكن أن من الوحدة,fear
1857,بالهلع يؤثر على من المستقبل,anxiety
1858,لا أستطيع بالرهاب بسبب من الفشل,fear
1859,أشعر بالخوف الشديد في هذه الأيام من الموت,fear
1860,أتمنى لو أن بالوحدة يمكن أن ضائعاً,sadness
1861,أحاول أن بالغيظ ولكن من الظلم,anger
1862,علاقتي مع بالرهاب أصبحت من المرض,fear
1863,بالاكتئاب يؤثر على وحدي,sadness
1864,بالغيظ يؤثر على من الناس,anger
1865,أشعر بالخوف في هذه الأيام من الفشل,fear
1866,أتمنى لو أن بالخوف الشديد يمكن أن من الوحدة,fear
1867,بالقلق الدائم يؤثر على من الفشل,anxiety
1868,أعاني من بالحزن منذ مدة وحدي,sadness
1869,أعاني من بالغضب منذ مدة من الناس,anger
1870,كل يوم بالغضب وأنا من الحياة,anger
1871,بالقلق أصبح يسيطر على حياتي من التحديات,anxiety
1872,أحاول أن بالغضب الشديد ولكن من الوضع,anger
1873,علاقتي مع بالغيظ أصبحت من الناس,anger
1874,كل يوم بالخوف وأنا من الفشل,fear
1875,أشعر بالفزع في هذه الأيام من الموت,fear
1876,في الأوقات الصعبة بالخوف أشعر من الفشل,fear
1877,لا أستطيع بالرهاب بسبب من الوحدة,fear
1878,علاقتي مع بالفزع أصبحت من الفشل,fear
1879,أشعر بالرهاب في هذه الأيام من المجهول,fear
1880,بالاكتئاب يؤثر على دون أحد,sadness
1881,أتمنى لو أن بالسخط يمكن أن من الحياة,anger
1882,في الأوقات الصعبة بالحزن أشعر ضائعاً,sadness
1883,كل يوم بالخوف وأنا من الناس,anxiety
1884,كل يوم بالقلق وأنا من المجهول,anxiety
1885,أعاني من بالحزن العميق منذ مدة بلا أمل,sadness
1886,كل يوم بالقلق وأنا من المستقبل,anxiety
1887,كل يوم بالوحدة وأنا ضائعاً,sadness
1888,علاقتي مع بالقلق الدائم أصبحت من الناس,anxiety
1889,كل يوم بالخوف وأنا من الوحدة,fear
1890,بالخوف يؤثر على من المرض,fear
1891,أعاني من بالقلق الدائم منذ مدة من المستقبل,anxiety
1892,أحاول أن بالاستياء ولكن من الظلم,anger
1893,علاقتي مع بالرعب أصبحت من المجهول,fear
1894,أحاول أن بالرعب ولكن من الفشل,anxiety
1895,كل يوم بالهلع وأنا من المستقبل,anxiety
1896,لا أستطيع بالقلق بسبب من الناس,anxiety
1897,كل يوم بالخوف وأنا من المجهول,anxiety
1898,في الأوقات الصعبة بالغيظ أشعر من الحياة,anger
1899,أشعر بالاكتئاب في هذه الأيام وحدي,sadness
1900,كل يوم بالسخط وأنا من المعاملة,anger
1901,أعاني من بالرهاب منذ مدة من الوحدة,fear
1902,أعاني من بالرعب منذ مدة من الموت,fear
1903,أتمنى لو أن بالخوف يمكن أن من الفشل,anxiety
1904,أحاول أن بالقلق ولكن من المستقبل,anxiety
1905,أتمنى لو أن بالغضب الشديد يمكن أن من الوضع,anger
1906,أتمنى لو أن بالخوف الشديد يمكن أن من الفشل,fear
1907,في الأوقات الصعبة بالرهاب أشعر من الوحدة,fear
1908,بالرعب يؤثر على من الموت,fear
1909,أشعر بالقلق في هذه الأيام من المستقبل,anxiety
1910,أحاول أن بالسخط ولكن من الحياة,anger
1911,أعاني من بالقلق الدائم منذ مدة من التحديات,anxiety
1912,أحاول أن بالرعب ولكن من التحديات,anxiety
1913,بالغضب الشديد أصبح يسيطر على حياتي من الناس,anger
1914,أحاول أن بالاستياء ولكن من الناس,anger
1915,أعاني من بالقلق منذ مدة من الناس,anxiety
1916,بالحزن أصبح يسيطر على حياتي في الظلام,sadness
1917,بالسخط أصبح يسيطر على حياتي من الحياة,anger
1918,أتمنى لو أن بالفزع يمكن أن من الفشل,fear
1919,أعاني من بالوحدة منذ مدة في الظلام,sadness
1920,في الأوقات الصعبة بالقلق أشعر من الناس,anxiety
1921,أشعر بالغيظ في هذه الأيام من الوضع,anger
1922,أشعر بالاستياء في هذه الأيام من الناس,anger
1923,أتمنى لو أن بالحزن يمكن أن دون أحد,sadness
1924,أتمنى لو أن بالقلق يمكن أن من الفشل,anxiety
1925,كل يوم بالرعب وأنا من الناس,anxiety
1926,أحاول أن بالهلع ولكن من التحديات,anxiety
1927,في الأوقات الصعبة بالغضب أشعر من الحياة,anger
1928,بالقلق الدائم يؤثر على من التحديات,anxiety
1929,أحاول أن بالغضب الشديد ولكن من الناس,anger
1930,أتمنى لو أن بالوحدة يمكن أن ضائعاً,sadness
1931,بالفزع يؤثر على من الوحدة,fear
1932,بالخوف الشديد يؤثر على من الفشل,fear
1933,بالهلع يؤثر على من الناس,anxiety
1934,باليأس أصبح يسيطر على حياتي دون أحد,sadness
1935,أعاني من بالغضب منذ مدة من الظلم,anger
1936,لا أستطيع بالاكتئاب بسبب ضائعاً,sadness
1937,بالقلق الدائم أصبح يسيطر على حياتي من التحديات,anxiety
1938,في الأوقات الصعبة بالاكتئاب أشعر بلا أمل,sadness
1939,أتمنى لو أن بالرهاب يمكن أن من الموت,fear
1940,في الأوقات الصعبة بالرعب أشعر من المرض,fear
1941,أعاني من بالحزن العميق منذ مدة دون أحد,sadness
1942,أتمنى لو أن بالحزن يمكن أن دون أحد,sadness
1943,أحاول أن بالغيظ ولكن من المعاملة,anger
1944,علاقتي مع بالخوف أصبحت من الفشل,fear
1945,كل يوم بالخوف الشديد وأنا من الفشل,fear
1946,لا أستطيع بالرهاب بسبب من الوحدة,fear
1947,بالحزن العميق أصبح يسيطر على حياتي دون أحد,sadness
1948,بالغيظ يؤثر على من المعاملة,anger
1949,أعاني من بالغضب منذ مدة من الناس,anger
1950,كل يوم بالغيظ وأنا من الوضع,anger
1951,علاقتي مع بالرعب أصبحت من الفشل,fear
1952,أعاني من بالرهاب منذ مدة من المرض,fear
1953,علاقتي مع بالرهاب أصبحت من المجهول,fear
1954,كل يوم بالاكتئاب وأنا في الظلام,sadness
1955,لا أستطيع بالوحدة بسبب بلا أمل,sadness
1956,كل يوم بالسخط وأنا من الوضع,anger
1957,لا أستطيع بالخوف بسبب من الفشل,anxiety
1958,أتمنى لو أن بالاستياء يمكن أن من الظلم,anger
1959,أعاني من بالخوف منذ مدة من التحديات,anxiety
1960,بالسخط يؤثر على من الحياة,anger
1961,في الأوقات الصعبة بالاستياء أشعر من الوضع,anger
1962,بالقلق يؤثر على من الفشل,anxiety
1963,أعاني من بالحزن العميق منذ مدة دون أحد,sadness
1964,أشعر بالغضب في هذه الأيام من الناس,anger
1965,في الأوقات الصعبة بالخوف أشعر من المرض,fear
1966,بالرهاب يؤثر على من الوحدة,fear
1967,أحاول أن بالغضب الشديد ولكن من الوضع,anger
1968,أتمنى لو أن بالحزن العميق يمكن أن في الظلام,sadness
1969,علاقتي مع بالحزن العميق أصبحت وحدي,sadness
1970,أعاني من بالحزن منذ مدة دون أحد,sadness
1971,أحاول أن بالخوف ولكن من المجهول,anxiety
1972,لا أستطيع بالاستياء بسبب من الظلم,anger
1973,أعاني من بالغضب منذ مدة من المعاملة,anger
1974,كل يوم باليأس وأنا وحدي,sadness
1975,بالاكتئاب يؤثر على بلا أمل,sadness
1976,في الأوقات الصعبة بالخوف الشديد أشعر من الفشل,fear
1977,أشعر بالرعب في هذه الأيام من التحديات,anxiety
1978,أحاول أن بالقلق الدائم ولكن من الناس,anxiety
1979,لا أستطيع بالخوف بسبب من المجهول,anxiety
1980,أشعر بالخوف في هذه الأيام من المستقبل,anxiety
1981,بالغضب الشديد أصبح يسيطر على حياتي من المعاملة,anger
1982,لا أستطيع بالخوف الشديد بسبب من الموت,fear
1983,بالخوف أصبح يسيطر على حياتي من التحديات,anxiety
1984,أتمنى لو أن بالهلع يمكن أن من الفشل,anxiety
1985,أشعر بالفزع في هذه الأيام من الموت,fear
1986,في الأوقات الصعبة بالرعب أشعر من المجهول,anxiety
1987,أحاول أن باليأس ولكن ضائعاً,sadness
1988,في الأوقات الصعبة بالخوف الشديد أشعر من المرض,fear
1989,بالخوف يؤثر على من التحديات,anxiety
1990,بالاكتئاب أصبح يسيطر على حياتي في الظلام,sadness
1991,في الأوقات الصعبة بالحزن العميق أشعر في الظلام,sadness
1992,باليأس يؤثر على في الظلام,sadness
1993,بالقلق يؤثر على من الفشل,anxiety
1994,في الأوقات الصعبة بالخوف الشديد أشعر من الموت,fear
1995,لا أستطيع بالرعب بسبب من المجهول,anxiety
1996,بالوحدة يؤثر على دون أحد,sadness
1997,أحاول أن باليأس ولكن ضائعاً,sadness
1998,أعاني من بالغضب منذ مدة من الحياة,anger
1999,أشعر بالغيظ في هذه الأيام من الحياة,anger
