id,content,label
"2867eb80ea36,"": الرفاهيّة إلي عندك دي محتاجه إنك تفهم إنك رايح وترجع "
ومش لازم وعادي الدين والإسلام مش خلاص
ودي دوله 
ولو الالتزام جايبك خلاص فيها بضان كتير في البلد 
ولا وزير ولا ازعر ولا قرف
أسمع وارجع بيتك
مش أنت العاقل في٨وسطنا أكيد 
x.com/Mosalem97/stat
"…"",Disgust"
4a5783e6ab67,شفتها قرف مررررره بس ملابس وكذا تتغسل مو صاحين رسمي,Disgust
4a5783e6ab67,شفتها قرف مررررره بس ملابس وكذا تتغسل مو صاحين رسمي,Disgust
4a5783e6ab67,شفتها قرف مررررره بس ملابس وكذا تتغسل مو صاحين رسمي,Disgust
"7bf3a74e22f1,""فالذكر يعاني من قرف هذا الحرمان ولكن الامكانيات تخدمه، واسمع شكواهم: ابوي مايبغاني.. امي ماتبغاني.. حتى لو الموضوع فيه خير؟"

والعيال يزقّون على نظرة اهلهم، يتوكلون على الله.

اعمارهم فوق ٢٢+ قدهم رجال. 

وتعامل الاهل: طفلنا المدلل.

"يكبر نتيجة تعاملهم يزعلون منه: استرجل."",Disgust"
fc0bc7ae92ee,يا ابراهيم الناس بتحبك علشان انت ابن ناس ومتربي صح---انا اهلاوي والله وبقولك بلاش المنيسي ده بعد حركة مجلة الاهلى البذيئة دي--بلاش قرف خلينا نرتقى,Disgust
"7bf3a74e22f1,""فالذكر يعاني من قرف هذا الحرمان ولكن الامكانيات تخدمه، واسمع شكواهم: ابوي مايبغاني.. امي ماتبغاني.. حتى لو الموضوع فيه خير؟"

والعيال يزقّون على نظرة اهلهم، يتوكلون على الله.

اعمارهم فوق ٢٢+ قدهم رجال. 

وتعامل الاهل: طفلنا المدلل.

"يكبر نتيجة تعاملهم يزعلون منه: استرجل."",Disgust"
4a5783e6ab67,شفتها قرف مررررره بس ملابس وكذا تتغسل مو صاحين رسمي,Disgust
"7bf3a74e22f1,""فالذكر يعاني من قرف هذا الحرمان ولكن الامكانيات تخدمه، واسمع شكواهم: ابوي مايبغاني.. امي ماتبغاني.. حتى لو الموضوع فيه خير؟"

والعيال يزقّون على نظرة اهلهم، يتوكلون على الله.

اعمارهم فوق ٢٢+ قدهم رجال. 

وتعامل الاهل: طفلنا المدلل.

"يكبر نتيجة تعاملهم يزعلون منه: استرجل."",Disgust"
fc0bc7ae92ee,يا ابراهيم الناس بتحبك علشان انت ابن ناس ومتربي صح---انا اهلاوي والله وبقولك بلاش المنيسي ده بعد حركة مجلة الاهلى البذيئة دي--بلاش قرف خلينا نرتقى,Disgust
49c2f3354a7e,قرف وش ذا اللون,Disgust
"a0d7acaa5d98,""في اي لحظة ممكن اعبر فيها عن نفسي الحقيقة كما هي اتخيل كيف ممكن تتغير نظرات الاشخاص اللي يدعوا انهم يحبوني "
في لحظة انا الشخص اللطيف المحبب لهم وبمجرد مااقول انا ايش ممكن تنقلب الى اشمئزاز ونبذ وقرف 
"افكر جديًا اغير دائرتي الاجتماعية احتاج اشخاص يشبهوني"",Disgust"
"1814c60df01a,""من لهفة"
ألى أشمئزاز حاد! 
"صدقني إلى هذه الدرجة !"",Disgust"
"1814c60df01a,""من لهفة"
ألى أشمئزاز حاد! 
"صدقني إلى هذه الدرجة !"",Disgust"
"60f0e59804b1,""استغفر الرقابة وين الاعلام إلى أين ياااا رب شمسوين وهيج مبتلين بهيج نماذج دخيلك يا ربي "
لا والسياسين متونسين يطلعون والعالم متونس على الي جاي يصير عيب ! 
وين عمي بعض السياسين  والإعلامين وين يردون يوصلون وين !!!!
"محتوى هابط طبقوا عليهم لان فعلاً اشمئزاز وشيء مخجل"",Disgust"
"60f0e59804b1,""استغفر الرقابة وين الاعلام إلى أين ياااا رب شمسوين وهيج مبتلين بهيج نماذج دخيلك يا ربي "
لا والسياسين متونسين يطلعون والعالم متونس على الي جاي يصير عيب ! 
وين عمي بعض السياسين  والإعلامين وين يردون يوصلون وين !!!!
"محتوى هابط طبقوا عليهم لان فعلاً اشمئزاز وشيء مخجل"",Disgust"
e46c47582d01,سبحان الله الشخص اللي كنت اتمنى رساله منه قبل مدة من الزمان صار يرسل لي بكل لهفته، وانا اشوف واتجاهل بكل اشمئزاز.,Disgust
262b93c54c98,الوشم يجعل الناس يشبهون السحالي في جلودهم شيء مقرف جدآ ،الوشم ليس علامة جمال بل عبارة عن عفن,Disgust
"70b471b91b8d,""لتكون اختك هاي وانت العرصة تبعها ؟؟ "
"انا لما يجي حدى بدو يغلط علي لساني اطول منك يا قزم ،بس اما يجي واحد متل مقرف اكيد بدي ادعس بتمو انت ولي متلك ."",Disgust"
"70b471b91b8d,""لتكون اختك هاي وانت العرصة تبعها ؟؟ "
"انا لما يجي حدى بدو يغلط علي لساني اطول منك يا قزم ،بس اما يجي واحد متل مقرف اكيد بدي ادعس بتمو انت ولي متلك ."",Disgust"
81bad26794f9,تكفوننن تكفونننن اذا شفتو شي مقرف بتويتر لا تعلقون لا تسووون كت اعتقوني من المناظر ذي بلكوهم سوو بلاغ لكن لا تخلون غيركم يشوفففففففففففففففف,Disgust
81bad26794f9,تكفوننن تكفونننن اذا شفتو شي مقرف بتويتر لا تعلقون لا تسووون كت اعتقوني من المناظر ذي بلكوهم سوو بلاغ لكن لا تخلون غيركم يشوفففففففففففففففف,Disgust
f3f87c4b113f,انت انسان مقرف ليه ماتبلل انت ايك بلسانك,Disgust
f3f87c4b113f,انت انسان مقرف ليه ماتبلل انت ايك بلسانك,Disgust
"5927f47a8355,""انتصار للاراء مقرف جدًا و الضحية الفريق "

" #الأهلي"",Disgust"
"5927f47a8355,""انتصار للاراء مقرف جدًا و الضحية الفريق "

" #الأهلي"",Disgust"
fa4dca753601,ما احب زحمة الناس بحياتي ولا احب تعدد العلاقات مقرف انك تكون سبيل للرايح والجاي.,Disgust
fa4dca753601,ما احب زحمة الناس بحياتي ولا احب تعدد العلاقات مقرف انك تكون سبيل للرايح والجاي.,Disgust
c546f5291470,يشوفونا ساكتين عنهم.. صارلي موقف مع واحد منهم من الجنسية الشامية بحديقة تعشى هو واللي معه وخلصوا وتركوها والمنظر مقرف ومقزز رز-خبز وعلب ببسي وصوصات وعظام وطلبت منه يشيلها يقول الصباح يجي عامل النظافة واخذت واعطي معه لين وصلت للشيطان الرجيم وجاء الحارس وخلاه يشيلها غصب عنه,Disgust
c546f5291470,يشوفونا ساكتين عنهم.. صارلي موقف مع واحد منهم من الجنسية الشامية بحديقة تعشى هو واللي معه وخلصوا وتركوها والمنظر مقرف ومقزز رز-خبز وعلب ببسي وصوصات وعظام وطلبت منه يشيلها يقول الصباح يجي عامل النظافة واخذت واعطي معه لين وصلت للشيطان الرجيم وجاء الحارس وخلاه يشيلها غصب عنه,Disgust
088687d4a280,تضيع الفري ثرو مقرف مقرف,Disgust
088687d4a280,تضيع الفري ثرو مقرف مقرف,Disgust
89cc8fb807f8,نفسي ينظفون المسبح والله شكله مقرف  #كاريزما92,Disgust
89cc8fb807f8,نفسي ينظفون المسبح والله شكله مقرف  #كاريزما92,Disgust
d37eef5b051b,والله يالفهيد كنا مستبشرين خير فيما تقدم تعبنا من عفن الإعلام الرياضي وقلنا لعل وعسى تستمر وما تنجرف مع من سبقوك ولكن للاسف اصبحت مستفز بشكل مقرف,Disgust
d37eef5b051b,والله يالفهيد كنا مستبشرين خير فيما تقدم تعبنا من عفن الإعلام الرياضي وقلنا لعل وعسى تستمر وما تنجرف مع من سبقوك ولكن للاسف اصبحت مستفز بشكل مقرف,Disgust
"1cc086848e15,""فسيخي حاشر خشمه بين السعوديين ومتربي في زريبه قذره على اللفاظك هذي"
"مقرف"",Disgust"
"1cc086848e15,""فسيخي حاشر خشمه بين السعوديين ومتربي في زريبه قذره على اللفاظك هذي"
"مقرف"",Disgust"
"7cd7d08351a3,""اللون البنفسجي من اجمل الالوان وكان في السابق لون نادر وغالي الثمن, وبس الشخص اللي انتِ بتكرهيه يلبسه صار لون مقرف؟؟ والله محدا مقرف غيرك يا فحبة"",Disgust"
"7cd7d08351a3,""اللون البنفسجي من اجمل الالوان وكان في السابق لون نادر وغالي الثمن, وبس الشخص اللي انتِ بتكرهيه يلبسه صار لون مقرف؟؟ والله محدا مقرف غيرك يا فحبة"",Disgust"
c544bba2337d,التايم صاير مقرف,Disgust
c544bba2337d,التايم صاير مقرف,Disgust
6329cd312874,مايمدين اتهاوش مع احد اكرهه على طول ابلكه تحوم تسبدي منه مقرف مابي اشوف منه رد,Disgust
6329cd312874,مايمدين اتهاوش مع احد اكرهه على طول ابلكه تحوم تسبدي منه مقرف مابي اشوف منه رد,Disgust
1a1b8bfcf54a,على أيش يا حسرة!!! لا ماض مشرف وحاضر مقرف,Disgust
1a1b8bfcf54a,على أيش يا حسرة!!! لا ماض مشرف وحاضر مقرف,Disgust
8318e65c4428,تشابه نطق العمانيين واليمنيين لحرف القاف جدا مقرف,Disgust
8318e65c4428,تشابه نطق العمانيين واليمنيين لحرف القاف جدا مقرف,Disgust
"036311818d84,""فكرة البحث منطقيه قبل تسجلهم ثم تكون بعد سنتين او يكون عندك اسباب منطقيه مثل اقامت مشروع ناجح او الحصول على عمل حتى بدون باحث تقدر تنهي المعونه اما اني اتسلط على المساكين شهريا زيارات مباغته وانتهاك خصوصيه شيء مقرف واما السائل فلا تنهر"
"انت تعديت تنهر انت تتهمه بالنصب والاحتيال"",Disgust"
"036311818d84,""فكرة البحث منطقيه قبل تسجلهم ثم تكون بعد سنتين او يكون عندك اسباب منطقيه مثل اقامت مشروع ناجح او الحصول على عمل حتى بدون باحث تقدر تنهي المعونه اما اني اتسلط على المساكين شهريا زيارات مباغته وانتهاك خصوصيه شيء مقرف واما السائل فلا تنهر"
"انت تعديت تنهر انت تتهمه بالنصب والاحتيال"",Disgust"
2dee7be6f6ec,منظر الذكر عديم الغيره مقرف يجيب لي الاشمئزاز,Disgust
f78da713eeff,منظر الذكر عديم الغيره مقرف يجيب لي الاشمئزاز x.com/wmn_2025/statu…,Disgust
3be538100dd2,الترند ذا اقرف ترند شفته ، عبارة عن تعذيب نفسي للحيوان انتم تدرون ان القطط تخاف بشدة ومشاعر القطط حساسة ؟ ارحموا من في الارض هذه حيوانات ماتقدر تتكلم عن وجعها الداخلي يعني ردات فعل قطط صوروها وكيف يضحكهم خوف قططهم ! بعض البشر حثالة .,Fear
73f57c7d6160,في هذا اللقاء المؤثر بين ميرا أبو جودة وسوزانا قرانوح، خبيرة التجميل والأم لطفلتين، نسمع حكاية امرأة واجهت السرطان بشجاعة وقررت أن تتكلم عنه بلا خوف ولا خجل. من تجربة شخصية مليئة بالألم والإيمان، تتحدث سوزانا عن الخجل الاجتماعي، عن مفهوم الجمال بعد المرض، وعن كيف غيّرها السرطان,Fear
"84b7748975ff,""في هذا اللقاء المؤثر بين ميرا أبو جودة وسوزانا قرانوح، خبيرة التجميل والأم لطفلتين، نسمع حكاية امرأة واجهت السرطان بشجاعة وقررت أن تتكلم عنه بلا خوف ولا خجل. من تجربة شخصية مليئة بالألم والإيمان، تتحدث سوزانا عن الخجل الاجتماعي، عن مفهوم الجمال بعد المرض، وعن كيف غيّرها السرطان "
"pic.x.com/V1TcdCg42O"",Fear"
73f57c7d6160,في هذا اللقاء المؤثر بين ميرا أبو جودة وسوزانا قرانوح، خبيرة التجميل والأم لطفلتين، نسمع حكاية امرأة واجهت السرطان بشجاعة وقررت أن تتكلم عنه بلا خوف ولا خجل. من تجربة شخصية مليئة بالألم والإيمان، تتحدث سوزانا عن الخجل الاجتماعي، عن مفهوم الجمال بعد المرض، وعن كيف غيّرها السرطان,Fear
2c51c327ebef,مع إشراقة الصباح، توكلنا على الله، واطمأنت قلوبنا بذكره، فما دام الله معنا فلا خوف ولا حزن.,Fear
2c51c327ebef,مع إشراقة الصباح، توكلنا على الله، واطمأنت قلوبنا بذكره، فما دام الله معنا فلا خوف ولا حزن.,Fear
2c51c327ebef,مع إشراقة الصباح، توكلنا على الله، واطمأنت قلوبنا بذكره، فما دام الله معنا فلا خوف ولا حزن.,Fear
73f57c7d6160,في هذا اللقاء المؤثر بين ميرا أبو جودة وسوزانا قرانوح، خبيرة التجميل والأم لطفلتين، نسمع حكاية امرأة واجهت السرطان بشجاعة وقررت أن تتكلم عنه بلا خوف ولا خجل. من تجربة شخصية مليئة بالألم والإيمان، تتحدث سوزانا عن الخجل الاجتماعي، عن مفهوم الجمال بعد المرض، وعن كيف غيّرها السرطان,Fear
2c51c327ebef,مع إشراقة الصباح، توكلنا على الله، واطمأنت قلوبنا بذكره، فما دام الله معنا فلا خوف ولا حزن.,Fear
acf31805899d,مستحيل يكون حضن الاهلاوية وهوا مشجع متحيز مع جماعة وقروب ويخاف منهم خوف ويحترم ناس ومايحتاج ناس,Fear
acf31805899d,مستحيل يكون حضن الاهلاوية وهوا مشجع متحيز مع جماعة وقروب ويخاف منهم خوف ويحترم ناس ومايحتاج ناس,Fear
4917dace2a87,ولا خجل. من تجربة شخصية مليئة بالألم والإيمان، تتحدث سوزانا عن الخجل الاجتماعي، عن مفهوم الجمال بعد المرض، وعن كيف غيّرها السرطان,Fear
2c51c327ebef,مع إشراقة الصباح، توكلنا على الله، واطمأنت قلوبنا بذكره، فما دام الله معنا فلا خوف ولا حزن.,Fear
acf31805899d,مستحيل يكون حضن الاهلاوية وهوا مشجع متحيز مع جماعة وقروب ويخاف منهم خوف ويحترم ناس ومايحتاج ناس,Fear
"7985454c3c8f,""صباحٌ تُزهر فيه القلوب قبل الورد،"
وتتنفس الأرواح طمأنينة الرجاء،
فما دام الأمل موصولًا بالله،
فلا خوف من الغد ولا ضيق من اليوم،
اللهم اجعل لنا في هذا الصباح نورًا يهدينا،
"ورزقًا يكفينا، وسعادةً تسكن في أعماقنا لا تزول"",Fear"
"7985454c3c8f,""صباحٌ تُزهر فيه القلوب قبل الورد،"
وتتنفس الأرواح طمأنينة الرجاء،
فما دام الأمل موصولًا بالله،
فلا خوف من الغد ولا ضيق من اليوم،
اللهم اجعل لنا في هذا الصباح نورًا يهدينا،
"ورزقًا يكفينا، وسعادةً تسكن في أعماقنا لا تزول"",Fear"
2c51c327ebef,مع إشراقة الصباح، توكلنا على الله، واطمأنت قلوبنا بذكره، فما دام الله معنا فلا خوف ولا حزن.,Fear
acf31805899d,مستحيل يكون حضن الاهلاوية وهوا مشجع متحيز مع جماعة وقروب ويخاف منهم خوف ويحترم ناس ومايحتاج ناس,Fear
"7985454c3c8f,""صباحٌ تُزهر فيه القلوب قبل الورد،"
وتتنفس الأرواح طمأنينة الرجاء،
فما دام الأمل موصولًا بالله،
فلا خوف من الغد ولا ضيق من اليوم،
اللهم اجعل لنا في هذا الصباح نورًا يهدينا،
"ورزقًا يكفينا، وسعادةً تسكن في أعماقنا لا تزول"",Fear"
"f23b184f9cfc,""ًشيء مؤلم ويدمي القلب اللي نشوفه يصير للاخواننا في الفاشر في السودان ، انتهاكات وعدم خوف من الله "

نسال الله ان ينتقم في من انتهك حرمة دمائهم ويرينا فيهم عجائب قدرته..
#الفاشر_تحت_الحصار 
"#انقذوا_السودان"",Fear"
"7985454c3c8f,""صباحٌ تُزهر فيه القلوب قبل الورد،"
وتتنفس الأرواح طمأنينة الرجاء،
فما دام الأمل موصولًا بالله،
فلا خوف من الغد ولا ضيق من اليوم،
اللهم اجعل لنا في هذا الصباح نورًا يهدينا،
"ورزقًا يكفينا، وسعادةً تسكن في أعماقنا لا تزول"",Fear"
"f23b184f9cfc,""ًشيء مؤلم ويدمي القلب اللي نشوفه يصير للاخواننا في الفاشر في السودان ، انتهاكات وعدم خوف من الله "

نسال الله ان ينتقم في من انتهك حرمة دمائهم ويرينا فيهم عجائب قدرته..
#الفاشر_تحت_الحصار 
"#انقذوا_السودان"",Fear"
"456e68b3170a,""عسى أن يجبرنا الله في كل شيءٍ نقصده"
وألا يمسّنا فزع ولا شك ولا خيبة عسى 
أن يقرّ الله أعيننابماننتظره وأن يُيسّر 
لنا ما يسُرّ قلوبناويرضيها عسى أن نأنس 
ويؤنس بنا ونأمن ويؤمن بنا عسى أن ننال 
ما نودّ،وأن تستقرّ قلوبناوتطمئن عسى 
أن يمُن الله علينا بالسَّكينةوالهدوء
"#ساعه_استجابه"",Fear"
"d0ebc1377522,""عسى أن يُجبرنا الله في كل شيء نقصده "
وألا يمسنا فزع ولا شك ولا خيبة 
عسى أن يقر الله أعيننا بما ننتظره 
وأن ييسر لنا مايسرُ قلوبنا ويرضيها .. 

"#يوم_الجمعة"",Fear"
"d0ebc1377522,""عسى أن يُجبرنا الله في كل شيء نقصده "
وألا يمسنا فزع ولا شك ولا خيبة 
عسى أن يقر الله أعيننا بما ننتظره 
وأن ييسر لنا مايسرُ قلوبنا ويرضيها .. 

"#يوم_الجمعة"",Fear"
"d0ebc1377522,""عسى أن يُجبرنا الله في كل شيء نقصده "
وألا يمسنا فزع ولا شك ولا خيبة 
عسى أن يقر الله أعيننا بما ننتظره 
وأن ييسر لنا مايسرُ قلوبنا ويرضيها .. 

"#يوم_الجمعة"",Fear"
"dc225f560bc5,""عسى أن يجبرنا الله في كل شيءٍ نقصده، "
وألا يمسّنا فزع ولا شك ولا خيبة عسى 
أن يقرّ الله أعيننا بما ننتظره وأن يُيسّر 
لنا ما يسُرّ قلوبنا ويرضيها عسى أن نأنس 
ويؤنس بنا ونأمن ويؤمن بنا عسى أن ننال 
ما نودّ، وأن تستقرّ قلوبنا وتطمئن عسى 
"أن يمُن الله علينا بالسَّكينة والهدوء.."",Fear"
"dc225f560bc5,""عسى أن يجبرنا الله في كل شيءٍ نقصده، "
وألا يمسّنا فزع ولا شك ولا خيبة عسى 
أن يقرّ الله أعيننا بما ننتظره وأن يُيسّر 
لنا ما يسُرّ قلوبنا ويرضيها عسى أن نأنس 
ويؤنس بنا ونأمن ويؤمن بنا عسى أن ننال 
ما نودّ، وأن تستقرّ قلوبنا وتطمئن عسى 
"أن يمُن الله علينا بالسَّكينة والهدوء.."",Fear"
"3b81e2aa0116,""عسى أن يجبرنا الله في كل شيءٍ نقصده، "
وألا يمسّنا فزع ولا شك ولا خيبة عسى 
أن يقرّ الله أعيننا بما ننتظره وأن يُيسّر 
لنا ما يسُرّ قلوبنا ويرضيها عسى أن نأنس 
ويؤنس بنا ونأمن ويؤمن بنا عسى أن ننال 
ما نودّ، وأن تستقرّ قلوبنا وتطمئن عسى 
أن يمُن الله علينا بالسَّكينة والهدوء.. 
"pic.x.com/WtMWEVuZQY"",Fear"
"d0ebc1377522,""عسى أن يُجبرنا الله في كل شيء نقصده "
وألا يمسنا فزع ولا شك ولا خيبة 
عسى أن يقر الله أعيننا بما ننتظره 
وأن ييسر لنا مايسرُ قلوبنا ويرضيها .. 

"#يوم_الجمعة"",Fear"
"dc225f560bc5,""عسى أن يجبرنا الله في كل شيءٍ نقصده، "
وألا يمسّنا فزع ولا شك ولا خيبة عسى 
أن يقرّ الله أعيننا بما ننتظره وأن يُيسّر 
لنا ما يسُرّ قلوبنا ويرضيها عسى أن نأنس 
ويؤنس بنا ونأمن ويؤمن بنا عسى أن ننال 
ما نودّ، وأن تستقرّ قلوبنا وتطمئن عسى 
"أن يمُن الله علينا بالسَّكينة والهدوء.."",Fear"
c8de111949c5,لان شعب اليمن شعب فزعات وهو في اشد حالته فزع مع غزه لله دركم ياهل اليمن,Fear
c8de111949c5,لان شعب اليمن شعب فزعات وهو في اشد حالته فزع مع غزه لله دركم ياهل اليمن,Fear
"dc225f560bc5,""عسى أن يجبرنا الله في كل شيءٍ نقصده، "
وألا يمسّنا فزع ولا شك ولا خيبة عسى 
أن يقرّ الله أعيننا بما ننتظره وأن يُيسّر 
لنا ما يسُرّ قلوبنا ويرضيها عسى أن نأنس 
ويؤنس بنا ونأمن ويؤمن بنا عسى أن ننال 
ما نودّ، وأن تستقرّ قلوبنا وتطمئن عسى 
"أن يمُن الله علينا بالسَّكينة والهدوء.."",Fear"
c8de111949c5,لان شعب اليمن شعب فزعات وهو في اشد حالته فزع مع غزه لله دركم ياهل اليمن,Fear
"94f2764bc825,""#ساعه_استجابه"
اللهم ارحم 
والدي واخي وليد وجميع موتانا وموتى المسلمين. 
والآن هم تحت التراب يرجون رحمتك ومغفرتك
"اللهم استرهم يوم العرض ولا تخزهم يوم يبعثون  اللهم آمنهم من فزع يوم القيامة و اجعلهم آمنين مطمئنين واجعل قبورهم روضة من رياض الجنه."",Fear"
"94f2764bc825,""#ساعه_استجابه"
اللهم ارحم 
والدي واخي وليد وجميع موتانا وموتى المسلمين. 
والآن هم تحت التراب يرجون رحمتك ومغفرتك
"اللهم استرهم يوم العرض ولا تخزهم يوم يبعثون  اللهم آمنهم من فزع يوم القيامة و اجعلهم آمنين مطمئنين واجعل قبورهم روضة من رياض الجنه."",Fear"
c8de111949c5,لان شعب اليمن شعب فزعات وهو في اشد حالته فزع مع غزه لله دركم ياهل اليمن,Fear
"94f2764bc825,""#ساعه_استجابه"
اللهم ارحم 
والدي واخي وليد وجميع موتانا وموتى المسلمين. 
والآن هم تحت التراب يرجون رحمتك ومغفرتك
"اللهم استرهم يوم العرض ولا تخزهم يوم يبعثون  اللهم آمنهم من فزع يوم القيامة و اجعلهم آمنين مطمئنين واجعل قبورهم روضة من رياض الجنه."",Fear"
8fda226a1b62,هو فزع بس ناديكم طقوع ولا ام الكوارث التحكيمية ارتكبها الطريس تجاهل بلنتي عوار طرد الخيبري,Fear
8fda226a1b62,هو فزع بس ناديكم طقوع ولا ام الكوارث التحكيمية ارتكبها الطريس تجاهل بلنتي عوار طرد الخيبري,Fear
c8de111949c5,لان شعب اليمن شعب فزعات وهو في اشد حالته فزع مع غزه لله دركم ياهل اليمن,Fear
"94f2764bc825,""#ساعه_استجابه"
اللهم ارحم 
والدي واخي وليد وجميع موتانا وموتى المسلمين. 
والآن هم تحت التراب يرجون رحمتك ومغفرتك
"اللهم استرهم يوم العرض ولا تخزهم يوم يبعثون  اللهم آمنهم من فزع يوم القيامة و اجعلهم آمنين مطمئنين واجعل قبورهم روضة من رياض الجنه."",Fear"
8fda226a1b62,هو فزع بس ناديكم طقوع ولا ام الكوارث التحكيمية ارتكبها الطريس تجاهل بلنتي عوار طرد الخيبري,Fear
6fae089aaf5e,ان شرطي العالم إذا تحدث ارتجف كل من كان حاضرا و فزع كل من سمع بالحدث ، لو كان يستحي هذا الشرطي ، كيف يدعوا الى حظر الأسلحة النووية على الغير(إيران مثلا) و يجيزها لنفسه بحجة الردع,Fear
6fae089aaf5e,ان شرطي العالم إذا تحدث ارتجف كل من كان حاضرا و فزع كل من سمع بالحدث ، لو كان يستحي هذا الشرطي ، كيف يدعوا الى حظر الأسلحة النووية على الغير(إيران مثلا) و يجيزها لنفسه بحجة الردع,Fear
c8de111949c5,لان شعب اليمن شعب فزعات وهو في اشد حالته فزع مع غزه لله دركم ياهل اليمن,Fear
"94f2764bc825,""#ساعه_استجابه"
اللهم ارحم 
والدي واخي وليد وجميع موتانا وموتى المسلمين. 
والآن هم تحت التراب يرجون رحمتك ومغفرتك
"اللهم استرهم يوم العرض ولا تخزهم يوم يبعثون  اللهم آمنهم من فزع يوم القيامة و اجعلهم آمنين مطمئنين واجعل قبورهم روضة من رياض الجنه."",Fear"
8fda226a1b62,هو فزع بس ناديكم طقوع ولا ام الكوارث التحكيمية ارتكبها الطريس تجاهل بلنتي عوار طرد الخيبري,Fear
13584111d8cf,دايرين يرسلو لينا فزع ولا شنو,Fear
13584111d8cf,دايرين يرسلو لينا فزع ولا شنو,Fear
c8de111949c5,لان شعب اليمن شعب فزعات وهو في اشد حالته فزع مع غزه لله دركم ياهل اليمن,Fear
"94f2764bc825,""#ساعه_استجابه"
اللهم ارحم 
والدي واخي وليد وجميع موتانا وموتى المسلمين. 
والآن هم تحت التراب يرجون رحمتك ومغفرتك
"اللهم استرهم يوم العرض ولا تخزهم يوم يبعثون  اللهم آمنهم من فزع يوم القيامة و اجعلهم آمنين مطمئنين واجعل قبورهم روضة من رياض الجنه."",Fear"
8fda226a1b62,هو فزع بس ناديكم طقوع ولا ام الكوارث التحكيمية ارتكبها الطريس تجاهل بلنتي عوار طرد الخيبري,Fear
"1dbc6d0b5d88,""مَن جَعلَ شَهوتَهُ تَحتَ قَدميهِ"
"فَزعَ الشَّيطانُ مِن ظِلهِ"",Fear"
"1dbc6d0b5d88,""مَن جَعلَ شَهوتَهُ تَحتَ قَدميهِ"
"فَزعَ الشَّيطانُ مِن ظِلهِ"",Fear"
c8de111949c5,لان شعب اليمن شعب فزعات وهو في اشد حالته فزع مع غزه لله دركم ياهل اليمن,Fear
"94f2764bc825,""#ساعه_استجابه"
اللهم ارحم 
والدي واخي وليد وجميع موتانا وموتى المسلمين. 
والآن هم تحت التراب يرجون رحمتك ومغفرتك
"اللهم استرهم يوم العرض ولا تخزهم يوم يبعثون  اللهم آمنهم من فزع يوم القيامة و اجعلهم آمنين مطمئنين واجعل قبورهم روضة من رياض الجنه."",Fear"
8fda226a1b62,هو فزع بس ناديكم طقوع ولا ام الكوارث التحكيمية ارتكبها الطريس تجاهل بلنتي عوار طرد الخيبري,Fear
efd702d753be,في لحظة كانت بتبلعه بس ربي فزع له برحمته,Fear
efd702d753be,في لحظة كانت بتبلعه بس ربي فزع له برحمته,Fear
"1125b81909e7,""اللهم ارحم "
والدي واخي وليد وجميع موتانا وموتى المسلمين. 
والآن هم تحت التراب يرجون رحمتك ومغفرتك
"اللهم استرهم يوم العرض ولا تخزهم يوم يبعثون  اللهم آمنهم من فزع يوم القيامة و اجعلهم آمنين مطمئنين واجعل قبورهم روضة من رياض الجنه."",Fear"
8fda226a1b62,هو فزع بس ناديكم طقوع ولا ام الكوارث التحكيمية ارتكبها الطريس تجاهل بلنتي عوار طرد الخيبري,Fear
6fae089aaf5e,ان شرطي العالم إذا تحدث ارتجف كل من كان حاضرا و فزع كل من سمع بالحدث ، لو كان يستحي هذا الشرطي ، كيف يدعوا الى حظر الأسلحة النووية على الغير(إيران مثلا) و يجيزها لنفسه بحجة الردع,Fear
"67fdf36fdaf7,""ويمضي العُمر.."
ومُرادنا هي السَّكينة في كُل شيءٍ نقصده، في الأماكن،
في الرّفقة.. وفي الأيام
وألّا يمسّنا فزعٌ ولا شك ولا خيبة، أن تغمر الطمأنينة قلوبنا وتحفّه كشيءٍ يحميه..
"هذا دعاؤنا في كُل وقت."""""",Fear"
"67fdf36fdaf7,""ويمضي العُمر.."
ومُرادنا هي السَّكينة في كُل شيءٍ نقصده، في الأماكن،
في الرّفقة.. وفي الأيام
وألّا يمسّنا فزعٌ ولا شك ولا خيبة، أن تغمر الطمأنينة قلوبنا وتحفّه كشيءٍ يحميه..
"هذا دعاؤنا في كُل وقت."""""",Fear"
8fda226a1b62,هو فزع بس ناديكم طقوع ولا ام الكوارث التحكيمية ارتكبها الطريس تجاهل بلنتي عوار طرد الخيبري,Fear
6fae089aaf5e,ان شرطي العالم إذا تحدث ارتجف كل من كان حاضرا و فزع كل من سمع بالحدث ، لو كان يستحي هذا الشرطي ، كيف يدعوا الى حظر الأسلحة النووية على الغير(إيران مثلا) و يجيزها لنفسه بحجة الردع,Fear
13584111d8cf,دايرين يرسلو لينا فزع ولا شنو,Fear
"8d2a260706b4,""#امواتكم_بفرحون_بالدعاء_لهم"

#ساعه_استجابه
اللهم ارحم 
والدي و بدر وجميع موتانا وموتى المسلمين. 
والآن هم تحت التراب يرجون رحمتك ومغفرتك
"اللهم استرهم يوم العرض ولا تخزهم يوم يبعثون  اللهم آمنهم من فزع يوم القيامة و اجعلهم آمنين مطمئنين واجعل قبورهم روضة من رياض الجنه."",Fear"
"8d2a260706b4,""#امواتكم_بفرحون_بالدعاء_لهم"

#ساعه_استجابه
اللهم ارحم 
والدي و بدر وجميع موتانا وموتى المسلمين. 
والآن هم تحت التراب يرجون رحمتك ومغفرتك
"اللهم استرهم يوم العرض ولا تخزهم يوم يبعثون  اللهم آمنهم من فزع يوم القيامة و اجعلهم آمنين مطمئنين واجعل قبورهم روضة من رياض الجنه."",Fear"
13584111d8cf,دايرين يرسلو لينا فزع ولا شنو,Fear
"1dbc6d0b5d88,""مَن جَعلَ شَهوتَهُ تَحتَ قَدميهِ"
"فَزعَ الشَّيطانُ مِن ظِلهِ"",Fear"
"6f6471036c7c,""توقف الصوره على حسب هواك ياهابط ههههه"

جيبها فديو وشوف 

"والله الرياض ظلم ببلنتي هديه لفريقك الهابط حتى ضد الشباب فزع لك الحكم بضربه جزاء اتوقع جبر الخاطر مستمر وتم تجديد الباقه"",Fear"
"6f6471036c7c,""توقف الصوره على حسب هواك ياهابط ههههه"

جيبها فديو وشوف 

"والله الرياض ظلم ببلنتي هديه لفريقك الهابط حتى ضد الشباب فزع لك الحكم بضربه جزاء اتوقع جبر الخاطر مستمر وتم تجديد الباقه"",Fear"
efd702d753be,في لحظة كانت بتبلعه بس ربي فزع له برحمته,Fear
"0d6e220edf56,""عادي يتزوج بالسر ماسوى حرام هذا أولا "

ثانيا المستفيد الوحيد من زواجه بالسر هي عايشه حياتها معه مرتاحه مبسوطه نفقة وبيت وسفر وطلبات مجابه ولافيه شي تغير عليها 

"هو اللي بيجلس طول الوقت مرعوب وخايف لا تدري"",Fear"
8db63058973c,اكيد، مكانه، الحقيقي، في، الملاج،، مرعوب،، مذلول، لامكان، له، فوق، الارض، اطلاقا،,Fear
8db63058973c,اكيد، مكانه، الحقيقي، في، الملاج،، مرعوب،، مذلول، لامكان، له، فوق، الارض، اطلاقا،,Fear
8db63058973c,اكيد، مكانه، الحقيقي، في، الملاج،، مرعوب،، مذلول، لامكان، له، فوق، الارض، اطلاقا،,Fear
2381cd7d2d77,نقول، لك، ايه، المجرام الطاغيه، كاتس، خروجك، من، الملاج،، يجعلك، تشوف، نفسك، وتقدر، تهدد، اليمن، ولاكن، ايام، ماكنت، في، الملاجا، مثل، الخنزير، الممطور، مرعوب، مذعور، مذلول، ايام، القصف، اليمني، والصواريخ اليمنيه، والمسيرات، الى، اسرائيل لم، تتكلم، بكلمه، صح،,Fear
2381cd7d2d77,نقول، لك، ايه، المجرام الطاغيه، كاتس، خروجك، من، الملاج،، يجعلك، تشوف، نفسك، وتقدر، تهدد، اليمن، ولاكن، ايام، ماكنت، في، الملاجا، مثل، الخنزير، الممطور، مرعوب، مذعور، مذلول، ايام، القصف، اليمني، والصواريخ اليمنيه، والمسيرات، الى، اسرائيل لم، تتكلم، بكلمه، صح،,Fear
2381cd7d2d77,نقول، لك، ايه، المجرام الطاغيه، كاتس، خروجك، من، الملاج،، يجعلك، تشوف، نفسك، وتقدر، تهدد، اليمن، ولاكن، ايام، ماكنت، في، الملاجا، مثل، الخنزير، الممطور، مرعوب، مذعور، مذلول، ايام، القصف، اليمني، والصواريخ اليمنيه، والمسيرات، الى، اسرائيل لم، تتكلم، بكلمه، صح،,Fear
8db63058973c,اكيد، مكانه، الحقيقي، في، الملاج،، مرعوب،، مذلول، لامكان، له، فوق، الارض، اطلاقا،,Fear
2381cd7d2d77,نقول، لك، ايه، المجرام الطاغيه، كاتس، خروجك، من، الملاج،، يجعلك، تشوف، نفسك، وتقدر، تهدد، اليمن، ولاكن، ايام، ماكنت، في، الملاجا، مثل، الخنزير، الممطور، مرعوب، مذعور، مذلول، ايام، القصف، اليمني، والصواريخ اليمنيه، والمسيرات، الى، اسرائيل لم، تتكلم، بكلمه، صح،,Fear
62be8ce2181c,حسن مرعوب,Fear
62be8ce2181c,حسن مرعوب,Fear
8db63058973c,اكيد، مكانه، الحقيقي، في، الملاج،، مرعوب،، مذلول، لامكان، له، فوق، الارض، اطلاقا،,Fear
2381cd7d2d77,نقول، لك، ايه، المجرام الطاغيه، كاتس، خروجك، من، الملاج،، يجعلك، تشوف، نفسك، وتقدر، تهدد، اليمن، ولاكن، ايام، ماكنت، في، الملاجا، مثل، الخنزير، الممطور، مرعوب، مذعور، مذلول، ايام، القصف، اليمني، والصواريخ اليمنيه، والمسيرات، الى، اسرائيل لم، تتكلم، بكلمه، صح،,Fear
a5a5a5c2511d,سبحان الله المتعااااص مرعوب منك يا انس اما بشوفك شاب ضغير لاتملك مثل ماهما يملكون من جيش وشرطه ومخبارات عارف رعبتهم ليه عشان انت مش خايف منهم الشعب محتاج كده اقسم بالله الشعب ده لو شال حاجز الخوف هتشوف القزم ده وعصابته علي حقيقتهم نظام هاااش جبان فوووق ماتتصور,Fear
a5a5a5c2511d,سبحان الله المتعااااص مرعوب منك يا انس اما بشوفك شاب ضغير لاتملك مثل ماهما يملكون من جيش وشرطه ومخبارات عارف رعبتهم ليه عشان انت مش خايف منهم الشعب محتاج كده اقسم بالله الشعب ده لو شال حاجز الخوف هتشوف القزم ده وعصابته علي حقيقتهم نظام هاااش جبان فوووق ماتتصور,Fear
8db63058973c,اكيد، مكانه، الحقيقي، في، الملاج،، مرعوب،، مذلول، لامكان، له، فوق، الارض، اطلاقا،,Fear
2381cd7d2d77,نقول، لك، ايه، المجرام الطاغيه، كاتس، خروجك، من، الملاج،، يجعلك، تشوف، نفسك، وتقدر، تهدد، اليمن، ولاكن، ايام، ماكنت، في، الملاجا، مثل، الخنزير، الممطور، مرعوب، مذعور، مذلول، ايام، القصف، اليمني، والصواريخ اليمنيه، والمسيرات، الى، اسرائيل لم، تتكلم، بكلمه، صح،,Fear
bfee0aa25b41,اتمنى يدعس الأهلي دعس عشان يطرد المتدرب محليا  قزم الفريق وخلا كلا يطقطق عليه مرعوب ومرتبك محليا رغم الفريق كلهم اجانب,Fear
bfee0aa25b41,اتمنى يدعس الأهلي دعس عشان يطرد المتدرب محليا  قزم الفريق وخلا كلا يطقطق عليه مرعوب ومرتبك محليا رغم الفريق كلهم اجانب,Fear
8db63058973c,اكيد، مكانه، الحقيقي، في، الملاج،، مرعوب،، مذلول، لامكان، له، فوق، الارض، اطلاقا،,Fear
2381cd7d2d77,نقول، لك، ايه، المجرام الطاغيه، كاتس، خروجك، من، الملاج،، يجعلك، تشوف، نفسك، وتقدر، تهدد، اليمن، ولاكن، ايام، ماكنت، في، الملاجا، مثل، الخنزير، الممطور، مرعوب، مذعور، مذلول، ايام، القصف، اليمني، والصواريخ اليمنيه، والمسيرات، الى، اسرائيل لم، تتكلم، بكلمه، صح،,Fear
3cf55cece2db,مرعوب يا مرعب,Fear
3cf55cece2db,مرعوب يا مرعب,Fear
8db63058973c,اكيد، مكانه، الحقيقي، في، الملاج،، مرعوب،، مذلول، لامكان، له، فوق، الارض، اطلاقا،,Fear
2381cd7d2d77,نقول، لك، ايه، المجرام الطاغيه، كاتس، خروجك، من، الملاج،، يجعلك، تشوف، نفسك، وتقدر، تهدد، اليمن، ولاكن، ايام، ماكنت، في، الملاجا، مثل، الخنزير، الممطور، مرعوب، مذعور، مذلول، ايام، القصف، اليمني، والصواريخ اليمنيه، والمسيرات، الى، اسرائيل لم، تتكلم، بكلمه، صح،,Fear
"552bd32aeb08,""المفروض كان عالمالكي يحط ايده بيد السوداني ويفتخر بالمنجز عالارض ويشكلون تحالف حديدي ياكلون بيه نص البرلمان "

"لكن المالكي مصاب بجنون الزعامة وجدا مرعوب من وجود زعيم ثاني ..للاسف وهذا الي راح يحطم المالكي تدريجيا ويفتت وجوده"",Fear"
"552bd32aeb08,""المفروض كان عالمالكي يحط ايده بيد السوداني ويفتخر بالمنجز عالارض ويشكلون تحالف حديدي ياكلون بيه نص البرلمان "

"لكن المالكي مصاب بجنون الزعامة وجدا مرعوب من وجود زعيم ثاني ..للاسف وهذا الي راح يحطم المالكي تدريجيا ويفتت وجوده"",Fear"
62be8ce2181c,حسن مرعوب,Fear
74581dfe2e1c,هذا، اليهودي، الصهيوني، يهرب، مهرولا، الى، المفاجئهم، خوفا، ورعبا، من، صواريخ والمسيرات، اليمنيه، لوهو، صادق، يرفع، العلم، فوق، السفينه،الا اسرائيليه، في، البحر، ويمشي، نتحداه،، لاكن، كذاب، يهدد، وهو، في، ملاجئه،، مرعوب، مذهول،,Fear
74581dfe2e1c,هذا، اليهودي، الصهيوني، يهرب، مهرولا، الى، المفاجئهم، خوفا، ورعبا، من، صواريخ والمسيرات، اليمنيه، لوهو، صادق، يرفع، العلم، فوق، السفينه،الا اسرائيليه، في، البحر، ويمشي، نتحداه،، لاكن، كذاب، يهدد، وهو، في، ملاجئه،، مرعوب، مذهول،,Fear
a5a5a5c2511d,سبحان الله المتعااااص مرعوب منك يا انس اما بشوفك شاب ضغير لاتملك مثل ماهما يملكون من جيش وشرطه ومخبارات عارف رعبتهم ليه عشان انت مش خايف منهم الشعب محتاج كده اقسم بالله الشعب ده لو شال حاجز الخوف هتشوف القزم ده وعصابته علي حقيقتهم نظام هاااش جبان فوووق ماتتصور,Fear
"76b94132d8d1,""تعلمنا كمشجعين بافاريين ما نهايط "
تعرف ليش ؟ 

لان اولاً ما نشوف اكو فريق ممكن ينافس البايرن بالدوري الألماني بأستثناء دورتموند وايضاً مو دائماً 

ثانيا لان واثقين من فريقنا بالملعب ونعرف راح يدخل الخصم مرعوب ويطلع بنتيجة ثقيلة كالعادة  

"لذلك نتمنالكم التوفيق في المباريات الأخرى"",Fear"
"76b94132d8d1,""تعلمنا كمشجعين بافاريين ما نهايط "
تعرف ليش ؟ 

لان اولاً ما نشوف اكو فريق ممكن ينافس البايرن بالدوري الألماني بأستثناء دورتموند وايضاً مو دائماً 

ثانيا لان واثقين من فريقنا بالملعب ونعرف راح يدخل الخصم مرعوب ويطلع بنتيجة ثقيلة كالعادة  

"لذلك نتمنالكم التوفيق في المباريات الأخرى"",Fear"
3cf55cece2db,مرعوب يا مرعب,Fear
"e6b016fae265,""كلاوچية يخافون "
"غير افتهم شلون تغير وانت مرعوب"",Fear"
"e6b016fae265,""كلاوچية يخافون "
"غير افتهم شلون تغير وانت مرعوب"",Fear"
5d1c028acace,مرعوب من الكمايتة,Fear
5d1c028acace,مرعوب من الكمايتة,Fear
c659609c6b3a,مرعوب انت هلأ؟؟,Fear
c659609c6b3a,مرعوب انت هلأ؟؟,Fear
2726497226c6,أقلكم شي اقسم بالله مرعوب من اختبار الهيئة,Fear
2726497226c6,أقلكم شي اقسم بالله مرعوب من اختبار الهيئة,Fear
434bcfdf35e1,يا عيني.  كان مرعوب خالص.    هو شغل العيال المثليين ده هيخلص امتي,Fear
434bcfdf35e1,يا عيني.  كان مرعوب خالص.    هو شغل العيال المثليين ده هيخلص امتي,Fear
"8ce5a59a14fa,""والله الواحد كان مرعوب ان فاروق جعفر يكسب قدام المتني"

اكتشف اني كنت مغفل كبير
فاروق جعفر نفسه لو كان نجح كان هيبقي عنده دم و دكر عن المتنين اللي ماسكين النادي

"تخيل يجي ف يوم الواحد يقول مرتضي لو كان موجود كان مشي ابن الاحبه اللي ع الخط ده مثلا من بدري"",Fear"
"653cf54c6ba8,""والله الواحد كان مرعوب ان فاروق جعفر يكسب قدام المتني"

اكتشف اني كنت مغفل كبير
فاروق جعفر نفسه لو كان نجح كان هيبقي عنده دم و دكر عن المتنين اللي ماسكين النادي

"تخيل يجي ف يوم الواحد يقول مرتضي لو كان موجود كان مشي ابن الاحبه اللي ع الخط ده مثلا من بدري x.com/Saber_M90/stat…"",Fear"
71dd644e9a41,لا عادي انه قدام يلدز لو مكانش كاين ملك في الصورة و تعاملها معها و هو فرحان و مش شايف شعورها و انها انهانت كان الوضع تمام لانهم من الاساس اعداء و هذا الطبيعي عندهم  و يلدز لازم تتأقلم على العداوة بينهم لي خربت الجلسة و العشاء هي ملك و عائلتها الغير كريمة,Happiness
666183e36489,عزيزي هذا مريض نفسي اللي يتذكر مآسي الناس لما يشوفك فرحان او لما يكون أمامك سفرة طعام.,Happiness
666183e36489,عزيزي هذا مريض نفسي اللي يتذكر مآسي الناس لما يشوفك فرحان او لما يكون أمامك سفرة طعام.,Happiness
666183e36489,عزيزي هذا مريض نفسي اللي يتذكر مآسي الناس لما يشوفك فرحان او لما يكون أمامك سفرة طعام.,Happiness
1850b9199ef1,فرحان بهذه الكرة الارضيه و الحياة السعيدة اللي عايشها؟؟؟؟,Happiness
1850b9199ef1,فرحان بهذه الكرة الارضيه و الحياة السعيدة اللي عايشها؟؟؟؟,Happiness
666183e36489,عزيزي هذا مريض نفسي اللي يتذكر مآسي الناس لما يشوفك فرحان او لما يكون أمامك سفرة طعام.,Happiness
c7d0520066e4,انت فرحان بمجازر الابرياء في السودان,Happiness
c7d0520066e4,انت فرحان بمجازر الابرياء في السودان,Happiness
666183e36489,عزيزي هذا مريض نفسي اللي يتذكر مآسي الناس لما يشوفك فرحان او لما يكون أمامك سفرة طعام.,Happiness
"f8d26bcf7b02,""ناس تفتخر بانجاز بطولة وانت فرحان بالخمسة "
"فرق بين السماء والارض فرع طاقيه"",Happiness"
"765578842087,""ناس تفتخر بانجاز بطولة وانت فرحان بالخمسة "
فرق بين السماء والارض فرع طاقيه 
"pic.x.com/ttIsBRtnts"",Happiness"
666183e36489,عزيزي هذا مريض نفسي اللي يتذكر مآسي الناس لما يشوفك فرحان او لما يكون أمامك سفرة طعام.,Happiness
f07e7451d317,اذا شفت شايب يتكلم اللغة الانجليزية في لقاء عربي فتاكد انه فرحان بنفسه و يعتقد انه مافي احد يتحدث الانجليزية غيره مايدري ان هذا الوقت اصبح الاطفال و المراهقين احسن منه بالانجليزية,Happiness
f07e7451d317,اذا شفت شايب يتكلم اللغة الانجليزية في لقاء عربي فتاكد انه فرحان بنفسه و يعتقد انه مافي احد يتحدث الانجليزية غيره مايدري ان هذا الوقت اصبح الاطفال و المراهقين احسن منه بالانجليزية,Happiness
1850b9199ef1,فرحان بهذه الكرة الارضيه و الحياة السعيدة اللي عايشها؟؟؟؟,Happiness
46561ba6e1f9,لما تشوف شخص فرحان أفرح وياه حشر مع الناس عيد,Happiness
46561ba6e1f9,لما تشوف شخص فرحان أفرح وياه حشر مع الناس عيد,Happiness
c7d0520066e4,انت فرحان بمجازر الابرياء في السودان,Happiness
97331bad09d5,صدقتم... حب الوطن فرض عليا.. صباح الخير وصباح التفاؤل الجميل على حب الوطن والدعاء له من صميم القلب...النهارده عيد.. النهارده يوم الفرح الكبير.. الكل فرحان وسعيد.. ربنا يحفظك ويبارك فيكي ياوطنيه يامصريه ياأصيله أستاذتنا الفاضله,Happiness
97331bad09d5,صدقتم... حب الوطن فرض عليا.. صباح الخير وصباح التفاؤل الجميل على حب الوطن والدعاء له من صميم القلب...النهارده عيد.. النهارده يوم الفرح الكبير.. الكل فرحان وسعيد.. ربنا يحفظك ويبارك فيكي ياوطنيه يامصريه ياأصيله أستاذتنا الفاضله,Happiness
"feb2a1114d75,""بالخمسة "
"فرق بين السماء والارض فرع طاقيه"",Happiness"
a33bd330fdde,فرحان انت ووجهك يعني,Happiness
a33bd330fdde,فرحان انت ووجهك يعني,Happiness
f07e7451d317,اذا شفت شايب يتكلم اللغة الانجليزية في لقاء عربي فتاكد انه فرحان بنفسه و يعتقد انه مافي احد يتحدث الانجليزية غيره مايدري ان هذا الوقت اصبح الاطفال و المراهقين احسن منه بالانجليزية,Happiness
75c07c4bc669,اشوفه فرحان شكله ما تعلم الأدب,Happiness
75c07c4bc669,اشوفه فرحان شكله ما تعلم الأدب,Happiness
f07e7451d317,اذا شفت شايب يتكلم اللغة الانجليزية في لقاء عربي فتاكد انه فرحان بنفسه و يعتقد انه مافي احد يتحدث الانجليزية غيره مايدري ان هذا الوقت اصبح الاطفال و المراهقين احسن منه بالانجليزية,Happiness
46561ba6e1f9,لما تشوف شخص فرحان أفرح وياه حشر مع الناس عيد,Happiness
acf4a789502b,والله داري انك كفو يابو فرحان ولاهي غريبه عليك ياكحيلان بس من باب الطقطقه على د إدريس,Happiness
acf4a789502b,والله داري انك كفو يابو فرحان ولاهي غريبه عليك ياكحيلان بس من باب الطقطقه على د إدريس,Happiness
f07e7451d317,اذا شفت شايب يتكلم اللغة الانجليزية في لقاء عربي فتاكد انه فرحان بنفسه و يعتقد انه مافي احد يتحدث الانجليزية غيره مايدري ان هذا الوقت اصبح الاطفال و المراهقين احسن منه بالانجليزية,Happiness
46561ba6e1f9,لما تشوف شخص فرحان أفرح وياه حشر مع الناس عيد,Happiness
"df73be5f8a5f,""ضربني وجت علطول الدوره قعد سنه يضرب "
على الفاضي يقولون رحت الليل عنده وحضني 
وقلت شوف حبيبي خال جوالي بكى من الظلم 
انا اللي احبك ووانا اغار عليك وانا اشفشفك
تتفرجين نت فليكس اضربك رحت المدرسه 
فرحان بس هو مضايق خال ما مات شفته
"بطريق انا احبه قلك فلات زنا""""."",Happiness"
"df73be5f8a5f,""ضربني وجت علطول الدوره قعد سنه يضرب "
على الفاضي يقولون رحت الليل عنده وحضني 
وقلت شوف حبيبي خال جوالي بكى من الظلم 
انا اللي احبك ووانا اغار عليك وانا اشفشفك
تتفرجين نت فليكس اضربك رحت المدرسه 
فرحان بس هو مضايق خال ما مات شفته
"بطريق انا احبه قلك فلات زنا""""."",Happiness"
"10465e47149b,""حابة نفهم سنغولي علاه راهو فرحان "
"وقرار يقر بتقرير مصير الشعب الصحراوي بما في ذلك مبدأ تقرير المصير. أي تفسير يتجاهل هذا الأساس هو وهم لا سند له في النص الرسمي."",Happiness"
"10465e47149b,""حابة نفهم سنغولي علاه راهو فرحان "
"وقرار يقر بتقرير مصير الشعب الصحراوي بما في ذلك مبدأ تقرير المصير. أي تفسير يتجاهل هذا الأساس هو وهم لا سند له في النص الرسمي."",Happiness"
34ad3ccbec08,اهو ده حال الاخوان لما يعرفو ان فى اى حاجه فيها فايده او يكون الشعب المصرى فرحان,Happiness
"19893f96dd7e,""اهو ده حال الاخوان لما يعرفو ان فى اى حاجه فيها فايده او يكون الشعب المصرى فرحان "
"pic.x.com/SU1BLwCTUI"",Happiness"
"48c99c21f004,""فرحة عارمة تجتاح المغرب من طنجة إلى الكويرة بعد القرار التاريخي لمجلس الأمن بشأن الصحراء المغربية - "
assahafa.com/%D9%81%D8%B1%D
"… #Maroc"",Happiness"
8eda0bf87ba1,اصلاً اللي يصورون كذا تحس المقطع كله تصنع في تصنع وما فيه اي فرحة بالموضوع,Happiness
8eda0bf87ba1,اصلاً اللي يصورون كذا تحس المقطع كله تصنع في تصنع وما فيه اي فرحة بالموضوع,Happiness
8eda0bf87ba1,اصلاً اللي يصورون كذا تحس المقطع كله تصنع في تصنع وما فيه اي فرحة بالموضوع,Happiness
"c73ad3c1d4b1,أنا لست بعد نوع العلاقة التي يجدها الناس جميلة من الخارج ؛ أريد واحدة تُظهر فرحة حقيقية من الداخل.,Happiness"
594736c92c1f,مرحبا.. رجعت لكم بلا تبرير، تقبلون رجوعي؟ أكيد إيه.. وتفرحون بوجودي فرحة تمحو العتب؟ أكيد إيه.. لأني أنا بعد دايم كذا.. ايش سويتوا أمس؟ دعيتوا لي قبل الغروب؟,Happiness
612643edc993,هيرزعنا كومبو تعويم على زيادات اسعار على زيادات رسوم علشان ينكد على المصريين في عز أي,Happiness
"c73ad3c1d4b1,أنا لست بعد نوع العلاقة التي يجدها الناس جميلة من الخارج ؛ أريد واحدة تُظهر فرحة حقيقية من الداخل.,Happiness"
"a8bcb6e91694,""أنا لست بعد نوع العلاقة التي يجدها الناس جميلة من الخارج ؛ أريد واحدة تُظهر فرحة حقيقية من الداخل. "
"pic.x.com/FRqZlMYLf2"",Happiness"
8eda0bf87ba1,اصلاً اللي يصورون كذا تحس المقطع كله تصنع في تصنع وما فيه اي فرحة بالموضوع,Happiness
"c73ad3c1d4b1,أنا لست بعد نوع العلاقة التي يجدها الناس جميلة من الخارج ؛ أريد واحدة تُظهر فرحة حقيقية من الداخل.,Happiness"
594736c92c1f,مرحبا.. رجعت لكم بلا تبرير، تقبلون رجوعي؟ أكيد إيه.. وتفرحون بوجودي فرحة تمحو العتب؟ أكيد إيه.. لأني أنا بعد دايم كذا.. ايش سويتوا أمس؟ دعيتوا لي قبل الغروب؟,Happiness
612643edc993,هيرزعنا كومبو تعويم على زيادات اسعار على زيادات رسوم علشان ينكد على المصريين في عز أي,Happiness
594736c92c1f,مرحبا.. رجعت لكم بلا تبرير، تقبلون رجوعي؟ أكيد إيه.. وتفرحون بوجودي فرحة تمحو العتب؟ أكيد إيه.. لأني أنا بعد دايم كذا.. ايش سويتوا أمس؟ دعيتوا لي قبل الغروب؟,Happiness
594736c92c1f,مرحبا.. رجعت لكم بلا تبرير، تقبلون رجوعي؟ أكيد إيه.. وتفرحون بوجودي فرحة تمحو العتب؟ أكيد إيه.. لأني أنا بعد دايم كذا.. ايش سويتوا أمس؟ دعيتوا لي قبل الغروب؟,Happiness
8eda0bf87ba1,اصلاً اللي يصورون كذا تحس المقطع كله تصنع في تصنع وما فيه اي فرحة بالموضوع,Happiness
"c73ad3c1d4b1,أنا لست بعد نوع العلاقة التي يجدها الناس جميلة من الخارج ؛ أريد واحدة تُظهر فرحة حقيقية من الداخل.,Happiness"
594736c92c1f,مرحبا.. رجعت لكم بلا تبرير، تقبلون رجوعي؟ أكيد إيه.. وتفرحون بوجودي فرحة تمحو العتب؟ أكيد إيه.. لأني أنا بعد دايم كذا.. ايش سويتوا أمس؟ دعيتوا لي قبل الغروب؟,Happiness
612643edc993,هيرزعنا كومبو تعويم على زيادات اسعار على زيادات رسوم علشان ينكد على المصريين في عز أي,Happiness
9872a2a8f2b6,هيرزعنا كومبو تعويم على زيادات اسعار على زيادات رسوم علشان ينكد على المصريين في عز أي فرحة (كعادته دائماً),Happiness
2336fef1248a,هيرزعنا كومبو تعويم على زيادات اسعار على زيادات رسوم علشان ينكد على المصريين في عز أي فرحة (كعادته دائماً)  x.com/ca_shad/status…,Happiness
594736c92c1f,مرحبا.. رجعت لكم بلا تبرير، تقبلون رجوعي؟ أكيد إيه.. وتفرحون بوجودي فرحة تمحو العتب؟ أكيد إيه.. لأني أنا بعد دايم كذا.. ايش سويتوا أمس؟ دعيتوا لي قبل الغروب؟,Happiness
9872a2a8f2b6,هيرزعنا كومبو تعويم على زيادات اسعار على زيادات رسوم علشان ينكد على المصريين في عز أي فرحة (كعادته دائماً),Happiness
4ec5f6980c4c,فرحه الصغار من حقهم   كلن يفرح ع مستواه( كبت السنين يجعل الكهل يفرح لفرح الصغار,Happiness
4ec5f6980c4c,فرحه الصغار من حقهم   كلن يفرح ع مستواه( كبت السنين يجعل الكهل يفرح لفرح الصغار,Happiness
594736c92c1f,مرحبا.. رجعت لكم بلا تبرير، تقبلون رجوعي؟ أكيد إيه.. وتفرحون بوجودي فرحة تمحو العتب؟ أكيد إيه.. لأني أنا بعد دايم كذا.. ايش سويتوا أمس؟ دعيتوا لي قبل الغروب؟,Happiness
9872a2a8f2b6,هيرزعنا كومبو تعويم على زيادات اسعار على زيادات رسوم علشان ينكد على المصريين في عز أي فرحة (كعادته دائماً),Happiness
4ec5f6980c4c,فرحه الصغار من حقهم   كلن يفرح ع مستواه( كبت السنين يجعل الكهل يفرح لفرح الصغار,Happiness
"916c7c8a4712,""يشهد الله انه لم يمسسني شهاده احد مثل صالح وانس استشهد انس قبل رؤيه النصر و استشهد صالح قبل رؤيه اخيه الاسير وقبل اكتمال فرحه النصر "
"ستظلوا ابطالا كتب اسمها في التاريخ"",Happiness"
"c9ade242010f,""يشهد الله انه لم يمسسني شهاده احد مثل صالح وانس استشهد انس قبل رؤيه النصر و استشهد صالح قبل رؤيه اخيه الاسير وقبل اكتمال فرحه النصر "
ستظلوا ابطالا كتب اسمها في التاريخ 
"pic.x.com/GhfLNVPznb"",Happiness"
4ec5f6980c4c,فرحه الصغار من حقهم   كلن يفرح ع مستواه( كبت السنين يجعل الكهل يفرح لفرح الصغار,Happiness
"916c7c8a4712,""يشهد الله انه لم يمسسني شهاده احد مثل صالح وانس استشهد انس قبل رؤيه النصر و استشهد صالح قبل رؤيه اخيه الاسير وقبل اكتمال فرحه النصر "
"ستظلوا ابطالا كتب اسمها في التاريخ"",Happiness"
"b072aa561416,""إنجاز بحجم التاريخ وعظمة الحضارة ، و فرحة تستحقها مصر بكل فخر .."
#القاهرة #مصر
⁦#visit_Egypt⁩
"⁧#المتحف_المصري_الكبير"",Happiness"
"6e7a0e375bb9,""إنجاز بحجم التاريخ وعظمة الحضارة ، و فرحة تستحقها مصر بكل فخر .."
#القاهرة #مصر
⁦#visit_Egypt⁩
⁧#المتحف_المصري_الكبير 
"pic.x.com/HWtYii2q0t"",Happiness"
"b072aa561416,""إنجاز بحجم التاريخ وعظمة الحضارة ، و فرحة تستحقها مصر بكل فخر .."
#القاهرة #مصر
⁦#visit_Egypt⁩
"⁧#المتحف_المصري_الكبير"",Happiness"
43c92348d54d,النمط المكتوب للمؤلف جذاب وغني بالمعلومات. أنا سعيد جدًا بقراءة مقالك عن طريق الخطأ. Bertie Manzie,Happiness
"0f623df4ba53,""عن ابو سعيد الخدري رضي الله عنه قال:"

"كان #رسول_الله ﷺ إذا استجد ثوبا، سماه باسمه؛ عمامة، أو قميصا، أو رداء، ثم يقول: اللهم لك الحمد، أنت كسوتنيه، أسألك من خيره، وخير ما صنع له، وأعوذ بك من شره، وشر ما صنع له."

حديث صحيح
صححه الالباني
"واخرجه ابوداود 4020"",Happiness"
"0f623df4ba53,""عن ابو سعيد الخدري رضي الله عنه قال:"

"كان #رسول_الله ﷺ إذا استجد ثوبا، سماه باسمه؛ عمامة، أو قميصا، أو رداء، ثم يقول: اللهم لك الحمد، أنت كسوتنيه، أسألك من خيره، وخير ما صنع له، وأعوذ بك من شره، وشر ما صنع له."

حديث صحيح
صححه الالباني
"واخرجه ابوداود 4020"",Happiness"
"0f623df4ba53,""عن ابو سعيد الخدري رضي الله عنه قال:"

"كان #رسول_الله ﷺ إذا استجد ثوبا، سماه باسمه؛ عمامة، أو قميصا، أو رداء، ثم يقول: اللهم لك الحمد، أنت كسوتنيه، أسألك من خيره، وخير ما صنع له، وأعوذ بك من شره، وشر ما صنع له."

حديث صحيح
صححه الالباني
"واخرجه ابوداود 4020"",Happiness"
47e32f4bb93f,عملك الشاق على وشك أن يتم سداده - حظا سعيدا! أنا سعيد جدًا بقراءة مقالك عن طريق الخطأ. Taylor Gretzinger,Happiness
47e32f4bb93f,عملك الشاق على وشك أن يتم سداده - حظا سعيدا! أنا سعيد جدًا بقراءة مقالك عن طريق الخطأ. Taylor Gretzinger,Happiness
"d90051725761,""عملك الشاق على وشك أن يتم سداده - حظا سعيدا! أنا سعيد جدًا بقراءة مقالك عن طريق الخطأ. Taylor Gretzinger "
"pic.x.com/lRhWPmcKaO"",Happiness"
"0f623df4ba53,""عن ابو سعيد الخدري رضي الله عنه قال:"

"كان #رسول_الله ﷺ إذا استجد ثوبا، سماه باسمه؛ عمامة، أو قميصا، أو رداء، ثم يقول: اللهم لك الحمد، أنت كسوتنيه، أسألك من خيره، وخير ما صنع له، وأعوذ بك من شره، وشر ما صنع له."

حديث صحيح
صححه الالباني
"واخرجه ابوداود 4020"",Happiness"
47e32f4bb93f,عملك الشاق على وشك أن يتم سداده - حظا سعيدا! أنا سعيد جدًا بقراءة مقالك عن طريق الخطأ. Taylor Gretzinger,Happiness
"f6cb4e7c05c6,""بحضور الكثيري.. إتمام مراسم تسليم واستلام قيادة انتقالي حضرموت بين القائم بأعمال رئيس الهيئة الجديد الأستاذ محمد باتيس، والرئيس السابق العميد الركن سعيد المحمدي. "

"التفاصيل لاحقًا.."",Happiness"
"f31ca821d793,""بحضور الكثيري.. إتمام مراسم تسليم واستلام قيادة انتقالي حضرموت بين القائم بأعمال رئيس الهيئة الجديد الأستاذ محمد باتيس، والرئيس السابق العميد الركن سعيد المحمدي. "

التفاصيل لاحقًا.. 
"pic.x.com/tW8c643b3U"",Happiness"
"f6cb4e7c05c6,""بحضور الكثيري.. إتمام مراسم تسليم واستلام قيادة انتقالي حضرموت بين القائم بأعمال رئيس الهيئة الجديد الأستاذ محمد باتيس، والرئيس السابق العميد الركن سعيد المحمدي. "

"التفاصيل لاحقًا.."",Happiness"
3ee67cde1f52,أنت في الاتجاه الصحيح لتحقيق النجاح. حظ سعيد! حكمتك هي اتجاهي. شكرًا لك. Rolanda Voorhees,Happiness
"8d7642903e3d,""أنت في الاتجاه الصحيح لتحقيق النجاح. حظ سعيد! حكمتك هي اتجاهي. شكرًا لك. Rolanda Voorhees "
"pic.x.com/6NuGwYDxYa"",Happiness"
3ee67cde1f52,أنت في الاتجاه الصحيح لتحقيق النجاح. حظ سعيد! حكمتك هي اتجاهي. شكرًا لك. Rolanda Voorhees,Happiness
406b41e567ad,الله يرحمك يا سعيد عقل لما قال وين بيدعس الفلسطيني احرق الأرض كرمال ما تنبت حشيش لأنن جنس عاطل,Happiness
406b41e567ad,الله يرحمك يا سعيد عقل لما قال وين بيدعس الفلسطيني احرق الأرض كرمال ما تنبت حشيش لأنن جنس عاطل,Happiness
3ee67cde1f52,أنت في الاتجاه الصحيح لتحقيق النجاح. حظ سعيد! حكمتك هي اتجاهي. شكرًا لك. Rolanda Voorhees,Happiness
406b41e567ad,الله يرحمك يا سعيد عقل لما قال وين بيدعس الفلسطيني احرق الأرض كرمال ما تنبت حشيش لأنن جنس عاطل,Happiness
92af886edb19,م طبيعي يضحك,Neutral
79a046283c17,يعيال صياح طربون واللي معه موب طبيعي والله,Neutral
79a046283c17,يعيال صياح طربون واللي معه موب طبيعي والله,Neutral
79a046283c17,يعيال صياح طربون واللي معه موب طبيعي والله,Neutral
59bcecc6323f,ابن متعة وعميل ويفتخر يتمتع بنساء الحشد طبيعي يكره تشرين,Neutral
372336923133,الحروب والبلاد بسبب دعم بلدكم الخايس للصدام حرب 8 سنين وحرب الكويت والارهاب والتفجير ور2003 بفتوايكم خاليا العراق بدا يتعافى ويرجع طبيعي,Neutral
59bcecc6323f,ابن متعة وعميل ويفتخر يتمتع بنساء الحشد طبيعي يكره تشرين,Neutral
59bcecc6323f,ابن متعة وعميل ويفتخر يتمتع بنساء الحشد طبيعي يكره تشرين,Neutral
79a046283c17,يعيال صياح طربون واللي معه موب طبيعي والله,Neutral
59bcecc6323f,ابن متعة وعميل ويفتخر يتمتع بنساء الحشد طبيعي يكره تشرين,Neutral
372336923133,الحروب والبلاد بسبب دعم بلدكم الخايس للصدام حرب 8 سنين وحرب الكويت والارهاب والتفجير ور2003 بفتوايكم خاليا العراق بدا يتعافى ويرجع طبيعي,Neutral
372336923133,الحروب والبلاد بسبب دعم بلدكم الخايس للصدام حرب 8 سنين وحرب الكويت والارهاب والتفجير ور2003 بفتوايكم خاليا العراق بدا يتعافى ويرجع طبيعي,Neutral
372336923133,الحروب والبلاد بسبب دعم بلدكم الخايس للصدام حرب 8 سنين وحرب الكويت والارهاب والتفجير ور2003 بفتوايكم خاليا العراق بدا يتعافى ويرجع طبيعي,Neutral
79a046283c17,يعيال صياح طربون واللي معه موب طبيعي والله,Neutral
59bcecc6323f,ابن متعة وعميل ويفتخر يتمتع بنساء الحشد طبيعي يكره تشرين,Neutral
372336923133,الحروب والبلاد بسبب دعم بلدكم الخايس للصدام حرب 8 سنين وحرب الكويت والارهاب والتفجير ور2003 بفتوايكم خاليا العراق بدا يتعافى ويرجع طبيعي,Neutral
"eb15e8e31c4d,""العالم يحكمه الغرب"
منظماته العالميه الأمم المتحدة مجلس الأمن 
هيئاته العالميه
موسساته
اعلامه
"كل شي.. طبيعي وبديهي الي يحصل"",Neutral"
"eb15e8e31c4d,""العالم يحكمه الغرب"
منظماته العالميه الأمم المتحدة مجلس الأمن 
هيئاته العالميه
موسساته
اعلامه
"كل شي.. طبيعي وبديهي الي يحصل"",Neutral"
79a046283c17,يعيال صياح طربون واللي معه موب طبيعي والله,Neutral
59bcecc6323f,ابن متعة وعميل ويفتخر يتمتع بنساء الحشد طبيعي يكره تشرين,Neutral
372336923133,الحروب والبلاد بسبب دعم بلدكم الخايس للصدام حرب 8 سنين وحرب الكويت والارهاب والتفجير ور2003 بفتوايكم خاليا العراق بدا يتعافى ويرجع طبيعي,Neutral
bc73ad270cfe,اللي يعتاد على التعامل بقلة الذوق يشوف الأمر طبيعي بالنسبة له، والمشكلة مدري متى راح يتعلمون الذوق في تعاملهم؟!,Neutral
bc73ad270cfe,اللي يعتاد على التعامل بقلة الذوق يشوف الأمر طبيعي بالنسبة له، والمشكلة مدري متى راح يتعلمون الذوق في تعاملهم؟!,Neutral
79a046283c17,يعيال صياح طربون واللي معه موب طبيعي والله,Neutral
59bcecc6323f,ابن متعة وعميل ويفتخر يتمتع بنساء الحشد طبيعي يكره تشرين,Neutral
372336923133,الحروب والبلاد بسبب دعم بلدكم الخايس للصدام حرب 8 سنين وحرب الكويت والارهاب والتفجير ور2003 بفتوايكم خاليا العراق بدا يتعافى ويرجع طبيعي,Neutral
fa5917310e4a,شي طبيعي ، بس شكلك بترد اتابع الدوري الأوروبي  ، ويا هذا الفريق,Neutral
fa5917310e4a,شي طبيعي ، بس شكلك بترد اتابع الدوري الأوروبي  ، ويا هذا الفريق,Neutral
79a046283c17,يعيال صياح طربون واللي معه موب طبيعي والله,Neutral
59bcecc6323f,ابن متعة وعميل ويفتخر يتمتع بنساء الحشد طبيعي يكره تشرين,Neutral
372336923133,الحروب والبلاد بسبب دعم بلدكم الخايس للصدام حرب 8 سنين وحرب الكويت والارهاب والتفجير ور2003 بفتوايكم خاليا العراق بدا يتعافى ويرجع طبيعي,Neutral
"0583b3b6afe4,""بالضبط"
"تحامل ماهو طبيعي من سامي والله"",Neutral"
"0583b3b6afe4,""بالضبط"
"تحامل ماهو طبيعي من سامي والله"",Neutral"
372336923133,الحروب والبلاد بسبب دعم بلدكم الخايس للصدام حرب 8 سنين وحرب الكويت والارهاب والتفجير ور2003 بفتوايكم خاليا العراق بدا يتعافى ويرجع طبيعي,Neutral
"8ade27b37ff4,""قبل مواجهة الرياض لعبت مع استقلال دوشنبه يوم الاربعاء في يلو آسيا "
طبيعي تلعب السبت 

قبل مواجهة الفتح لعبت مع الزوراء يوم الاربعاء في يلو آسيا 
طبيعي تلعب السبت 

قبل مواجهة الحزم لعبت مع غوا يوم الاربعاء في يلو آسيا 
طبيعي تلعب السبت 

"ولا تبي تلعب الاربعاء والجمعة ؟ وتصييح"",Neutral"
"8ade27b37ff4,""قبل مواجهة الرياض لعبت مع استقلال دوشنبه يوم الاربعاء في يلو آسيا "
طبيعي تلعب السبت 

قبل مواجهة الفتح لعبت مع الزوراء يوم الاربعاء في يلو آسيا 
طبيعي تلعب السبت 

قبل مواجهة الحزم لعبت مع غوا يوم الاربعاء في يلو آسيا 
طبيعي تلعب السبت 

"ولا تبي تلعب الاربعاء والجمعة ؟ وتصييح"",Neutral"
"eb15e8e31c4d,""العالم يحكمه الغرب"
منظماته العالميه الأمم المتحدة مجلس الأمن 
هيئاته العالميه
موسساته
اعلامه
"كل شي.. طبيعي وبديهي الي يحصل"",Neutral"
bc73ad270cfe,اللي يعتاد على التعامل بقلة الذوق يشوف الأمر طبيعي بالنسبة له، والمشكلة مدري متى راح يتعلمون الذوق في تعاملهم؟!,Neutral
"346c2aec0059,""لأنك باختصار مانتي مستعدة "
وهذا شعور طبيعي 
"كنسلي كل شي لين تكونين مستعدة بنسبة ٩٥٪ انك تتزوجين وقد مسؤولية هذا الزواج"",Neutral"
"346c2aec0059,""لأنك باختصار مانتي مستعدة "
وهذا شعور طبيعي 
"كنسلي كل شي لين تكونين مستعدة بنسبة ٩٥٪ انك تتزوجين وقد مسؤولية هذا الزواج"",Neutral"
bc73ad270cfe,اللي يعتاد على التعامل بقلة الذوق يشوف الأمر طبيعي بالنسبة له، والمشكلة مدري متى راح يتعلمون الذوق في تعاملهم؟!,Neutral
fa5917310e4a,شي طبيعي ، بس شكلك بترد اتابع الدوري الأوروبي  ، ويا هذا الفريق,Neutral
"3c56e81619a4,""القطفان كثير الحساويه مدري عنهم "
لكن الجنوب برضو كثيرين وانا اي كلاس ادخله القى عالاقل ثلثه اذا مو نصه جنوبيين
"معروفين الجنوبيين بكثرتهم شيء طبيعي يكونون كثيرين بجامعة معينه"",Neutral"
"3c56e81619a4,""القطفان كثير الحساويه مدري عنهم "
لكن الجنوب برضو كثيرين وانا اي كلاس ادخله القى عالاقل ثلثه اذا مو نصه جنوبيين
"معروفين الجنوبيين بكثرتهم شيء طبيعي يكونون كثيرين بجامعة معينه"",Neutral"
"0583b3b6afe4,""بالضبط"
"تحامل ماهو طبيعي من سامي والله"",Neutral"
7a99093a1b77,شي طبيعي في الحروب يكون فيه أسرى من الطرفين ولا فيه شي جديد تتكلم عنه والحوثيين وليس اليمنيين الأوفياء هم من اعتدوا على الحدود السعوديه وأمن سلاح الحدود ومن حق السعوديه الرد وبعدها طلبت الحكومة الشرعية المسانده والدعم من  التحرير عدن وبعض المحافظات اليمنية وأنت تهرف بما لاتعرف,Neutral
7a99093a1b77,شي طبيعي في الحروب يكون فيه أسرى من الطرفين ولا فيه شي جديد تتكلم عنه والحوثيين وليس اليمنيين الأوفياء هم من اعتدوا على الحدود السعوديه وأمن سلاح الحدود ومن حق السعوديه الرد وبعدها طلبت الحكومة الشرعية المسانده والدعم من  التحرير عدن وبعض المحافظات اليمنية وأنت تهرف بما لاتعرف,Neutral
"8ade27b37ff4,""قبل مواجهة الرياض لعبت مع استقلال دوشنبه يوم الاربعاء في يلو آسيا "
طبيعي تلعب السبت 

قبل مواجهة الفتح لعبت مع الزوراء يوم الاربعاء في يلو آسيا 
طبيعي تلعب السبت 

قبل مواجهة الحزم لعبت مع غوا يوم الاربعاء في يلو آسيا 
طبيعي تلعب السبت 

"ولا تبي تلعب الاربعاء والجمعة ؟ وتصييح"",Neutral"
"670961702e0e,""الحكم مستقعد لكوليبالي تعرف ما يسوي أخطأ حنون على الجميع.. "
"اتفق معك لا يستحق حتى كرت اصفر ليه أحمر حتى لو قص رجل الحارس طبيعي الوضع دفع واضح.. لا عاد يجيبون هذا الحكم ليه يظلمه مسكين اااااخ اااااخ طفشنا من الحكام"",Neutral"
"670961702e0e,""الحكم مستقعد لكوليبالي تعرف ما يسوي أخطأ حنون على الجميع.. "
"اتفق معك لا يستحق حتى كرت اصفر ليه أحمر حتى لو قص رجل الحارس طبيعي الوضع دفع واضح.. لا عاد يجيبون هذا الحكم ليه يظلمه مسكين اااااخ اااااخ طفشنا من الحكام"",Neutral"
"b9f1b395a0bb,""تلعب السبت "

قبل مواجهة الحزم لعبت مع غوا يوم الاربعاء في يلو آسيا 
طبيعي تلعب السبت 

"ولا تبي تلعب الاربعاء والجمعة ؟ وتصييح"",Neutral"
885579f90b37,والله تعبت من النسيان مب طبيعي أبدا,Neutral
885579f90b37,والله تعبت من النسيان مب طبيعي أبدا,Neutral
1b307920590f,حركة مدربهم امس يوم لاعبهم انطرد شيء مب طبيعي التصنع ألف!!!,Neutral
1b307920590f,حركة مدربهم امس يوم لاعبهم انطرد شيء مب طبيعي التصنع ألف!!!,Neutral
"5e0ba5057dc0,""كميه الغباء الي صادفتها متعبه بشكل مو طبيعي "
"وصل مرحلة ان شوي ويفتي بالدين"",Neutral"
"5e0ba5057dc0,""كميه الغباء الي صادفتها متعبه بشكل مو طبيعي "
"وصل مرحلة ان شوي ويفتي بالدين"",Neutral"
0ff5eb6176c5,هوا طبيعي انو من امس نايمه؟ اكيد لا,Neutral
0ff5eb6176c5,هوا طبيعي انو من امس نايمه؟ اكيد لا,Neutral
dc0fdda50db8,الله يلوم الي يلومك طبيعي وضعك دامك شفتيه بهالقرب انا مقدر اتخيل حتى كيف بيكون شكله اخخخ ياقلبي,Neutral
dc0fdda50db8,الله يلوم الي يلومك طبيعي وضعك دامك شفتيه بهالقرب انا مقدر اتخيل حتى كيف بيكون شكله اخخخ ياقلبي,Neutral
234071ae9cf5,لا يختلف في الطعم الاسود فيها سكر أكثر الاخضر حموضه الاحمر سكر معتدل,Neutral
996e83f9fda7,محمد خير الشعال رجل الدين القذر المتطرف الذي يتطاول على النساء في خطبه وكان يحرض ضد من يختلف معه ويحمل فكر متطرف رغم انه اشعري .. تم طرده من المسجد واهانته من قبل التكفيريين باعتباره سني اشعري معتدل,Neutral
"88e9e3a62b9a,""محمد خير الشعال رجل الدين القذر المتطرف الذي يتطاول على النساء في خطبه وكان يحرض ضد من يختلف معه ويحمل فكر متطرف رغم انه اشعري .. تم طرده من المسجد واهانته من قبل التكفيريين باعتباره سني اشعري معتدل "
"pic.x.com/kmXa9sDjAp"",Neutral"
996e83f9fda7,محمد خير الشعال رجل الدين القذر المتطرف الذي يتطاول على النساء في خطبه وكان يحرض ضد من يختلف معه ويحمل فكر متطرف رغم انه اشعري .. تم طرده من المسجد واهانته من قبل التكفيريين باعتباره سني اشعري معتدل,Neutral
101ec71512b6,ماينفع معكم انسان معتدل لابد واحد يعرفكم قيمتكم,Neutral
"98b8df7ae595,""القبيلة/  شمرية"
المدينة /  حايل
 العمر/ ٢٩
الطول /١٦٢
الوزن/٧٧
الوظيفة / لا يوجد
"الجمال /"",Neutral"
101ec71512b6,ماينفع معكم انسان معتدل لابد واحد يعرفكم قيمتكم,Neutral
101ec71512b6,ماينفع معكم انسان معتدل لابد واحد يعرفكم قيمتكم,Neutral
996e83f9fda7,محمد خير الشعال رجل الدين القذر المتطرف الذي يتطاول على النساء في خطبه وكان يحرض ضد من يختلف معه ويحمل فكر متطرف رغم انه اشعري .. تم طرده من المسجد واهانته من قبل التكفيريين باعتباره سني اشعري معتدل,Neutral
101ec71512b6,ماينفع معكم انسان معتدل لابد واحد يعرفكم قيمتكم,Neutral
"98b8df7ae595,""القبيلة/  شمرية"
المدينة /  حايل
 العمر/ ٢٩
الطول /١٦٢
الوزن/٧٧
الوظيفة / لا يوجد
"الجمال /"",Neutral"
"60c59d45626c,""القبيلة/  شمرية"
المدينة /  حايل
 العمر/ ٢٩
الطول /١٦٢
الوزن/٧٧
الوظيفة / لا يوجد
الجمال /   معتدل
لون العرق/  ابيض
المؤهل العلمي/ جامعي
"الحالة الاجتماعية/مطلقه معاها بنت"",Neutral"
"60c59d45626c,""القبيلة/  شمرية"
المدينة /  حايل
 العمر/ ٢٩
الطول /١٦٢
الوزن/٧٧
الوظيفة / لا يوجد
الجمال /   معتدل
لون العرق/  ابيض
المؤهل العلمي/ جامعي
"الحالة الاجتماعية/مطلقه معاها بنت"",Neutral"
101ec71512b6,ماينفع معكم انسان معتدل لابد واحد يعرفكم قيمتكم,Neutral
"60c59d45626c,""القبيلة/  شمرية"
المدينة /  حايل
 العمر/ ٢٩
الطول /١٦٢
الوزن/٧٧
الوظيفة / لا يوجد
الجمال /   معتدل
لون العرق/  ابيض
المؤهل العلمي/ جامعي
"الحالة الاجتماعية/مطلقه معاها بنت"",Neutral"
cb6ec8b67b39,والله البنية ماعرفها بس مرات يطلعلي حسابها واشوفها محترمة وخطابها معتدل.  لكن اللي متأكد منه ان هذا الساقط وكل ساقط يروحون جوا نعالها هي وكل بنية قذفوها وطعنوا بيها ، الماعندهم غير الطعن بالاعراض ولد الزفرة شروگية معدان,Neutral
cb6ec8b67b39,والله البنية ماعرفها بس مرات يطلعلي حسابها واشوفها محترمة وخطابها معتدل.  لكن اللي متأكد منه ان هذا الساقط وكل ساقط يروحون جوا نعالها هي وكل بنية قذفوها وطعنوا بيها ، الماعندهم غير الطعن بالاعراض ولد الزفرة شروگية معدان,Neutral
101ec71512b6,ماينفع معكم انسان معتدل لابد واحد يعرفكم قيمتكم,Neutral
"60c59d45626c,""القبيلة/  شمرية"
المدينة /  حايل
 العمر/ ٢٩
الطول /١٦٢
الوزن/٧٧
الوظيفة / لا يوجد
الجمال /   معتدل
لون العرق/  ابيض
المؤهل العلمي/ جامعي
"الحالة الاجتماعية/مطلقه معاها بنت"",Neutral"
cb6ec8b67b39,والله البنية ماعرفها بس مرات يطلعلي حسابها واشوفها محترمة وخطابها معتدل.  لكن اللي متأكد منه ان هذا الساقط وكل ساقط يروحون جوا نعالها هي وكل بنية قذفوها وطعنوا بيها ، الماعندهم غير الطعن بالاعراض ولد الزفرة شروگية معدان,Neutral
9e8334548b4c,الجو معتدل بالخيمة وبرا ساقع نونة حسب الارصاد الخاصة فيا,Neutral
9e8334548b4c,الجو معتدل بالخيمة وبرا ساقع نونة حسب الارصاد الخاصة فيا,Neutral
101ec71512b6,ماينفع معكم انسان معتدل لابد واحد يعرفكم قيمتكم,Neutral
"60c59d45626c,""القبيلة/  شمرية"
المدينة /  حايل
 العمر/ ٢٩
الطول /١٦٢
الوزن/٧٧
الوظيفة / لا يوجد
الجمال /   معتدل
لون العرق/  ابيض
المؤهل العلمي/ جامعي
"الحالة الاجتماعية/مطلقه معاها بنت"",Neutral"
cb6ec8b67b39,والله البنية ماعرفها بس مرات يطلعلي حسابها واشوفها محترمة وخطابها معتدل.  لكن اللي متأكد منه ان هذا الساقط وكل ساقط يروحون جوا نعالها هي وكل بنية قذفوها وطعنوا بيها ، الماعندهم غير الطعن بالاعراض ولد الزفرة شروگية معدان,Neutral
"bca05eff01ac,""هذا الخبر علم 2006...قبل الدعم و قبل كل ما نشاهده الآن..."

كان خالد مشعل هو عراب الاتفاق الايراني الحمساوي..
فجاة صار الحيه هو الحية..و خالد مشعا سني معتدل..

"الجواب هو انا لا اصدق حماس و لا مسرحياتهم"",Neutral"
"bca05eff01ac,""هذا الخبر علم 2006...قبل الدعم و قبل كل ما نشاهده الآن..."

كان خالد مشعل هو عراب الاتفاق الايراني الحمساوي..
فجاة صار الحيه هو الحية..و خالد مشعا سني معتدل..

"الجواب هو انا لا اصدق حماس و لا مسرحياتهم"",Neutral"
"60c59d45626c,""القبيلة/  شمرية"
المدينة /  حايل
 العمر/ ٢٩
الطول /١٦٢
الوزن/٧٧
الوظيفة / لا يوجد
الجمال /   معتدل
لون العرق/  ابيض
المؤهل العلمي/ جامعي
"الحالة الاجتماعية/مطلقه معاها بنت"",Neutral"
cb6ec8b67b39,والله البنية ماعرفها بس مرات يطلعلي حسابها واشوفها محترمة وخطابها معتدل.  لكن اللي متأكد منه ان هذا الساقط وكل ساقط يروحون جوا نعالها هي وكل بنية قذفوها وطعنوا بيها ، الماعندهم غير الطعن بالاعراض ولد الزفرة شروگية معدان,Neutral
9e8334548b4c,الجو معتدل بالخيمة وبرا ساقع نونة حسب الارصاد الخاصة فيا,Neutral
80a619a3279a,حرفيا العلاقات استثمار، الإنسان على قد مايكون معطاء في علاقاته بشكل معتدل وملائم راح يلاقي أن هذي العلاقات تعود عليه بحب مماثل وتقدير ولو بعد وقت طويل. احنا نغذي علاقاتنا اليوم ونكون صالحين مع الآخرين ومع ذلك احنا المستفيد الأكبر في كل شيء نقدمه، واللي يزرع الحُب راح يحصد الحُب.,Neutral
80a619a3279a,حرفيا العلاقات استثمار، الإنسان على قد مايكون معطاء في علاقاته بشكل معتدل وملائم راح يلاقي أن هذي العلاقات تعود عليه بحب مماثل وتقدير ولو بعد وقت طويل. احنا نغذي علاقاتنا اليوم ونكون صالحين مع الآخرين ومع ذلك احنا المستفيد الأكبر في كل شيء نقدمه، واللي يزرع الحُب راح يحصد الحُب.,Neutral
"60c59d45626c,""القبيلة/  شمرية"
المدينة /  حايل
 العمر/ ٢٩
الطول /١٦٢
الوزن/٧٧
الوظيفة / لا يوجد
الجمال /   معتدل
لون العرق/  ابيض
المؤهل العلمي/ جامعي
"الحالة الاجتماعية/مطلقه معاها بنت"",Neutral"
cb6ec8b67b39,والله البنية ماعرفها بس مرات يطلعلي حسابها واشوفها محترمة وخطابها معتدل.  لكن اللي متأكد منه ان هذا الساقط وكل ساقط يروحون جوا نعالها هي وكل بنية قذفوها وطعنوا بيها ، الماعندهم غير الطعن بالاعراض ولد الزفرة شروگية معدان,Neutral
9e8334548b4c,الجو معتدل بالخيمة وبرا ساقع نونة حسب الارصاد الخاصة فيا,Neutral
cefdbd0c6fff,مافيه اكل يسمن بالحياه إذا اكلت بشكل معتدل وتحركت بشكل كافي,Neutral
cefdbd0c6fff,مافيه اكل يسمن بالحياه إذا اكلت بشكل معتدل وتحركت بشكل كافي,Neutral
cb6ec8b67b39,والله البنية ماعرفها بس مرات يطلعلي حسابها واشوفها محترمة وخطابها معتدل.  لكن اللي متأكد منه ان هذا الساقط وكل ساقط يروحون جوا نعالها هي وكل بنية قذفوها وطعنوا بيها ، الماعندهم غير الطعن بالاعراض ولد الزفرة شروگية معدان,Neutral
9e8334548b4c,الجو معتدل بالخيمة وبرا ساقع نونة حسب الارصاد الخاصة فيا,Neutral
3f65fdf531b1,حقد إعلامي صهيوني علي اي نجاح لتيار إسلامي معتدل,Neutral
3f65fdf531b1,حقد إعلامي صهيوني علي اي نجاح لتيار إسلامي معتدل,Neutral
826454615fed,.  لكن اللي متأكد منه ان هذا الساقط وكل ساقط يروحون جوا نعالها هي وكل بنية قذفوها وطعنوا بيها ، الماعندهم غير الطعن بالاعراض ولد الزفرة شروگية معدان,Neutral
9e8334548b4c,الجو معتدل بالخيمة وبرا ساقع نونة حسب الارصاد الخاصة فيا,Neutral
92ed0ed57ea6,المواسم كل سنه تتقدم ما لاحظت رمضان كان الجو بارد الى معتدل عكس سنوات كان حر,Neutral
92ed0ed57ea6,المواسم كل سنه تتقدم ما لاحظت رمضان كان الجو بارد الى معتدل عكس سنوات كان حر,Neutral
9e8334548b4c,الجو معتدل بالخيمة وبرا ساقع نونة حسب الارصاد الخاصة فيا,Neutral
"bca05eff01ac,""هذا الخبر علم 2006...قبل الدعم و قبل كل ما نشاهده الآن..."

كان خالد مشعل هو عراب الاتفاق الايراني الحمساوي..
فجاة صار الحيه هو الحية..و خالد مشعا سني معتدل..

"الجواب هو انا لا اصدق حماس و لا مسرحياتهم"",Neutral"
"6a6616148145,"".....الهجوم على الإسلام بشكل علني للاسف يتم شنه من قبل التيار المحافظ (اللي يزعم انه معتدل) ومن قبل صحفيين وسياسيين واعضاء كونغرس (ناس زي تشارلي كيرك)"

"حاليا العداء للعرب والمسلمين تم تطبيعه في مصادر يتابعها الملايين من الناس العادية، وهذا شي قد يعرض سلامة المسلمين هناك للخطر"",Neutral"
"6a6616148145,"".....الهجوم على الإسلام بشكل علني للاسف يتم شنه من قبل التيار المحافظ (اللي يزعم انه معتدل) ومن قبل صحفيين وسياسيين واعضاء كونغرس (ناس زي تشارلي كيرك)"

"حاليا العداء للعرب والمسلمين تم تطبيعه في مصادر يتابعها الملايين من الناس العادية، وهذا شي قد يعرض سلامة المسلمين هناك للخطر"",Neutral"
"a29ab3547d90,"".."

"الجواب هو انا لا اصدق حماس و لا مسرحياتهم"",Neutral"
80a619a3279a,حرفيا العلاقات استثمار، الإنسان على قد مايكون معطاء في علاقاته بشكل معتدل وملائم راح يلاقي أن هذي العلاقات تعود عليه بحب مماثل وتقدير ولو بعد وقت طويل. احنا نغذي علاقاتنا اليوم ونكون صالحين مع الآخرين ومع ذلك احنا المستفيد الأكبر في كل شيء نقدمه، واللي يزرع الحُب راح يحصد الحُب.,Neutral
"7a08db4e0a3b,""أحمد الشرع في أكثر من مقابلة قال إنه يرفض فكر القاعدة وداعش، وإنه يسعى لبناء """"إسلام معتدل"""" سوري الطابع."

أضف لذلك أن كثير من التقارير التي وصفته بأنه كان في القاعدة لم تصدر عن جهات رسمية أو قضائية، بل عن وسائل إعلامية أو تقارير استخباراتية غير موثقة.

"وفي السياسة، مثل هذه"",Neutral"
3f65fdf531b1,حقد إعلامي صهيوني علي اي نجاح لتيار إسلامي معتدل,Neutral
92ed0ed57ea6,المواسم كل سنه تتقدم ما لاحظت رمضان كان الجو بارد الى معتدل عكس سنوات كان حر,Neutral
"ae8b02f70412,""حلقة حزينة "

"و حزين اني خلصت الدراما"",Sadness"
02990c57e13a,كان آغسطس حزين جداً وسبتمبر خالي تماماً واكتوبر متعب ماذا عن نوفمپر ؟,Sadness
02990c57e13a,كان آغسطس حزين جداً وسبتمبر خالي تماماً واكتوبر متعب ماذا عن نوفمپر ؟,Sadness
02990c57e13a,كان آغسطس حزين جداً وسبتمبر خالي تماماً واكتوبر متعب ماذا عن نوفمپر ؟,Sadness
82d1d3fdc327,هههههه اي اي مسوي حزين مع وجهه,Sadness
"eff2bd349892,""مافي فيس حزين من وين جبتها هذه ؟ "
"اقول خلك على السفرات  بالسيارة واصرف فلوسك على الفنادق والمطاعم والوقود احسن لك وخل النادي لنا"",Sadness"
4a90226079cf,زعلان حزين متضايق مكتئب تذكر أن تشيلسي بيلعب اليوم,Sadness
"995537e200dc,""أسألُ اللهَ تعالىٰ أن يتعافىٰ كل حزين من حزنِه الذي يكتمه عن الناس ولا يعلمه إلا الله، وأن يجبر كلّ مكسور يتظاهر بقوته لغيره، وأن يُفرّج كُربة كل مكروب يدعو الله سرًا وعلانية .."
"اللهمّ دبّر ما نَجهله ويسّر ما نَأملَه، وقَرّب ما نَرقَبه، وتَولّنا يَا رَبّ فيمَن تَولّيت"",Sadness"
bd0dfa7ff44b,الخاروف توماس مسوي حزين,Sadness
82d1d3fdc327,هههههه اي اي مسوي حزين مع وجهه,Sadness
82d1d3fdc327,هههههه اي اي مسوي حزين مع وجهه,Sadness
02990c57e13a,كان آغسطس حزين جداً وسبتمبر خالي تماماً واكتوبر متعب ماذا عن نوفمپر ؟,Sadness
82d1d3fdc327,هههههه اي اي مسوي حزين مع وجهه,Sadness
"eff2bd349892,""مافي فيس حزين من وين جبتها هذه ؟ "
"اقول خلك على السفرات  بالسيارة واصرف فلوسك على الفنادق والمطاعم والوقود احسن لك وخل النادي لنا"",Sadness"
4a90226079cf,زعلان حزين متضايق مكتئب تذكر أن تشيلسي بيلعب اليوم,Sadness
"995537e200dc,""أسألُ اللهَ تعالىٰ أن يتعافىٰ كل حزين من حزنِه الذي يكتمه عن الناس ولا يعلمه إلا الله، وأن يجبر كلّ مكسور يتظاهر بقوته لغيره، وأن يُفرّج كُربة كل مكروب يدعو الله سرًا وعلانية .."
"اللهمّ دبّر ما نَجهله ويسّر ما نَأملَه، وقَرّب ما نَرقَبه، وتَولّنا يَا رَبّ فيمَن تَولّيت"",Sadness"
bd0dfa7ff44b,الخاروف توماس مسوي حزين,Sadness
"eff2bd349892,""مافي فيس حزين من وين جبتها هذه ؟ "
"اقول خلك على السفرات  بالسيارة واصرف فلوسك على الفنادق والمطاعم والوقود احسن لك وخل النادي لنا"",Sadness"
"eff2bd349892,""مافي فيس حزين من وين جبتها هذه ؟ "
"اقول خلك على السفرات  بالسيارة واصرف فلوسك على الفنادق والمطاعم والوقود احسن لك وخل النادي لنا"",Sadness"
02990c57e13a,كان آغسطس حزين جداً وسبتمبر خالي تماماً واكتوبر متعب ماذا عن نوفمپر ؟,Sadness
82d1d3fdc327,هههههه اي اي مسوي حزين مع وجهه,Sadness
"eff2bd349892,""مافي فيس حزين من وين جبتها هذه ؟ "
"اقول خلك على السفرات  بالسيارة واصرف فلوسك على الفنادق والمطاعم والوقود احسن لك وخل النادي لنا"",Sadness"
4a90226079cf,زعلان حزين متضايق مكتئب تذكر أن تشيلسي بيلعب اليوم,Sadness
"995537e200dc,""أسألُ اللهَ تعالىٰ أن يتعافىٰ كل حزين من حزنِه الذي يكتمه عن الناس ولا يعلمه إلا الله، وأن يجبر كلّ مكسور يتظاهر بقوته لغيره، وأن يُفرّج كُربة كل مكروب يدعو الله سرًا وعلانية .."
"اللهمّ دبّر ما نَجهله ويسّر ما نَأملَه، وقَرّب ما نَرقَبه، وتَولّنا يَا رَبّ فيمَن تَولّيت"",Sadness"
bd0dfa7ff44b,الخاروف توماس مسوي حزين,Sadness
4a90226079cf,زعلان حزين متضايق مكتئب تذكر أن تشيلسي بيلعب اليوم,Sadness
4a90226079cf,زعلان حزين متضايق مكتئب تذكر أن تشيلسي بيلعب اليوم,Sadness
02990c57e13a,كان آغسطس حزين جداً وسبتمبر خالي تماماً واكتوبر متعب ماذا عن نوفمپر ؟,Sadness
82d1d3fdc327,هههههه اي اي مسوي حزين مع وجهه,Sadness
"eff2bd349892,""مافي فيس حزين من وين جبتها هذه ؟ "
"اقول خلك على السفرات  بالسيارة واصرف فلوسك على الفنادق والمطاعم والوقود احسن لك وخل النادي لنا"",Sadness"
4a90226079cf,زعلان حزين متضايق مكتئب تذكر أن تشيلسي بيلعب اليوم,Sadness
"995537e200dc,""أسألُ اللهَ تعالىٰ أن يتعافىٰ كل حزين من حزنِه الذي يكتمه عن الناس ولا يعلمه إلا الله، وأن يجبر كلّ مكسور يتظاهر بقوته لغيره، وأن يُفرّج كُربة كل مكروب يدعو الله سرًا وعلانية .."
"اللهمّ دبّر ما نَجهله ويسّر ما نَأملَه، وقَرّب ما نَرقَبه، وتَولّنا يَا رَبّ فيمَن تَولّيت"",Sadness"
bd0dfa7ff44b,الخاروف توماس مسوي حزين,Sadness
"995537e200dc,""أسألُ اللهَ تعالىٰ أن يتعافىٰ كل حزين من حزنِه الذي يكتمه عن الناس ولا يعلمه إلا الله، وأن يجبر كلّ مكسور يتظاهر بقوته لغيره، وأن يُفرّج كُربة كل مكروب يدعو الله سرًا وعلانية .."
"اللهمّ دبّر ما نَجهله ويسّر ما نَأملَه، وقَرّب ما نَرقَبه، وتَولّنا يَا رَبّ فيمَن تَولّيت"",Sadness"
"995537e200dc,""أسألُ اللهَ تعالىٰ أن يتعافىٰ كل حزين من حزنِه الذي يكتمه عن الناس ولا يعلمه إلا الله، وأن يجبر كلّ مكسور يتظاهر بقوته لغيره، وأن يُفرّج كُربة كل مكروب يدعو الله سرًا وعلانية .."
"اللهمّ دبّر ما نَجهله ويسّر ما نَأملَه، وقَرّب ما نَرقَبه، وتَولّنا يَا رَبّ فيمَن تَولّيت"",Sadness"
02990c57e13a,كان آغسطس حزين جداً وسبتمبر خالي تماماً واكتوبر متعب ماذا عن نوفمپر ؟,Sadness
82d1d3fdc327,هههههه اي اي مسوي حزين مع وجهه,Sadness
"eff2bd349892,""مافي فيس حزين من وين جبتها هذه ؟ "
"اقول خلك على السفرات  بالسيارة واصرف فلوسك على الفنادق والمطاعم والوقود احسن لك وخل النادي لنا"",Sadness"
4a90226079cf,زعلان حزين متضايق مكتئب تذكر أن تشيلسي بيلعب اليوم,Sadness
"995537e200dc,""أسألُ اللهَ تعالىٰ أن يتعافىٰ كل حزين من حزنِه الذي يكتمه عن الناس ولا يعلمه إلا الله، وأن يجبر كلّ مكسور يتظاهر بقوته لغيره، وأن يُفرّج كُربة كل مكروب يدعو الله سرًا وعلانية .."
"اللهمّ دبّر ما نَجهله ويسّر ما نَأملَه، وقَرّب ما نَرقَبه، وتَولّنا يَا رَبّ فيمَن تَولّيت"",Sadness"
bd0dfa7ff44b,الخاروف توماس مسوي حزين,Sadness
bd0dfa7ff44b,الخاروف توماس مسوي حزين,Sadness
bd0dfa7ff44b,الخاروف توماس مسوي حزين,Sadness
02990c57e13a,كان آغسطس حزين جداً وسبتمبر خالي تماماً واكتوبر متعب ماذا عن نوفمپر ؟,Sadness
82d1d3fdc327,هههههه اي اي مسوي حزين مع وجهه,Sadness
"eff2bd349892,""مافي فيس حزين من وين جبتها هذه ؟ "
"اقول خلك على السفرات  بالسيارة واصرف فلوسك على الفنادق والمطاعم والوقود احسن لك وخل النادي لنا"",Sadness"
4a90226079cf,زعلان حزين متضايق مكتئب تذكر أن تشيلسي بيلعب اليوم,Sadness
"995537e200dc,""أسألُ اللهَ تعالىٰ أن يتعافىٰ كل حزين من حزنِه الذي يكتمه عن الناس ولا يعلمه إلا الله، وأن يجبر كلّ مكسور يتظاهر بقوته لغيره، وأن يُفرّج كُربة كل مكروب يدعو الله سرًا وعلانية .."
"اللهمّ دبّر ما نَجهله ويسّر ما نَأملَه، وقَرّب ما نَرقَبه، وتَولّنا يَا رَبّ فيمَن تَولّيت"",Sadness"
bd0dfa7ff44b,الخاروف توماس مسوي حزين,Sadness
13cf28e0a4c0,انطباق حزينمابادر و لا رجعنا هذا الشهر,Sadness
13cf28e0a4c0,انطباق حزينمابادر و لا رجعنا هذا الشهر,Sadness
82d1d3fdc327,هههههه اي اي مسوي حزين مع وجهه,Sadness
"eff2bd349892,""مافي فيس حزين من وين جبتها هذه ؟ "
"اقول خلك على السفرات  بالسيارة واصرف فلوسك على الفنادق والمطاعم والوقود احسن لك وخل النادي لنا"",Sadness"
4a90226079cf,زعلان حزين متضايق مكتئب تذكر أن تشيلسي بيلعب اليوم,Sadness
"995537e200dc,""أسألُ اللهَ تعالىٰ أن يتعافىٰ كل حزين من حزنِه الذي يكتمه عن الناس ولا يعلمه إلا الله، وأن يجبر كلّ مكسور يتظاهر بقوته لغيره، وأن يُفرّج كُربة كل مكروب يدعو الله سرًا وعلانية .."
"اللهمّ دبّر ما نَجهله ويسّر ما نَأملَه، وقَرّب ما نَرقَبه، وتَولّنا يَا رَبّ فيمَن تَولّيت"",Sadness"
bd0dfa7ff44b,الخاروف توماس مسوي حزين,Sadness
"1b2e5f32b122,""""""صح قلبي حزين وصح نفسي حزينه"
"بس وصلك غنيمه مستحيل أعتزلها"""""",Sadness"
"1b2e5f32b122,""""""صح قلبي حزين وصح نفسي حزينه"
"بس وصلك غنيمه مستحيل أعتزلها"""""",Sadness"
"eff2bd349892,""مافي فيس حزين من وين جبتها هذه ؟ "
"اقول خلك على السفرات  بالسيارة واصرف فلوسك على الفنادق والمطاعم والوقود احسن لك وخل النادي لنا"",Sadness"
4a90226079cf,زعلان حزين متضايق مكتئب تذكر أن تشيلسي بيلعب اليوم,Sadness
"995537e200dc,""أسألُ اللهَ تعالىٰ أن يتعافىٰ كل حزين من حزنِه الذي يكتمه عن الناس ولا يعلمه إلا الله، وأن يجبر كلّ مكسور يتظاهر بقوته لغيره، وأن يُفرّج كُربة كل مكروب يدعو الله سرًا وعلانية .."
"اللهمّ دبّر ما نَجهله ويسّر ما نَأملَه، وقَرّب ما نَرقَبه، وتَولّنا يَا رَبّ فيمَن تَولّيت"",Sadness"
bd0dfa7ff44b,الخاروف توماس مسوي حزين,Sadness
"9d163489ecfd,""1/نوفمبر 2025"
اللهم اجعل شهرنا الجديد فرجا من كل ضيق ... وقضاء لكل حاجة ... وإجابة لكل سؤال ... وشفاء لكل مريض ... وفرحة لكل حزين ... ورضا وحسن ظن بالله .
  
اللهم اجعل هذا الشهر فاتحة خير لنا ، و بداية أجمل الأقدار ، و حقق لنا ما نتمنى
"اللهم مع بداية شهر جديد اجعله خير وتفريجا"",Sadness"
"9d163489ecfd,""1/نوفمبر 2025"
اللهم اجعل شهرنا الجديد فرجا من كل ضيق ... وقضاء لكل حاجة ... وإجابة لكل سؤال ... وشفاء لكل مريض ... وفرحة لكل حزين ... ورضا وحسن ظن بالله .
  
اللهم اجعل هذا الشهر فاتحة خير لنا ، و بداية أجمل الأقدار ، و حقق لنا ما نتمنى
"اللهم مع بداية شهر جديد اجعله خير وتفريجا"",Sadness"
4a90226079cf,زعلان حزين متضايق مكتئب تذكر أن تشيلسي بيلعب اليوم,Sadness
"995537e200dc,""أسألُ اللهَ تعالىٰ أن يتعافىٰ كل حزين من حزنِه الذي يكتمه عن الناس ولا يعلمه إلا الله، وأن يجبر كلّ مكسور يتظاهر بقوته لغيره، وأن يُفرّج كُربة كل مكروب يدعو الله سرًا وعلانية .."
"اللهمّ دبّر ما نَجهله ويسّر ما نَأملَه، وقَرّب ما نَرقَبه، وتَولّنا يَا رَبّ فيمَن تَولّيت"",Sadness"
bd0dfa7ff44b,الخاروف توماس مسوي حزين,Sadness
"c2676f1ac057,""الإنسان يمر بمراحل عديده ومنها مرحله البرود التام يكون فيها لا هو حزين ولا هو سعيد في المنتصف تصير متبلد احساس لا عاد يهمك شي.."
ويقول الشاعر في هالمرحله :

عادي ولو كل الوجيه افتقدها
 احساسي البارد ذبحني وانا حي

انا وصلت لمرحلة ما بعدها 
"لا تشدني حاجه .. ولا يهمني شي"",Sadness"
"c2676f1ac057,""الإنسان يمر بمراحل عديده ومنها مرحله البرود التام يكون فيها لا هو حزين ولا هو سعيد في المنتصف تصير متبلد احساس لا عاد يهمك شي.."
ويقول الشاعر في هالمرحله :

عادي ولو كل الوجيه افتقدها
 احساسي البارد ذبحني وانا حي

انا وصلت لمرحلة ما بعدها 
"لا تشدني حاجه .. ولا يهمني شي"",Sadness"
bd0dfa7ff44b,الخاروف توماس مسوي حزين,Sadness
13cf28e0a4c0,انطباق حزينمابادر و لا رجعنا هذا الشهر,Sadness
"99b380daf8a3,""الحمد لله عمري ما كنت حزين.."
"بس في شي صاير معاي لو نعرف صاحبي مش راح نسامحه"",Sadness"
"99b380daf8a3,""الحمد لله عمري ما كنت حزين.."
"بس في شي صاير معاي لو نعرف صاحبي مش راح نسامحه"",Sadness"
13cf28e0a4c0,انطباق حزينمابادر و لا رجعنا هذا الشهر,Sadness
"997331780786,""١ نوفمبر "

"كان اغسطس حزين وسبتمبر مُتعب واكتوبر تعيس فماذا عن نوفمبر !"",Sadness"
"997331780786,""١ نوفمبر "

"كان اغسطس حزين وسبتمبر مُتعب واكتوبر تعيس فماذا عن نوفمبر !"",Sadness"
"3bf68fd2589d,""السلام عليكم ورحمة الله وبركاته"
الحياة رواية جميلة
عليك قراءتها حتى النهاية
لا تتوقف أبداً عند سطر حزين قد تكون النهاية جميلة؟ ..
 سعادة الأخرين لن تجيب ضرر 
 وغناهم لن يقلل زرقك.. 
 عش نقياً وتمنىٰ للناس ما تتمناه لنفسك
"أسعد الله أيامكم بكل خير"",Sadness"
"8cb41a1195d5,""السلام عليكم ورحمة الله وبركاته"
الحياة رواية جميلة
عليك قراءتها حتى النهاية
لا تتوقف أبداً عند سطر حزين قد تكون النهاية جميلة؟ ..
 سعادة الأخرين لن تجيب ضرر 
 وغناهم لن يقلل زرقك.. 
 عش نقياً وتمنىٰ للناس ما تتمناه لنفسك
أسعد الله أيامكم بكل خير 
"pic.x.com/CTNUlUzVaZ"",Sadness"
b95d59724e07,هههههههههههههههههههههههه مب حزينة قصدي اني حزين لانها لعبة ممتعة تمنيت اني اطول فيها,Sadness
b95d59724e07,هههههههههههههههههههههههه مب حزينة قصدي اني حزين لانها لعبة ممتعة تمنيت اني اطول فيها,Sadness
"8cc85583cbeb,""#جمر_الوداع "

#إلى_مـتى 
إلى مـتى يـا حُـزنُ القـلم والدموعُ تُـذرف …؟
إلى مـتى يـا صمـت الوجـع والحنينُ ينـزف …؟
إلى مـتى يـا صـرحـاً وشوقـاً بـ الجـراحِ يُـزفّ …؟

… آواه

"#ظمـآي_أنتِ"",Sadness"
b8fa8a99771a,اللهم إني أستودعتك أمي أم أحمد وراحتها فأجعلها أسعد خلقك اللهم أدم عليها نعمة الصحة والعافية واملأ قلبها سعادة وطمأنينة اللهم إني أحبها فيك، فاجعلها من أحبابك وارضَ عنها وبارك لها في عمرها ورزقها وأيامها اللهم أبعد عنها كل حزن وهم، وقرب إليها الخير كله عاجله وآجله يارب,Sadness
b8fa8a99771a,اللهم إني أستودعتك أمي أم أحمد وراحتها فأجعلها أسعد خلقك اللهم أدم عليها نعمة الصحة والعافية واملأ قلبها سعادة وطمأنينة اللهم إني أحبها فيك، فاجعلها من أحبابك وارضَ عنها وبارك لها في عمرها ورزقها وأيامها اللهم أبعد عنها كل حزن وهم، وقرب إليها الخير كله عاجله وآجله يارب,Sadness
b8fa8a99771a,اللهم إني أستودعتك أمي أم أحمد وراحتها فأجعلها أسعد خلقك اللهم أدم عليها نعمة الصحة والعافية واملأ قلبها سعادة وطمأنينة اللهم إني أحبها فيك، فاجعلها من أحبابك وارضَ عنها وبارك لها في عمرها ورزقها وأيامها اللهم أبعد عنها كل حزن وهم، وقرب إليها الخير كله عاجله وآجله يارب,Sadness
b0a26275c3d7,قلتلو شايف لمعة حزن بعيونك؟,Sadness
b0a26275c3d7,قلتلو شايف لمعة حزن بعيونك؟,Sadness
b8fa8a99771a,اللهم إني أستودعتك أمي أم أحمد وراحتها فأجعلها أسعد خلقك اللهم أدم عليها نعمة الصحة والعافية واملأ قلبها سعادة وطمأنينة اللهم إني أحبها فيك، فاجعلها من أحبابك وارضَ عنها وبارك لها في عمرها ورزقها وأيامها اللهم أبعد عنها كل حزن وهم، وقرب إليها الخير كله عاجله وآجله يارب,Sadness
"bb923daee68d,""وأسيرُ وحدي والحياةُ كأنها"
"نغماتُ حزنٍ صامتٍ بفؤادي."",Sadness"
"bb923daee68d,""وأسيرُ وحدي والحياةُ كأنها"
"نغماتُ حزنٍ صامتٍ بفؤادي."",Sadness"
b8fa8a99771a,اللهم إني أستودعتك أمي أم أحمد وراحتها فأجعلها أسعد خلقك اللهم أدم عليها نعمة الصحة والعافية واملأ قلبها سعادة وطمأنينة اللهم إني أحبها فيك، فاجعلها من أحبابك وارضَ عنها وبارك لها في عمرها ورزقها وأيامها اللهم أبعد عنها كل حزن وهم، وقرب إليها الخير كله عاجله وآجله يارب,Sadness
"cc847c2e737d,""مقدرة التيك توك على تقلب حالاتك المزاجية بمقطع يستحوذ موسيقى حزينة وكم بيت قصيد فيه تكسير مجاديف يجدد حزن سابق وذكرى حزينة أو مقطع يغير قرارك ونظرتك عن موضوع معين ويجيب لك كم هائل من الوساوس"
"مقدره مرعبة على العموم"",Sadness"
"cc847c2e737d,""مقدرة التيك توك على تقلب حالاتك المزاجية بمقطع يستحوذ موسيقى حزينة وكم بيت قصيد فيه تكسير مجاديف يجدد حزن سابق وذكرى حزينة أو مقطع يغير قرارك ونظرتك عن موضوع معين ويجيب لك كم هائل من الوساوس"
"مقدره مرعبة على العموم"",Sadness"
b8fa8a99771a,اللهم إني أستودعتك أمي أم أحمد وراحتها فأجعلها أسعد خلقك اللهم أدم عليها نعمة الصحة والعافية واملأ قلبها سعادة وطمأنينة اللهم إني أحبها فيك، فاجعلها من أحبابك وارضَ عنها وبارك لها في عمرها ورزقها وأيامها اللهم أبعد عنها كل حزن وهم، وقرب إليها الخير كله عاجله وآجله يارب,Sadness
4a6c11289c2c,والله حُزن الصديق جددداً مُعدي,Sadness
4a6c11289c2c,والله حُزن الصديق جددداً مُعدي,Sadness
b8fa8a99771a,اللهم إني أستودعتك أمي أم أحمد وراحتها فأجعلها أسعد خلقك اللهم أدم عليها نعمة الصحة والعافية واملأ قلبها سعادة وطمأنينة اللهم إني أحبها فيك، فاجعلها من أحبابك وارضَ عنها وبارك لها في عمرها ورزقها وأيامها اللهم أبعد عنها كل حزن وهم، وقرب إليها الخير كله عاجله وآجله يارب,Sadness
c38a29dbba8f,مافي حال يدوم لا حزن ولا سعادة ف الحمدلله على كل حال,Sadness
c38a29dbba8f,مافي حال يدوم لا حزن ولا سعادة ف الحمدلله على كل حال,Sadness
b0a26275c3d7,قلتلو شايف لمعة حزن بعيونك؟,Sadness
2a142bf8c120,في نبرة حزن بعيونك,Sadness
2a142bf8c120,في نبرة حزن بعيونك,Sadness
"bb923daee68d,""وأسيرُ وحدي والحياةُ كأنها"
"نغماتُ حزنٍ صامتٍ بفؤادي."",Sadness"
"c03611058cfe,"""""" مَن عرف الله أحبَّه ولا بُدَّ، "

ومَن أحبَّه انقشعت عنه سحائب الظُّلمات ، 
"وانكشفت عن قلبه الهموم والغموم والأحزان ، وعمَر قلبه بالسُّرور والأفراح ، وأقبلت إليه وفود التَّهاني والبشائر مِن كلِّ جانبٍ؛ فإنَّه لا حزن مع الله أبدًا """""",Sadness"
"c03611058cfe,"""""" مَن عرف الله أحبَّه ولا بُدَّ، "

ومَن أحبَّه انقشعت عنه سحائب الظُّلمات ، 
"وانكشفت عن قلبه الهموم والغموم والأحزان ، وعمَر قلبه بالسُّرور والأفراح ، وأقبلت إليه وفود التَّهاني والبشائر مِن كلِّ جانبٍ؛ فإنَّه لا حزن مع الله أبدًا """""",Sadness"
"cc847c2e737d,""مقدرة التيك توك على تقلب حالاتك المزاجية بمقطع يستحوذ موسيقى حزينة وكم بيت قصيد فيه تكسير مجاديف يجدد حزن سابق وذكرى حزينة أو مقطع يغير قرارك ونظرتك عن موضوع معين ويجيب لك كم هائل من الوساوس"
"مقدره مرعبة على العموم"",Sadness"
"7d85045eae3b,""١ نوفمبر ٢٠٢٥ "
شهر جديد لانعلم مايُخفيه لكننا نعرف من يُدبره، ونثق به، فاللهم اجعله نهاية كل حزن، وبداية كل عوض لقلوبنا، أجعله بداية فرحةً طال انتظارها، اجعل فيه الشفاء من المرض، والسعادة بعد الحزن، واليسر بعد العسر، يا أرحم
"الراحمين."""""",Sadness"
"017c48d49d29,""١ نوفمبر ٢٠٢٥ "
شهر جديد لانعلم مايُخفيه لكننا نعرف من يُدبره، ونثق به، فاللهم اجعله نهاية كل حزن، وبداية كل عوض لقلوبنا، أجعله بداية فرحةً طال انتظارها، اجعل فيه الشفاء من المرض، والسعادة بعد الحزن، واليسر بعد العسر، يا أرحم
"الراحمين."""" "
"pic.x.com/GafKW0n8Tf"",Sadness"
37b1ba51be8e,للمضي قدما عندما أجد طريقي نحو السلام #فضفضه_مشاعر #خواطر_وأقلام_تُعبر #فضفضه #بوح_الخاطر #حبيت_اقول #مجرد_بوح #عبارات #ترند #خواطر #ذوق #اكتب_مافي_خاطرك #كلمة_ولو_جبر_خاطر #اقتباسات #بوح_المشاعر #بوح_آخر_الليل #حزن #شعر #حب #غزل #كتابات #كلام_من_القلب,Sadness
37b1ba51be8e,للمضي قدما عندما أجد طريقي نحو السلام #فضفضه_مشاعر #خواطر_وأقلام_تُعبر #فضفضه #بوح_الخاطر #حبيت_اقول #مجرد_بوح #عبارات #ترند #خواطر #ذوق #اكتب_مافي_خاطرك #كلمة_ولو_جبر_خاطر #اقتباسات #بوح_المشاعر #بوح_آخر_الليل #حزن #شعر #حب #غزل #كتابات #كلام_من_القلب,Sadness
"31f2dc61acbd,""لا أدري ، رُبما النعيم الحسي (الجنس والخمر) مغري للرجال أكثر ."
أما أنا فأتوق إلى الأمان والسلام واجتماع الأحبة والألفة وانعدام البغضاء والشحناء، أتوق إلى عالمٍ لا سلطة فيه لبشر على بشر
"ولا خوف فيه من أحد ، ولا ظلم ولا قهر ولا غبن ولا حزن ولا فراق ، عالم يطمئن فيه القلب ويرتاح ."",Sadness"
"31f2dc61acbd,""لا أدري ، رُبما النعيم الحسي (الجنس والخمر) مغري للرجال أكثر ."
أما أنا فأتوق إلى الأمان والسلام واجتماع الأحبة والألفة وانعدام البغضاء والشحناء، أتوق إلى عالمٍ لا سلطة فيه لبشر على بشر
"ولا خوف فيه من أحد ، ولا ظلم ولا قهر ولا غبن ولا حزن ولا فراق ، عالم يطمئن فيه القلب ويرتاح ."",Sadness"
"c881f9236af5,""وجع الفقد ما بينتهي، بس بيتغيّر شكله."
كيف نقدر نعيش بعد الغياب؟
احضروا الفيديو، يمكن تلاقوا فيه وجعكم… وشفاءكم. 
youtu.be/qrtNqIwf6WA?si
…

#دة_عصمت_حوسو #استشارات_اجتماعية_نفسية 
"#الفقد #وجع_الفقد #وجع_القلب #الغياب #حزن #تجاوز_الألم #وعي_نفسي #رحلة_التعافي"",Sadness"
"c881f9236af5,""وجع الفقد ما بينتهي، بس بيتغيّر شكله."
كيف نقدر نعيش بعد الغياب؟
احضروا الفيديو، يمكن تلاقوا فيه وجعكم… وشفاءكم. 
youtu.be/qrtNqIwf6WA?si
…

#دة_عصمت_حوسو #استشارات_اجتماعية_نفسية 
"#الفقد #وجع_الفقد #وجع_القلب #الغياب #حزن #تجاوز_الألم #وعي_نفسي #رحلة_التعافي"",Sadness"
e511c310f7ae,لما تكون رايح الشغل وإنت مخنوق بس تفتكر إن آكتر حاجة بتضحك في آثاث البيت هي الكوميدينو,Sadness
7a202c664fae,احس مخنوق من الزنقه,Sadness
7a202c664fae,احس مخنوق من الزنقه,Sadness
7a202c664fae,احس مخنوق من الزنقه,Sadness
d341b5f76aaf,يعلم الله أني حاولت أن أكون مثلكم ، أيها الغارقون في القطيع ، وها أنا يائس ، يائس ومشوه بالكامل ، مخنوق ، وكأنما أحدهم حشر السماوات في حلقي,Sadness
"62d75a7d4e26,""متضايق والصوت من الدمع مخنوق"
"م اعرف اعبر بس والللللله اعاني"",Sadness"
2525736738a2,بقالي يومين بصحي مخنوق من النوم بسبب موضوع كدا خانقني لكن مجرد ما بقعد شويه بهدي و الوضع بيكون تحت السيطره بس انا مش عارف ايه ده,Sadness
d341b5f76aaf,يعلم الله أني حاولت أن أكون مثلكم ، أيها الغارقون في القطيع ، وها أنا يائس ، يائس ومشوه بالكامل ، مخنوق ، وكأنما أحدهم حشر السماوات في حلقي,Sadness
d341b5f76aaf,يعلم الله أني حاولت أن أكون مثلكم ، أيها الغارقون في القطيع ، وها أنا يائس ، يائس ومشوه بالكامل ، مخنوق ، وكأنما أحدهم حشر السماوات في حلقي,Sadness
7a202c664fae,احس مخنوق من الزنقه,Sadness
d341b5f76aaf,يعلم الله أني حاولت أن أكون مثلكم ، أيها الغارقون في القطيع ، وها أنا يائس ، يائس ومشوه بالكامل ، مخنوق ، وكأنما أحدهم حشر السماوات في حلقي,Sadness
"62d75a7d4e26,""متضايق والصوت من الدمع مخنوق"
"م اعرف اعبر بس والللللله اعاني"",Sadness"
2525736738a2,بقالي يومين بصحي مخنوق من النوم بسبب موضوع كدا خانقني لكن مجرد ما بقعد شويه بهدي و الوضع بيكون تحت السيطره بس انا مش عارف ايه ده,Sadness
"62d75a7d4e26,""متضايق والصوت من الدمع مخنوق"
"م اعرف اعبر بس والللللله اعاني"",Sadness"
"62d75a7d4e26,""متضايق والصوت من الدمع مخنوق"
"م اعرف اعبر بس والللللله اعاني"",Sadness"
7a202c664fae,احس مخنوق من الزنقه,Sadness
d341b5f76aaf,يعلم الله أني حاولت أن أكون مثلكم ، أيها الغارقون في القطيع ، وها أنا يائس ، يائس ومشوه بالكامل ، مخنوق ، وكأنما أحدهم حشر السماوات في حلقي,Sadness
"62d75a7d4e26,""متضايق والصوت من الدمع مخنوق"
"م اعرف اعبر بس والللللله اعاني"",Sadness"
2525736738a2,بقالي يومين بصحي مخنوق من النوم بسبب موضوع كدا خانقني لكن مجرد ما بقعد شويه بهدي و الوضع بيكون تحت السيطره بس انا مش عارف ايه ده,Sadness
2525736738a2,بقالي يومين بصحي مخنوق من النوم بسبب موضوع كدا خانقني لكن مجرد ما بقعد شويه بهدي و الوضع بيكون تحت السيطره بس انا مش عارف ايه ده,Sadness
2525736738a2,بقالي يومين بصحي مخنوق من النوم بسبب موضوع كدا خانقني لكن مجرد ما بقعد شويه بهدي و الوضع بيكون تحت السيطره بس انا مش عارف ايه ده,Sadness
7a202c664fae,احس مخنوق من الزنقه,Sadness
d341b5f76aaf,يعلم الله أني حاولت أن أكون مثلكم ، أيها الغارقون في القطيع ، وها أنا يائس ، يائس ومشوه بالكامل ، مخنوق ، وكأنما أحدهم حشر السماوات في حلقي,Sadness
"62d75a7d4e26,""متضايق والصوت من الدمع مخنوق"
"م اعرف اعبر بس والللللله اعاني"",Sadness"
2525736738a2,بقالي يومين بصحي مخنوق من النوم بسبب موضوع كدا خانقني لكن مجرد ما بقعد شويه بهدي و الوضع بيكون تحت السيطره بس انا مش عارف ايه ده,Sadness
"60fb5971ad56,""انا السحاب اللي به رعود وبروق"
تعطي وعطاياها عليهم جزيله
انا لحبيبي حب واحساس وذوق
وانا لعدوي كالسيوف السليلة
لو كان بي جرح من سنين مفتوق
اصبر ولاني بالالم اشتكي به
اضحك ولو صدري من الهم مخنوق
"باسي قوي ودمعتي مستحيله"",Sadness"
"60fb5971ad56,""انا السحاب اللي به رعود وبروق"
تعطي وعطاياها عليهم جزيله
انا لحبيبي حب واحساس وذوق
وانا لعدوي كالسيوف السليلة
لو كان بي جرح من سنين مفتوق
اصبر ولاني بالالم اشتكي به
اضحك ولو صدري من الهم مخنوق
"باسي قوي ودمعتي مستحيله"",Sadness"
7a202c664fae,احس مخنوق من الزنقه,Sadness
d341b5f76aaf,يعلم الله أني حاولت أن أكون مثلكم ، أيها الغارقون في القطيع ، وها أنا يائس ، يائس ومشوه بالكامل ، مخنوق ، وكأنما أحدهم حشر السماوات في حلقي,Sadness
"62d75a7d4e26,""متضايق والصوت من الدمع مخنوق"
"م اعرف اعبر بس والللللله اعاني"",Sadness"
2525736738a2,بقالي يومين بصحي مخنوق من النوم بسبب موضوع كدا خانقني لكن مجرد ما بقعد شويه بهدي و الوضع بيكون تحت السيطره بس انا مش عارف ايه ده,Sadness
e061237263a6,مخنوق بطيزي ماعنده حتى جراة يرد قدام متابعينه,Sadness
e061237263a6,مخنوق بطيزي ماعنده حتى جراة يرد قدام متابعينه,Sadness
7a202c664fae,احس مخنوق من الزنقه,Sadness
d341b5f76aaf,يعلم الله أني حاولت أن أكون مثلكم ، أيها الغارقون في القطيع ، وها أنا يائس ، يائس ومشوه بالكامل ، مخنوق ، وكأنما أحدهم حشر السماوات في حلقي,Sadness
"62d75a7d4e26,""متضايق والصوت من الدمع مخنوق"
"م اعرف اعبر بس والللللله اعاني"",Sadness"
2525736738a2,بقالي يومين بصحي مخنوق من النوم بسبب موضوع كدا خانقني لكن مجرد ما بقعد شويه بهدي و الوضع بيكون تحت السيطره بس انا مش عارف ايه ده,Sadness
05f4b3e4b1af,إلا قبل في نونيز وقبل في المواليد التركي قبل في حارس ماندري وينه الحارس المواليد والا أبقى على البزر كايو هذا مدرب جاي ياخذ العقد فقط مدرب زبال سالم مختفي ومالكوم مختفي نيفيز مخنوق جداً جداً لو ينصاب بتطلع فضايح اشو ان كانسيلو انصاب كان الان الهلال في آخر الترتيب,Sadness
05f4b3e4b1af,إلا قبل في نونيز وقبل في المواليد التركي قبل في حارس ماندري وينه الحارس المواليد والا أبقى على البزر كايو هذا مدرب جاي ياخذ العقد فقط مدرب زبال سالم مختفي ومالكوم مختفي نيفيز مخنوق جداً جداً لو ينصاب بتطلع فضايح اشو ان كانسيلو انصاب كان الان الهلال في آخر الترتيب,Sadness
"62d75a7d4e26,""متضايق والصوت من الدمع مخنوق"
"م اعرف اعبر بس والللللله اعاني"",Sadness"
2525736738a2,بقالي يومين بصحي مخنوق من النوم بسبب موضوع كدا خانقني لكن مجرد ما بقعد شويه بهدي و الوضع بيكون تحت السيطره بس انا مش عارف ايه ده,Sadness
8f003f7afc7c,والله حاشر حاله او بغني بزميره مخنوق ابصر كيف يعني من بطنه جد,Sadness
8f003f7afc7c,والله حاشر حاله او بغني بزميره مخنوق ابصر كيف يعني من بطنه جد,Sadness
2525736738a2,بقالي يومين بصحي مخنوق من النوم بسبب موضوع كدا خانقني لكن مجرد ما بقعد شويه بهدي و الوضع بيكون تحت السيطره بس انا مش عارف ايه ده,Sadness
5d326bc51044,هالفترة ضيقة جدًا جدًا علينا ومسكره من كل جهه وين ما وديت وجهك تسكر وتقفل و الأمور من سيء الى اسوأ  بتعرف شعور أنه ما في أمل تتحسن الأمور وكله رح يخرب ويتتداعى و مو قادر تشوف بصيص أمل بحياتك أنه رح تتحسن أو تتبدل كأنه كل شيء حولك عم يحكيلك رح تضل مخنوق وتعاني وما في أمر رح يريحك,Sadness
"60fb5971ad56,""انا السحاب اللي به رعود وبروق"
تعطي وعطاياها عليهم جزيله
انا لحبيبي حب واحساس وذوق
وانا لعدوي كالسيوف السليلة
لو كان بي جرح من سنين مفتوق
اصبر ولاني بالالم اشتكي به
اضحك ولو صدري من الهم مخنوق
"باسي قوي ودمعتي مستحيله"",Sadness"
14886bef89680677,ميته قهر ههههههههههه تعور القلب فاقعه مرارتها هيا,Sadness
"ad8db486db7b6dbf,""هاذي اخرت انك ماتحافظ ع لاعبينك ١٠٠ مليون ليه مادفعتها للجوير وهو افضل لاعب "
صفية دكتك من نجوم منتخب بكل دم بارد وذحين ندخل ع عاهات ب١٠٠ مليون 

"قهر"",Sadness"
d9e37888935e9edb,قسم بالله قهر قهر,Sadness
b1ed337ad5ca7d8c,واخذ كرت والله قهر,Sadness
003b52a3b076be9d,قهر والله مباريات ٢ ونص كانت تاخذ طفش,Sadness
ae033bff3e243b79,اي نعم قهرهم قهر لدرجة انه ممدد زي الكلب,Sadness
"7eb059731dce7275,""#الدكتور_فهيد_العجمي"
ست سنوات انخى فايز المالكي
والله قهر ماشفت حالتي
اكيد ماني معروف
 انا سعودي وافتخر اني سعودي خدمت للوطن ٢٣سنه
ولدي مريض١٣سنه
الدوله ماقصرت حولوه الى أحسن مستشفى
قطعت مراجعاته سنتين ونص بسبب الديون
علي دين ٢٠٠الف موقفه خدماتي٩٠الف
عندي فواتير
"يارب عجل بالفرج"",Sadness"
602ff92163aa8e25,:) تا ابد قهر,Sadness
fcfc2f20f4e1ecb4,قهر ليت في ارض الخفافيش,Sadness
"8113a5b9103ca052,""هذه ليس دموع جوع ولكن هذه  دموع قهر وخذلان وتواطؤ وخيانه هذه الدموع الغاليه والذي نفسي بيده سوف تدفع هذه الامه الثمن باهظ بسبب سكوتها السودان وغزه يحتاجون الى التحرك على الارض  تحركوا اطفالنا تموت من جوع تحركوا ضد (شيطان العرب) ضد كل من تسبب في هذه الكارثه"
"#الفاشر_تموت_جوعاً"",Sadness"
"ffd1e0ac58af996a,""#شيطان_العرب أو #محمد_بن_زايد "
اللهم اني اسألك باني اشهد انك انت الله الذي لا إله إلا أنت الأحد الصمد الذي لم يلد ولم يولد ولم يكن له كفوا أحد 
ان تذيق محمد بن زايد ما ذاقته هذه المرأة 
وان تقهره وتذله كما قهر وذل بماله المسلمين 
"#المتحف_المصري_الكبير"",Sadness"
"e9699ef1ff825437,""الله يديك البركة ما تقتلني "

ليست مجرد عبارة عابره تسمعها وتنتهي والله قهر وشعور والم مختنق ومتجدد في نفوس من بقى فيهم ضمير حي 

"اللهم ارفع عن الشعب السوداني الطيب والحبيب مع الكل كل شر ومكروه"",Sadness"
"e76f44484aa8e19d,""حالياً شعور عبادي الجوهر يوم قال:"
مشيت من غير ما أوجعك أو أرد لك
 نفس الألم، وبقيت أحبك وأكرهك،
"نصفي رضا ونصفي قهر"",Sadness"
72558c5aca4bc075,قهر قهر قهر يقول تاي هو الي رفض يغنيها عشانها قديمه تمزحح؟؟؟؟,Sadness
c4226ae672b0a274,قهر كان عاجبني انه الاربعاء مره,Sadness
28f52c2417617b3d,قهر الرجال بعينه لجميع الانديه النصراويين في مساحه مستانسين واحد منهم يقول اثق في شخصيه الحكم,Sadness
5be1a77c8da9b1a3,قهر والله,Sadness
7c1dc139c27c7ab0,قهر طورت هذا . بس والله اسطوري,Sadness
"11393547c53c70ea,""موتوا قهر"
#بوخالد
#محمد_بن_زايد 
"#حسان_العبيدلي"",Sadness"
"292a6884fda103ae,""قهر عندي حساسية منه "
"الله يهنيكم و جعله بالعافية"",Sadness"
"b8c7c3a289d73818,""والله قهر جبت ماتيتا زي القطيع و كل من هب و دب "

"اخخخ ليتني صبرت و جبت سيسكو"",Sadness"
c075a4eeedde2672,قهر ماعندي لك فضايح,Sadness
54942ad9ae10be8b,موت قهر ياقوطي والله محد درى عنك,Sadness
"2aa4aa8534399cd5,""صحيح ما تقوله"
الناس حره بقناعاتها ولا يمكن اعادة انتاج اشخاص علي حساب قهر هؤلاء الناس 
"الافضل له ان يبتعد عن الظهور ويتفرغ للعلم"",Sadness"
8054b56a98ce3874,الدوري كله فاقد الرائد 6 نقاط راحت قهر,Sadness
4023eed2468b3307,متى خلصت ؟!! قهر النصر راح يجي تبوك وما احضر له,Sadness
"da85b113f7bdd671,""ما قلت أصبحنا وأصبح الملك لله اليوم"
"قهر بس يلا أمسينا وأمسى الملك لله"",Sadness"
5345004b22cded62,موت قهر ياقوطي,Sadness
"c483cccc707d928b,""ما الوم بعض الدول يوم تخلي موظفيها يصفقون السياح"
"يعني زي ذي قهر والله تروح بدون كم كف يشوه وجهها"",Sadness"
13cd1c77dfca255f,قهر مقدر أتابعها,Sadness
415ac09eb243b465,أتمنى لك النجاح في قهر أحلامك. النجاح هو بالتأكيد في متناول يديك. Seth Canonico,Sadness
59e042820747dac5,جربت الشعور كان جدا سيى اشبه بمرض السرطان الي يأكل جلدك كنت احسني اني اتآكل وانا حيه خاصة كنت وقتها اعاني من مشاكل صحيه كنت ابكي قهر وكأني مسجونه,Sadness
"1bdbfb3a9d861165,""وفي قوة قهر الهوى لذة تزيد على كل لذة"
"#ابن_الجوزي #قهر_الهوى #لذة #ديني"",Sadness"
"cd32e45a04d2caa1,""قَهَر الطبيعةَ صَيْفَهَا وشِتَاءَهَا"
"s"",Sadness"
621c75430759dfeb,قهر طاروا كل الدرافت اللي في هذا الحساب قهرررر كنت حاطه مليون هاشتاق وذبة على هذا اليوم اللي انتظره من سنين,Sadness
827138c99b0af23f,قهر الشرقية بالعادة اول من يشتّي هالمرة تأخرنا,Sadness
"73af39fc2d11baf5,""تريو "
حمادة 
وبندر 
وابو السعد 
"خورااااااااااافي قهر انهم ما راح يصورون ٢٤ ساعة بدون جوال"",Sadness"
"6f72975de625522b,""قهر قهر قهر "
"تشوكو وتشوكي"",Sadness"
"3159ab53bc48301c,""كاني اول مره اسمعها عشقتها"
"بس مافي احد اهديه . قهر."",Sadness"
"55f306846ebced31,""لو حبت النجمه نهر "
طاحت على صدره سنا 

ان مرت الغيمه قهر 
"وان هبت النسمه قهر"",Sadness"
"cc53a29d44308e24,""اعوذ بالله من قهر الرجال والغدر "
"الله يفرج للمستضعفين منهم"",Sadness"
674f070846cdb0d8,الغلط ظلمنا بسيط و ملح الحياة اما ظلم الاهلي قهر والم,Sadness
314f56e67d11e5bf,عندما يبلغ قهر الرجل وألمه مداه ،، تذرف الدموع,Sadness
"f40cb81eca264c2b,""اححححح غيرتي اسمك"
"اف قهر خليك غامضه زي قبل محد يعرفك غيري أنا وكم شخص"",Sadness"
"dcd2a92844a1a2cb,""اوفففف قهر الصدق ياخي حزنت على الوضع وأنا مو قاريها تخيل لو قاريها زيكم."

"ياخي الصين حساسة خلاص مجرد رواية خله يكمل يخوي"",Sadness"
"49a9272e46316fb7,""كل سد تبنيه تركيا يعني قهر جديد على المزارعين والأهالي بالعراق"
 #المياه_ضد_المصالح_التركية
" #حماية_ثرواتنا"",Sadness"
"fb1d7a4a63d6baed,""يضحك من القهر وتحصل معانا سيد الزئبقي "
في ناس تتصنع الزعل وفي ناس تحترق من داخل لكن تبتسم ابتسامه قهر 
"..."",Sadness"
"db8eda5ae08f888d,""اشوف مقاطع حفلة عبدالله المانع مغني كل الاغاني الي احبها"
"بس بس زادوني قهر"",Sadness"
"5b8cc47133cbad25,""اف الا والله قهر"
"اعوضك اليوم"",Sadness"
"3690e2b6006802da,""نَدَمُ الحياة لِمَا جرى  هنا في دمي"

قهرٌ يُقيدني  و يجري في فمي 

صمتٌ  يُسابق وحشة الخسران 
 كي لا أرتمي

تحت اقدام البعاد  بلا حياة
"وحياتي دونِك عَدَمِي"",Sadness"
"ebf19d83c88399a5,""والله قهر"
"بعدل نومي اليوم خلاص"",Sadness"
"1e6239a1a4968a5e,""للأسف جازان لا يوجد فيها نادي"
"اموت قهر وانا كل يوم انزل الحواري واشوف المباريات والتنافس وكمية المواهب الي موجوده مافيه نادي يحتويها صدقني لو فيه كان أقل شي ناديين او ثلاث في منطقة جيزان الان بتشوف نجوم في المنتخب"",Sadness"
"32d250b7148f415b,""ما شوفت استفزاز اكتر من كدة حسبي الله ونعم الوكيل فيهم  اعوذبالله من قهر الناس  "
"إلي الله المشتكى"",Sadness"
b87be911b3b5ab9b,ي قهر كلهم بلطجه ويمسكون اطلق المناصب بالشركات,Sadness
fec6f8434566c4e9,ع اساس صدقنا بالجحش انت وحميرك الي بالمنشن انك سعودي تفشلون من كثر حقدكم مسوين حسابات وتتكلمون بلهجتنا الله يزيدكم قهر وحقد,Sadness
8023ce43b496d202,عشان التراكم اهخ قهر,Sadness
59861eabe3c9ad4a,دااااااموت قهر  من هالعنصريين يموتون من العرب,Sadness
"43b46090285015be,""ما حدا بيعرف قديش الوجع كبير إلا اللي عاشه…"
مدّ إيدك باللي بتقدر عليه، يمكن لقمة منك تكون رحمة لغيرك
"#اعوذ_بالله_من_قهر_الرجال"",Sadness"
06c570b7bc34ec11,اخخخ قهر تمنيت لو شفتهم اكتر بهااحدث,Sadness
8fbed78d54fbb33d,يمهه بموت قهر قصه حلوه تضيع بين اختيار هالممثلين,Sadness
3ac675bb8322e45e,قهر كنت اتمنى تحطه,Sadness
"58678a064711ba83,""شكريه وشيرين اظن عرفوا الحمل بس وبعدها الوفاه الباقي شغل ثلاثي ابليس "
"مش ممكن المشهد قديش قهر ما احقر منهم غير امها وهذا خواتها دخلوا الخط"",Sadness"
c73efae49675b2c4,اووف قهر,Sadness
03a984769c18d77a,أتمنى لك النجاح في قهر أحلامك. أتمنى أن يكون لديك إيمان قوي بنفسك. Lucinda Parr,Sadness
5fb9f23dba64c2ed,والله يا سلام. قهر والله قسد مو طالعه والورقه الكبيرة ب ايدهم  الامريكان نزلو رواتبهم للاشهر القادمه شكلو السالفه طويله جدا جدا,Sadness
4223317791099999732096643259114147205467890253824,قهر ما خوفتك,Sadness
5c3814d25cd2ac43,بحب ياريس يالي موتهم قهر,Sadness
173b1232da1fad45,أتمنى لك النجاح في قهر أحلامك. هذا مقال خاص. Eugenio Flug,Sadness
165777198109bbbb,أتمنى لك النجاح في قهر أحلامك. النجاح في متناول يديك مع تصميمك. Jame Ciesco,Sadness
b452fd5f8492db87,أتمنى لك النجاح في قهر أحلامك. أؤمن بنفسك وأن تكون محظوظًا لقيادتك. Barbra Barbot,Sadness
19708210044fc5b8,يارصاصيه موتي قهر يالفحىبه شوفي كيف الاوروبيه تموت بالسعودي وتتمناه لانه مز ووسيم وانتي يالفحىبه يطقطقون عليك يالرصاصيه وعلى فىبحك,Sadness
"cbbea445203ba638,""متى عمره سكت؟"
جعله يشبع قهر من انتصارات الهلال
"@Alhilal_FC"",Sadness"
d6742845c47990d0,قهر محد صدمها عشان تجلس هي والبسه سوا يتعرفون على بعض,Sadness
986bdfb46ed1f742,بكاء من قهر,Sadness
d438b0016817f445,أتمنى لك النجاح في قهر أحلامك. أنا ممتن لك على صداقتك المتينة. شكرًا لك. Julio Pretzel,Sadness
"66aaa26f48d1eacb,""اقل تذكرة 65 الاف"
واعلى تذكرة 150 الاف

اسعار كارثية 
اوكي ندري بيه الدحيح ويستاهل بس مو هيج
"غير قهر لو عندي فلوس جان رحت"",Sadness"
f0b200c32f790bef,من 11 بس قهر اللي تبث تقفل عليها +++ بكرا يبدأ 10 الصباح ترا,Sadness
"886a19a9f60a4e90,""والله متت قهر على الشاب المتبرع "
"وتعجبت على أمة شلون وافقت يبيع جزء مهم من جسدة!؟"",Sadness"
3f35832ac40f0df3,قهر منتب تجي الرياض الا لمن صرت منيب موجود او مرتبط,Sadness
bbf1559c13b17309,كيف طلعنا بموسم صفري بهذاك الموسم ؟ اقسم بالله قهر للحين اتذكر كيف كان فريقنا قوي,Sadness
bef8abb68f561ed7,يالخدمي شكلك حافظ ومهتم بتاريخ عمك الملكي الله يزيدك قهر ويسود وجهك اكثر سواد منه الان,Sadness
c2b28fae17af05df,موت قهر ياكلب,Sadness
32b7c5cbe1ced4bb,الله يلعنكم ! ليش بلدنكم بحجم قارة و مليئة بأنهار المياة العذبة والله قهر,Sadness
"ca0218e5b3038905,""الرجل :- لأن الله جبر النساء وذكر النساء ان لايحزن والله دائما معها لانها ام وتستطيع تنجب وتبني من جديد زي ملكه النحل  "
اما الرجل 
"الرسول تعوذ من قهر الرجال !"",Sadness"
e03da3254a894ad9,بطلو الطلس ما ناقصين  قهـــــــــــر,Sadness
74275fd39d65136e,ههههههههههههههههههه ممكن هذا اكثر شيء قهر جدتي في كل اللي صار,Sadness
b3900bfbb9bf7d9a,مساء الخير مساء دعس صغير لندن وأي واحد خايف من الدجاج اجرده من تشلساويته اكثر 6 نقاط مضمونة ضد توتنهام اقسم بالله قهر اشوف ناس خايفين نتعثر منهم,Sadness
d4f6c4920c9c4425,وليه تنقهر علشان جلد منفوخ .. اعترف ان الهلال افضل من قواطيك واقوى ودايم يشخط فيكم رايح جاي ..وبكذا تعيش بسعاده ودون قهر وخراط,Sadness
9db255dd4322bd0d,هذا قهر الاطفال الله يسلمك,Sadness
e33b3ee155beaea6,شف كم لايك موت قهر,Sadness
f3e55428651dead8,الله يطول في عمرك ويجعلك نار وشرار على اعدائك ويحقق لك كل ما تتمناه لشعبك العظيم ويزيد اعدائك قهر وغل,Sadness
d056ca96f7ee7c6a,افففف قهر الكونسيلر طالع مره غامق,Sadness
01dc673912489164,يا قهر كيف كذا فرطت فيها,Sadness
22c2ecd8e481e690,قهر وانا اخذ 7 كيلو ب 130,Sadness
84062861baed175d,موت قهر وتفرج يا المشرد وظيفة القهوجي والا اقل منها اشرف منك مو لازم يحلق دقنه لكن انت علمنا عن الي يحلقون لك خلفيتك عشان يتمتعون فيك بالفراش.,Sadness
c82e3ce0a6c776f2,اخوي بسالك انا متردد اخذ من عندهم او لا وقلي هل يتأخرون في ايداع المبلغ او لا الانه هاذا من اهم الاشياء اناس بعض الاحيان نتجبر على التطبيقات عشان الظروف ويجونك ذولي يتأخرون في انزال المبلغ اقسم ب لله قهر ولله يعني انا انحد عليهم عشان مستعجل وذول يتاخرون ؟؟؟,Sadness
dbf714d9a42ec1df,قهر يا اخي,Sadness
e5fd5d3c5224ad76,راح نموت قهر لانو ماعنا متحف عوي احسن لك روحي اشبع طعمية وعيش احسن لك من متحف عوي,Sadness
32f9a977ddb4e6b8,أي قهر وهو آخر 25 سنه محقق 6 بطولات,Sadness
"188bb8798ff34455,""من عيون الكلام :"

«وفي قُوَّة قهْر الهوى لذةٌ تزيد على كلِّ لذَّة»

ابن الجوزي -صيد الخاطر-

 لقاء لذة قهر الهوى 

 الشيخ : #سامي_هوساوي

انضم لقناة المنشورات 
t.me/segnshhsssenss
"…"",Sadness"
"a2811211bd558f54,""تغير الكاتب والنقله اللي سواها شيء جنوني الحلقه كأنه مسلسل جديد حدث مـوت ارجان وسجن سليم شيء رهيب وطبعاً كالعادة هاندا تثبت نفسه بالساحة بتمثيله الرائع"

المسلسل ابداً مايستاهل النزول هذا لا بالسيناريو القدم ولا الجديد اتمنى يرتفع والله قهر هالمسلسل يتوقف
"#AskVeGoezyası"",Sadness"
bf916ca8db2ba80e,قهر ما فهمت الذبه الزق، مب لما يحمي لاعب الدكه يجي عند الركنية,Sadness
"810181e2b4abe7df,""هههههه "
الاخونجية مضروبين ع الراس ف كل مكان
"الله يزيدكم قهر على قهر وذل ع ذل"",Sadness"
"1508f01d3cfebd12,""انا والله لساني طويل وجارح اذا رديت"

بس يمكن الصدمة وخيبة الامل 
جابت لي قهر

الان هم بعيد ما اقدر اطولهم

"ولا مابقصر فيهم"",Sadness"
"5c6bfa2bd8528e7c,""اعوذ بالله من ضيق الخاطر و قلة الحيلة وغصة القلب"
اللهم ارح قلبي و لاتحملني مالا طاقة لي به
اللهم اني اعوذ بك من قهرٍ يؤلمني وفكرٍ يقلقني
و اعوذ بك من كسرة النفس و حزن القلب
و اعوذ بك من املٍ يتلوه خيبة و ثقة يتلوها خذلان
اللهم اني وليتك امري فلا تجعلني احتاج الا لك وحدك
"#يارب"",Sadness"
"0303cd6a94624875,""لا أستطيع نسيان هذا المشهد .. قهر ما بعده قهر "
يا ربّ يا ربّ سامحنا و أرحم ضعفنا و عجزنا و قلة حيلتنا.
#أنقذوا_الفاشر 
"#الفاشر_ثباد"",Sadness"
f4867cd0c193b067,واحنا كمصريين فرحانين ببلدنا بافتتاح #المتحف_المصري_الكبير فيه عالم موازي اخر من اعدائنا اعداء مصر كارهي وطننا كارهي رئيسنا اللي بشتغلهم احهزة مخابزات الاعداء دول مقهورين وحزانه يارب زدهم قهر وحزن وخذيهم وفرح #مصر والمصريين وسعدنا واحفظ بلدنا وجيشنا ونصرنا #مصر_تنتصر_على_الجميع,Sadness
f79cad71611f2974,قهر راح علي,Sadness
2c246fc0a8457171,أتمنى لك النجاح في قهر أحلامك. أنا ممتن لمقالك العميق. Chad Doubet,Sadness
91017332af953894,هذي القصص الي بتجيني كل يوم قهر,Sadness
7212fc1a11861d48,قهر الرجال,Sadness
7ef15d163e53c8f0,قهر بتاخذ 5 الاف والله واجد اقدر اخذ فيها كابرس صابونه وفطور,Sadness
"491a6700d0a60408,""ايفنت التصوير قهر لو مايكون بشكل دائم مره حلووو "

"لو يعطونا الكاميرا حقت الايفنت مثل قينشن"",Sadness"
"b719328fe5c28795,""بعيدا عن خرطي ولاد بوتقبة "
"لأسد ناصر بوريطة الذي قهر 800 جنرال جزائري بمزانية الدفاع 25 مليار دولار سنويا و خسارة 900 مليار دولار في 50 سنة على البوليساريو"",Sadness"
"be2a14a8b0a78f79,""محبته منذ الصغر"
تدعو محبه للفخر
وتهدي عدوينه قهر
"كم عين منه باكيه ؟"",Sadness"
f30c934a31def761,الله يديم ضحكته وسعادته وانجازاته والله يحرق اعدائه ويزيدهم قهر وغيض منه يارب العالمين,Sadness
fc1e5db7c48592d5,قهر لسى ماجتني,Sadness
b23539be1b71d1d5,الله يزيدكم قهر وغبن ومرض انه سميع مجيب,Sadness
860d1239859dbc98,قهر ليت القوت معه,Sadness
"66904d6c78a225ad,""الله لا يصبحكم بالخير إلا من اختار من عباده الطيبين"

"مرزوقة السيلانية أنت يهودي عربي متخفي، واليهود الغرب يحبوني، موت قهر يا كلب."",Sadness"
377731cd1c4991cc,الأسد ناصر بوريطة الذي قهر 800 جنرال جزائري بمزانية الدفاع 25 مليار دولار سنويا و خسارة 900 مليار دولار في 50 سنة على البوليساريو,Sadness
121dda4b539b3ac7,قهر الرجــــــال,Sadness
808da8875d854b5c,قهر ما يستاهلون,Sadness
8b6e73bc8e013331,والله انكم ميتين قهر وحقد وغبن من داخلكم وتبردون مافي انفسكم بالكذب والفوتشوبات ههههههههههه,Sadness
0e02a590cbee9784,شفتتتي اخ قهر مره,Sadness
f9e982adb38c0910,ياخي قهر زارفهل,Sadness
b722a6602709d81e,الرجولة والمواقف لا تقاس بالمظاهر يا هذا.#محمد_بن_سلمان قول وفعل وعن نفسي فهو يذكرني بجده الملك عبد العزيز الذي قهر البريطانيين بذكائه وحكمته وحنكته..واليوم هاهو الشبل الألمعي الفذ #محمد_بن_سلمان يضع بصمته في كل المجالات وتزدهر به السعودية.ولا ادري ماكل عذا الحقد على المملكة,Sadness
"31f2dc61acbdf38d,""لا أدري ، رُبما النعيم الحسي (الجنس والخمر) مغري للرجال أكثر ."
أما أنا فأتوق إلى الأمان والسلام واجتماع الأحبة والألفة وانعدام البغضاء والشحناء، أتوق إلى عالمٍ لا سلطة فيه لبشر على بشر
"ولا خوف فيه من أحد ، ولا ظلم ولا قهر ولا غبن ولا حزن ولا فراق ، عالم يطمئن فيه القلب ويرتاح ."",Sadness"
"011270af73fce37d,""انا صارت معي في قناتي صرت واجد تنبيه"
بعدها اكتفيت بدون إضافات ولا اي شي اسويه في قناتي
حتى انا مرة نزلت خطبة الحرم واحد بلغ الشي الثاني فيه مقطع نشرتها على المقطع هي منتشرة فيه واحد بلغ
"احس قهر الي يتعبون على قناتهم يتفاجئ في بلاغ او اقفال القناة بذات إذا كانت لهم سنوات فيه"",Sadness"
"ad2e1ff0c825eb1f,""داهيه ذا الاصلع قهر النصراوية في انفسهم "
"وعلى فكره باقي بيجيكم الدور الثاني"",Sadness"
1c18e1df4adf6a57,ياخي والله قهر 🫩 ابي اشوف بينهم تعاون,Sadness
12ea89cc754fb75c,قهر عاد مدامه هيسونق ليتكم جمعتوا 01z مره وحده,Sadness
"f86d4af14132fe81,""صيرو ستان لواحد يبيض الوجه حتى بالهوشات ما يلقون عليه شي والاعداء يدافعون عنه "
"اسم الله عليه وين امه تحصنه العجيز بموتون قهر"",Sadness"
c7c2f25bc12ff122,موت قهر ياخائن ياوجه ابن فهره هذا وجه السعد درع البلد سيدك وتاج راسك,Sadness
"5422fd6b0301a482,""من قهر ألايام د.م. شهلاء "

لِتلكَ الَّتي فوقَ نهدِ السِّحاب
وقَلبٌ لَها مِثلُ فَجرِ الشَّبَاب
شُعُورٌ طَهُورٌ لِإِحسَاسِها
ومَجدٌ لهَا فَوقَ نَهدِ الشِّهَاب
لَها فِي مَسافَاتِ رُوحِ االمَدَى
مَسارَاتُ نَجمِ وَقَلبٌ مُثَاب
إذا طَلَعت بزَغَت أَشمُسًا
"وإِن حدَّثَت فَتحَ الكَونُ بَاب"",Sadness"
7a1acefd0c052c51,قهر من بداية اللعبه كنت انتظر الخرشه اللي بتجي اههخخخ,Sadness
10d694d8c938ba28,ايع باع العقليات والله قهر ولعبت نفسي,Sadness
"957a5d12ea37a3d1,""اولادي ماخلوهم يصورون مع الأطفال لانهم مو لابسين مو قهر بالله "
"انا اول وحده طلبت وكان عندي اشتراك بالعضويه عشان يصير توصيل سريع مع ذالك انا اللي تأخر وكل اللي طلبو بعدي وصلتهم قبلي ليش تعمدتو تخلون طلبيتي؟؟ ؟؟؟مش حرام عليكم"",Sadness"
49860e1f49a486ff,محنة ان حد تكلم قالواةد شاحذ وانوحد سكت متنا قهر والم انهم يفقدونا وطنيتنا وكفاح الاماجد لاعلاء كلمة المغضوب عليهم والضالين  ويمكن يحذفوها من الكتاب ما يسير باليمن والسودان وقبله سوريا مر أين العسل  .,Sadness
58dc10c6ee7da109,صح انا حاسدكم مره ياربي قهر عندهم شماريخ ونار وحنا ماعندنا ياحظكم اقوى ناس بالعالم,Sadness
5fc2b2e32986efc9,امانه انه قهر كم زنبيل ههههههههههههههههه,Sadness
9d766a83c09714f1,قهر زوجي ماعنده بنات بالدوام ليت عنده عشان يجيبون له اكل,Sadness
"67bc998e825dd062,""حفيده فلكي ومؤرخ حسب ما اذكر وفي فترة احداث كينقدوم "

"قهر تمنيت هارا يعطي هالقصص حقها ولو بشكل بسيط"",Sadness"
"fce034aae232dadd,""أوف "

"قهر ليته يتترجم"",Sadness"
e162c43f2d4bb121,الله يرحمها يارب حبيبتي  راحت مطرح ما في لا ظلم و ولا وجع ولا قهر، راحت لعند اللي أحن عليها من الدنيا ونحنا كلنا عالطريق. الله يصبر قلبك ع غيابها وتضللي بصحتك وتذكريها بكل خير  الله يقويكي يا قلبي,Sadness
ae664b2ed752f548,ونت مسوى فيها  انك  تحب تقول الحقيقة وانت عارفهم وعارف وش قصدهم خلهم يموتون قهر لكن الله يذكر القرشي والله انه عرفلك صدق,Sadness
"e00c51ea5138c63c,""قامو بنفسهم يلقون التحيه لا صدق انتو عشتو الدور مدري مين مسوي لكم و لمفضلكم gaslighting صدق عايشين في فقاعة مساكين"
المهم كلنا نعرف لو كان العكس ومختارين حقكم سفير ما سكتو بس عشان جيدي هو السفير قاعدين تصيحون قهر
"المهم كملو وانتو تصيحون هو قاعدة يكمل كونسراته فالتوب"",Sadness"
7148a380a282dc56,بس قهر والله كان ودي اتلذذ بدعس مورانت,Sadness
47439d5b6a7d19a1,القيادة الحقيقية تكمُن فى قيادة النفس... وليس في قهر الآخرين,Sadness
11b1d8caac19c4ff,كيف تزعل قبل ما تفهم قهر,Sadness
ee3fdc899ec1ae3e,قهر مافيه للشيون شي طيب ههههههههههههه,Sadness
4de15ddaeff85e36,الحواجب بعدين خربتها عبى اخر شيء قهر قهر,Sadness
7a33db69d35189c4,صدقت فهو قهر الزواف وولاد فرنسا,Sadness
79cd1ed98e9f93ab,هههههه الله يزيدك قهر وحسرةوهذا كيف بنظركاو رخمه ما تقول كلمة الحق,Sadness
"e8ef5c4f3ccee1c7,""الغرب في صدمة.. يريد قهر واحتلال الشعوب دون تدخل من أحد."
واشنطن بوست:
" فنزويلا طلبت على وجه السرعة من الصين وروسيا وإيران معدات عسكرية."",Sadness"
1d40a03b62344a77,موت قهر اهل الشام غسان  منا ازديون اتحدا ابوك تنكر معارك قحطان كلها بسوف قحطان رفع  الاسلام  دخلت الاسلام بسيوفهم قال النبي اقبلو البشرى يا بني تميم قالو بشرتنا فأتنا اي غنيمه وفلوس فعرض عنهم فجأء اهل اليمن قال اقبلو البشرى يا اهل اليمن قالو قبلنا من دون كلام فرق بيننا,Sadness
437fc72226ebfcbb,والنعم ب محمود حسنات والنعم ب سيدك عبدالملك . موت قهر ياللي تطبل مقابل صحن فول من القرموشي,Sadness
6e3d012cae013b68,أتمنى لك النجاح في قهر أحلامك. أنا ممتن للرؤى العميقة التي شاركتها. Donn Cardone,Sadness
0dfd6c57db2fc725,والله قهر وباطل نسال الله السلامه,Sadness
"6eb147a695f10df6,""مصيره مصير سلوبيدان ميلوشفيتش"
"باذان يموت قهر"",Sadness"
8f4aa5e3e47de99c,قهر تو تستجاب دعوتنا طولت مره,Sadness
"b949abd5611f6edc,""يا الله شو قهر.. لمين هالرفات واهلهم بعرفوا باستشهادهم!"

"#غزة"",Sadness"
e267371d788da03a,قهر قهر صراحه مراااا بتنهار ما خذت لايك,Sadness
42bf39484bdc83db,لو كان قاهر كان قهر الصهاينة اللي سلمهم أرضه تسليم اهلي يا عبيط احسن مايلقح زي النسوان بالكلام أما احنا فرعنه لايخصك احنا اصل العرب يا ك، ل ،ب,Sadness
"5b767d8c7522bf34,""قطع رزق الفقير ماهو إنجاز، هذا قهر وظلم بيّن!"
#إقالة_الراجحي_مطلب_وطني 
#الضمان_الاجتماعي_المطور 
"#اقالة_وزير_الموارد_البشرية"",Sadness"
"cdf3ec243586b15b,""اللهم ونعوذ بك من قهر الرجال "
"#أنقذوا_الفاشر"",Sadness"
"fd9385b98d5632f7,""تجنن ادماااااان مرره "
"بس قهر لي كم شهر ساحبه عليها مدري ليه"",Sadness"
67c855ff64d0348d,أتمنى لك النجاح في قهر أحلامك. معرفتك كنز. شكرًا لك. Norberto Rebeles,Sadness
"f0c2f789f585e20a,""خريف نيويورك -سويت نوفمبر ..هالفلمين من اساطير نوفمبر …اشوفهن من 2003 ومايمر نوفمبر اذا مو اشوفهن الفين مرة واشبع قهر عليهن…"
دراما رمانسية تراجيدية حد النخاع…
بالفلمين يموتن وينونا رايدر وشارليز ثيرون 
"#نوفمبر"",Sadness"
"6aed47860b87c31d,""الكلب يبقى كلب وصفته النباح "
أولا يا حثالة نحن نتبع الدليل 
والشيخ ربيع رحمه الله وغفر له وجزاه الله بالحسنى قهر كل المبتدعة وفند اباطيلهم وخصوصا الكلاب امثالك كلاب النار وقد تحدى كل المبتدعة الظالين 
"طبعا فاقد الشيء لايعطيه فاتهموه بالكذب والبهتان لانهم لاشرف ولامروءة"",Sadness"
"9241cc8ef5dff8f9,""وبعدين مع أمة العوز الفرعونية؟ هم لقوا بتصريح الرئيس الشرع فرصة ليطلعوا كل قهر وفقر السنين والاهانات الي عاشوها مع السيسي ؟"
"#مصر #السيسي"",Sadness"
"c7084f4a4bcd9326,""ويكند وقاعده من الصبح "
عشان اسوي ريوق حق ابوي 
"وبعدين ما ادخل الجنه اففف قهر"",Sadness"
363f0e4561e9b58a,قهر كان لازم يكون كل وحدة بوقت مختلف,Sadness
"927b8cbeaaf9c03d,""اصبحنا وأصبح الملك لله"

"صارت فعاليات وانا نايمه بموت قهر الحين الحق على ايش"",Sadness"
52c5655f4ae50468,أتمنى لك النجاح في قهر أحلامك. استمر في السعي لتحقيق التميز. Craig Straugh,Sadness
44bc1ead5fc5af7f,ان شاء الله باريس رح يكتسح بايرن ميونخ لو بركولا ما ضيع ولا فرصة ياليت انصاب بركولا ولا دوي اخ قهر لكن ان شاء تصير زي كذا,Sadness
220fe0d9db867b35,صياح هذا المعتوه دليل قهر وإنهزام امام مايكتب من حقائق وإفشال شماعتهم التي ضاعت وسط وعي عالمي وإلمام بحقيقتهم التي حاولو يخفوها بالتضليل والغرف الالكترونية والإعلامية المأجورة   نقول له قد تشتري أقلام قذرة لكن سوف تهزمها الحقيقة المسنودة بواقع و لن تستطيع إنكارها مهما حاولت,Sadness
0cb7a611d139430a,ترى اغلبهم كذا حتى جيل الطيبين يلف ويدور لين ياخذ ذهبها ولا يرجعه طبع فيهم يكرهون يشوفون مع المرأه اي منفعه فلوس ذهب. بيت وظيفه يموتون قهر,Sadness
27d8b5cd306ffa94,كل مااااااااااااااابي اهونهااااا بسسس هي م تتهون والله الاشيااااااء اللي جالسه تصير م تتهون تزيدني قهر ووجع والله,Sadness
485c1328d00268ce,قهر ياخي ماترد ابي اقيم النودز,Sadness
54c63e6e5d90c005,بين ركام الجنوب تسير كيلومترات لتصل إلى بليدا وتغطي جريمة قتل إبراهيم سلامة ثم إلى كونين واستهداف إبراهيم رسلان.. بين الدمار تشق الطريق إلى النبطية حيث اعتصم أهالي الأسرى في سجون الاحتلال.. هناك حكاية أخرى.. قهر وصبر من نوع آخر يتشاركه الجنوب مع فلسطين,Sadness
"be753d65d133985a,""#استقالة_ادارة_الاتفاق_مطلب "
#الاتفاق
@sammisehal
 
@hatimalm
 
@omarb2020
 
@CoachSaad8
 

ان حكينا ندمنا وان سكتنا قهر 

حسبي الله ونعم الوكيل 

"اللهم ارنا فيهم عجائب قدرتك"",Sadness"
3629762afcf0f70f,للجماهير الهلاليه سجلو واحد حسد وقهر ومحروق وبيموت قهر,Sadness
eae90125c2435e29,أتمنى لك النجاح في قهر أحلامك. هذه المقالة هي نفسا الهواء النقي. Floyd Lai,Sadness
"ab7be9746488b068,""يا أخي والله قهر"
اشلون مفوضية الانتخابات 
تسمح لهذا الطائفي بالترشح في الانتخابات
"ظافر العاني صوت من الأصوات الطائفية في العراق..............."",Sadness"
263bedf810f5def9,البرنامج اللي اتابع فيه للحين مانزل الحلقة مترجم وربي قهر اشوف التايم كله يمدحها الله يقلعه من برنامج,Sadness
db87443f99c639c8,إن حكينا ندمنا وإن سكتنا قهـر,Sadness
de65cb8d7bb1ac2b,يموتون قهر لو حقق بطولة,Sadness
1265fe2e09b1c81a,بيكفي يلي مرق فيه وانا كمان بكفينا قهر.عقبال الباقين .الحمدالله ع وجود أشخاص حدي عم يساعدوني ليسافرو كلابي ويعيشوا بقا مرتاحين,Sadness
f05a331aa092b977,أتمنى لك النجاح في قهر أحلامك. هذه المقالة تحفز الفكر. Yahaira Mildren,Sadness
ef4feb3e796dc8b3,أتمنى لك النجاح في قهر أحلامك. أنا ممتن لك على صداقتك المتينة. شكرًا لك. Toney Blyler,Sadness
"cd837086cc983e77,""قهر الرجال"
"#السودان"",Sadness"
b79856dc64358d75,الله ينزل غضبه ومقته على من قهر الرجال,Sadness
28b6743b510769d1,والله ياثامر هو في اليابان ما يعرف الهلال لولا اليدين الخبيثه جربه وحرضوه على الهلال ورشوه ما يدري  عن شي بس مثال ما قال فهد العتيبي اهديناه وفي قهر داره هو ومخلفات اوراوا الله ينتقم منهم أشد الانتقام,Sadness
65d78c6a94495a26,هوفف قهر دخلت اداب راحت علي,Sadness
142a2299a4f0781f,اكثر شي يقهرني لما أشوف احد مظلوم ولا اقدر اسوي له شي بمممممموت قهر,Sadness
"a551afe9e6d080b9,""بدون فحص DNA سعودي واضح  ويشبه للي يقول انه ابوه بعد "
"والله يتكلم من قهر الضعيف ينرحم الصدق"",Sadness"
07793974f4dbe74e,قهر عرقي مو موجود,Sadness
"e1e5039f7973aeeb,""#كاريزما92"
الشباب لا هم الي ريحو ونامو 
ولا هم الي عاشوا الريالتي 
اقسم بالله فعلا قهر 
"@n_alghamdi"",Sadness"
a5435ad012cfdae8,اقسم بالله قهر تلقين من بث تلفزيون اللي مب شغال ولا من السويري اللي خرب ابو صباحيه,Sadness
854547bd4b52ce3e,قهر من تحكيم ظلم أمام النصر,Sadness
4ee6777281086af7,أتمنى لك النجاح في قهر أحلامك. أنا ممتن للرؤى العميقة التي شاركتها. Rosalba Gihring,Sadness
6d089510362d5f1c,القريب صار له دو اكبر قهر,Sadness
7887c089b99900cd,اعوذ بالله من قهر النساء احس ودي افحط,Sadness
6deb4fdd35ed541f,والله قهر,Sadness
"099b0a3f42234742,""من قهر سيُقهر "
ومَن ضر سيُضر 
ومن ظلم سيُظلم ومن عاب ابتلي، 
فإن الله يُمهل 
ولا يُهمل
#سبحانه
"#R"",Sadness"
"07dab8b86faa8a52,""يالله قهر الرجال هذول مش بشر هذول مش مسلمين"
"ليش مانوقف معهم مثل باقي الشعوب"",Sadness"
"b0fd3f517821360c,""مبروووك أعطيت التحكيم الفاشل والفار الظالم براءة من قهر الجمهور الملكي"

مبروك اصطف مع من ظلم الأهلي

"انت بطل"",Sadness"
"bc1304784f1a9b1d,""""""وفي قوة قهر الهوى لذة تزيد على كل لذة"""""

"ابن الجوزي | صيد الخاطر"",Sadness"
646015256ac4c825,أتمنى لك النجاح في قهر أحلامك. شكرا على المعرفة التي قدمتها. Reda Cashwell,Sadness
"286254d23576a4fa,""قَهَر الطبيعةَ صَيْفَهَا وشِتَاءَهَا"
"5"",Sadness"
bbf755500311ea55,قهر كم يريح القلوب,Sadness
"a84609c2bf68e245,""بعد ما الكابتن زيزو قهر مشاعرها بقت مريضه نفسيا"
"#zamalek #الزمالك #ارض_الزمالك_"",Sadness"
7df8dc5cbf744363,هيك خبر عادي يمرّ؟وين الإعلاميين اللي ما بيتركو موضوع الا وبيحكو فيه؟!اذا الحكومة عم تشتغل على ملف القنيطرة عمهل بسبب الظروف يجو الاعلاميين يهمشوها عالآخر ويسلموها للاحتلال عطبق من دهب!! اقسم بالله قهر،دائماً القنيطرة خارج حسابات الجميع انتو حرفياً سلمتوها لإسرائيل من دون ما تحسو,Sadness
"64618a81ac27c09e,""بموت قهر طلبت بنطلونين اونلاين اثنينهم اديداس ولمن وصلوا طلعوا بوليستر ما قرأت الدسكربشن حسبته قطن "
"من قوة الطفرة طلبتهم أقساط كنت متحمسة ومن قوة الحماس ما قرأت وش نوعه انهرت"",Sadness"
f973694c70a6b975,قهر ما جاب صور لعصام,Sadness
2c8901dcb91faec8,لا قهر طيب انتظر علي وعزيز,Sadness
21fbf4177bf061b4,الحين عاد ذاك اللي ف كل سالفة و موضوع حاشر نفسه و كأنه المتحدث الرسمي للوطن  بيموت قهر,Sadness
"fd65b38c39c5d233,""عنماذا.   تبحث.  يا عميل الموساد. ؟"
عن معلومات. ؟
"ما في إلا.   شنابل. وجزمات.  موت.  قهر."",Sadness"
164da0298be4f378,لا ليه بس قهر ياخي بنفس توقيت مباراة النصر مباراة تشلسي ضد توتنهام,Sadness
"46d2c6bee4cb1f28,""موت قهر نحب دول الخليج كافه بدون استثناء"
اللهم احفظ الخليج وارزقه نعمه الامن والامان والخير
"عاشت عمان وعاشت دول الخليج وعاش اهلنا في دول الخليج في رخاء وامن وتقدم"",Sadness"
43dfb499bd2cee33,أتمنى لك النجاح في قهر أحلامك. مقالك هو إضافة قيمة إلى الأدب. Hannelore Alarcone,Sadness
0659a5aba31fd027,ندري هذا الكلام من النسويات المنحطات ومن على شاكلتهم وحياة هؤلاء حياة العناء والشقاء والضياع بس يجعلون من انفسهم سعادة وهم والله في ضيق لايعلم به غير الله اخذينهم الغرب محتوى يسوقونهم على كيفهم علشان قهر المسلمين في دينهم وبراءتهم لذا جعلوهم كالحمامات والبيارات اعوذبالله,Sadness
4a4650951457f208,ماجد الطياره شكلها قاهرتك قهر موب طبيعي,Sadness
2d11347909428b85,ان حكينا ندمنا وان سكتنا قهر,Sadness
"05fd3f3f631babb3,""صدقتِ والله بو ناصر  "
لو فعلاً طبقنا هذا الحديث في تعاملاتنا، ما كان صار ظلم، ولا قهر، ولا حسد.
كلمة “لا ضرر ولا ضرار” تختصر دين وأخلاق وعدل في جملة وحدة،
"لكن للأسف الناس تحفظها.. وما تعيشها"",Sadness"
e8063434e83a9503,هههههههههه أحمد طلعت شخصيته مره حلوه بس قهر في نهاية البرنامج #كاريزما92,Sadness
8ad36745cbf52aa6,طيب قهر ما احقت عليها,Sadness
19dffef5c6dd59d8,أتمنى لك النجاح في قهر أحلامك. لقد أثريت رؤى عميقة حياتي. شكر. Malcolm Turlich,Sadness
"36e8ffec6f36905d,""عندي قناعة"
انه اغلب اليمنيين الي ولدوا وعاشوا حياتهم خارج اليمن
ما عندهم اي غيرة او قهر على بلادهم ابدا 
وبعدين تتراسلوا في التلجرام
"بوتات؟"",Sadness"
"6dd29ea8435604ff,""ليش ما نفصخ مثلهم؟ بجد قهر! "

"يعني يا بقره ما عندك حل وسط يا نفصخ يا ومهلوسين؟ المخ الخياس."",Sadness"
bcb8d34e6b723d33,يارب أنت وحدك تعلم ما أخفيه بـ قلبي و تعلم ما في صدري و اعلم انك تسمع ضجيج قلبي و شتات افكاري ، اللهم اني اعوذ بك من قهر يؤلمني و من فكر يقلقني ، يارب اجبر قلبي و ارح بالي و يسر لي امري,Sadness
4a2394a8cf3abe2e,قهر سلمان راح قبل يعطيهم منوم,Sadness
"3cfb1f643a4626bf,""قَهَر الطبيعةَ صَيْفَهَا وشِتَاءَهَا"
"J"",Sadness"
52874b8fa70e080b,اللهم العن الامارات ومن اتبعها قهر قهر,Sadness
e40b7b4a68db9c38,و تحبه و زوجته تصحى من الغيبوبة مرا قهر انو جيمري طرف ثالث,Sadness
f2efaea3caa5e54d,اي والله قهر الله ينتقم منهم ومن اللي يدعمهم,Sadness
"d2533c390ae8ed66,""كلامه من ناحية الرزق والبركة صحيح "
بس لاتتزوج الا وانت جاهز ماديًا عشان ماتحرج نفسك وكرامتك قدام بنت الاجواد ، ربي بيرزقك وبيعطيك من فضله ولا اقصد الفوقيه او اي شي بس لو كنت كاشير ماينفع تفتح بيت حتى على اقل المهور 
"قهر الرجال شي حذر منه الرسول"",Sadness"
d2d3caf9e9082c70,مع فجر اليوم .. أعوذ بك يا رب من قهر يؤلمني ومن هم يحزنني ومن فكر يقلقني,Sadness
"69132304bc88eeea,""قَهَر الطبيعةَ صَيْفَهَا وشِتَاءَهَا"
"9"",Sadness"
408bf57ef9b41be1,أتمنى لك النجاح في قهر أحلامك. معرفتك هي هدية أحترمها. شكرًا لك. Claudio Singo,Sadness
"ab39e153286a3050,""غير لو اني بمكانه مستحيل اخذ كروه"
"الا اطلع قهر 22 سنه براسها، للخليها تلعن خرامنائي صبح ومسيه،"",Sadness"
"43b912b808020c8a,""ما عارفين شو بدّكم تعملوا ….حقيقة "
ضياع ، قهر، حقد ، 
منيح فيه هل وزير حتي تعملوا شي شغله 
"احسن ما تضلّوا بال ما خلوّنا"",Sadness"
7997df0ddb48eaa8,اصرف نظر واشبع قهر,Sadness
"5f6f10f56be95eb0,""قهر كنت مشتهيه ببسي مع فطوري لعلي كنت حاطته بالفريزر وجمد منجد<?"
"وفتحته رغماً عن ذلك وتكبكب علي وصار طعمه حلاوة ببسي وصامله اشربه المشكى لله صدق"",Sadness"
cb1f705f4a1b1bed,والله يا انك مقهور وباذن الله يزيدك قهر من الهلال وكل شي يفعله الهلال,Sadness
"0252bd6db498ddd0,""موت قهر "

"هم هم"",Sadness"
"2dd65a0047f0dea1,""تعمل المليشيا الحوثية على خلق بيئة من الخوف وعدم الثقة بين السكان لأنها تحمل فكرًا ومشروعًا طائفيًا دخيلًا على المجتمع اليمني ووجودها وشرط بقائها هو الصراع الدائم ولهذا تختلف الحروب وتمعن في قهر المجتمع"
"#الاختطافات_الحوثيه."",Sadness"
c95ed6b85357250f,موتو قهر,Sadness
"4a9678baeacd3396,""حتى لخريف المدن أوراقه الصفراء التي تتساقط عبر السنوات تباعا بفعل الإهمال ..فحين السياسة لا تروي بل بالعكس هي على مدار السنوات تأخذ كيف ليعجب أحد اذا ما قهر المدن جفاف وحدث التصحر ؟! .."
إن كل شيء وله صلاحية انتهاء بما فيه الكلام السياسي فارغ الفعالية..
"#أخبرني_الرجل_العجوز"",Sadness"
aa5b2d28a4fa900b,قبل ما تدخل صحي فكر الف مره موضوع انهم يدقون عليك بأوفك يقولون داوم بكره والله قهر,Sadness
"cd0c7900f2ece877,""اشفق على اي انثى مخليه رغباتها الحٍنسيه على العلن، اي احد يوصل لها ويشوفها ويستمتع برقتها "
"امووت قهر لانها مو مستوعبه الاهانه الي حاطه نفسها فيها والمستنقع اللي هي فيه ، هالتصرف ما استنكره على الجنس الاخر لان ٦٠٪ منهم بهايم ويتبعون شهواتهم..لكن انتي؟ انتي ليه"",Sadness"
ecbc0c5b51b116d6,أتمنى لك النجاح في قهر أحلامك. أنا ممتن للرؤى العميقة التي شاركتها. King Arendz,Sadness
014d268393620bee,أتمنى لك النجاح في قهر أحلامك. أنا ممتن لمقالك العميق. Dede Tartt,Sadness
659755f9aa0fec5a,قهر كنت با ارد عليه,Sadness
2915659321bfb196,قهر ما كان ب زماننا,Sadness
"e913c18aaa97a973,""ي سعود"
غفى بصدري عتاب ، م عاد للحكي
"قيمه ،،والله م كان صمتي تغاضي كثر م كان قهر ي سعود  .."",Sadness"
ad01bfb6c88083c7,أتمنى لك النجاح في قهر أحلامك. لديك ما يكفي من المهارات والحظ لتجاوز. Ivory Pomella,Sadness
"6d191794b3c1e365,""واضح ياديوث انك مقهورررر "
"موتو قهر يامشردين"",Sadness"
"4d3f7d853e676868,""السلام على الكرام .. "

"من قهر الخروج من البطولة ماكو نوم .. محاسبة الادارة والجهاز الاداري والفني مطلوب .. جم سنه نلعب البطولة ونخسرها؟ .. المحترفين اللي عندنا مو أحسن من اللاعبين المحليين.. هاردلك شغل.. تلاحقوا على الفريق راحت """"أسهل بطوله"""" ! "
"@azizashour"",Sadness"
24b654b5f5de860c,أتمنى لك النجاح في قهر أحلامك. مقالك جيد -مكتوب. Elvie Tessner,Sadness
0a13bad898e850aa,أتمنى لك النجاح في قهر أحلامك. النجاح في متناول يديك مع تصميمك. Hosea Keppler,Sadness
"318c3b61e0f49fd0,""كلنا عتبانين عليه انتهى البرنامج ولا قال الا كم من قصيدة حارمنا من هالابداع والله قهر"

"#حمد_العتيبي | #كاريزما92"",Sadness"
5501374b7a27d5f4,قهر مقفله حسابها,Sadness
da019ce4357fbc71,أتمنى لك النجاح في قهر أحلامك. حظا سعيدا للنجوم. Jodee Guhl,Sadness
1f4c61b4132a4dba,أبو تاوة  تراك تطق صورة  أنت عارف إنك مقهور ترى هذا يزيدك قهر دارين إنك مقهور تطق صورة مسكين,Sadness
91071ff4fed2ad73,أتمنى لك النجاح في قهر أحلامك. أتمنى لكم أفضل الأشياء عند متابعة النجاح. Carlo Philpot,Sadness
"2566d0189e485758,""شفت كذا مقطع مو راضي وعلى الأكيد ماهو تعالي كثر ما انه قهر على مركزه الثابت سنوات اتمنى بالشتوية يفكونه لاعب باقي عنده شغف يقدم ويملك الخبرة والقيادية متى ماعطيته ثقة الله يوفقه افضل حل له ولنا "
x.com/__hem24/status
"…"",Sadness"
53839a16b02ce5a4,قهر والريحه تصبغ علطول,Sadness
"cf1780637834828a,""أنتهى البرنامج ولا قال إلا كم قصيدة "
"والله قهر بسمع قصايده ليه كذا"",Sadness"
9dee73308395f36f,اخ ليه انا اخر من يشوفه قهر فين تتابعون قبلي مايصير,Sadness
"c42bf07d1972f2b1,""بيان صادر من معاناة المحبة والسنين"
 ياضيق صدرك ي السنين وياكثر هذا الغياب

 تحين ساعات الزعل متى سعادتنا تحين
" إما قهر ولا صبر ولا كبر ولا عتاب"",Sadness"
"031b2c6d737f28f7,""احب صباح السبت بس قهر موعد نومي "
"احب الصباح بشكل عام وصباح السبت بشكل خاص"",Sadness"
de473d8d9533795b,ليه ما فيه اخطاء قهر,Sadness
"4135737db322897b,""يمني وفرحان بقاتل مجرم "
وتقول انه قهر الاخوان 
انت شخص مريض ان مع #رص 
"انت عار عاليمن"",Sadness"
838a8bd61a7fb403,اي والله قهر,Sadness
"b6adeccac8071b97,""يمكن لازمين على حكومتنا لزمه"
"يعني قسم بالله قهر شنو هاي الخسة والنذالة من حكومتنا الله ينتقم منهم دنيا واخره"",Sadness"
8de43128a7d7c4fa,قهر نسيت ارجع لها من وقتها,Sadness
"86186b67937971fc,""وازيدك من الشعر مش بيت ...كمية قهر بزيادة !"
حماس ....هي الحركة الاسلامية السياسية  الوحيدة اللي كان الها نشاط في الجوامع !
يعني كان بامكانهم يجمعوا فلوس مثلا !
كان بامكانهم يكونوا موجودين ويحكوا عن حالهم حماس عادي داخل الجوامع !
"وانت عارف حركة مثل حماس شو ممكن كان تسوي بتأثيرها"",Sadness"
"3536fd22c1598579,""تدري القهر واكبر قهر؟"
لا صرت فاقد لك عمر
وانا انتهى عمري معك
 ماهي سنه ولا شهر
ظنيت قلبك حبني
يبيني قد ما انا ابيك
يا للأسف خدعتني
"قل لي انا شسويت فيك؟"",Sadness"
7210287e722ef552,المعني الحرفي لقهر الرجال ، اللهم اني اعوذ بك من قهر الرجال يارب,Sadness
46f420998d7b17c6,صدقني بعد لتموت قهر,Sadness
eca059a527df41a9,شفته قهر ياليت اخذته من معرض الكتاب,Sadness
6923a778535ed24a,هههههه  شو بتحبو تضحكو على حالكم ليش وانتو عارفين كلمة بري الي ماشيه ورءيسنا  عون الرب يحميهم طقو قهر وعووو اد ما بدكم,Sadness
"6ae9648edd735549,""الله يشفيك اولا "

ثانيا ابتعدوا عن قهر المسلم عشان محد يدعي على احد و يزعل بعدين 

"الله يهدي القلوب"",Sadness"
"bb1dcdf31e01360c,""اقص يدي اذا مو انت شيعي "
"تموتون قهر اذا احد مدح دين الإسلام وما تبون احد يمدح غير ديانات الفرس"",Sadness"
"e34d3c3930673b7d,""من ضر سيُضر "
من قهر سيُقهر 
ومن ظلم سيُظلم

الدنيا دواره الله يُمهل ولا يُهمل
و كل ساقي سيُسقى بما سقى

"دعوة المظلوم """"حسبي الله ونعم الوكيل"""""

تعلق بين السماء والأرض وينظر لها الله ويقول:
وعزتي وجلالي لأنصرنك ولو بعد حين

"حسبنا الله ونعم الوكيل"",Sadness"
"8b1b77d2e1f6ca00,""عندنا زواج اليوم يارب ابي ارقص عليها بموت قهر لو ماغنتها "
x.com/ntiy56/status/
"…"",Sadness"
"992a2b93036647c7,""بموت ضحك قبل الوفاه كان يكتب تغريدات اذكروني بخير ان رحلت يعني لاشفتوها وانا ميت بتزيد العاطفه يااااخي والله ميته "
وع وع ليه يسوون بأنفسهم كذا 
"يقهر لأني كنت اتابعه من كل حساباته قهر اني ضفت اشكال كذا تفو"",Sadness"
31cf214b48ab1c17,لدي افكار جميلة بس والله قهر أشاركها معاك,Sadness
085836377d49b39d,ابو جهل قهر وقتل الطفل في السودان واليمن وليبيا,Sadness
3b4c95d8cb7da783,شتتها  عالطرف اقل شي ابتعدت ٣٠ متر عن المرمى ههههههه وين اسيست هذا عقبها تناقلوها لاعبي الهلال ولا ٧ تمريرات  . شعرفك بالكوره والا مجرد قهر وتغريده تببي منشنات,Sadness
b0fd5ed7c57231e2,قهر ر ر ر ر,Sadness
"f2b8afa068aa4b00,""اعوذ بالله من ضيق الخاطر وقلة الحيلة وغصة القلب، اللهم ارح قلبي ولا تحملني مالا طاقة لي بـــه"
"اللهم اني اعوذبك من قهر يؤلمني وفكر يقلقني واعوذ بك من كسرة النفس و حزن القلب اعوذبك من امل يتلوه خيبة وثقة يتلوها خذلان اللهم اني واليتك امري فلا تجعلني احتاج الا لك وحدك ياربي"",Sadness"
9595b714a5907b94,هنوي تفاحتين.. كل تبن وموت قهر وقلنالك صرت مفلس حتى في تغريداتك ونصيحة مني روح عند خوالك وخلهم يصرفوا عليك بدل ما عايش عيشة المتشرد الذليل.,Sadness
358abd3000bc9d86,قهر فاتتني 3:14 اليوم,Sadness
"5035db82cc9e9612,""youtube.com/shorts/EQIBcOc"
… 
"مساعد هنا بس قهر ماطلعوه كثير"",Sadness"
"4db2cf3a65c84f36,""قهر الرحيل يعصر القلب، إليك بعض العبارات الجميلة:"

"- """"قهر الرحيل يترك جرحًا ينزف ذكريات، لكنه يعلمنا قيمة اللحظات."""""
"- """"في قهر الوداع، ندرك أن الفراق ليس نهاية، بل بداية للحنين الأبدي."""""
"- """"الرحيل قهر يغمر الروح، لكنه يزرع في القلب بذور الصبر والأمل."""""
"- """"قهر الرحيل كعاصفة تمزق"",Sadness"
891e069cd04eaa4a,عباره عن قهر الرحيل,Sadness
259e0545eb32ab8b,قاعدة العب ومن اليوم اخسر وتو دخلت قيم وتيم تهاوش وخسرنا الجنقل لانه زعلان من داعم   دمعتي نزلت من قهر  تعبت مره كل ماادخل قيم اخسر  المشكلة وين الجنقل كان ضدي ويوم كنت معه زعل وخسرنا,Sadness
"5099904dd7818d52,""تجاوزت مليشيا الحوثي أساليب المستعمرين في قهر المواطن اليمني وإنهاكه جوعًا وترهيبًا وتعذيبًا في السجون والمعتقلات"
#اليمن
#الاختطافات_الحوثيه
"#الحوثي_عدو_اليمنيين"",Sadness"
1a044449f1c9ef51,قهر والله باقي نص ساعه و أخلص الحلقة,Sadness
514f07f25efcdbe1,منجد يحتاج له ممارسه بس قهر لو كملتي حتى يعطي طاقه حلوه,Sadness
3497c7881f8a0042,أتمنى لك النجاح في قهر أحلامك. النجاح مباشرة أمام عينيك. Walter Beylotte,Sadness
30894b0f3b0bdfbd,تعبانه يارب سخرلي عبدالعزيز بن فهد يارب كل يوم بكا و قهر,Sadness
"a686a33394d18f53,""#الهلال_الشباب"
"ماشفتها قهر"",Sadness"
"313017c656b0dfb8,""النصر والله قاهرهم قهر "

كأن اخذ مكانهم 

"طيب اعرض تغريدتي على حلقتكم"",Sadness"
"5decf82c689e6147,""إلي بالي بالك انهبلو على ما فيهم من قهر  واحباط "
"موضوع الطياره مثل ما قال الكبتن عبدالله الغامدي  لا يملكها الهلال وإنما اتفاق بين ناس والهلال لوضع شعار  والوليد يعتبر الداعم الأول للهلال ومالك طيران ناس"",Sadness"
f4d22906e1d0f87d,ياخي كيف وصلنا لهاذي المرحلة والله قهر,Sadness
de62b36d7b68c9ca,قلنا لكم حب الاتفاق من خلف شاشات فقط ليه فوق هم الرطوبه قهر,Sadness
b1374e59ac3f23a5,يع قهر,Sadness
45be0cb048e9d301,قهر مالحقت عليه توفى واني انولدت ١٩٩٩,Sadness
2f34b4b6100ee189,أتمنى لك النجاح في قهر أحلامك. أنت مصمم على تحويل الحظ إلى النجاح. Leo Ciarrocchi,Sadness
0b82e1f6ea9b7e08,قهر مافيه بلنتي هدية من الحكم,Sadness
38472652c1070a0b,يخي قهر قهر,Sadness
"6e5505caf6e9c02e,""اقسم بالله هذا كلامه "

ولما جيت قابلت اللي بتسوي المقابله اقسم بالله طول الوقت تخزه ووجهها منصدم يوم شافتني منقبه 

عرفت تبي كاشفه 
ورفعت بلاغ ولا شفت اي تواصل ولا رد!
للامانه بكيت قهر مو عشان وظيفه
"عشان اسلوبها ونظراتها لي والحال اللي وصلنا له"",Sadness"
869897c1f7d56b56,قهر فكيته,Sadness
13f2b1baae38e04c,قهر ليتها انا,Sadness
"ff19219a27a8ba85,""@SamiAlJaber"
" والله قهر راح عمري وانا اشبح لك بكل مكان طلعت ماتستاهل ادعم الفريق اوانطم"",Sadness"
"a2e77d7b5e76d3c9,""أعوذ بالله من قهر الرجال "
"الله لايشمت عزيز النفس"",Sadness"
"69a1a9d0f9c8d5b9,""د.وفاء خرجت تستلم حوالة،رجعت جثة في #صنعاء.خمسة ذئاب بشرية ترصّدوا امرأة وحدها،قاومتهم فقتلوها وسرقوا المبلغ."
"أي مدينة هذه؟أي بشر هؤلاء؟صنعاء اليوم لا تسكنها أرواح،بل أشباح.جوع، فقر، قهر،وانفلات.هذه #جريمة شيطان.وفاء ليست أول ضحية،لكنها صرخة.العار لكل من سكت وغطّى على المليشيات."",Sadness"
42437b59b41274b2,ههههههههههههههه انته فيبك شي حانب لايكون وانت وصغير برشو لك في لامارات حقدك يبان قهر في جوفك واجد لايكون لك مقطع عاده,Sadness
"e4f672c8bf3fc471,""الواضح انك ما تدري وش السالفه بس بتسولف"
"عيونه و انفعاله و ارتجاف صوته كلها من ضغوطات و قهر المظلوم و هذا هو اب """"حاضر"""" لاطفاله و اشكالهم صحيه و نظيفه مافيه علامات اهمال او تقصير بحقهم"",Sadness"
37178441b622fecf,أتمنى لك النجاح في قهر أحلامك. حظا سعيدا للنجوم. Nickolas Loewer,Sadness
5acc620986d4b9f8,والله قهر نستنى حتى الظهر وقصة عشق ترجم مسلسلات الجمعة الفاشلة,Sadness
1f199a74c70fc530,مو بيدنا قهر الدنيا دمرنا,Sadness
76652f78de4c1d25,قهر ان ايبوكي بالعماله سوت جيدي,Sadness
640cce7cfda8bd4c,قهر طلعو فاصل,Sadness
"040733714593a89c,""اسمعي. صار عندنا ثلاث بيوت في الشام معد  نرجع عل الدير  موتي قهر وا اي ابن حلوه مثلك يفتح اثمو ال. نشقو شق "
x.com/yamanamouri/st
"…"",Sadness"
75ea5657346bbbba,ميتين قهر قاهركم صقر  سوريا,Sadness
"531fe66d3a496626,""والله قهر "
"أنا راحت علي تذاكر مباراة النصر ونيوم وجالسه أدور تذاكر ودخلت مباراتنا مع الفيحاء انصدمت باقي تذاكر ما انباعت"",Sadness"
"cb6c17068f7cb9fa,""ضغط "
فحس 
"قهر"",Sadness"
a0a777640f01eec5,أعوذُ بالله من ضيق الخاطر وقلة الحيلة وغصة القلب، اللهم أرح قلوبنا ولا تحملنا ما لا طاقة لنا به. اللهم انى أعوذ بك من قهر يؤلمني.. وفكر يقلقني وأعوذ بك من كسّرة النفس والخذلان ومن حزن يأكل القلب بصمت.. وأعوذ بك من أمل يتلوه خيبه وثقة يتلوها انكسار ..,Sadness
4d26630629eccc00,قهر ماقلت سالفت رمضان التراويح,Sadness
"f0db59097f994641,""ما عاد تعرف هو ألم هو حزن هو فقد هو عذاب هو قهر هو وجع هو غبنَّ هو معاناة هو إنتظار!"
"الواضح إنهٌ جميعهم مُرَّ وبس."",Sadness"
"e8004eef0cb2bc2e,""قهر ٢١ مليون شخص ترحم عليه بالأخير يطلع حي"
"لو انا مكانه بتمنى اني مت صدق"",Sadness"
b3f0d6acd4f1297c,أتمنى لك النجاح في قهر أحلامك. أتمنى أن يكون لديك إيمان قوي بنفسك. Katie Raethke,Sadness
e3017db626fbded4,الله يطول في عمر ولي عهدنا الأمير المحبوب محمد بن سلمان ويزيدكم قهر و الم مهما حاولتم إخفاءه إلا أننا نراه في كل حرف تكتبونه,Sadness
"db628dfda732305f,""اين غيرة ورجال اليمن "

"الحوثي ينتهك أعراضهم ويذلهم   هل ماتت الغيره  او لا يوجد رجال  شرفاء  ؟ والله قهر  القبائل اليمنيه في وضع المتفرج   الموت دون الكرمه  والشرف  فخر وعز"",Sadness"
"92e6a9966301c765,""يشبع قهر "
"هاي العالم مو مال هيج انسان"",Sadness"
a9959e54e617627d,طيب قهر سويت اكل جديد ولذيذ اليوم وماوثقته,Sadness
dd52eda686417a51,ان شاءالله بس والله  قهر و شي يغبن,Sadness
"9e611ca7bce06126,""ما بين [ قهر الرجال ] وبين [ كيد الحريم ]"
دنياي جادت بصبرتها وحلتيتها

غنيت فيها قصيدٍ من سمعبه يهيم
ولا قدرت انشره .. خوفٍ على صيتها

قد فر من ظلمة الادراج بيتٍ يتيم
اهل المدينة تزين به حـوانـيـتها

"صح لسانك واعتلى شأنك"",Sadness"
156adbca7636ab32,صار عاددي اخيه قهر والله ! بس عااااااادي,Sadness
62a21848e5112b95,إلا تضيف ومحد طلب رايكم والله يزيدكم قهر,Sadness
4dfa6c5b9d5ce2e3,صح صح قهر مره خلاص هونت,Sadness
880156790459db30,قهر نسيت وش كان ببالي من كلام لان شحنت جوالي بس الزبده انو ذا الموضوع اهخخخ عُقدتي والله يخارجني من غير شر .,Sadness
"b5b91479029f91d9,""توني جايه بقول قهر ليتني منقطه "
اشوى مانقطت 
"الواحد لازم ياخذ حذره"",Sadness"
"90d911afd17786cb,""قهر والله ما نراه في السودان "
السودانين ماعمره هاجموا احد ولا ضرو احد فلماذ كل هذا الحقد على السودان 
السودان بلد مسالم بلد العلم بلد الشهامه 
"اللهم انصر اخواننا السودانين على من يحاول تفكيكهم وقتلهم"",Sadness"
"2ab60f3c99e6abbe,""#الهلال_الشباب"
"قهر ماشفتها توقيتها مو حلو"",Sadness"
0258fddb61d8222d,كانت نيتي اتنمر على احد فيكم بس قهر نقطوا كل الناس الا الي في بالي,Sadness
701917b61a245d00,أدري أنه قهر حتى انا مقهور بس شو نسوي,Sadness
"24095336256241eb,""بايجي يوم والزايدي بيكون مكان الضبيبي ويومها بايتمنى الزايدي لو انه جلس محبوس في المهره كان اشرف له وبايموت قهر."
الدنيا دواره ومن رضي على نفسه يستاهل.
"كلهم حذيان وساهموا في إفقار الناس وظلمهم والقتل والدماء وبايجي يوم يذوقوا من نفس الكاس."",Sadness"
c076e91f78768175,يا رب أنت وحدك تعلم ما أخفيه بقلبي، وتعلم ما في صدري، و تسمع ضجيج فكري، فاللهم إني اعوذ بك من قهر يؤلمني و من فكر يقلقني، يا رب اجبر قلبي..,Sadness
c205ddf9eef9591c,أتمنى لك النجاح في قهر أحلامك. فهمك العميق هو بوصلة في رحلة الحياة. شكر. Saturnina Hornbeck,Sadness
d7dba83450992192,ياجماعة أنا ما بحكي لا تسبوه بالعكس يلي يغلط عليكم أغلطوا عليه بس لما تيجوا تسبوه لا تقولوا يا مصري وكذا احكوا ب أسمه ترا احنا مالنا دخل فيه اقسم بالله قهر هذا ما يمثلنا اصلا واللي بيقول ليش تحكي سعودي انا أصلي سعودي,Sadness
cb0609a0203529c3,نموت في شيوخنا ومانبدلهم موت قهر,Sadness
a51233ee9d4deb54,قهر كنت مجهزه كوستم هتلر بس ما انعزمت على هالوين,Sadness
02e513d1266b36f0,قهر المرتزقه اليوم,Sadness
"aebbcb647bace4e7,""مشيت من غير ما اوجعك واردلك نفس الالم"
"وبقيت احبك واكرهك نصفي رضا ونصفي قهر"",Sadness"
ce6e1cb42bd1981c,جيمفورث كنت ادورهم ومالقيتهم قهر,Sadness
a116d66098c3d5e0,قهر جيت على الأخير,Sadness
"ce2fb1c2ec5fb157,""هذه الصورة """"قتلتني"""" عندما رأيتها لأول مرة، ملامح ألم مع قهر مع عجز"",Sadness"
3761b02fbbe03f63,موتي قهر وغبنه ياللي تنابحين على تاج راسك,Sadness
"2f401650fa86df71,""لو حَبَّت النّجمه نَهر"
طاحت على صدره سَنا

وإن مرّت الغيمه قهر
وإن هبّت النسمة قهر

ولو رمى طفلٍ حَجر
"عكّر مواعيد الهنا"",Sadness"
805cd2f095ee7278,ياناس ياعالم تكفون انتم يالهوامير ياخي ارفعوا هاشتاقات حرام ورب الكعبه لاعبين بدون اي شخصيه قياديه زي ناصر وكنو وسالم تنحط على كتفهم الشاره ونيفيز ما ياخذها قهر والله,Sadness
2c57427b877a8a8e,انطردت والله قهر,Sadness
"a07b1f8b20863109,""""""من قهر سيُقهر ، ومن ضر سيضر ، ومن ظلم سيظلم، ومن عاب ابتلى، فإن الله يمهل ولا يهمل"",Sadness"
ceaba6b85f6e8f0b,يا جعل كل لحظة قهر عشتها معك، ترجع لك أضعافها في أغلى ناسك.,Sadness
"fa57f347fcbc82a4,""أيتام بشار وزميرة "

فديو سمعناه مرات ومرات مافيه شيى مستخبي 
وبعدها اعلن انه رفض ينضم لبشار 
فطرد حماس من سوريا 
" أيتام بشار يموتون قهر جتكم خيبة"",Sadness"
50272797aa92e4f9,ياخي حسافة اخلاقك العالية ياعثمان على هالاشكال ما تعرف تجاريهم وتقول كلام البنات مهم حاله حال الباقي عشان يموتون قهر,Sadness
8eccaa4932ac8146,قهر كنت متحمسة له,Sadness
863e98b36697bf99,غبنه احسب صدق قهر,Sadness
4bd1e6da25e97333,قهر حمستني.,Sadness
539f3e0881bdf68d,موووووت قهر,Sadness
6728d46286c5c054,قهر ولله,Sadness
620c834e5985d932,قهر ياعمري الله يشفيها يارب,Sadness
"78d0e420bf76a4ee,""يا زمان العجايب وش بعد ما ظهر"
كل ما قلت هانت جد علمٍ جديد 
إن حكينا ندمنا وإن سكتنا قهر
"بين قلبٍ عطيب وبين راس عنيد"",Sadness"
"4fcd564b8f53b2fb,""قهر "
دكتوره بجامعه صنعاء 
"كليه الطب"",Sadness"
f129860cb4a2114a,موت قهر ، أيها الغبي,Sadness
20e1650bfb671b27,موتوا قهر..سوريا اصبحت حرة ..انبحوا بقدر ماتشاءون ...حجارة تكفي لاسكاتكم,Sadness
"96ee5b5b101fa299,""وربي يافينيي قهر المشكله اني ادري لو رجعت "
"بكون احسن من يستقبلها ولا كأني كنت زعلانه"",Sadness"
"10ff02d374fa3bd4,""لو حبت النجمه نهر ، طاحت على صدره سنا "
"إن مرت الغيمه قهر ، وإن هبت النسمه قهر"",Sadness"
"c8d25ddd83aaa71e,""سهم متروك قهر مشروك عدل مشبوك عظمة تلو كرم جمعه مسفوك جاري داري عندها مملوك ممحق مشقوق قربه مشكوك مال كتاب نظمه محبوك زاني متعالي حكمه مضحوك قود سياسة العبيد جعله مفروك دحض قواعد الظلم ساير المفكوك ضغم عقول فهم بطون ندره مصكوك حامل سموم عقيدته ممسوك وحد غرد بعقد السلوك."
"زخرف يا"",Sadness"
2d81520f15a9e194,فعلاً والله من اكثر الاشياء اللي المفروض ماتتكلم فيها الاشياء اللي الشخص ماله يد فيها او اللي يكرهها فنفسه لانك بتزيده قهر وغبنه ويمكن يقعد معه هالشي طول عمره,Sadness
9909d6118af21093,اعوذ بالله من قهر الرجال,Sadness
dbc8f1fe7ea05c43,الحمد لله الذي قهر عباده بالموت,Sadness
117dc7f6ffc5ed24,قهر ليته سجل بأول جوله كان بيكون سجل بكل جولات الدوري,Sadness
"e25aa31d593f9d44,""قهر "
"راحت الفعاليه عليّ"",Sadness"
"f1602fe26e9735bc,""قسم بالله الي صاير في التايم شي يكسر الخاطر"
ويضيق الصدر صرنا في زمن الرجال يستحي
ويحافظ على نفسه ولا يرمي نفسه عرضه للكل
ماحكينا الا من قهر لاتصيرين حلاوه مكشوفه لكل
"اسأل الله ان كان ابتلاء ان مع هالساعه يرفع عنكم هذا الابتلاء اسأل الله ان يستركم فوق والارض وتحت الارض ويوم العرض"",Sadness"
1069ab493a180ba6,دايما في اهم مناسبة عندك شعرك مايضبط وفي أزفت مناسبة وماتهمك شكلك يضبط قهر قهر والله,Sadness
f1fb7e030bb0a509,احد سراويل نشيمورا. يلطم عليه قهر,Sadness
aa98048aad5665c4,قهر مافكرت فيها,Sadness
b8429134a3222b59,اخخ قهر عاد المواقع والله اوفر بس شي ان فيه حلوه والله ويوصلون بسرعه هالفتره,Sadness
"6a6f4b665b6c4bc2,""وعدكم ترامب أيها التحريفيون التعديليون.. بعد إبادة غزة تريدون قهر الصحراويين"
الآن سيفهم العرب كيف يستلهم نتنياهو من الاحتلال المغربي أفكاره
"ابحثوا عن الأخطاء السبع"",Sadness"
9a24bd115292d8c2,قهر وش يعني اجل,Sadness
1506e86a9cda193f,أعوذ بالله من قهر الرجال,Sadness
"68344edaebb69f7d,""صاحب المنشور يافندم بايموت قهر "
باتجيها الدوووررههههه
"عادها بتطالب بدم افتهان لليوم"",Sadness"
"35f891bf0f6e7274,""اللهم انتقم منه وممن دعمه "
اللهم سلط عليهم جنداً من جندك ياقوي ياعزيز

في قلوبنا قهر وغبن على أهلنا في السودان العزيز لايعلم به  إلا الله

اللهم إليك نشكو ضعف قوتهم وقله حيلتهم وهوانهم على الناس
حسبنا الله ونعم الوكيل
حسبنا الله ونعم الوكيل
"حسبنا الله ونعم الوكيل"",Sadness"
53e857914248c160,قهر لو انك مو موجود افضل,Sadness
"38cf78fdbcbe1320,""آمين آمين"

طبيعته التواضع والبساطة 
"يزيل عمن يقابله رهبة الأستاذية وهو الأستاذ لأجيال بلا شك"",Fear"
"9107f612df7dc222,""رهبة"
"فهو ليس مجرد مبنى، بل هو حلم تحقق، وصورة مستقبلية تليق بعظمة الحضارة المصرية، تجمع بين فخامة الماضي وروعة الحاضر."",Fear"
b21606dcd8d9cc79,رهبة واحترام الحضارة المصرية  الملك توت عنخ امون  مجدنا يعود للحياة ،,Fear
"02f78db1bb398940,""تيهيونق إنسان مشاعره جياشه واضحه لا يخبيها لا يستحي منها قرين فلاق بحق وحقيقي"
سواء الي يحبهم من أصحابه يوم يعطيهم نظرات كأنهم أكثر شي يحبه بالعالم
"أو يوم مشاعره تفيض لأنه أشتاق للستيج وأنه يكون مغني مع إنه قابل الفان أكثر من مره بس الستيج له رهبه عنده"",Fear"
"871d47845ca32efb,""ينرحمون"
"عاده سنويه قبل كل ديربي تجيهم رهبه وخوف ويبدون يتفلتون في تويتر"",Fear"
"46a67850822f1454,""كان الله في عونكم يا اتحاديه"
"كل سنه قبل الديربي تجيكم رهبه غريبه وتبدون تتفلتون في تويتر ومنكم كثير الي يعلنها وينبطح"",Fear"
"a19c00e0edf0aad3,""#صوت_الأمة| المسلة المُعلقة تزين المتحف المصري الكبير.. تجربة بصرية نادرة تمزج بين رهبة التاريخ ودهشة التكنولوجيا"
#المتحف_المصري_الكبير
"soutalomma.com/1194901/"",Fear"
3298abaf7bf7d45b,كون انج تروحين صالون للعزا معناتها ماعندها احساس بالموت هذي عندها نظرة الناس لشكلها اهم، بأي نفس رايحه اتزين وعندها حالة وفاة! والاخت أنتقدت شي فعلا مقزز وقمنا نشوف هوالات بالعزاءات ، لكل مقام مقال ،اذا انتي وغيرج شفتوه عادي لا ترى كلش مو عادي، الموت له رهبه وحشمه,Fear
6aca2b89a5c2df1d,حين تزور المتحف الكبير، تشعر وكأنك تخطو داخل صفحات التاريخ الحيّ، فتغمرُك رهبةُ المكان وجلالُه، وتعيش لحظات استثنائية أمام روائع المصريين القدماء، أولئك الذين جعلوا من الحجر مادةً طيّعة تُجسّد عبقريتهم وخلود فنّهم.,Fear
d84181e5309cf7d4,تحمل على الأكتاف وتلقي الرهبة على الأمم فآحذروا أن تتشبهوا بالغرباء وتأخذكم منها رهبة إذا رأيتم الجموع أمامها ووراءها يسجدون لها بل قولوا في قلوبكم لك يا سيد ينبغي السجود فإن ملاكي معكم وهو يعنى بنفوسكم,Fear
"77f40387c2213a2b,""أعتقد أن من أخص المشاهد القارعة الرادعة، التي تنطق بها الأفواه تضرعا وتسبيحا، وترتعد لها مكنونات القلب رهبة وخضوعا وخشية وإخباتًا؛ رؤية المنتكسين بعد هدى، والمهتدين بعد ضلال!"
"إذ تثور في النفس الكثير من المشاعر المستفيضة! ما بين رهبة من دقيق عدل الله، ودهشة من عجيب حكمته، وفأل"",Fear"
"b0da795ef8242462,""إن قوماً عبدوا الله رهبة، فتلك عبادة العبيد، وآخرون عبدوه رغبة فتلك عبادة التجار، وآخرون عبدوه محبة وشكراً فتلك عبادة الأحرار الأخيار."
"#زين_العابدين #الحكمة_اليمن"",Fear"
"4cdbc747d7d4c2b5,""يوم قلت لامي "
قالت 
تعوذي من ابليس وصلي واقري قرآن 
هذا الكلام قبل سنه ونص
وللان اعاني من نفس الاعراض
"وعندي رهبه من مادة معينه معلقتها بالمستوى الثالث وانا الحين بالمستوى الخامس"",Fear"
1d36d2f659f52b73,في أرض لاتعرف الصمت كان هو وحده القادر على إسكاتها رونالدو الاسم اللذي حول ضجيج الكامب نو الى رهبةٍ خالدة,Fear
"a97f84c3eaccda32,""احذروا  الإشراك مع الله  في الدعاء وسائر أنواع القرب (توسل  تقرب  اذكار  اعتماد وتوكل  رغبة رهبة..الخ) كلها لو صرف منها شيء واحد لغيره جل جلاله الواحد القهار فإن الإنسان على خطر عظيييم  فالله لا يرضى أن يُشرك معه أحد"
"اتقوا الله وانصرفوا عن هذه المشاهد"",Fear"
263e8a27d7420fc0,الزحمه لان في حمير نفسها والا احد عاقل يوقف بنص الطريق ! أصلا رهبه الطريق و الناس كفيله بنسف اي فكره إنسانيه تخطر ببالك .. ومع ذلك وقفت .. الله يعين أهلها احس الموقف ذا يوضح قد ايش هي بارده و تجلط,Fear
"713f206885286104,""وإن سألوك عن مصر "
قول لهم لا تشبه غيرها رهبة وهيبه وعظمة لاتقارن 
"عجيبة غريبة فريدة وأم الكون"",Fear"
890b940f8b273716,أمیرالمؤمنین علي (علیه السلام)- فَتَبَارَك الَّذِي یَسْجُدُ لَهُ مَنْ في السَّماواتِ وَ الْأَرْضِ طَوْعاً وَ کَرْهاً وَ یُعَفِّرُ لَهُ خَدّاً وَ وَجْهاً وَ یُلْقِی بِالطَّاعَةِ إِلَیْهِ سِلْماً وَ ضَعْفاً وَ یُعْطِی لَهُ الْقِیَادَ رَهْبَةً وَ خَوْفا.,Fear
"246d267a7649f15b,""قبل الفجر وأنا أمشي في الحارة شفت مشهد قبض قلبي"
إسعاف واقف عند أحد البيوت بإضاءاته اللي تزيد الموقف رهبةً وعُتمة

المشهد نبش الذاكرة واستحضر فجر الاحد قبل ثمان سنوات

مشهد الاسعاف شايل جدتي و طالع من بيت ابوي

انا جاي بعد ما بلغني عمي بوفاتها عليها رحمة الله و الاسعاف يغادر

"من"",Fear"
"53fc724392124c86,""ماودييي احلففففف ولكننن لو ابوعبير الي منفذ البلنتي هدفففف عيال الغربية فيهم سطاوة تاريخيه ولاتجيه رهبه او خوف يعني حاسم لوتعطيه بلنتي بنهائي كأس العالم سجله وهو يضحك "
"@Abu_abeer16"",Fear"
"414ec2a760020c0c,"""""" أحب فكرة العودة الساكنة في كل شيء ،العادية بعد صخب السعادة ،الرضا بعد جزع التغيير ،سكينة المعرفة بعد رهبةِ الجهل وصولاً إلى شارع الحي المألوف بعد الطرقات الواسعة """"."",Fear"
"3a4b7848ad98fa16,""كُل حزنٍ قبل فقدك كان هيِّنًا"
و  كُل ألمٍ كان بسيطًا
لا شيء على الإطلاق يشبه رهبة موتك لا شيء

اللهم ارحم أبوي برحمتكَ التي وسعت كلَّ شيء
"يا أكرم الأكرمين"",Fear"
"549c84d5902e38ab,""صرخة مسجورةً على باب عوفر / قلتها في زوجتي الأسيرة "

-1
زرتُ المحاكم والحديدُ سياجُها
فتزلزلتْ من رهبةٍ أوتاري

لما رمتني بالدموع كأنها
شمسٌ تسيلُ بنارِها أشعاري

فاهتزَّ قلبي مثلَ كل مدينةٍ
قُصفتْ بنار عدوِّها الغدّارِ
"#أشرف_حشيش"",Fear"
"6cd38e3eccb74652,""أنا ضد هذا النوع من المقابلات، أصلا الشخص جاي وهو متوتر من ولاشي( رهبة المقابلة)."
" لك وله ثلاث شهور في اول الوظيفة تدربه وتعلمه ولك الأثر والاجر وهذا دور اي منظمة بذات لحديثي التخرج"",Fear"
"2080172400d81ec7,""هههههههههههههههههه "
 اهم شي صوت الباكقراوند على موضوع التاتو تحس رهبة 
كل ديجي يحاول يستنقص من الثاني 
واحد يحاول يبني شخصية ومافي فايده اخررطي  والثاني عقدة النقص واضحه عليه 
"الله يهديكم"",Fear"
"75384adc6abb255c,""""""السلام عليكم يا إخوان، بموت بعد شوي بس انتظروا أفضحه"""""

 حرفيًا كذا صرنا؟ والله صار الموت يمشي مع دراما وتفاعل ورياكشنات، لا رهبة، لا احترام، كله مزاح وتفاعل. زمن غريب، نضحك على أشياء المفروض توقفنا لحظة نسكت فيها.

"ما أقول غير الله يسامح الي كان السبب."",Fear"
"3b3bfa6e5d5c0f78,""أمیر المؤمنین علي(علیه السلام):-"
"فَتَبَارَك الَّذِي یَسْجُدُ لَهُ مَنْ في السَّماواتِ وَ الْأَرْضِ طَوْعاً وَ کَرْهاً وَ یُعَفِّرُ لَهُ خَدّاً وَ وَجْهاً وَ یُلْقِی بِالطَّاعَةِ إِلَیْهِ سِلْماً وَ ضَعْفاً وَ یُعْطِی لَهُ الْقِیَادَ رَهْبَةً وَ خَوْفا."",Fear"
"5902537f6b3ea07c,""فأنت َ بعيدٌ"
وأنت َ قريبٌ
تساويتَ  عندي
كبيتٍ من الشعرِ يملأُ صمتي
وتمنعني رهبةٌ أن أقوله .

"- لميعة عمارة"",Fear"
"646c4934c7b6ec02,""تسعة أعشار العظمه تسكن في مصر والعشر الاخير يطوف العالم نهاراً ثم يعود ليبيت ليلته في مصر"
 وان سألوك عن مصر قل لهم لا تشبه غيرها، رهبة وهيبة و عظمة لاتقارن
 عجيبة غريبة فريدة وأم الكون 
#مصر_أم_الدنيا  
#المتحف_المصري_الكبير 
#Egypt_IS_Calling 
"#grandegyptianmuseum"",Fear"
"acc29fed897dd691,""دائماً أعاتب نفسي لهذا الشعور، وتعتريني رهبةٌ أشكك فيها من صدق نيتي. "
لكني أضع لومي على قلقي،
"والله لطيف."",Fear"
"e53326a362357f5d,""بينما الجميع يقف خائفًا مرتعبًا"
كيندو يقف امام الوجود المظلم وينظر اليه دون رهبة او خوف…..
"#فورتنايت"",Fear"
"9bd9c5e90e4b5c1f,""{وَمَا النَّصْرُ إِلَّا مِنْ عِندِ اللَّهِ الْعَزِيزِ الْحَكِيمِ}آل عمران(126)"
2-{ وَإِن يُقَاتِلُوكُمْ يُوَلُّوكُمُ الْأَدْبَارَ ثُمَّ لَا يُنصَرُونَ}آل عمران(111)
"3-{لَأَنتُمْ أَشَد رَهْبَةً فِي صُدُورِهِم منَ اللهِ ۚ ذَٰلِكَ بِأَنهُمْ قَوْمٌ لَّا يَفْقَهُونَ}الحشر(13)"",Fear"
"5157635412d1f5ac,""ليلة البيان"
كنا جلوسًا حول المذياع، والليل يثقل القلوب.
"ما إن سمعنا الصوت يقول """"أيها الشعب الجزائري…"""" حتى تجمّد كل شيء."
كانت الرعشة في الجسد، لا من برد نوفمبر، بل من رهبة الميعاد.
لم نعرف إلى أين نمضي، ولا ماذا ينتظرنا،
"لكننا علمنا أن الرجوع خيانة، وأن الموت أهون من الصمت."",Fear"
"8d669d85a8629baf,""بنت اختي شافتنا نتهاوش اخر الهوشه قالت لاتنسون اللايك والاشتراك  "
"هالجيل مافيه اي رهبه وخوف كل شي عندهم مزح"",Fear"
"cbb881b5e4dbf325,""تغريدات رقله الهلال كابوووووووووسك "
النصراوي يعتف ان الهلال حتى وبينك وبينه ٣٧٣ نقطه يسبب لك رهبه وتتصافق ركبك لاقرب منك

"والله الحشره انك تدفع ٧٣٧٤٦٤ مليار وتقابل مدرب ماله ٣ ايام ويرصك ويكرشك من بطولتك الثانيه بالموسم"",Fear"
"ddc2f69b101616d1,""بناء مهارات العرض والإلقاء بثقة"
وتجاوز رهبة الجمهور 
#مهارات_عرض
wa.me/966598879420
#الهلال_الشباب 
"#كاريزما82"",Fear"
ed0c2c9cfcb78c67,(تشُتت،خوف،أمل،ضياع،رهبة،سعادة ،),Fear
"d995ae409048f48c,""لماذا نرى أُناسنا مايلاحظون مدى روعة شخصياتنا خلاف ذلك حين نذهب لمجتمع لم تسبق لنا رؤيتهم من قبل، نشوف قد أيش مبهورين فينا.."
هل 
الإعتيادية تفقد هذا اللمعان الموجود في داخل كل شخص فينا بالتواجد حولهم دائمًا؟ 
"أم هي رهبه من تكبر الإنسان وغرورة إذا عرف أنه هالقد ساطع حولهم؟"",Fear"
c0a1fc39ec991006,عندما تتكلم الرجال، لا تُبالي بلوم اللائمين، فتهتزّ القاعات هيبةً، وترتجف الأبدان رهبةً، حتى لو كانت أمريكا التي يرتعد منها العبيد، لكنها تقرأ ألف حسابٍ عندما يزؤرون.,Fear
"6d25f5e14e59621e,""أعظَمُ أسبابِ الرَّاحةِ في التَّعامُلِ معَ النّاسِ مُعاملَتهُم لله، لا طلباً لِمَودَّتِهِم ووَفائِهِم، ولا رهبةٍ مِن إساءَتِهِم."
"| إبنُ تَيميّة رَحِمهُ الله -"",Fear"
"99156246db0cfb3b,""عندما تقرأ لابن تيمية تشعر ان كل الكلام يُنسى ويذهب الا كلام هذا الرجل، له وقع غريب يستفز الفكر ويُحدث في العقل رهبة ودهشة فهو كمن لمس شيئا من السر الإلهي في البيان"
"سبحان الذي خلقنا وخلق ابن تيمية"",Fear"
9219af6667a80faf,ات مستغرب ليه انا اعرف نادي بيقولك عندي مبادئ وجايب لجان تهاجم الكل عشان يعمل رهبه وبلطجه للكل,Fear
"02fd546fc5896430,""جملة قوية ومؤثرة، تجمع بين رهبة العدالة الإلهية وسكن الطمأنينة للمظلوم."
"تجعل الظالم يخاف من تأجيل الحساب، وتمنح المظلوم يقينًا بأن الحق لا يضيع أبدًا"",Fear"
"50c5492c41dbfff8,""اللون البني الداكن هو صوت الأرض حين تفتح أفواهها"
أما ذوبان الأشكال فهو رهبة اللقاء الحق.
هنا لا بشر هنا الأرواح تعود لأصلها حيث التلاق لكل الذين تفرقوا في الظلام وأعادهم النور .

"قراءة """"مر من هنا""""."",Fear"
"ed07af37f1e99567,""""""اللهُم إني أسألك سلامًا ما بعده كدر، ورضى ما بعده سخط، وفرحًا ما بعده حزن""""."",Anger"
"036e42181143c05a,""رُبّ كلمة أردت بصاحبها سبعين خريفا في نار جهنم"
فكيف بما تتمنينه
-آمالاً قد تودي بك إلى سخط الله،وقد تموتي عليها،وقد يدركك ملك الموت عليها،فتجمعين من شهود الخلق عليك في هذه التغريدة وبين عقوبة الله الأعظم من شهود الخلق
"-لاتغرك قدرتك على تجاوز الحدود فالله أقرب إليك من حبل الوريد."",Anger"
b4839f67a46b5294,سخط على الشروكية المجوس .,Anger
58c5c1db1bbc04bb,وَإنَّ الْعبْدَ لَيَتَكلَّمُ بالْكَلِمَةِ مِنْ سَخَطِ اللَّهِ تَعالى لا يُلْقي لهَا بَالًا يهِوي بهَا في جَهَنَّم,Anger
2f379965cda164b7,اللهمّ إنّا نَسألُكَ سلامًا ما بعدَهُ كدر، ورضا ما بعدَهُ سخط، ونعوذُ بِكَ مِن تَعبِ الرّوح، وأرقِ الشُّعور، وشُحُوبِ الأيّامِ وكَسرِها .,Anger
"a9c4b01025178533,""يظل #سامي_الجابر  ذو عقلية صائبة وفكر رياضي  محنك  أبى من أبى و  سخط من سخط "
"وفُضت أفواه كل من يحاول ان يقلل من الهلال"",Anger"
"1458a7dc959a8640,""اللهم إنا نسألك سلاماً يروي أرواحنا فلا يتبعه كدر،"
ونسألك رضاً يملأ قلوبنا فلا يعقبه سخط،
"ونسألك فرحاً يغمر أيامنا فلا يزوره حزن."",Anger"
"76f3b700cbeb59ea,""وضع مسروقات الزكاه لعدم سخط امريكا وفساق الترفيه"
ا احمد الراجحي
س سلمان ال سلمان
اسر وتجميد
ي يزيد الراجحي
كذب  وتظليل
قَالَ أَمَّا مَن ظَلَمَ فَسَوْفَ نُعَذِّبُهُ ثُمَّ يُرَدُّ إِلَىٰ رَبِّهِ فَيُعَذِّبُهُ عَذَابًا نُّكْرًا (87)
" ْ تحصل له العقوبتان، عقوبة الدنيا، وعقوبة الآخرة"",Anger"
4c86fe90a23339ec,ساخطين اومها سخط لدرجة مشبوهة!,Anger
"3c1f6e7c38aa0037,""من سُخطِ القدر، ولعنةِ الحياة،"
أن تُحب امرأةً مرتبكة،
لا تعرف من أين تلمس قلبها
ولا في أي الأحوالِ تُحبك.
تشرعُ لك الأبوابَ بيد
وتُغلقها بالأخرى وهي تنتفض .
تأتيك بحرارةٍ كأنها قادمة من شوقٍ قديم،
ثم تخفتُ حد الانطفاء.
تراكَ ملاذها في وجهِ الحياة،
ثم تراها تخذلك،
"لتثبت لنفسها"",Anger"
90ffa2817a109824,إنَّ العَبْدَ لَيَتَكَلَّمُ بالكَلِمَةِ مِن رِضْوانِ اللَّهِ، لا يُلْقِي لها بالًا، يَرْفَعُهُ اللَّهُ بها دَرَجاتٍ، وإنَّ العَبْدَ لَيَتَكَلَّمُ بالكَلِمَةِ مِن سَخَطِ اللَّهِ، لا يُلْقِي لها بالًا، يَهْوِي بها في جَهَنَّمَ.,Anger
e297514b07712ed7,«إنَّ العبدَ ليتكلَّمُ بالكلمةِ من رضوانِ اللهِ لا يُلقي لها بالًا، يرفعه اللهُ بها درجاتٍ، وإنَّ العبدَ ليتكلَّمُ بالكلمةِ من سخطِ اللهِ لا يُلقي لها بالًا، يهوي بها في جهنمَ»,Anger
cc60eb71e91a6362,مود الظهاري عندي يسخط فوق سخط الظهريه نفسها,Anger
f21614e1051fb570,لعل الله سخط عليه في هذه الكلمة التي تأللا على الله بها فأصله واعمى قلبه وختم عليه,Anger
98812345aa067c70,لازم يواجهوه بكل شي ويتركوا عنهم المجاملات عشان يعرف انه فيه سخط من الاتحاد والجمهور.,Anger
"52a573ae7d676c9f,""كُلنا ذاكَ الذي تجري به #الأقدار بين خيرٍ وشـر ، وفرحٍ وحزن ، وعطـاء وحرمان"
فمن رضي فله الرضـا 
"ومن سخط فلا خيرًا استعجل ولا شرًا دفع"",Anger"
"1f2a0b5b8ae701f2,""أعباد المسيح لنا سؤال ---------- نريد جوابه ممن وعاه"
إذا مات الإله بصنع قوم ------------ أماتوه فما هذا الإله
وهل أرضاه ما نالوه منه ------- فبشراهم إذا نالوا رضاه
وإن سخط الذي فعلوه فيه -------- فقوتهم إذا أوهت قواه
وهل بقي الوجود بلا إله -------- سميع يستجيب لمن دعاه
"ابن القيم_"",Anger"
"9b10502cdbe3d580,""الظلم وضع زكاة المسلمين لعدم سخط امريكا واستراضاهم بفساق الترفيه"
وَأَمَّا الَّذِينَ آمَنُوا وَعَمِلُوا الصَّالِحَاتِ فَيُوَفِّيهِمْ أُجُورَهُمْ ۗ وَاللَّهُ لَا يُحِبُّ الظَّالِمِينَ (57)
" بالله وملائكته وكتبه ورسله والبعث بعد الموت وغير ذلك مما أمر الله بالإيمان به"",Anger"
40c8ce73ec9b3e84,عن أبي هريرة رضي الله عنه: أن النبي صلى الله عليه وسلم قال: إنَّ العَبْدَ ليَتكَلمُ بالكَلِمَةِ مِن رِضْوانِ اللَّهِ، لا يُلْقِي لها بالًا، يَرْفَعُهُ اللَّه بها دَرَجاتٍ، وإنَّ العَبْدَ لَيَتَكَلَّمُ بالكَلِمَة مِن سَخَطِ اللَّهِ، لا يُلْقِي لها بالًا، يَهْوِي بها في جَهَنَّمَ.,Anger
"a2d15e83cd75494e,""ا احمد الراجحي"
تبرئه الاهلاك
 رريما
ادخار مسروقات عدم سخط امريكا واسترضاهم بالافساد
اثباتات التخضيع والتكويع

ه هيا

وَيَقُولُونَ مَتَىٰ هَٰذَا الْوَعْدُ إِن كُنتُمْ صَادِقِينَ (٣٨)
"وكذلك الذين كفروا يقولون:"",Anger"
"749bffc8205901ab,""من أرضي الناس بسخط الله سخط الله عليه وأسخط عليه الناس "
"إشرب يا معرض"",Anger"
"c806faab10849ba3,""سبحان الله فعلاً "
"فمن رضى فله الرضى ومن سخط فله السخط"""""",Anger"
"13682f8d377d2a4f,""ولا تحسبن الله غافلاً عما يعمل الظالمون "
وإنه لخير إن شاء الله ،،، فالله هو المدبر ولا يخفى عليه 
شىء فى الأرض ولا فى السماء فالعدل لا يرضى إلا العدل 
"اللهم لا سخط على قضاءك ولكن نسألك اللهم اللطف فيه"",Anger"
"3dffdfa4deca4b25,""قد تفيد التحقيق "
لكن هي أحلام، سوف تنتصر الصحراء الغربية بإذن الله
"وصحراء غربية اطلسية بإذن الله، رضي من رضي وسخط من سخط"",Anger"
"a29e54f373736933,""""""اللهُم إني أسألك سلامًا ما بعده كدر، ورضى ما بعده سخط، وفرحًا ما بعده حزن"""". "

"وصبااااح الخير للجميع"",Anger"
"ef26ce9283bbde59,""واقلك الناس مش رح توقف حرام بالعكس رح تزيد فإشتري نفسك وبكفي هبل"
ومن علامات الساعة الكبرى هو خسف في المشرق والمغرب وخسف في جزيرة العرب وسببها انتشار الفساد في الأرض 
"قي نفسك من سخط الله"",Anger"
"3d6de8e1d25d0cd2,""هالوين عراقي.. ظاهرة تتسلل للمجتمع وتثير سخط المواطنين"

"#UTV_عراق"",Anger"
1a23bd9b05e71853,﴿تَرَىٰ كَثِيرًا مِّنْهُمْ يَتَوَلَّوْنَ الَّذِينَ كَفَرُوا ۚ لَبِئْسَ مَا قَدَّمَتْ لَهُمْ أَنفُسُهُمْ أَن سَخِطَ اللَّهُ عَلَيْهِمْ وَفِي الْعَذَابِ هُمْ خَالِدُونَ﴾,Anger
"e7bab78393b5961a,""اللهم يا واسع الرحمة، يا من إذا دُعيتَ أجبت، وإذا سُئلتَ أعطيت، نسألك في هذا الصباح المبارك أن تغسل قلوبنا من الهموم، وتغمرنا بعفوك ورضوانك، وترزقنا من واسع فضلك ما تقرّ به أعيننا."
"اللهم اجعل يومنا هذا فاتحة خير، ودوحة فرج، وميدان بركة، وساعة قبول، ورضًا منك لا سخط بعده يا أرحم"",Anger"
"8578ff4717c09915,""""""اللهُم إني أسألك سلامًا ما بعده كدر، ورضى ما بعده سخط، وفرحًا ما بعده حزن"""". #يارب_كلنا_كلنا"",Anger"
"de2a32c1cfc3361d,""اللهم يامن وسعت رحمته كل شىء ويا من لا يعجزك شىء فى الأرض ولا فى السماء  نسألك رضاك الذى لا سخط بعده  وقربك الذي لا بُعد معه  وسكينتك التى تملأ قلوبنا طمأنينة وسلام  "
اللهم آمين 
"صباح الخير"",Anger"
54b6c7357897416b,حين يأذن الله بقبض روح المجرم الكافر تبدأ لحظة لا رجعة بعدها لحظة تخرج فيها الروح من جسد من عاش ظالما أو مستكبرا أو محاربا لدين الله فتأتي ملائكة غلاظ شداد لا رحمة في وجوههم يحملون كفنا من نار وحنوطا من جهنم ويجلسون عند رأسه ويقولون اخرجي ايتها الروح الخبيثة الى سخط من الله وغضبه,Anger
"693924bdea69db5c,""اسأل الله العظيم رب العرش العظيم  أن يسعده ويوفقه ويبارك له"
في صحته وعافيته، ويرضى عنه
اللهم قر عينه بما يتمنى ويريد وارضى عنه رضاء لا سخط بعده أبدا.

 #جابر_عثرات_الكرام
"@allmouchaan"",Anger"
"1e801943226cfad6,""ومما تسعى إليه، وإن سألت الله شيئاً فاسأله أن تتفق مشيته مع مشيئتك، وأن يكون مرادك هو نفسه قدرك، لأن الله ربّ الخير لا يمنع خيراً ولا يأتي بِشَر. """"اللهُم إني أسألك سلامًا ما بعده كدر، ورضى ما بعده سخط، وفرحًا ما بعده حزن""""."",Anger"
"035217fd4a67394c,""اللهم ارزقنا إيمانًا لا ريب فيه ورزقًا لا جحود فيه وقلبًا لا قسوة فيه وصحة لا سقم فيها ورضوانًا لا سخط فيه.. يا رب لاتحرمنا من أمنيةً تُفرحُ قلوبنا وتوبَةً تَجلي هُمومنا وَفرجاً يكشـفُ الكَـرب عنا..."
                   ... آمين يا رب العالمين...
"     #صباح_الخير_والسعاده"",Anger"
"ce6f95848c6c9a41,""#ابن_سليمان"

"اللهمَّ أسعد قلبه، وقرّ عينه بكلّ ما يتمنّى، وارضَ عنه رضا لا سخط بعده، ووفّقه في أموره كلّها، واجعل له من كلّ همٍّ فرجًا، ومن كلّ ضيقٍ مخرجًا، ومن كلّ بلاءٍ عافية، اللهمَّ ارزقه سعادةً لا تزول، وصحةً لا تحول، وحقق له أحلامه، واملأ أيامه بالرضا والبركة والطمأنينة،"",Anger"
6e12affddb800a9f,سخط الله عليكم,Anger
"1a3d39781d717995,""مابعدالشرأمريقي من سخط الله"
تربين علي ياعلي ياحسين 
ولم يتربين على يا الله 
إذا الرسولﷺيقول (يافاطمة اسأليني من مالي ما شيئتي لااغني عنك من الله شيئا)
فكيف تتوسلون بأهل القبورالذين لم يحموا انفسهم فكيف يمدون غيرهم بالنفع
انتم ومشركي مكة سواء تدعون خلق الله من دونه
"اتباع المجوس"",Anger"
c72208877055d161,اسأل العظيم ربّ العرش العظيم أن يشفيها شفاء لا يغادر سقما وان يجعل ما أصابها نوراً وطهورا ويجمع لها بين الاجر والعافيه ورفعة لها في الدرجات ولنعلم ان الله إذا احب عبداً أصاب منه فلترضى بأقدار وتعلم انه خير فمن رضي فله الرضا ومن سخط فعليه السخط وهي من أهل الرضا بإذن الله تعالى..,Anger
"cbbb5f9a69504139,""صلاة الفجر"
تجعلك في ذمــة الله
سنتها: ركعتين قبل الصلاة

اللهم ارزقني صلاة الفجر حاضرًا وارزقني بعدها نورًا في الوجه وسعةً في الرزق، وبركةً في الوقت ورضًا منك لا سخط بعده أبدًا
"#الحمدلله_دائماً_وابداً"",Anger"
"114f1f2f4d8b569f,""كل إنسان يعتقد أنه مُبتلى أكثر من غيره ."
و الحقيقة أن كلًا منا لديه ما يعانيه و يعكر صَفْوَهُ 
هي أقدار كُتبت بحلوها ومرها فلا بد أن نكون بين شُكر وصَبر 
"فمن رضي فله الرضاومن سخِط فله السخط"""""
فالحمد لله شكرًا و امتنانًا و اقرارًا بفضله و اعترافًا بعظيم كرمه

"صباح الرضا"",Anger"
"c41b9f127d9b6a27,""صلاة الفجر"
تجعلك في ذمــة الله
سنتها: ركعتين قبل الصلاة

"اللهم ارزقني صلاة الفجر حاضرًا وارزقني بعدها نورًا في الوجه وسعةً في الرزق، وبركةً في الوقت ورضًا منك لا سخط بعده أبدًا"",Anger"
2ed2d78f35aed4df,شفت تغريده واحس لو ضحكت عليها بيجيني سخط الدنيا والاخره,Anger
"75e3065e25630ccf,""""""رِضا تام، ولو أن الأيام لا تسير كما أحبّ، أو كما أَشتهي، أو كما ينبغي عليها أن تكون، لكنني وحيث أكون هنا؛ أجلس برضا لا ينتابني فيه سَخط، ولا جزع، رضا من خسر كل الأشياء وملكَ نفسه، الحمدُ لله"""""",Anger"
6dacba025a753357,ابتلعتوا الحنش يا دويلة الإمارات، وهذه المرة لن تسلم الجرة. فصوت الثكالى والمظلومين والأطفال ليس بينه وبين الله حجاب، وسيصيبكم سخط الله، فقط انتظروا.,Anger
971b535a6944c211,وإنَّ العَبْدَ لَيَتَكَلَّمُ بالكَلِمَةِ مِن سَخَطِ اللَّهِ، لا يُلْقِي لها بالًا، يَهْوِي بها في جَهَنَّمَ.,Anger
7ea27b534266bc97,عليك سخط الله الله عزوجل من امر بغطاء الوجه وفرضه ع نساء المؤمنين اذا انت خارجة من ملة الاسلام فلا يعنيك الامر يانجسه,Anger
160a30ed63857870,اعوذ بالله لا تكوني حول فئة بشكل ذا حتى لو مجبوره عشان لما يجي سخط ربك عليهم مايصيبك .,Anger
c9291ea46e18d92c,...أما منذ الإنقلاب علي عهد الله و رسوله بداية قرن 19 وقعت السيبة زوكو الصهيونية الدولية(كما وقع في قرن 10 تركيا)إلي يومنا هذا من فساد و سفك دماء شعوب العالم...يريد القرد أو الخنزير عباد لخرا الشيطان الصهيوني إبادة أحرار الأمة بأمريكا كما فعل بفرنسا...هدف سخط لعنة الله,Anger
5aa9b2480683cb23,لاحول ولا قوة إلا بالله، اللهم إني أبرأ من حولي وقوتي وتدبيري إلى حولك وقوتك وتدبيرك، لا إله إلا أنت لا يعجزك شيء وأنت على كل شيء قدير، فيارب آتنا من خير الدنيا ونعيم الآخرة ، وبدل كل حال شقاء كتبته إلى سرور ورضا لا يعقبه سخط ~,Anger
c13efa3fb88de0cf,والذي نفسي بيده أنك ستُسألين، ألا سخط الله وغضبه عليك.,Anger
"aeb63026034268e4,""احس بتناقض اكثر من سعاده أو حزن "
مرات ماأعرف إذا اللي أحسه حقيقي أو اوهام 
يمكن فعلاً وهم    
بس ليه كل مره يجيني وسوسه بأذني ويقول شعورك كذبه
"وش سخط التوهان والتشتت اللي بيوصل لقاعي هذا"",Anger"
"2b69c97bbd246916,""برمجة خطاب محمد السادس مباشرة بعد صفعة تمديد مجلس الأمن لولاية بعثة الأمم المتحدة لتنظيم الاستفتاء بالصحراء الغربية """"المينورسو"""" هدفه امتصاص سخط العارفين بالسياسة وتمديد سبات الغافلين والمغفلين في الداخل المغربي عبر تقديم القرار على أنه """"نصر مزعوم""""."

#الجزائر
"#الصحراء_الغربية"",Anger"
"9caae010990c14bc,""""""اللهُم إني أسألك سلامًا ما بعده كدر، ورضى ما"

 بعده سخط، وفرحًا ما بعده حزن

#تصبحون_على_ما_تتمنون
"#لولو"",Anger"
"4c951ce1c2bc4a7c,""احسنت قال الرسول"
من رضى فله الرضى 
ومن سخط فله السخط
"اللهم اجعلنا كن اهل الرضى والخير"",Anger"
"490376132437392f,""اسأل الله العظيم رب العرش العظيم  أن يسعده ويوفقه ويبارك له"
في صحته وعافيته، ويرضى عنه
اللهم قر عينه بما يتمنى ويريد وارضى عنه رضاء لا سخط بعده أبدا..
 #جابر_عثرات_الكرام
"@allmouchaan"",Anger"
"e2857c5901ac8a22,""قال صلى الله عليه وسلم :"
مَن حالَت شفاعتُهُ دونَ حدٍّ من حدودِ اللَّهِ فقَد ضادَّ اللَّهَ ،ومَن خاصمَ في باطلٍ وهو يعلمُه ،لم يزل في سخط اللَّه حتَّى ينزِع عنهُ ، ومن قال في مؤمنٍ ما ليسَ فيه أسكنَهُ اللَّهُ رَدغةَ الخبالِ حتى يخرج ممَّا قال
"رواه أبو داود وصححه الألباني"",Anger"
"c2dcaacf2afb492a,""– الافلام الاباحية ليست شهوة عابرة، بل معصية تغضب الرب، وتسخط الجبار، وتطفئ نور القلب، وتقسي الفطرة، وتفتح ابواب العذاب في الدنيا قبل الاخرة"
كم من عبد اذل، ووجه اظلم، وقلب اغلق، بسبب نظرة لم تغض، وشهوة لم تكبح
"فالحق نفسك قبل ان يقال: سخط الله عليك"",Anger"
"42a42faa5cd60652,""ماشاءالله تستاهل كل خير كثر الله خيرك "

"اللهُم إني أسألك سلامًا ما بعده كدر، ورضى ما بعده سخط، وفرحًا ما بعده حزن""""."",Anger"
"942a93efd66e070a,""اللهُم إني أسألك سلامًا ما بعده كدر، ورضى ما بعده سخط، وفرحًا ما بعده حزن..."
"#يارب"",Anger"
"f997d839f5064d6c,احذر ذنب الخلوات ومشاهدة المحرمات؛ فإنه من أسرع الطرق لجلب سخط الله عليك. تكرار النظر للمقاطع الإباحية يقتل الإيمان ويزرع قسوة في القلب لا تُزال. تذكر أن الله يراك، واقطع هذه العادة المهلكة. تب الآن؛ لا تؤجل الندم.,Anger"
"11a1d4a8bf99ac2c,""#ابن_سليمان"

"اللهمَّ أسعد قلبه، وقرّ عينه بكلّ ما يتمنّى، وارضَ عنه رضا لا سخط بعده، ووفّقه في أموره كلّها، واجعل له من كلّ همٍّ فرجًا، ومن كلّ ضيقٍ مخرجًا، ومن كلّ بلاءٍ عافية، اللهمَّ ارزقه سعادةً لا تزول، وصحةً لا تحول، وحقق له أحلامه، واملأ أيامه بالرضا والبركة والطمأنينة…"",Anger"
37c14552bd229d92,اللهمَّ أسعد قلبه، وقرّ عينه بكلّ ما يتمنّى، وارضَ عنه رضا لا سخط بعده، ووفّقه في أموره كلّها، واجعل له من كلّ همٍّ فرجًا، ومن كلّ ضيقٍ مخرجًا، ومن كلّ بلاءٍ عافية، اللهمَّ ارزقه سعادةً لا تزول، وصحةً لا تحول، وحقق له أحلامه، واملأ أيامه بالرضا والبركة والطمأنينة، واصرف عنه كل,Anger
"21b2ad017faed077,""ابن_سليمان"

"اللهمَّ أسعد قلبه، وقرّ عينه بكلّ ما يتمنّى، وارضَ عنه رضا لا سخط بعده، ووفّقه في أموره كلّها، واجعل له من كلّ همٍّ فرجًا، ومن كلّ ضيقٍ مخرجًا، ومن كلّ بلاءٍ عافية، اللهمَّ ارزقه سعادةً لا تزول، وصحةً لا تحول، وحقق له أحلامه، واملأ أيامه بالرضا والبركة والطمأنينة،"",Anger"
"1c020ed5ff9d0e4c,""#سامي_الجااابر_يطقطق_على_انزاغي"
ولو سَخِطَ امرؤ يُولَى جميلاً
"vيy4"",Anger"
810f6225d71d8684,1515-  عن النبيّ ﷺ قَالَ: إنَّ الْعَبْدَ لَيَتَكَلَّمُ بِالكَلِمةِ مِنْ رِضْوَانِ اللَّهِ تَعَالى مَا يُلقِي لهَا بَالًا يَرْفَعُهُ اللَّه بهَا دَرَجاتٍ، وَإنَّ الْعبْدَ لَيَتَكلَّمُ بالْكَلِمَةِ مِنْ سَخَطِ اللَّهِ تَعالى لا يُلْقي لهَا بَالًا يهِوي بهَا في جَهَنَّم,Anger
ccff63a2843bd033,إذن الكرة دبا فملعب البوليزايو لي خرجات قبل يومين كتهدد بالإنسحاب من المفاوضات وربما حمل السلاح ضدنا... لكن هاد الأمر غتكون عندو عواقب وخيمة ، كتصنيفها كمنظمة إرهابية مثلا  (مع ترامب كولشي ممكن) ، وهاد الأمر عيكون عندو أثر على الجزائر لي كتحتاضنهم تا هي ، سخط المجتمع الدولي,Anger
"44822ee6aa0a493e,""وتحسبونه هينا وهو عند الله عظيم "
"ويقول رسول الله صلى الله عليه وسلم ان العبد ليتكلم بالكلمه من سخط الله لا يلقي لها بالا يهوى بها في جهنم"",Anger"
"ea27319a23b3b1da,""والمقاصد تختلف"

١- يدعو للرضاء بالقدر والصبر (من رضي فله الرضى ومن سخط فله السخط)

"٢- ان لا تقول الكلام السيئ حتى لا تجذبه ثم يحصل، وان تقول الكلام الجيد """"انا حلو انا حلو انا حلو حتى اصير حلو"""" هذا هبد بامتياز"

"واضح انهم بعيدين كل البعد عن بعضهم ولا؟!"",Anger"
"feba612a057418cc,""اللهم إني أسألك سلاما ما بعده كدر ورضى ما بعده سخط وفرحا ما بعده حزن ."""""",Anger"
"019efe6294424962,""ههههههههههههههههههههههههههههههههههههه"
السخط هو عدم الرضى بالقدر بس انك تقول مت جاني سرطان وانا كذاب لا مو سخط
"هههههههههههه والله لو الشيخ مبارك ماتطلع منه هالفتاوى"",Anger"
"78ddfce8e44cda84,""والنصر لا يأتي إلا بعد الصبـر والصبر امتحان المؤمنين "
فمن صبر ظفر ومن سخط سقط
"          بعون الله قربت"",Anger"
bb9a63c214140340,لا حول ولا قهوة إلا بالله.. العالم ايش صاير فيها؟ ليه تغش زبائنك ببضاعة رديئة بعدين يدعون عليك وتنتشر سمعتك السيئة بين الناس وتذهب بركة رزقك وتنال سخط ربك..,Anger
"82903a37a093ea77,""حديث الرسول عن الفأل الحسن"
وحديث من سخط له السخط
كلها تدور حول هالموضوع
وعلم الطاقه والشركيات مالها دخل
"الاسلام يوضح لنا قوانين الحياه مانحتاج علوم الشركيات عزيزي والاسلام مو دين بسيط عشان تتوقع انه مايناقش هالاشياء"",Anger"
"7e1bfb04bc1177d8,""قال صلى الله عليه وسلم"
(يوشك إن طالت بك مدة أن ترى قوما في أيديهم مثل أذناب البقر يغدون في غضب الله ويروحون في سخط الله)
"صحيح مسلم...7374"",Anger"
"4dff1153dbd1663f,""قال ﷺ:"
«تَعِسَ عبدُ الدينار، وعبدُ الدِّرهم، وعبدُ الخميصة، إن أُعطي رضي، وإن لم يُعطَ سخط»
(صحيح البخاري)

المعنى:
من جعل المال غايته رضي إن أُعطي وسخط إن مُنع فهو عبد للدنيا لا لله
"السعادة ليست في ما نملك بل في قلبٍ راضٍ وقناعةٍ بما قسم الله ."",Anger"
5a41aa89533d7347,عايزة اكتبها هنا في العلن بس ما حقدر والله حأكتمها في نفسي واقول سخط الله الامارات,Anger
"8fa12381ad305f7a,""عن عائشة رضي الله عنها أنّ رسول الله"
صلّى الله عليه وسلّم قال :

"(( منِ التمسَ رضىٰ الله بسخط النّاس؛"
رضي الله عنه وأرضىٰ عنه النّاس،  ومنِ
"التمسَ رضىٰ النّاس بسخط الله؛ سخط"
الله عليه وأسخط عليه النّاس )) .

"| ( رواه ابن حبّان في صحيحه )"",Anger"
5ef8c1940b67e864,سخط عام من ابناء عدن والجنوب من بعض التصريحات التي يحاول المتطرفين من حزب الاصلاح الاخونجي وعلامهم نسب الارهابي المدعو أمجد خالد الى عدن وتلميعه انه قائد المقاومة الجنوبية ونقول لهم ان هذا الارهابي ومن يدفع به هم جزء اساسي من الارهاب ولا ينتمي الى عدن واهلها.,Anger
04bd84fee7f2419c,عن النبيّ ﷺ قَالَ: إنَّ الْعَبْدَ لَيَتَكَلَّمُ بِالكَلِمةِ مِنْ رِضْوَانِ اللَّهِ تَعَالى مَا يُلقِي لهَا بَالًا يَرْفَعُهُ اللَّه بهَا دَرَجاتٍ، وَإنَّ الْعبْدَ لَيَتَكلَّمُ بالْكَلِمَةِ مِنْ سَخَطِ اللَّهِ تَعالى لا يُلْقي لهَا بَالًا يهِوي بهَا في جَهَنَّم,Anger
"a477053304d1a6f4,واعلمْ أنَّ للكلمةِ التي تصدرُ منك تبِعاتٍ وأثرًا؛ فإمّا أن ترفعك، وإمّا أن تهوي بك. قال النبي ﷺ: «إنَّ العبدَ ليتكلَّمُ بالكلمةِ من رضوانِ الله لا يُلقي لها بالًا، يرفعه الله بها درجاتٍ، وإنَّ العبدَ ليتكلَّمُ بالكلمةِ من سخطِ الله لا يُلقي لها بالًا، يهوي بها في جهنم».,Anger"
dffd1f301984ca34,اذا هذي مشكلتك لا تتوقعين ان كل الناس مثلك انا و بعيلتي و اقاربي ناس تكشف و تتزين و ناس تغطي و تتستر .. المسألة حرية شخصية بس الظاهر انتو عندكم الحرية بخلع الحياء و سخط الرب او بلاش!,Anger
5656a8d95affe45f,هذا الي اعجبني ان مابا ماكابروا على القرار ولما شافوا سخط قراء المانجا والفاهمين بالعمل عرفوا غلطهم و غيروا المخرج على طول و جابوا مخرج كان كفؤ ل هذي المهمة وزي ماقلت ما اكتفى انه يكون مجرد بديل بل اعاد صياغة كل شيء يخص الانتاج وطلع لنا بنتيجة تاريخية,Anger
"7280a1249faa660f,""واحسرتنا على بشاعة المنظر"
كل هذة الدماء تكون لعنةعلى من تسبب بدمار السودان
"سخط الله سيحل على المنطقة باكملها بسبب سكوت كل الدول على هذة الجرائم"",Anger"
ca31d883189a4bc3,توصلت “قسد” إلى اتفاق مع قوات “الصناديد” بريف الحسكة عقب توتر داخلي إثر مداهمات ضد أبناء عائلة الهليل في قرية كرهوك، يقضي بإعادة السيارات والأسلحة المصادرة والتنسيق المسبق قبل أي إجراء أمني داخل مناطق “الصناديد”، مع التشديد على منع تكرار التجاوزات وسط سخط شعبي متزايد.,Anger
3bcad1092e35b79a,واضح الندم والحسرة من سخط ماما فرنسا على الكراغلة وأنت طبعا منهم. عقلها سينفجر,Anger
"400a6006cf75a353,""لو يعلم ذلك الشقى كم من الأوزار و الأرواح حملها فى عنقة بهذه الأمنية و تلك الكلمات بسيطة العدد عظيمة العاقبة إن لم يتب و يستغفر الله و إن لم يتقبل الله توبته!!!"
إن الرجل ليتكلم بالكلمة من سخط الله لا يلقي لها بالا فتهوى به فى جهنم سبعين خريفاً
"أعاذنا الله و إياكم"",Anger"
"0dbff421198c32de,""""""ولو علمنا الغيب، فقط لو علمناه، لاستكثرنا من الخير، وما مسّنا السوء. "
"ولذلك لا نعلمه، ليميز الله الصادقين بصدقهم، وليمتحن الله صدق الإيمان بالغيب، فمن رضي فله الرضا، ومن سخط فله السخط، وإن القدر سيجري على كل حال، والله غني عن العالمين"""""",Anger"
"95c06cff099105ea,""للاعتداء ليلة أمس الخميس،أثناء تواجده في معسكر المليشيا بمديرية قشن،من قبل عناصر مقربة من قائد المليشيات بالمهرة  المتطرف “عبدالله سديف الجدحي”"
"وأوضح المصدر أن “السماحي”أصيب بكسور متعددة في جسده نقل على إثرها إلى المستشفى وهو في حالة حرجة،وسط سخط واسع بين عناصر مليشيا “درع الوطن"",Anger"
"eb543d94d77c8433,""يقول ﷺ: (إن العبد ليتكلم بالكلمة من سخط الله ما يلقي لها بالًا يكتب الله له بها سخطه إلى يوم يلقاه) "
ليتهم يحطون بالهم عند كل حرف يقولونه ويدرون انه ألسنتهم وأيديهم الي يكتبون فيها بتشهد عليهم يوم القيامه، او بتشهد لهم 
"الله يهديهم ولا يبلانا يارب"",Anger"
14384c24c6d64364,سخط الله على المغرب هذه هي الاستفادة,Anger
"2b130366aa03318b,""لا تضع نفسك تحت سخط الله ومقته  .... "
وعلينا وعليك بتقوى الله تعالى  وحُسن الخُلق والقول السديد  ...
" هذا وسلامتكم ."",Anger"
"3549b3505d390966,""الاسباب الي ذكرتها هي فقط اسباب دعم الامارات للمجازر في السودان امام الملئ وبدل الوقوف علي حق  تقرر انك تدعم مجازر الحكوكة وكانهم اله هينزلون عليك سخط اذا عارضتهم "

"والله عبادة الحكام قبل الله هو اسوا داء اصاب الامة"",Anger"
"50afb254c7185fef,""استغفر الله واتوب إليه"
وهل رضا الوالدين يعني سخط رب العالمين؟؟؟
اذا امرها بالصلاه ماتصلي وهو بيفهم من نفسه 
"اما انها تصلي كذا هذي مدري وش اقول عنها"",Anger"
530114c7c988bccd,سخط على البشرية كلها,Anger
"fc93df7265d36c24,""قال الإمام ابن الجوزي رحمه الله :"

فكم أفسَدت الغيبة من أعمالِ الصالحين ،
وكم أحبَطت من أجور العاملين ،
وكم جَلبت من سَخَطِ ربِّ العالمين.

"التذكرة في الوعظ(١ / ١٢٤)."",Anger"
34d38ffb054287f4,قال رسول الله صلى الله عليه وسلم:(يَكونُ في هذه الأُمَّةِ في آخِرِ الزَّمانِ رِجالٌ-أو قال: يَخرُجُ رِجالٌ مِن هذه الأُمَّةِ في آخِرِ الزَّمانِ-معهم أسْياطٌ كأنَّها أذنابُ البَقرِ، يَغدونَ في سَخَطِ اللهِ، ويَروحونَ في غَضَبِه)يا طبيق دماء الابرياء في رقبتك وعند الله تجتمع الخصوم,Anger
6b227d74fff26988,تصريحات نارية من المناظل ابو نواف يبدو ان وراء الأكمة سخط شعبي كبير ضد الأنقتالي,Anger
"6462a700b4e6cd37,""امين الله يرحم والدين على الطيب ربوك "
"اسال الله لك سعاده لايعقبها شقاء وغنى لايعقبه فقر ورضى لايعقبه سخط وعفوا وعافية ومعافاة في الدين والدنيا والآخرة ."",Anger"
47c44a1af663fc4c,هي وش سو السودانين فيهم شعب طيب امين لا حول ولا قوة الا بالله ما يخافو من سخط الله عليهم,Anger
"45c5ca882d5ef533,""يارباه!"
مشاعر وأحاسيس مختلطة تعتورني الآن وأنا أشاهد اللقطة.
لا أدري ما هو إحساسك هشام ؟
"ولا أدري بالضبط كيف كان إحساسه على الكرسي، وكيف هي انفعالاته حينها، هل هي أحاسيس سخط مشوبه بثورة وجدانية عارمة، أم رضا واستكنان، أم أنها أحاسيس البرود تجاه تلك الوقائع الماضية، والمحيطة"",Anger"
"87ec13bb915d0197,""#فهد_المولد "
"اللهم إن هذا عبدك فهد المولد بين يديك غافلاً وغائباً عن الحياة وأنت تملك حياته وموته اللهم أخرجه من غيبوبته إلى حال الإفاقة كما أخرجت يونس من بطن الحوت اللهم رده إلينا من حال الغيبوبة إلى حال الإفاقة من غير أذى ولا سخط إنك على كل شيء قدير"",Anger"
cd0c5a65ef6bd0e6,اللهم اجزِ والديّ خير الجزاء، وارضَ عنهما رضا لا سخط بعده #يوم_الجمعة,Anger
"007eba0e48cbcce8,""وهذا من معجزاته الشريفة."

"و يأتي الملحد المستهلك الذي يبلغ الثلاثين، مثلًا، ولكن سخط الله عليه فأهمّه وأغمّه حتى صار شكله وكأنه فوق الثمانين، وفوق ذلك كله، لا يشبع امرأة في فراش."",Anger"
b3ec94991ac9c305,اللهم في يوم الجمعة إني أسألك سلاماً مابعده كدر ورضاً مابعده سخط وفرحاً مابعده حزن,Anger
"1a3d4bce7dd8c8db,""اللهم ارحم فاطمة، واغفر لها،"
اللهم اجعلها من أهل الفردوس الأعلى،
اللهم اجعل قبرها نورًا، وارضَ عنها رضا لا سخط بعده أبدًا،
اللهم آنس وحدتها، وارفع درجتها، واجعل الجنة دارها وقرارها
#يوم_الجمعة 
"#ساعه_استجابة"",Anger"
"4b4f82fb7e91728b,""يا رب، أبي كان أطيب القلوب وأصدقها، اللهم اجعل مثواه الجنة، وامنحه سكينةً دائمة، واغسله من خطاياه بالماء والثلج والبرد، واجعل وجهه منوّرًا يوم يلقاك، وارضَ عنه رضا لا سخط بعده أبدًا"

" #ساعه_استجابه"",Anger"
"5de028fc05bba97f,""من سخط الله على البعض، بأنه يجعله يسعى للذنوب، وذاك حال من يكذب وينصر الدولة الظالمة القاتلة."
لو سكتي عوض هذا الكذب الفاضح لكان أفضل لك.
"لا ينكر أحد تورط إمارات في المكائد ضد الدول العربية وأولها السودان إلا مدلس كاذب."",Anger"
86cdd3c31c9ae57b,النفسية تحتاج تبنيد لان ممكن ابدا سخط عالبشرية,Anger
"fb16de40d78197d6,""ربي يامن قلت  وقولك  الحق(ادعوني أستجب لكم) أن تنظر البنا نظرة رضآ لايعقبها سخط               أبدآ ، و تلبسني ثوب العافية لاينزعه عني مددا ، و تُبعد عاك الهم والغم أبدآ وتجعلني من أهل الفردوس حجالأعلى "
"اللهم يا كريم يا ذا الجلال والإكرام نسألك أن تكسينا حلل السعد والمهابة"",Anger"
"59db696f8e9d1344,""─━━⊱⊰━━─"
اللهم في آخر ساعات
هذا اليوم المبارك•
اغفر ذنوبنا، ويسّر أمورنا•
وقرّبنا إليك قربَ المحبوبين•
 وارضَ عنا رضًا لا سخط بعده•
واجعل ختام جُمعتنا
مغفرة ورحمة وبركة. آآآمًيَن
.ـ٨ـﮩﮩ٨ـــــ𝖆𝖉𝖆𝖒ـــــﮩ٨ـﮩﮩ٨ـ.
#ادمـ ٨ـﮩﮩ٨ــ
"#جمعة_مباركة"",Anger"
"17ec3e85e0333ede,""هذا التصريح يصب لصالح العدوان"
عندما يسمع الشعب هذا الكلام وينتظر لتنفيذ الاتفاق وفي الاخير ولا يوجد شئ 
هنا يزيد الشعب سخط على هذه المواعيد ك مواعيد عرقوب
"والافضل أن القيادة تزمن وتحدد تنفيذ الخارطة واذا العدو يحاول يتهرب ليكسب الوقت لصالحه هنا نشعلها حربا لا تبقي ولاتذر"",Anger"
"093e89cdbdb55362,""لاحول ولاقوة الابالله العلي العظيم"
والله العظيم لو لم يتحرك اهل العراق لهدم وتدمير شر الفتن ونشر الدعارات التي تدخل من الإيراني في العراق والله العظيم سينزل سخط الله عليكم جميعاً
"كما نزل بقوم لوط وعاد وثمود وقوم صالح عليه الصلاة والسلام"",Anger"
"58e66a3f222f57ca,""اذا كان هذا الكلام حقيقي "
فهذا أفضل مافعلته القيادة 
لأن المماطلة وتضييع الوقت يصب لصالح دول العدوان فهم مراهنيين لتفجير الشعب من الداخل 
ويستغلوا حالة الشعب وما فيه من سخط واحتقان بسبب تأخير حقوق وما يمر من حصار وأزمات خانقة 
وكل يوم والشعب يعاني أكثر 
"حان الان انتزاع حقوقه"",Anger"
"9897267ce0904512,""ده رد  لاى واحد بيشكك او بيقلل من المتحف "
المصرى الكبير 
احنا فعلا قدام حاجه كبيره اتعملت مش لازم ديما يكون فيه سخط على كل حاجه لا لما نشوف لعبه حلوه نقول عليها حلوه 
x.com/Moody_7amdy/st
"…"",Anger"
"df52969c8d41a2a0,""عن أنس بن مالك رضي الله عنه، أن النبي صلى الله عليه وسلم قال: "
"“إن عِظَم الجزاءِ مع عِظَم البلاءِ، وإن الله تعالى إذا أحبَّ قومًا ابتلاهم، فمن رضي فله الرضا، ومن سخط فله السخط”"",Anger"
e8b7737d3a82a66e,رضا تام، ولو أنّ الأيام لا تسير كما أحب، أو كما أشتهي، أو كما ينبغي عليها أن تكون، لكنني وحيث أكون هنا، أجلس برضا لا ينتابني فيه سخط، ولا جزع,Anger
09e89c26978e7710,قال الرسول صلى الله عليه وسلم: «إِنَّ الْعَبْدَ لَيَتَكَلَّمُ بِالْكَلِمَةِ مِنْ سَخَطِ اللهِ، لَا يُلْقِي لَهَا بَالًا، يَهْوِي بِهَا فِي جَهَنَّمَ,Anger
7469acf8dc245593,{ لَبِئْسَ مَا قَدَّمَتْ لَهُمْ أَنْفُسُهُمْ } هذه البضاعةَ الكاسدة، والصفقةَ الخاسرة، وهي سخط الله الذي يسخط لسخطه كل شيء، والخلود الدائم في العذاب العظيم، فقد ظلمتهم أنفسهم حيث قدمت لهم هذا النزل غير الكريم، وقد ظلموا أنفسهم إذ فوتوها النعيم المقيم,Anger
"12f4a6c3bde26f8b,""تنزلات المنابر"

تَرَىٰ كَثِيرًا مِّنْهُمْ يَتَوَلَّوْنَ الَّذِينَ كَفَرُوا ۚ لَبِئْسَ مَا قَدَّمَتْ لَهُمْ أَنفُسُهُمْ أَن سَخِطَ اللَّهُ عَلَيْهِمْ وَفِي الْعَذَابِ هُمْ خَالِدُونَ (80)
"{ تَرَى كَثِيرًا مِنْهُمْ يَتَوَلَّوْنَ الَّذِينَ كَفَرُوا } بالمحبة والموالاة والنصرة"",Anger"
0417c486554b06ee,اللهم حاسبهم بعدلك لا برحمتك وكان تأمر الخالق انه يسوي شي الي تبيه قله ادب مع خالقك مثل قال النبي ﷺ:إن الرجل لَيتكلّم بالكلمة من سخط الله لا يُلقي لها بالًا يهوي بها في النارأبعد ما بين المشرق والمغرب وإن الرجل لَيتكلم بالكلمة من رضوان الله لا يُلقي لهابالًا يرفعُه الله بهادرجات,Anger
f82613b5fa743aa8,اللهم ارزقنا إيماناً لا ريب فيه، ورزقاً لا جحود فيه، وقلباً لا قسوة فيه، وصحة لا سقم فيها، ورضواناً لا سخط فيه,Anger
bdfc3dfa5ed7027c,يا لطيف، يا لطيف، يا لطيف، ألطف بِي بلطفك الخفي، وأعني بقدرتك، اللهم إنّي أسألك سلامًا ما بعده كدر، ورضى ما بعده سخط، وفرحًا ما بعده حزن، اللهم املأ قلبي بكلّ ما فيه الخير لي، اللهم اجعل طريقي مسهلًا وأيامي القادمة أفضل من سابقاتها,Anger
"541b40896693b2ef,""اللهم إني أستخيرك في أموري كلها فقرب إليَّ كل خير وأبعد عني كل شر، اللهم إني أسألك أياماً مبشره وهموماً راحله وقلباً مطمئناً، اللهم إني أسألك سلام ما بعده كدر، ورضىٰ ما بعده سخط، و فرحاً ما بعده حزن، اللهم اجعل طريقي مسهلاً وأيامي القادمة أفضل من سابقاتها"
"#يوم_الجمعة"",Anger"
884fd40939395feb,انتقام سخط,Anger
365af9e820103246,اللهم  ارض عنا رضا لا يعقبه سخط وامنحنا من رحمتك ما يطمئن به القلب وتستنير به الروح,Anger
4fc2e08c8ed24cd1,اللهم اجعلني على خطاهم أسير، وبنورهم أستنير، واجعلني من الذين اتبعوهم بإحسان، كما اتبعوا هم السابقون بإحسان اللهم كما رضيت  عنهم فارضَ عني يارب رضاً لا سخط بعده,Anger
af708082d568661a,تعس عبد الدينار تعس عبد الدرهم …… إن اعطي رضي، وإن لم يعط سخط، تعس وانتكس … صدق رسول الله صلى الله عليه وسلم,Anger
b50b3882ab1897e5,ولا تكونن -أيها الرسول- من الذين كذَّبوا بحجج الله وأدلته فتكون من الخاسرين الذين سخِطَ الله عليهم ونالوا عقابه.,Anger
f5e532a70f3d3079,وَ عن النبيّ ﷺ قَالَ: إنَّ الْعَبْدَ لَيَتَكَلَّمُ بِالكَلِمةِ مِنْ رِضْوَانِ اللَّهِ تَعَالى مَا يُلقِي لهَا بَالًا يَرْفَعُهُ اللَّه بهَا دَرَجاتٍ، وَإنَّ الْعبْدَ لَيَتَكلَّمُ بالْكَلِمَةِ مِنْ سَخَطِ اللَّهِ تَعالى لا يُلْقي لهَا بَالًا يهِوي بهَا في جَهَنَّم رواه البخاري,Anger
62fe1d036fedaff6,يا مرحبا يا عبدالله ، جماهير الأندية الكبيرة ما ترحم أبد لو يضيع هجمة في مباراة مهمة بطريقة إستعراضية متأكد الجمهور بياكله أكل وبيتوتر ويندمر .. الإنتقاد في البدايات أجمل من سخط النهايات ، وبالتوفيق لأبو الشامات وللملكي بعيداً عن ماطياز الحمار,Anger
1c88c7ee0ce2c2a6,اللهم اجعلنا من أقرب عبادك إليك، وأكرمنا بنور وجهك، واجعلنا ممن شملتهم رحمتك، وعمتهم مغفرتك، ورضي عنهم رضا لا سخط بعده.,Anger
8dd168e7405c685a,الحقيقة ان مصدر سخط الشمطاء على الرجال وعلى خالقها هو انه لم ينظر لها أحد على أنها امرأة ولم تعش خيالاتها المكذوبة فمن هو الابخر الذى يتحرش بتلك الدميمة,Anger
"3eb849818be10913,""يشهدون الزور الذي اودى بارواح الاطفال في غزة"
ولا ينتقم منهم الله ولا يخزيهم
حاش لله ان يفلتهم 
"سخط الله و الناس عليهم"",Anger"
"91c9fe8353749462,""صباحكم رضى "
ارضوا بما قسم الله لكم وإياكم  والسخط .
قال الرسول صلى الله عليه وسلم :
"- إن عِظَمَ الجزاءِ مع عِظَمِ البلاءِ، وإن اللهَ – عز وجل - إذا أَحَبَّ قومًا ابتلاهم ؛ فمن رَضِيَ فله الرِّضَى، ومن سَخِطَ فله السُّخْطُ ."",Anger"
e9f885721ea86863,كلهم بيهاجموه وكمية سخط كبيره عليه لانه دايما يتكلم بالمنطق,Anger
"db5e895cb2b5b5da,""اللهم اغفر لقلبي إن يأس، ولساني إن سخط، ونفسي ان ضاقت،اللهُم إغفر لضعفي،وقلة صبري يالله، اللهُم بدّل أقداري إلى أجملها، فإنك القادر الذي لا يعجزه شيء يارب بِك وحدك تطيب الخواطر ومن عِندك وحدك تتحقق الأمنيات يارب إستودعتك أموراً في خاطري فحققها لي يا الله"
#اللهم_أمين
"#صباح_الجمعة"",Anger"
"ec8cac0f5d284e63,""@Mansor416046937"
اللهم كما جبر خواطر الناس بعطائه، اجبر خاطره بكل ما يتمنى، ووسع له في رزقه، وافتَح له أبواب فضلك من حيث لا يحتسب.
"اللهم اجعل عطاياه سترًا له في الدنيا، ورفعةً له في الآخرة، وارضَ عنه رضا لا سخط بعده"",Anger"
"7afcf13eec66c8e9,""الحديث في المجالس عن المشاكل الداخلية!!"
تناول المشاكل التافهة في التواصل الاجتماعي!!

"كيف استغل العد.و الأمريكي ذلك عبر معهد الNDI لإثارة سخط الشعب من القيادة؟!"",Anger"
"47c583f512170151,""فلنكثر من هذا الدعاء في ليلة الجمعة :"
"اللهم يا واسع الرحمة اغفر لنا ولوالدينا ولأحبتنا، واغسل ذنوبنا بماء رحمتك، وبدّل سيئاتنا حسنات، وارضَ عنا رضا لا سخط بعده"""". "

" #جمعة_مباركة #قطع_غيار_تويوتا_الاصلية #بحر_الصلابة #قطع_غيار_تويوتا #فنيين_الرياض #جملة_قطع_غيار #موزعين_الرياض"",Anger"
"343db1d017df0f88,""ياايهاالذين امنوااتقوالله وقولواقولاسديدا"
علاج شافي وافي كافي للجميع
 لهم ولناولكم ولكل من  يدعي إبتغاء وجه الله 
رب كلمةتعلي المرءسبعين درجةمن رضوان الله
ورب كلمةتهوي بالمرءسبعين درك من سخط الله والعياذبالله
والعتيدأوالرقيب ملازم وحاضرلايغيب والله من ورائهم محيط
"والعفومن التطفل"",Anger"
c2457d046abdcb27,رضا تام، ولو أنّ الأيام لا تسير كما أحب، أو كما أشتهي، أو كما ينبغي عليها أن تكون، لكنني وحيث أكون هنا، أجلس برضا لا ينتابني فيه سخط، ولا جزع.,Anger
4dce7af946ef29fb,إن عظم الجزاء مع عظم البلاء ، وإن الله إذا أحب قوما ابتلاهم ، فمن رضي فله الرِضى ، ومن سخط فله السخط الراوي : أنس بن مالك | المحدث : الألباني | المصدر : صحيح الترمذي *,Anger
ccd1ad72421114e1,سخط على كل ماهو شرق أوسطي يحدث الآن,Anger
"d7ce7321a65f3479,""اللهم احفظ لي أمي، واجعلها من السعداء في الدنيا والآخرة، وارزقها الصحة والعافية، وارضَ عنها رضا لا سخط بعده."
"#كن_من_المستغفرين_بالاسحار"",Anger"
ecd8fae7fe33fff3,بل المختصر حكومتكم حرامية وشعب مصر بل الشوارع عايشين وباع نص مصر ولسا جايكم سخط الله بجيشه,Anger
ea33abdfe83ce332,اذا كان الموضوع حقيقي مستحيل يظل سر لان الواضح هناك سخط كبير في اسبانيا منذ ساعة تسليم ليماك مشروع الكامب نو ، و لا زلت اعتقد ان برشلونة سيكون لها ادارة جديدة الصيف القادم,Anger
"4c04f7bd0b58cd29,""قال ﷺ """" من خاصم في باطل وهو يعلم"
" لم يزل في سخط الله حتى ينزع """""",Anger"
"4982c7c17693c069,""#ليلة_الجمعة "

"اللهم إني أسألك سلامًا ما بعده كدر، ورضى ما بعده سخط، وفرحًا ما بعده حزن، اللهم املأ قلبي بكلّ ما فيه الخير لي، اللهم اجعل طريقي مسهلًا و أيامي القادمة أفضل من سابقاتها."",Anger"
"a4963ec0a80bcb3e,""ابراهيم عبد الجواد عبر اون سبورت:"
"احلى حاجة في ماتش الزمالك والبنك الأهلي ممكن تشوفها """"لفة"""" بيزيرا ، لفة مفيش لعيبة كتيرة في الدوري ممكن تعملها وتعادل الزمالك وبعد كده لزمالك مكنش فيه أي شكل من الخطورة"
"فيه سخط شديد من جمهور الزمالك على يانيك فيريرا، مدير فني حتى هذه اللحظة لم"",Anger"
51dcc313ff6eb853,لنقولنها هكذا دون خطام وزمام ومواربة رضي من رضي وسخط من سخط، وإنّا لله وإنا إليه راجعون.. آجرنا الله في مصابنا.,Anger
"2fbd4ff6f1d95429,""مع كل احترامي حبيبتي "
عادي تحترمين النعمه لان مابيها تزول عنك 

"قال ﷺ : """"رب كلمة يقولها العبد لا يلقي لها بالاً تهوي به في النار سبعين خريفاً"""""

"عن أبي هريرة يقول: """"إنَّ العَبْدَ لَيَتَكَلَّمُ بالكَلِمَة من سَخَطِ الله تعالى لا يُلْقِي لها بَالًا يَهْوِي بها في جَهنَّم""""."",Anger"
f66fb64cbbe28bbf,حروق وجهة وايدي من سخط الخيم مات فقعً,Anger
bbcfe59ae1fb3974,في حاله سخط عام علي خلفيه افتتاح المتحف ليست تقليلا من شأن المتحف ولكن صحوه فكريه ثقافيه وزياده في الوعي عند المصريين معناها لم تعد تجدي نفعا المسكنات الوهميه مع الشعب,Anger
7760cb960e420141,سخط الله هذا الوجه,Anger
"ece7e18fb42d73bc,""أَعُبّاد المسيح لنا سؤالٌ نريدُ جوابه ممّن وّعاهُ "
إذا مات الإله بصنع قومٍ أماتوه فما هذا الإله
وهل أرضاه ما نالوه منه فبشراهم إذا نالوا رضاهُ 
"وإن سخط الذي فعلوه فيه فقّوتهم إذا أوهت قواه"",Anger"
"951272b2617be539,""من أعان الظالم على ظلمه يشرك في إثمه ويثقل ميزانه. روى السيوطي بسند صحيح عن ابن عباس أن النبي صلى الله عليه وسلم قال: """"من أعان ظالماً بباطل ليدحض به حقاً فقد برئت منه ذمة الله ورسوله"""". وقال تعالى: """"ولا تتعاونوا على الإثم والعدوان""""، فالإعانة على الظلم حرام وتستوجب سخط الله."",Anger"
"b6dea12702051446,""من كالت هذا المديح لتلك المدينة الإسمنتيّة الجوفاء "

هي ممن يجدون لقمة عيشهم في دهاليز دبي القاتمة و عتمة مراقصها و باراتها التي لا يكاد يخلو مبنى هناك منها 

وهي تجد متعة كبيرة في التسويق لها 

لكن… لو ادخلت التوقيف ثم رحلت لسبب ما
"لأنقلب المديح سخط ولعنة على دبي ومن فيها"",Anger"
"8419c8d7471756ab,""اليوم سمعت وحدة تقول """"من رضي فله الرضا ومن سخط فله السخط"""" وخلتني اعيد حساباتي في اشياء كثير"",Anger"
08ce5aa82c17203c,القضاء يا استاذ نصر الدين الفساد فيه افه تدمر البلد وتعمل على سخط الشعب القضاء القضاء,Anger
18565934cc90d3cd,يومها وريت فيديو لوحدة جنبي وهوب يطلع اللي بعده سخط,Anger
9642b8820d54194f,اخلاق سخط,Anger
"4a568f83bcd3614f,""حسبنا الله ونعم الوكيل اللهم أردنا اليك"
 رداً جميلاً 
إن لم تستحي فقل ماشئت 
"وترقب سخط الله عليكم وعلى مليشيات الجنجويد ولن تكون لكم موطن قدم في هذة الأرض سينبذكم الشجر والحجر والبشر"",Anger"
"353f8b8303728021,"""""" رِضَا الرَّبِّ فِي رِضَا الْوَالِدِ، وَسَخَطُ الرَّبِّ فِي سَخَطِ الْوَالِدِ""""."
"رواه الترمذي، وصححه الحاكم"",Anger"
"d6280387116e80d8,""إنْ طالَتْ بكَ مُدَّةٌ، أوْشَكْتَ أنْ تَرَى قَوْمًا يَغْدُونَ في سَخَطِ اللهِ، ويَرُوحُونَ في لَعْنَتِهِ، في أيْدِيهِمْ مِثْلُ أذْنابِ البَقَرِ."
الراوي : أبو هريرة •مسلم •صحيح مسلم • الصفحة أو الرقم: 2857
خلاصة حكم المحدث : [صحيح]
"التخريج : من أفراد مسلم على البخاري •"",Anger"
301644fab7da782f,اللهم اغفر لقلبي إن يأس، ولساني إن سخط، ونفسي ان ضاقت، اللهم إغفر لضعفي، وقلة صبري يارب، اللهم بدل أقداري إلى أجملها، فإنك القادر الذي لا يعجزه شيء، يارب بك وحدك تطيب الخواطر، ومن عندك وحدك تتحقق الأمنيات، يارب إستودعتك أمورا في خاطري فحققها لي,Anger
"ab852283744d9a21,""قال رسول الله عليه أفضل الصلاة وأتم التسليم "

(إن الرجل ليقول الكلمة
من سخط الله لايلقي لها بالاً 
تهوي به في النار أبعد مابين
المشرق والمغرب)
وقال عليه الصلاة والسلام 
(وهل يكب النار في النار
على وجوههم أو على مناخرهم إلا حصائد 
ألسنتهم)
"(المسلم من سلم المسلمون من لسانه ويده)"",Anger"
"cce3fc712980dfd9,""حتى أمهم فرنسا  ضاقت درعاً من الكراغلة الأنجاس "
"ماذا بعد سخط الأم على أبنائها  ؟ الضياع و لا شيء سوى الضياع"",Anger"
4e6e6eded06d02aa,حالة القصيمي تحتاج إلى دراسة نفسية اجتماعية لتحولاته ، لكن افكاره ضحلة للغاية وغير متناسقة أشبه بحالة سخط على الواقع والدنيا والمجتمع ، لذلك لم يهتم أحد بنقضها أو نقدها أو حتى التعليق عليها,Anger
e6535c9865aa35fe,اختي قبائل المخزن هيا تلمسان ادرار بشار القنادسة وهران تيندوف هم من يعانون من التهميش والعزلة في الجزائر لانهم مغاربة.وهاد سبب سخط نضام العسكر على المخزن,Anger
"e82029677d5365c3,""تنبيه لكل محامٍ ومحامية "

قال النبي ﷺ «مَطلُ الغنيِّ ظلمٌ»
وقال ﷺ«من أعان على خصومةٍ بغير حقٍّ فهو في سخط الله حتى ينزع»

فمن كان قادرًا على أداء الحقوق فأخّرها ظلمًا 
أو أعان غيره على تأخيرها ومماطلة أصحابها
فقد اشترك في الإثم
"ونال نصيبًا من الظلم والسخط."",Anger"
fcdbbe5f37989711,التموقع مصاحب لخطة الحرب الاقتصادية التي يتبعها التنظيم هو الاخطر و ليس العتاد و لا الهجمات المباشرة و سقوط باماكو ليس بالضرورة سقوطا عسكريا بل ممكن يكون انهيار داخلي يتبعه انقلاب عسكري او سخط شعبي يسقط النظام,Anger
bb0b9de0bae5afce,اسأل الله العظيم رب العرش العظيم أن يشفيه ويعافيه ويقوم بالسلامه وهذه الدنيا دار بلاء واختبار المرض والسجن والحاجه كلها ابتلاء من الله للعباد فمن رضي فله الرضا ومن سخط فله السخط والحمدلله على كل حال اللهم اغفر لي ولوالدي وللمؤمنين والمؤمنات الأحياء منهم والأموات يارب العالمين,Anger
0879a051efbb7f32,اعظم عقوبة للانسان هي قسوة القلب ونزع الرحمه منها و علامه على سخط وغضب الله عليهم,Anger
4e77be2cb51cfe2f,اللهم إرزقنا إيمانا لا ريب فيه ورزقاً لا جحود فيه ورضوانا لا سخط فيه و صحة لا سقم فيها,Anger
1f897d01f79dae0e,اللهم العنه و انزل عليه سخط هو و جنوده و كل من يدعمه,Anger
"595ab1ddf08857fb,""{وَعَسَى أَن تَكرَهُوا شَيئًا وَهُوَ خَيرٌ لَكُم وَعَسَى أَن تُحِبُّوا شَيئًا وَهُوَ شَرٌّ لَكُم وَاللَّهُ يَعلَمُ وَأَنْتُم لَا تَعلَمُونَ}"

"هذه الآية تُهذبني كلّ يوم، تدرّبني كل يوم على أن أنسى شيء إسمه سخط وإستياء، وأن أمر المؤمن كله خير."",Anger"
"b009338f10a4b57c,""هل انت مسلم ؟ ألم تعلم ان ربك ليس بظلام للعبيد ؟"
ألم تعلم: إن عظم الجزاء مع عظم البلاء، وإن الله إذا أحب قوما ابتلاهم ، فمن رضي فله الرضى، ومن سخط فله السخط
"تب الى ربك واتق الله وارضى بما قسم الله لك"",Anger"
"2a92a7033b7336a3,""ما أجمل هذا الوفاء يا بنت الأصول، برّ الوالدين نعمة لا تُقدّر بثمن، قال الله تعالى: ﴿وَقَضَى رَبُّكَ أَلَّا تَعْبُدُوا إِلَّا إِيَّاهُ وَبِالْوَالِدَيْنِ إِحْسَانًا﴾ [الإسراء: 23]."
"وفي الحديث الصحيح قال ﷺ: «رِضا الله في رِضا الوالد، وسَخَط الله في سَخَط الوالد» رواه الترمذي."",Anger"
e3b3f427bbeb8938,الدنيامجبوله على النقص وانتم مفتحين عيونكم على السوشال ميديافحرمكم الله لذة الشوق والحب للزوجه الجديدة مخكم مليءبصور النساء.قال رسولاللهصلى اللهعليهوسلم(لايفرك مؤمن مؤمنة ان سخط منهاخلقارضي منهااخر)اي لايبغض.الحياة يكملهاالرضىولاتقارن بنات السوق ببنات المحترمين,Anger
9201106a3bf6d2d2,من رضي فله الرضى ومن سخط فله السخط,Anger
"2ba0b206deab6882,""والد إيمان معتقل! إنا لله"
يارب سلواك على قلب عمو وقلب مريم ووالدتهم ومحبيهم وأقربائهم.

"إن عظم الجزاء مع عظم البلاء وإن الله  إذا أحب قوما ابتلاهم فمن رضي فله الرضا ومن سخط فله السخط"""""

"إنا لله وإنا إليه راجعون، ولا يسمع ربنا منا إلا ما يحب"",Anger"
"18919858fb234391,""متأكدين ....."
دامهم يلقون اللي ينشر فانتظروا
"المزيد وانتظروا سخط الله ."",Anger"
"d5adc379e0c8b15b,""دعاء:"

"اللهم اغفر لقلبي إن يأس، ولساني إن سخط، ونفسي ان ضاقت، اللهُم إغفر لضعفي، وقلة صبري يارب، اللهُم بدّل أقداري إلى أجملها، فإنك القادر الذي لا يعجزه شيء، يارب بِك وحدك تطيب الخواطر، ومن عِندك وحدك تتحقق الأمنيات، يارب إستودعتك أموراً في خاطري فحققها لي."""""
"#صدقة_جارية #الهلال"",Anger"
"d9772a6dde14e871,""قال عليه الصلاةوالسلام """""

[إن الرجل ليقول الكلمة
"من سخط الله لايلقي لهابالا"""""
تهوي به في النار أبعد مابين
المشرق والمغرب]
وقال :
[وهل يكب النار في النار
على وجوههم الا حصائد 
ألسنتهم]
وقال:
"[المسلم من سلم المسلمون من لسانه ويده]"",Anger"
"cfec112c0a65ea24,""طبعاً بوقت الاختبارات ولله سخط لا نهائي "
"بس كمجمل ولله الحياة فيها جميلة مره"",Anger"
33e5346d4ec9fe61,ياتونس مذا فعلتي في نفسك هل هذا سخط نزل عليك,Anger
"f5e50ad93bf0b692,""رب كلمة قالت لصاحبها دعني"
لاتكن أجهل من شخص لايعرف الإسلام 
تكراره لكلمة بسم الله رغم عدم تسجيله 
دليل على رغبة داخلية لديه وإيمان في أي وقت سيظهر
وهو خير من الذي يدعو الله وإذا لم يستجب له (حسب ظنه) سخط وترك الدعاء
"تذكر (مايلفظ من قول إلا لديه رقيب عتيد)."",Anger"
77bf3612bf40c0d7,آن سخط عليكم ابوكم فرنسا شوفو مع ابوكم عثماني أو إسباني,Anger
719e27490052e207,قال رسول الله صلى الله عليه وسلم: ((من يُرِدِ الله به خيرًا يُصِب منه))، وعن أنس رضي الله عنه قال: قال رسول الله صلى الله عليه وسلم: ((إنَّ عِظمَ الجزاءِ مع عِظمِ البلاءِ، وإنَّ اللهَ إذا أحبَّ قومًا ابتَلاهم، فمَن رَضي فله الرِّضَا، ومَن سخِط فله السَّخطُ)),Anger
"53876c4e8c7641cf,""هل يخرج سالما في عقيدته و روحه من منعوا عنه العربية و نما في وسط مفرنس خالص؟"
ما دامت فرنسا صنما يعبدونه،فهم في سخط الله
الإسلام و العربية و العروبة في تضييق خبيث...سياسة فرنسا الإستعمارية ما زالت قائمة و دمارها شغال بفعالية و خبث
"و ما يظلم ربي أحدا..تستحقون ما يفعلون بكم"",Anger"
"08545a5e2092193e,""مايستمتع في قتل المسلمين في السودان "
الا كافر ابن كافر من بيوت الدعارة
"عليهم سخط الله ولعنة الله عليهم"",Anger"
85e973acc4182d55,ان شاءالله يسقط عليكي سخط ربنا يا بنت الزنوه كم بدفعولك عشان تحكي زي هيك يا مرتزقه,Anger
"8320517ec6a691cd,""سبحان يارب  ما أعدلك "
"هذي اللقطه تكررت لكم كثير في المباريات  الحاسمة وخروج مغلوب وكأن العزيز الحكيم سخط على ذا النادي وحارمة الفرح ، نصيحه فتشوا عن الاسباب وعالجوها"",Anger"
"115337a42f2bc34d,""التوازن هو فن القيادة الحقيقي... وعين الرضا هي مرآة الحكمة."
في زحام الطموحات والمشاعر، يبقى الوعي هو البوصلة. لا تجعل لحظة سخط تحجب عنك رؤية الصورة الكاملة.
ارضَ، واطمح… فالجناحان معًا هما من يصنعان التحليق.

لقراءة المقال كاملًا:
"ynz.sa/?p=279548"",Anger"
"dec7f4ff37bed6cd,""جمرةٌ موقدةٌ مَسها أبردُ"
من سخطةِ امرئٍ على نفسهِ

أو

جمرةٌ موقدةٌ مَسُّها أبردُ
"من سَخطِ امرئٍ على نفسهِ"",Anger"
"9234d5de38be6b18,""السعودية تتبنى داعشى سابق ويجب الاعتراف بذلك وبالتالى هذا هو سبب سخط تلك الدول وشنهم للعداء، ليس لأنهم ناكرين بل لأنهم يشعرون بالخيبة من  توجهات المملكة الأخيرة."
من خلال عملي استطيع أن اقول إن الصهاينة راضون عن الجولاني جدا جدا وهذا ما يغضب المصريين.
"#أحمد_الشرع"",Anger"
"9b407dd0c92d94b1,""السعودية تتبنى داعشى سابق ويجب الاعتراف بذلك وبالتالى هذا هو سبب سخط تلك الدول وشنهم للعداء، ليس لأنهم ناكرين بل لأنهم يشعرون بالخيبة من  توجهات المملكة الأخيرة،  وهذا ما لن تراه . "
"من خلال عملي استطيع أن اقول إن الصهاينة راضون عن الجولاني جدا جدا وهذا ما يغضب المصريين."",Anger"
"770443438485320d,""اذا كان قصدك الصهاينه ف اللهم امين بس اذا كان قصدك الهلاليين ف اتق الله و لا تخلي الكوره تعميك عن دينك "

"و قال النبي صلى الله عليه و سلم ( إن العبد ليتكلم بالكلمة من سخط الله لا يلقي لها بالاً تهوي به في النار سبعين خريفاً)"",Anger"
"938394051e29b935,""تشرين الأول "
«سَيَكُونُ الذي قُضِي
سَخِطَ العبدُ أم رَضِي!»
"من الشهور القاسية علي ولكن دائما لطف الله وكرمه حاضر ،فالحمدلله على نعمه الكثيرة ."",Anger"
3098ce3559bdcdde,الإمام الجواد (ع): لا يضرك سخط من رضاه الجور.ميزان الحكمة، ج 2، ص 1100,Anger
"af8c27fbceab6acb,""كلمة في المتخاذلين:"
يا من باعوا المبدأ بثمن الخوف، وغطّوا وجوههم بستار الصمت حين نادى الحق باسمه، ما أقسى أن يكون اللسان عاجزاً حين تتكلم المروءة!
أتخافون سخط البشر وتنسون أن صمتكم يُغضب خالقهم؟
إن الكلمة أمانة، ومن خانها خسر نفسه قبل أن يخسر قضيته.
"#تامين_الوديعه_مطلب_حضرموت"",Anger"
2631304e53f03cac,لا أعرف كيف تحب نفسك يمكن أن تضعف الذات ، وتتسبب في سخط وتؤثر على السعادة الشخصية.,Anger
8c371f78f5e19414,هؤلاء منسييين محرومين لاتكن بقلوبهم ذرة رحمه  سينالوا سخط من  الله وعذاب أليم هذا رد لماذا يطيب بأعمارهم ليعذبهم عذاب شديد الفقير له الله,Anger
"c2f3b8791a09380a,""يا الله ما أروع أن تتقاطع رغباتنا برضاك،"
فنحيا حياةً لا يفسد صفوها ذنب،
ولا يُعكّرها سخط،
نرضى بها عن كل ما كتبت،
"وترضى أنتَ عمّن أيقن أن سعادتَه في قربك لا في الدنيا."",Anger"
"61760819c943543b,""كفاية كذب ونفاق تضليل.."
لقد تم تعريتكم بالكامل امام العالم وكشف دعمكم اللا محدود لهؤلاء القتلة المغتصبين..
اصبحتم محل سخط الجميع..
لكن كل هذا ف كفة حتى لو لم تنصف عدالة الأرض فعدالة السماء موجودة..
ربنا قادر يقتص لكل شخص حقه منكم وسينتصر الحق ولو بعد حين..
"وموعدنا يوم الحساب"",Anger"
339775e5e132b479,المشكله راعي الموالح  جماعته نقلوله  الصورة غلط وعاد هوه على طول عصب وزاد من سخط الجمهور ضد الجالية الهندية بتغريدته بدون ما يتبين بالرغم انه يعرف الدين وحافظ الايه الكريمه .. اذا جاءكم فاسق بنبأ فتبينوا .. صدق الله العظيم,Anger
"21d2e67bd6fc89ed,""الأمر غريب أين الجيش السوداني "
أين برهان النايم 
عن مايحدث من هولاء الخارجين عن القانون لماذا لم يتم دكهم عن بكرة ابيهم 
"عليهم سخط لله حسبي لله ونعم الوكيل"",Anger"
"ce71e3296b618b59,""الله يسوق لك الخير دائمًا بطريقة مبهرة "
"مُحال أن ينساك فكُن راضيًا ومتوكِّلًا على الله وواثقًا فيما عنده مهما ساء بك الحال لا تظن بالله إلا خيرًا كل الأمور تجري في صالحك فللَّه الحكمة البالغة فكن راضيًا بأقدار الله وتذكَّر أنَّ من رضي فله الرِّضا ومن سخط فله السَّخط"",Anger"
"0777517b4a653533,""سَيَكُونُ الذي قُضِي"
"سَخِطَ العبدُ أم رَضِي"",Anger"
"a1e45255ce39e346,""*"""" لما تغضب ربنا علشان ترضى الناس والله ما هيرضوا عنك وهيحتقروك؛ قال النبي ﷺ: (من التمس رِضا اللهِ بسخَطِ الناسِ؛ رضِيَ اللهُ عنه ، وأرْضى عنه الناسَ،*"
"*ومن التَمس رضا الناسِ بسخَطِ اللهِ ، سخِط اللهُ عليه ، وأسخَط عليه الناسَ)*"",Anger"
"a87e6ff887a25f05,""اللهم اجعل عطاياه سترًا له في الدنيا، ورفعةً له في الآخرة، وارضَ عنه رضا لا سخط بعده"""""
#جابر_عثرات_الكرام
"#عِمارة_نجد"",Anger"
"08715bc4c6ed6f4b,""سخطُ الفتىٰ ألظى على نفسهِ"
"من جمرةٍ تلهّبت في الحشا"",Anger"
"3cf559c8dd5ad933,""اسعى "
للخير مهما يكن عليك فعله ولو بكلمة طيبة 
ولا تجتهد للشر  والرذائل والكراهية فإنها 
لا  تجلب لك الا سخط الخالق وكره الناس،.
وتذكر دائما  كلما سعيت لامرا  فيه خير 
لك ولمن حولك ان الله جعلك سببا لذلك 
وانه يسهل عليك الكثير الامور التي تطرأ 
"عليك"",Anger"
"43b4ff6fed15d50b,""اللهم إنا نسألك أيامًا مبشره ، وهموماً راحلة ، وقلوباً مطمئنة ، ورضا منك لا يعقبه سخط ، وجنة عرضها السماواتِ والأرض"
اللهُم اشملنا بعفوِك ومغفرتُك ورحمتك واجعلنا ممّن نظرت لهُم فرضيّت عنهم وكتبت لهم الجنة •••
آميـ يا رب ــــ العالمين ــن
"صبـــاح الخيــر"",Anger"
0c81cb96ac778881,عليك سخط الله يا وقحه اذا عادك تأيدي هذا المجرم  الحقير المنحط السفاح,Anger
"c73582fc0254dd2e,""كم أفسدت الغيبة "
من أعمال الصالحين وكم أحبطت من أجور العاملين
وكم جلبت من سخط رب العالمين
وكم فرقت بين الاحباب والاصدقاء
"والعوائل. فحذرها."",Anger"
"1750e46f0e34575a,""عقوبة هجر الزوجة لفراش زوجها:"
 تلعنها الملائكة حتى تصبح.
 قد يصل الأمر إلى سخط الله عليها حتى يرضى عنها زوجها.
"الرّسام"",Anger"
52c16eec5ad822c6,مش كل الأشياء ينفع مشاركتها مع العامة في السوشيال ميديا و دة مش لسلامتك لوحدك، لسلامة الناس كذلك. فيه أوقات إنت ممكن تختبر فيها أفكار فيها يأس و سخط و غضب أو أفكار بتعزز عندك الميول لسلوكيات تدميرية للذات أو أفكار مُظلمة، الأوقات دي؟ بتكتب أفكارك على الورق و بتشاركها مع شخص آمن،,Anger
528136ad3e38171d,كلامه عظيم و اصلاح كبير لفئة كبيرة من المجتمع الناس هنا متعرفش عنها حاجة ، نفسي الناس اللي معترضة تفهم انهم هم الاستثناء ف مصر و ان كتير اوي من البيوت بتكون فيها الست مطالبة ب ده و عدم قيامها بيه بيعرضها ل سخط كبير اوي ، الله يكون ف عون كل الستات اللي بتعيش ده حقيقي,Anger
"59114dad511353dd,""قال العلامة الشنقيطي - رحمه الله -:"

ضابط الوعظ: هو الكلام الذي تلين له القلوب،
"وأعظم ما تلين له قلوب العقلاء؛ أوامر ربّهم،"
ونواهيه، فإنّهُم إذا سمعوا الأمر خافوا من
سخط الله في عدم امتثاله، وطمعوا فيما
عند الله من الثواب في امتثاله.

"أضواء البيان (٤٣٨/٢)"",Anger"
a90a44e88e22679a,رضي الله عنه وأرضاه وعليه السلام أمير البرره قتيل الفجرة الخوارج عليهم سخط الله,Anger
"c9bf073e1de62e0f,""*"""" لما تغضب ربنا علشان ترضى الناس والله ما هيرضوا عنك وهيحتقروك؛ قال النبي ﷺ: (من التمس رِضا اللهِ بسخَطِ الناسِ؛ رضِيَ اللهُ عنه ، وأرْضى عنه الناسَ،*"
"*ومن التَمس رضا الناسِ بسخَطِ اللهِ ، سخِط اللهُ عليه ، وأسخَط عليه الناسَ)"",Anger"
"95c48f8786de2a42,""قال رسول الله ﷺ: [ إن عِظمَ الجزاء مع عِظمَ البلاء، وإن الله إذا أحب قوما ابتلاهم، فمن رضي فله الرضى، ومن سخط فله السخط ]. حسنه الألباني في صحيح الترمذي"

"صباح الخير"",Anger"
"ccff43877b637992,""#السعوديه_مفتاح_العالم ؟ باي عالم يحاول الذباب السعودي الترويج له ؟ بهذا الوضع الشاذ عالم الآخرة إنتهى الا من رحم الله"

قريباً نسمع لحظة الانفجار في نجد والحجاز

كمية سخط غير طبيعية في التعليقات
الناس قرّبت تنفجر خلاص!
ويبدو ان ذباب بن شولوم خلصت ميزانيتهم
"#الامارات_مع_السودان"",Anger"
1cf680c3b5660ea3,إن التأخير في التعامل مع القضايا الاجتماعية يضعف معتقدات الناس في الحكومة ، مما تسبب في سخط في المجتمع.,Anger
3701cfea2e04cb1d,تعس عبدالدرهم وعبد الدينار وعبد الخميصة والقطيفة ان اعطي رضي وان لم يعط سخط تعس وانتكس واذا شيك فلا انتقش,Anger
"783e57cacf960f76,""وش كانوا يفكروا الاثنين ذول يوم غردوا التغريدات ذي؟"
"حتى وسلوت في عزه ذا كلام مبالغ فيه اجل تكتيكيًا افضل من كلوب؟ عرفت ليه ربي سخط علينا الحين"",Anger"
466cbb54b2c9d1f6,سخط الله على السعودية والعرب والخليج وايران,Anger
c18eb6577ed9bf85,( مَنِ الْتَمَسَ رِضَى اللَّهِ بِسَخَطِ النَّاسِ ، رَضِيَ الله عَنْهُ ، وَأَرْضَى النَّاسَ عَنْهُ ، وَمَنِ الْتَمَسَ رِضَا النَّاسِ بِسَخَطِ اللَّهِ ، سَخَطَ اللَّهُ عَلَيْهِ ، وَأَسْخَطَ عليه الناس ),Anger
"b18db352b81b86fd,""اللهم لاتحرمنَا أمنيــةً تُفرحُ قلوبنـا ،، وتوبَــةً تَجلي هُمومنـا"
وَفرجــاً يكشــفُ الكَـــرب عنّــــا
أسأل الله :
أن ينظر إليكم نظرة رضا لا يعقبها سخط أبداً
ويلبسكم ثوب العافية لا ينزعه عنكم أبداً
    ويبعد عنكم الهم ويفرج كربتكم
"ويجعلكم من أهل جنة الفردوس الأعلى"",Anger"
"9a503ed53ceeb4f6,""كيتنافسوا بالطبل و الغنى و كيتجاهلوا المنتوج الكروي الرديئ لي خصو يكون مصدر سخط و غضب ماشي احتفال و بهرجة.."

"وقتما كنستوردوا شي ظاهرة sociocultural من برا كنشوهوا باباها أو كنمارسوها sans modération"",Anger"
"44340efe2a6983e5,""قنوت الامام أبى جعفر محمد الباقر عليه السلام:"
"اللهم إن عدوي قد استسن في غلوائه ، واستمر في عدوانه ، وأمن بما شمله من الحلم عاقبة جرأته عليك ، وتمرد في مباينتك ، ولك اللهم لحظات سخط بياتا وهم نائمون ، ونهارا وهم غافلون ، وجهرة وهم يلعبون ، وبغتة وهم ساهون ، وإن الخناق قد اشتد ،"",Anger"
"2aaef3d2d86442c1,""طِبْ نَفْسًا.."
مَن رَضِيَ فَلَهُ الرِّضا، وَمَن سَخِطَ فَلَهُ السُّخْط، وَأَمرُ اللهِ نافِذ...

" #بوح_الخاطر"",Anger"
"0d1dadb58fe97863,""اللهم كما جبر خواطر الناس بعطائه، اجبر خاطره بكل ما يتمنى، ووسع له في رزقه، وافتَح له أبواب فضلك من حيث لا يحتسب."
اللهم اجعل عطاياه سترًا له في الدنيا، ورفعةً له في الآخرة، وارضَ عنه رضا لا سخط بعده
@allmouchaan
#عِمارة_نجد
#انتقائي_سما
"#جابر_عثرات_الكرام"",Anger"
"6f6a67299ada3101,""الحمدلله الذي يمنحنا الرضا حتى وإن كانت الروح غارقة في سخط الأيام"
الحمدلله على تجدد العافية و بقاء النعم 
"الحمدلله دائمًا و أبدًا"",Anger"
33c986bef2f71971,يارب انزل سخط وغضبك يارب جبرائيل وميكاىيل وسرافيل يا واحد يا احد يا فرد ياصمد,Anger
8bd4316d73de5b20,ماذا عن 9800 فرد اللذين وضعو طلباتهم في سفارات موريتانيا ولا تنسى ان اصلك ثكني لا علاقة لك بهذه القضية و لا تتناسى من فعل فيك ما يريد و انت تدافع عنه و صفاها ل باك اللي سخط عليك,Anger
"22e3b65349c2155e,""مفروض يخفض الصوت لكى يستفيد هو ولايثير سخط الاخرين"
"التعقل مررده خير"",Anger"
"6cf3426ce36ee205,""أنت إما مغرض لشخص تشتي تشوهه  أم ممن جندهم الأمريكي والصهيوني والسعودي ضمن الناشطين الذين هدفهم تشويه حكومة صنعاء وإثارة سخط المجتمع عليهم.. "
"حافظ على مكانتك وقيمتك ولا تنشر خبر إلا بأدلة وإثباتات.."",Anger"
"9ee71b3e243f1586,""يابو نواف اي حظ واي كلام ... ليه مايكون سخط من الله "
والله وبالله وتالله لو الدعم اللي حصل عليه النصر لاحد أندية الدرجه الثانيه غير يكوش على كل البطولات 
يابو نواف النادي عليه دعوه مستجابه من الاخير 

يارجل الحظ يعاند مره ومرتين وثلاث لكن مو كل مره 
"حتى الشجر في النادي ماسلمت من"",Anger"
"f0401c4454cfbea2,""دبي كوكب آخر رضي من رضا وسخط من سخط "
x.com/hodajannat24/s
"…"",Anger"
"fc8c24f1b9e325bb,""صاحب الرسالة دي أنا ببغضة فوق ما يتخيل، الناس بقت تعالج النقص ال جواها بأنها تطلعه على غيرها"

"...وإن العبد ليتكلم بالكلمة من سخط الله لا يلقي لها بالا، يهوي بها في جهنم""""."",Anger"
7513eeac719bf602,ثورة المضرطة، قامو من اجل الدنيا و التملك فخابو و سخط الله وجوههم,Anger
a3eb15825abec2e4,اللهم لا تجعل حاجزاً بين دعائي واستجابتك واجبرني جبراً يليق بعظمتك اللهم إني شددت إليك رحالي فيارب اصلحني واصلح حالي اللهم اغفر لقلبي إن يأس ولساني إن سخط ونفسي إن ضاقت اللهم اغفر ضعفي وقلة صبري اللهم إنها ايام فضيلة فلا تخرجني منها إلا مجبور القلب والخاطر.,Anger
"89fd6c274f6b3f30,""شعور التكّاك بعد يوم سعيد لا زال يأزمني"
"هالمرة الحالة متطورة وفيني احساس ودي ابلك كل الناس واحذف كل شي واكسر جوالي سخط غير طبيعي"",Anger"
53bec6a061a18d5c,سخط.,Anger
"467fdeb806110880,""""""إن العبد ليتكلم بالكلمة من سخط الله يزل بها في النار أبعد مما بين المشرق والمغرب"""""",Anger"
a008f18163bef159,اللهم ارزقنا من واسع فضلك، واغمر قلوبنا بسكينتك، وارضَ عنا رضا لا سخط,Anger
"9dc36a07520a70f6,""-"
أسأل ربي الذي قـــال وقوله الحق:
(ادعوني أستجب لكم) 
أن ينظر إليكم نظرة رضآ لايعقبه سخط أبدآ
ويلبسكم ثوب العافية لاينزعه عنكم مددا
ويبعد عنكم الهم والغم أبدآ ..
ويجعلكم من أهــل الفردوس الأعلى آمــين 
احبتي ..
الوتر..
صورة الملك..
المنبـه لـصلاة الـفجر..
"علئ أمن وامـأن"",Anger"
"b9436799aefefe6b,""كان نقشُ خاتم أبي العتاهية:"

«سَيَكُونُ الذي قُضِي
"سَخِطَ العبدُ أم رَضِي!»"",Anger"
"baa9ce36e1b3fd9c,""#TalkAboutSudan"
"اللهم إنا نشكو إليك ضعف قوتهم وقلة حيلتهم وهوانهم على الناس اللهم أنت رب المستضعفين وأنت ربنا وربهم لا إله إلا أنت إلى من تكلهم إلى قريبٍ يتجهمهم أم إلى عدوٍ ملكته أمرهم إن لم يكن بك سخط عليهم فلا يبالون غير أن عافيتك هي أوسع لهم."",Anger"
"2cb367fb7bb493ca,""ماذا حدث في حرب غزة؟"
تركت الدول العربية والإسلامية غزة تقاتل وحدها بل اتهم العديد منهم حماس بالإر.ها. ب
تحالفت أمريكا بقوة مع اسرائيل وبعض الدول الغربية
سلطت الجزيرة الضوء على فضائع الحرب مما أثار سخط الإنسانية الحرة لتعبر بالمظاهرات
"قضمت اسرائيل أجزاء كبيرة من غزة"",Anger"
"28c18abaeaa1d262,""هذه الصورة على مواقع التواصل كانت ليومين وما زالت مدعاة سخط وشتائم لهذين المجرمين وطبعاً اضم صوتي لاصوات المغردين في لبنان وخارجه"
"كنا نتسائل كيف تكون مزبلة التاريخ اليوم وضحت وها هي تحت"",Anger"
b3d646e77265bdb2,-سخط لايجدي-,Anger
282ab574ea4520d6,لا لا أنت ولد عم الحمار وتعرف طبايعه زين ما يمشي الا بالجلد والتعزير وهذا لا يباعد سخط الله على قوم ثمود بأن يسخط عليكم بان تضربون أنفسكم بالأحذية إلى أن تقوم الساعه يا زينبي يا شروكي ياقذر .,Anger
"6d1bdf8b1ca9fb82,""سخط بعد حادثة جبايات جديدة في أبين"

اشترك في مجموعتنا على الواتساب والتيليجرام :
chat.whatsapp.com/GmdMUeukbMHDlD
…
"t.me/AhqafNews"",Anger"
0874ee1ba096313e,تبا على امة خانعه خاضعه ليس لها اي وزن او قيمه في اي حدث عالمي.. حق علينا سخط الرحمن بعد كل مواقفنا الركيكه اتجاه فلسطين والسودان وغيرها من الدول العربية والاسلامية,Anger
"f37598f6f49f6ef3,""سخط بعد حادثة جبايات جديدة في أبين"
YNP _ خاص :
تواصل الفصائل الموالية للتحالف السعودي الإماراتي، فرض جبايات غير قانونية في مناطق سيطرتها.
"وتداول ناشطون، تسجيل فيديو يظهر عناصر من الحزام الأمني التابعة للمجلس الانتقالي،  وهم يعتدون على سائق شاحنة مصري في أحد نقاط الجباية في محافظة"",Anger"
b6718ac789b58043,شاهد.... سخط كبير من أنصار شبيبة الساورة على الحكم بعد نهاية مباراة اليوم امام شبيبة القبائل,Anger
"1036566917ee36b9,""#مساء_الخير_والسعاده "

                                        🪾

                كان نقشُ خاتم أبي العتاهية:

      «سَيَكُونُ الذي قُضِي .. سَخِطَ العبدُ أم رَضِي..!»

                                        🪾

"."",Anger"
"dbe95c7c6d10b36b,""لا تُغضب السوري… إذا غضب، خرج من قلبه كل ما كتمه!"

في مشهد متداول، يظهر أحد المواطنين في نوبة غضب أمام شرطي مرور أو شخصٍ بجانبه، وهو يصرخ قائلًا:
“نريد بشار الأسد، وليس مثل هذا الواحد!” في إشارةٍ إلى الجولاني.

"مشهدٌ يلخّص ما وصل إليه الشارع السوري من سخطٍ على سلطة الأمر"",Anger"
"de76120dd81aec6c,""فرحان بهذا الكلام الذي وضعه الشيطان في عقلك واستفرغه حسابك"

أبشر بوعد رسولهﷺ :
(إن العبد ليتكلم بالكلمة من رضوان الله، لا يلقي لها بالا، يرفعه الله بها درجات،
وإن العبد ليتكلم بالكلمة من سخط الله، لا يلقي لها بالا، يهوي بها في جهنم)
متفق عليه

"هذا سعرك يوم حسابك"",Anger"
"8f56e39d9baa7f8d,""ترى الفضل نسوه ومشوا على أنقاضه"
لهذا ربنا مسلط على المسلمين كل هذا الكم من السخط هذا سخط الله على أمة كانت خير أمة
تأمر بالمعروف وتنهى عن المنكر 

أصبحت تأمر بالمكر وتنهى عن المعروف 
إلا ما رحم ربي طبعاً
"إنما تدعي أنك مظلوم وتظلم هذه لم تكن إلا عند الصهاينة هل أصبحت خير الأمة بني"",Anger"
094533d36d6140ed,وكيما ماماهم فرنسا عطات الاراضي ليهم غاتردهم دبا بأمر واحد منها الجزائر تركع لأنها سخط الام صعب,Anger
"43196cff0c631730,""اللهم لا رادَّ لقضائك ولا سخط على بلائك"
"ارحمه يالله وثبته عند السؤال"",Anger"
"609bf8970fe9c832,""استمرار العلاقات المحرمة راح يخصم كل يوم من رصيدك في السِتر والبركة في حياتك المُستقبلية كلها؛ فأدرِك نفسك الآن وأغلق الباب واستعن بالله عشان الثمن باهظ جدًا في الدنيا والآخرة، وتذكّر إن مافيه مخلوق يستحق سخط الله عليك."

"ومن تاب؛ تاب الله عليه وبدَّل سيئاته حسنات !"",Anger"
"721612ba78af4274,""طبعاً قصدك بشريك الحياة زوجتك أو زوجك يعني !."
هقولك أنا قال ﷺ 
" لا يفرَك مؤمنٌ مؤمنةً إن سخِطَ منْها خُلقًا رضِيَ منْها آخرَ""""."
"وبس يا سيدي"",Anger"
37c58c4e7f0a57c9,We’ve got real space cowboys working out at the Rocket Ranch. No #Halloween costumes necessary!,Sadness
dfeda773418eb94c,BREAKING: Hollywood actress Julia Fox is receiving backlash for wearing a blood soaked Halloween costume of JFK’s wife Jackie Kennedy that she could be seen in during his assassination.,Sadness
"da6a3b90273584c7,""Elon Musk: “I am not working on a phone. I can tell you where I think things will go, which is that we’re not going to have a phone in the traditional sense. What we’ll call a phone will really be an edge node for AI inference with some radios to connect. Essentially, you’ll have"",Sadness"
8e8f562692d4cc89,black flash,Sadness
6861a28b2ff39903,What did she expect?,Sadness
"eb93eba3facd7338,""Wow behind closed doors it seems the whole family is rallying around Andrew. It has been claimed William is so worried about his uncle’s mental health, the King only managed to convince Andrew when he told him “think about what your mother would think, doing this to the"",Sadness"
47ffade8ddf52a4e,for the newly minted 7fig lads - i think the biggest thing you can do for your mentality is to shift away from chasing moonshots like before. 30x on 1K is 30k. 30% on 5M is 1.5M. Focus your energy on compounding your NW over time.,Sadness
"c6ec286991367376,""In 2023, the EU countries with the highest breast cancer screening rates for women 50 to 69 years were:"

 Denmark (83.3%)
 Sweden (83.0%)
 Finland (81.5%)

Lowest:
 Greece (14.5%)
 Cyprus (29.8%)
 Latvia (36.1%)

"(Eurostat)"",Sadness"
"1e9f260a7c747dce,""昨晚和 "
@yummmycrypotato
 以及三位嘉宾，一起把「AI 赛道」从炒作层剥到结构层，
讨论的不只是技术，而是 算力 → 模型 → Agent 背后的权力转移逻辑！

 算力不是硬件，是新的“数字能源”
它正在金融化、资产化，谁掌握算力，谁就拥有 AI 时代的入场券。

 模型之争不是参数之争，是资本之争
"封闭"",Sadness"
"6fee2cf1f231931e,""نوفمبر عظيم.. بدايات خير وبركة"

مقترح : 

"حط نية عامة للشهر  ( استقبال الخير، تخلي لطيف، تعافي ونمو، وفرة واعمال ، تعزيز الوضوح، تقوية علاقاتي)"",Sadness"
"84125ddced98f8d8,""Google says Search AI Mode will know everything about you."

"Google wants 'AI mode' on Search to be as personal as possible, and it'll soon tap into services like Gmail or Drive to know more about you."",Sadness"
77b782be33eab046,Sogar in China kehren sie das E-Auto den Rücken.,Sadness
c18a95985c9e40af,في هذه الحياة تحدث لنا أحداث تؤلمنا، من وسائل علاج هذا الألم أن تتقبله ولا تقاومه، إن فعلت ذلك فسيرتفع ثم ينخفض، أما إذا قاومت الألم ورفضته وأنكرته واتهمت نفسك فإنه سيظل مقموعًا مختبئًا ليظهر من حين لآخر وهنا تبدا المعاناة، ما حدث قد حدث تقبل ذلك، وتقبل معه الألم والحزن والندم،,Sadness
"81038cb3336ef9f3,""Brazil  has the world’s second largest reserves of rare earths, but it still depends on China  for 97% of rare earths!"

Others aren’t much better:

USA : 78%
South Korea : 80%
Germany : 91%

"It will take a decade to wean off Chinese imports… if US/EU spend billions and"",Sadness"
"df9fde9e6b8438ba,""Dreamina 4.0 just changed visual creation forever."

Now featuring text-to-image, editing, inpainting, expansion, and multi-batch generation — all in one model.

Built on Seedream 4.0, it leads the global text-to-image rankings.

"Here’s what you can create with it"",Sadness"
bf87d7dd508080d1,Why Mortgage Rates WON’T Be Coming Down + One Nation’s RISE Continues as Lib-Nats Bleed - FULL Ep432,Sadness
8c0b4445498a0c8d,ماهو علاقة الصداع بالجيوب الأنفية.. فضلوه وطبقوه وانشروه,Sadness
"ecfc0934b25e19d2,""Le duo du futur: en Chine, un chien-robot promène un vrai chien"

"Qui est le meilleur ami de l'homme maintenant?"",Sadness"
"dd0fbb41926edc65,""Un héritage ne tombe pas du ciel. Il est le fruit d'une épargne antérieure, c'est-à-dire d'une somme de renoncements et de privations. "

L'héritage est le fruit de la tempérance, de la modération des pulsions consuméristes.  

"Il est le fruit du sacrifice des jouissances"",Sadness"
"9092eedbab2a6b9d,""(ساعة في اليوم)"

لا تنتظر نهاية الأسبوع لتكافئ نفسك، بل كافئ نفسك يوميًا، اقتطع ساعة من يومك لتفعل شيئًا خارج ما اعتدت عليه، اكسر الروتين، افعل شيئًا محببًا، زر مكانًا لم تزره منذ مدة، أو مارس هواية داخل منزلك، أعد شحن نفسك للغد.
"#اسامه_الجامع"",Sadness"
66b00740826a7462,Scary,Sadness
"7235f12edf86da65,""Start creating contents on X. "

This is my October earnings.

Limitless - $5460
X payout - $1140
Falcon Finance - $438
Hana - $106
PTB - $93
Camp - $61

Made total $7298. 

"This isn't much for most for some, but for me, I need to work for 97 months in my country to get the same"",Sadness"
38fff9c203c182c8,اقرؤوا البقرة فإن أخذها بركة  و تركها حسرة ولا تستطيعها البطلة السحرة ، إليكم سورة البقرة بـ ١٢ صفحة فقط,Sadness
cc093753d08f1380,مازلتُ لا أستوعب كيف يكون الانسان ملتزمًا تجاه الآخرين، بحذافير اللُطف، واتقّاء شرّ ايذاء القلوب، لكنّه مع ذلك لا ينجو من خيبة أو ايذاءٍ او حسرة .,Sadness
"df8e1f1cfd51f960,""مشاعر الإنسان وقلبه أعز ما يملك "
الله لا يجعلنا نبذل قلوبنا ومشاعرنا إلا لمن يقدروها ويحفظوها ويعتزّوا بها.
"المشاعر عزيزة وغالية، الله يجعل قلب الإنسان دايمًا مليان بالعزة، ولا يجعل حسرة الإنسان في البذل في غير محله."",Sadness"
"275816a1f2fb7e5a,""يـارب السماء والأرض يـالراحم الوهاب"
دعيتك وانا : مـن حسرة الذنب متهالك

انـا عبدك الـمـذنـب يا خـلاقّـي التواب
ابي رحمتك تشرق بـعـد ذنـبـي الحالك

ماصليت لـجـل الناس يثنون بالإعجاب 
ماصـلـيـت يا عـالـم خـفـا قلبي إلا لك

ابـي عـونـك في دنياي لا قفلْت الأبواب 
"وابي رحـمـتـك في"",Sadness"
70f666bfdab70d38,حسرةٌ ساكنة في أعماقي، لا تَذوب مع الوقت ولا تهدأ بالحديث.,Sadness
dd283302208220d4,حَسْرة.,Sadness
"c95c8dea632b6e39,""توكَّلتُ في رزقي على اللهِ خالقي"
وأيقنتُ أنَّ اللهَ لا شكَّ رازقي

وما يكُ من رزقي فليس يفوتني
ولو كان في قاعِ البحارِ العَوامِقِ

سيأتي به اللهُ العظيمُ بفضلِهِ
ولو لم يكن مني اللسانُ بناطِقِ

ففي أيِّ شيءٍ تذهبُ النفسُ حسرةً
"وقد قسمَ الرحمنُ رزقَ الخلائقِ؟"",Sadness"
"4cb25114035c1538,""""""أَسَى، أَسَف، أَلَم، إبْتِنَاس، إسْتِياء، إكْتِئاب، تَبَرُّم، تَرَح، تَعَاسَة، جَزَع، جَوَى، حَسْرَة، حُرْقَة، شَجَا.. """""
كلها كلمات لا تصف شيئًا مما شعرتُ حينها.
"وددت، ولطالما وددت، أن لا أودّ، فإذا بتلك الذكرى تظهر مرات عدّة."",Sadness"
"d6436892c72842e2,""ياوردة ٍ ماعاشت الا في دلال "
يغار منها الورد في روضة خريم 

خليتي الترفات ربات الجمال 
حياتهم حسره وعيشنهم جحيم

هذا الصحيح ولا نقاش ولا جدال 
 يدري به العاقل ويجهله الغشيم

اخوك شال الطيب عن كل الرجال 
"وانتي خذيتي الحسن عن كل الحريم"",Sadness"
"0eeecf2aba29cccc,""مشاعر الإنسان وقلبه أعز ما يملك "
الله لا يجعلنا نبذل قلوبنا ومشاعرنا إلا لمن يقدرها ويحفظها ويعتزّ فيها ..
"المشاعر عزيزة وغالية، الله يجعل قلب الإنسان دايمًا مليان بالعزة، ولا يجعل حسرة الإنسان في البذل في غير محله."",Sadness"
"32dd243a8bd607ad,""مشاعر الإنسان وقلبه أعز ما يملك "
الله لا يجعلنا نبذل قلوبنا ومشاعرنا إلا لمن يقدرها ويحفظها ويعتزّ بها.
"المشاعر عزيزة وغالية، الله يجعل قلب الإنسان دايمًا مليان بالعزة، ولا يجعل حسرة الإنسان في البذل في غير محله."",Sadness"
"23345db8fabbf6ce,""افضل الأقوال"
قولة عسى ربي يعين 
"لا غدينا بين حسرة و فرصه فايته ."",Sadness"
"61c0735c792af604,""""""ومن أعجب النعم على الإنسان نعمة النسيان؛ فإنه لولا النسيان لما سلا شيئا، ولا انقضت له حسرة، ولا تعزّى عن مصيبة، ولا مات له حزن، ولا ‌بطل ‌له ‌حقد، ولا استمتع بشيء من متاع الدنيا مع تذكر الآفات."""""",Sadness"
c198dc59d5aba23f,حَسْرَة,Sadness
"a2c2dcf8e9cd0c2b,""مشاعر الإنسان وقلببببببببه أعز ما يملك "
الله لا يجعلنا نبذل قلوبنا ومشاعرنا إلا لمن يقدروها ويحفظوها ويعتزّوا بهااااااااا.
"المشاعر عزيزة وغالية، الله يجعل قلب الإنسان دايمًا مليان بالعزة، ولا يجعل حسرة الإنسان في البذل في غير محله"",Sadness"
"6c93e8d1443acd53,""من يحافظ على قراءة سورة البقرة لمدة طويلة متواصلة سيرى في حياته عجباً، وفي جسده شفاءً، وفي رزقه زيادةً، وفي صدره انشراحاً، وفي عمره بركة."

"قال النبي ﷺ  : """"اقرؤوا سورة البقرة، فإن اخذها"
"بركة، وتركها حسرة، ولا يستطيعها البطلة""""."",Sadness"
"fe76ebdae238bc51,""حبيبتي أرجوك في القلب حسره"
"كافي زعل اشغلتي الفكر هوجاس"",Sadness"
2c413d65a6eca1ae,لا حول ولا قوة إلا بالله العلي العظيم يا حسرة قلبي ويا وجع قلبي عليك يا آسيا، حسبي الله ونعم الوكيل، حسبي الله ونعم الوكيل، آسيا خليفة المراسل الحربي للفرقة السادسة مشاة، نحتسبها شهيدة بإذن الله تعالى، ربنا يربط على قلوبنا جميعًا في ظل هذه الأحداث.,Sadness
a7daa27227bb8788,أرتقيت بنفسى، حيث لا حسره على مغادر، ولا أسفا على راحل، ولا حزنا على كاذب ...,Sadness
4ea498a1bf7fa5c9,ارتقيتُ بنفسي كثيراً حيثُ لا حسرةً على مغادر ولا أسفاً على راحل ، ولا حزناً على كاذب ولا تفكيراً في منافق,Sadness
"7647afad6dc09f30,""ياربِّ اجعل هذا الثقل أجرًا ورفعة,لا وجعًا "
"ولا حسرة,واملأ قلبي بالسكينة والرضا"",Sadness"
"b9319e53538c0e98,""قهوتي اليوم لذيذة الذ شي"
الوصفة: بُن برتغالي 
"الإيحاءات: حزن،تعاسة،حسرة،أسى،انكسار"",Sadness"
5ec669bec8852fd9,مازلتُ لا أستوعب كيف يكون الإنسان ملتزمًا تجاه الآخرين بحذافير اللُّطف واتقاء شرِّ إيذاء القلوب لكنَّهُ مع ذلك لا ينجو من خيبة أو إيذاءٍ أو حسرة,Sadness
"672a049c3712c230,""يا ماخذٍ قلبي ترا الشوق فضاح"
وما عاد باقي في عيوني مسرّه

احن لك كل ماهب ريح الصباح
واشتاق لك في كل ليل و مجره

لا تلومني كان في عيني الدمع طاح
الذكريات هي اللي تزيد القلب حسره

ليتك بقربي مابين الاخذ والراح 
"وتدري بقلبي اللي فاقدٍ صبره"",Sadness"
"bb6403dabe589966,""أعلم يقينًا أن البكاء لا يعيدك "
والكتابة لا تغني ولا تسمن من شوق
"لكنك أمي ؛ وإني أتلهف عليك وعلى أيام كنتي معي فيها"
وإن لفقدك ثغرة ما سددنا جوعتها
فلا أجد عنك سلوى غير بكائي أو كتاباتي

اللهم استودعتها لديك توكلًا وافتقدتها حسرة ، فأسعدني بحالها
"ونور قبرها بنورك الذي لا ينطفئ ."",Sadness"
"fad102c56e16ce37,""صباح الجنوب"
يا وجه الأرض ... كل الأرض
يا ملامح القمر الحزين
كل الحقول حان بذارها
وأرضك يا وطني نواريها الحنين
نودّع عرسان إلى رحلة الخلود
لتنبت يوما نصرا ورياحين
يا حسرة الأمهات الثكالى
كيف للطم خدودكم أن يستكين
سيبقى الأسود وشاحك حتى حين
#جنوبي_الهوى
"#جنوب_العز"",Sadness"
"f525320f6ce2cf86,""يقول الشاعر"

ياوردة ماعاشت الا في دلال
يغار منها الورد في روضة خريم
خليتي الترفات ربات الجمال
حياتهن حسره وعيشتهن جحيم
هذا الصحيح ولانقاش لاجدال
يدري به العاقل ويجهله الغشيم
ابوك شال الطيب عن كل الرجال
"وانتي خذيتي الحسن عن كل الحريم"",Sadness"
cd0ca6b663f0e979,يقول محمود درويش: أرتقيتُ بنفسِي كثيرًا حيث لاَ حسْرة على مغَادر ولا أسفا على رَاحِل ولا حزنا على كَاذب ولا تفكيرا بمنافِق.,Sadness
0b7d37188b0bba62,مازلتُ لا أستوعب كيف يكون الإنسان ملتزماً تجاه الآخرين بحذافير اللُّطف واتقاء شرِّ إيذاء القلوب لكنَّهُ مع ذلك لا ينجو من خيبة أو إيذاءٍ أو حسرة ..!,Sadness
147d07d75b56ecab,إِنَّ الَّذِينَ كَفَرُوا يُنْفِقُونَ أَمْوَالَهُمْ لِيَصُدُّوا عَنْ سَبِيلِ اللَّهِ ۚ فَسَيُنْفِقُونَهَا ثُمَّ تَكُونُ عَلَيْهِمْ حَسْرَةً ثُمَّ يُغْلَبُونَ ۗ,Sadness
"36bb94577a9b919c,""سورة البقرة من السور اللي الرسول صلى الله عليه وسلم قال عنها"
1-أخذها بركه اى انها مباركه وتبارك لك بكل شئ بحيتك
2-تركها حسره يعني تتحسر يوم القيامة انك ماقراتها لان فضلها ليس بالدنيا فقط أيضا بالآخرة
3-ولاتستطيعها البطله(السحره)
"لايمكن أكبر السحره ان يقدرو على من يقرأها ان يؤذونك"",Sadness"
"7024c55047576b3c,""حسرة سافيتش بعد الفـاول."
"@tnnt3"",Sadness"
"9637de136d1194b2,""ارتقيت بنفسي كثيراً حيث لا حسرة "
على مغادر، ولا أسفاً على راحل، ولا حزناً 
"على كاذب، ولا تفكيراً بمنافق."",Sadness"
"7de35a231482ffd3,""أَيَا حَسْرَةَ القَلْبِ بَعْدَ الرَّحِيلِ"
فَمَا لَذَّةُ العَيْشِ دُونَ الخَلِيلِ

سُقِيتُ مِنَ الحُبِّ مُرًّا وضَيْمًا
وَيُسْقَى سِوَايَ مِنَ السَّلْسَبِيلِ

"— Luvveer"",Sadness"
cf50ef6bbcf8809f,يا حسرة علي العباد,Sadness
"c16cad384e6ab49e,""«لا تنسَ يا هذا، أنَّ موتك حقٌّ لا محالة"
وأنك ستُغسَلُ وتُكفَّن حتمًا
ثم تُترَك وحيدًا في ظلمة قبرك
فلا يُنسيَنَّك صخبُ الدنيا صخب الحشر وربكة القلوب يومئذ
ولا تُعمينَّك ألوانها عن العمل لحياتك الأخرى
"فإذا أنت لمْ تعمل اليوم لك؛ فوا حسرةً عليك غدا»"",Sadness"
"081e450c8f478527,""الرضا بالمعاناة و تحمل الألم اقل تكلفة من حسرة الوداع و معاناة ألم الفراق"

يقول #راكان_بن_ملهي 

راضي يصير الحُب مسرح جريمه 
ولا يصير البُعد حلّ إضطراري

جيتك معي ضحكة ودمعة يتيمه
وفي يسار صدري غربتي وإنتظاري

ما عاد عندي قلب يقوى الهزيمه
"هاتي يدك وأعلن بعدك أنتصاري ."",Sadness"
"5af6e78f693ba1b9,""- دام العُمر واحد"
" """" لا ينقضي حسره """" ."",Sadness"
"04f75034a377f660,""﴿ وأنذرهُم يوم الحسَرة ﴾"
حسرةٌ على وقت قضي في غير رضى ، 
وشباب في العصيانِ قد بلى ، 
ومالٍ عن الحرامِ ما زكى ،
والله المستعان.
" #اكتب_ايه_قرانيه"",Sadness"
"c32891a9f8e3a622,""يا "
مـشاري 

ياليت غــيبتهم مـثـل غيبت الـشمس 
    اللــي تغـيب اليوم ،،، وتـبين بـــكــرة 

..
ولكن غيبتهم مثل غــيبــة  الامس
       الامس راح وما بقى غير حــســرة 

"م…"",Sadness"
"609accd7a1fe3397,""من فضل سورة البقرة "
قال النبي ﷺ:

«اقرؤوا سورة البقرة، فإن أخذها بركة وتركها حسرة»

«إن الشيطان ينفر من البيت الذي تُقرأ فيه»

«من قرأ آخر آيتين منها في ليلة كفتاه»

«سورة البقرة وآل عمران تحاجّان عن صاحبهما يوم القيامة»

"لاتنسون الوتر والصدقة ب الي تقدرون عليه"",Sadness"
3aa83c2640c230c5,أكثر الناس حسرة المستهزئون بالحق،فرحة قصيرة يليها ندم طويل(يا حسرة على العباد ما يأتيهم من رسول إلا كانوا به يستهزئون),Sadness
"919018aad60a3d0c,""يا حسرةً على الحروف .."
لو كانت أقمارا سابحة ..
لترقد في سماء من:
لا يحتاج لحرف ..
بل يقرأ خط الروح ..
فيلتقط قصيدة الوجع ..
"من بين سطور الصمت..!"",Sadness"
"d308c07f446f7950,""تأهل الهلال"
خسارة النصر وطلوعه من كأس الملك
"حسرة وحزن وتعاااااااسة جيسوس"",Sadness"
"49ea624e269240c4,""يا رب"
ألا تضيع أعمارنا سبهللا
ألا نغبن يوم التغابن
"ألا نكون من أعظمهم حسرة يوم الحسرة"",Sadness"
"f79d1556dbd2527f,""فزّت عيون الظبي بعيون البصيرة والبصر"
تشبع فؤادك من مشاعرها بذيل الملعقة

اشوف في نظراتها حسرة وتهديد وحذر
وطرفها الفتان لا غمض على جرح انطقه

"مشعاف"",Sadness"
"317c32251924e8cc,""الحسد حسرة للحاسد، وسقم للجسد وضعف في النفس .."
 فالحاسد همه دائم، وغمه لا يزول ..
وهو من أخبث الطباع ..
"نعوذ بالله من الحسد والحاسدين !"",Sadness"
"974313ad249fcea6,""ياوردةٍ ماعاشت الا في دلال"
يغار منها الورد في روضة خريم 

خليتي الترفات ربّات الجمال
"حياتهن حسره وعيشتهن جحيم"",Sadness"
1a63912f91706b9c,الوضع حسرة على حسرة,Sadness
"db91a726fd1730d6,""تذكير لقراءة سورة البقرة تطبيقاً لقول الرسول ﷺ """"اقرأوا سورة البقرة فإن أخذها بركة وتركها حسرة ولا تستطيعها البَطَلة""""."

اللهم أرزقنا فضلها وبركتها وافتح لنا بها أبواب الخير والرزق والسعادة واجعل هذه الصفحة صدقة جارية لي ولوالدي ومن قام بنشرها من بعدي.

"سورة البقرة- صفحة ٣٥"",Sadness"
"b6640e9915f452cd,""فرحة الحكومه و المستر "
حسرة الدون المعتاده ضدنا
تسكيت رايكو وسط أرضهم

"تفاصيل تنشرى و مقطع ماتمل من مشاهدته"",Sadness"
024e36dadac29845,بعيني حسرة ودها بس تنظره .,Sadness
"a20ce733d8c4becb,""عمي الذي أهدته كفّاي للكفن"
"فيا عزة المُهدى..ويا حسرة المُهدي"",Sadness"
"16f6da46b0467408,""تذكير لقراءة سورة البقرة تطبيقاً لقول الرسول ﷺ """"اقرأوا سورة البقرة فإن أخذها بركة وتركها حسرة ولا تستطيعها البَطَلة""""."

"سورة البقرة فى مصحف التهجد  بتكون ١٢صفحة كبيرة ممكن تقسموها على مدار اليوم بعد كل صلاة صفحتين وقبل النوم صفحتين وهتخلص معاكم بسرعه وفضلها فى حياتكم عظيم"",Sadness"
"aef2afa8f7fcb393,""«قَلَّما يخلو إنسان من صبوة أو صبابة، أو حسرة على فائت، أو فكر في مُتمنّى، أو خوف من قطيعة، أو رجاء لمنتظر، أو حزن علىٰ حال، وهذه أحوال معروفة، والنّاس منها علىٰ جديلة معهودة»."

"- الإمتاع والمؤانسة، التَّوحيديّ."",Sadness"
"c3b29493bb6a95af,""غلبني زماني ياحبيبي .. ورحت بعييد "
مراح الأسير اللي يساق لـ مكان أسره 

اقول المفارق دمع محجر ولوّااح إيد 
واثر من كسره البعد ما ينجبر كسره 

ترى كلّ ليله عشتها معْك ليلة عيد 
"ماحسيت فيها لين راحت علي حسره"",Sadness"
"2564b82dbf079a8f,""هذه الأيام أعيشها كنصيحة على لسان محمود درويش رحمه الله"
حينما قال:
"اعتنق الصمت، ولا تأخذ الناس على محمل الجّد ولا تأخذ الحياة على عاتقك، ولا تبالغ في عاطفتك، ولا تُرضي أحدًا رغمًا عنك"""""
ويقول :
"ارتقيت بنفسي كثيراً حيث لا حسرة على مغادر، ولا أسفاً على راحل، ولا حزناً على كاذب."""""",Sadness"
"592b8dc50599b9c6,""سووا اي شي بالناقصصص"
 الا حقوق الناس واعراض الناس والكلام بالناس 
"ربي بيعقبك فيها حسره"",Sadness"
"7e7d721345a991f3,""يا اللي ظلمت الناس  زورٍ وبهتان   "
ما تدري إن الظلم  تاليه  حسره؟   

اللي بنيته من  خداعٍ وبهتان  
يرجع على راسك  ندم فوق صخره

"- شجون المطيري"",Sadness"
98c5cd39da1a44f2,حسرة باستوني على الفرصه,Sadness
"49f3f5eed230205a,""حبيبتي ارجوك"
في القلب حسره كافي زعل
" اشغلتي الفكر هوجاس"",Sadness"
"01cbdd31e72b16fe,""نعمة النسيان"
قال ابن القيم :
"( ومن أعجب النعم عليه نعمة النسيان؛ فإنه لولا النسيان لما سلا شيئا، ولا انقضت له حسرة، ولا تعزى عن مصيبة، ولا مات له حزن، ولا بطل له حقد، ولا استمتع بشيء من متاع الدنيا مع تذكر الآفات، ولا رجا غفلة من عدوه ولا فترة من حاسده )"
"مفتاح دار السعادة ٢/٧٨٨"",Sadness"
b52b0919c0099e58,اتأمل وجهك واتخيل حسرة أمك عليك..,Sadness
"c64096fba0d499ae,إنَّني أتساءل بكل حسرة وأنا أُشاهد هذا المقطع؛ إذا كان هذا حال الفسيخيات مع السُيَّاح، فماذا كان حالهن مع الجنود المستعمرين لهم، مثل الهنود والبنجال الذين كانوا في فترة أصحاب سُلطةٍ وسيادة على المصارية؟ والله المستعان …,Sadness"
"22484fd795b203ab,""تذكير لقراءة سورة البقرة تطبيقاً لقول الرسول ﷺ """"اقرأوا سورة البقرة فإن أخذها بركة وتركها حسرة ولا تستطيعها البَطَلة""""."

"اللهم أرزقنا فضلها وبركتها وافتح لنا بها أبواب الخير والرزق والسعادة واجعل هذه الصفحة صدقة جارية لي ولوالدي ومن قام بنشرها من بعدي."",Sadness"
"40f42a90a779edd3,""بعض معرفته شرف "
"والبعض معرفته حسره"",Sadness"
"b31bded9a1ebaa5d,""عدة أيام قضيتها نحيب و حسره .. الآن وقت نفض الروح و العودة من جديد "
"انتهت الدراما"",Sadness"
"ece699813056884a,""«ليس في القيامة أشدُّ حسرةً من رجلِ عَلَّمَ النَّاس علمًا فعملوا به ولم يعمل هو به؛ ففازوا بسببه وهلك هو»."

"سيدنا حاتمٌ الأصمّ"",Sadness"
"8e67a4ca174cf289,""نمْ في أمانِ اللهِ، فالدنيا غَدَتْ"
كسَرابَ ظل خادعِ الأبعادِ

ما نالَ منكَ الموتُ إلا حسرة
أمّا الرجاءُ فساكنٌ بفؤادي

يا قبرُ، خُذْ ما كانَ زينَ حياتِنا
فالمُلْكُ للهِ العظيمِ الهادِي

نبكي ونَعلمُ أنّ دمعَ عيونِنا
"لن يُرجِعَ الأباء و الاجداد"",Sadness"
66f4bd9ea1cbb8b0,أشقّ ما يعرض للمرء في رقاد ليله، أن يسطع في منامه طيف محبوب قد غاب، فيغشاه من البِشر ما يذهب بلبّه، ويحسب أنّ الوصال قد عاد بعد انقطاعه، وأنّ الليالي جادت عليه بما بخلت به فترة من الزمن. فإذا استيقظ من نومه، انقلب الحلم حسرة، وكان الصحو أشدّ عليه من المنام.,Sadness
f67e41b3a95883e6,يا حسرة على الجزائرية متزوجة وقالها دوري ودارت,Sadness
74634e80793d03b1,اقرؤا سورة البقرة يوميًا فان اخذها بركة وتركها حسرة سوف تعمل على تنظيف نفسك وبدنك من كل هم وغم وحسرة مع تاج الذكر والاستغفار انت سوف تعيش نعيم وراحة لم تعهدها من قبل الحمدلله,Sadness
"457b225cbe73bf11,""تتعاتب ظلالنا"
ونرتجف عتمة
فلا نحتكم لليل
ونمد ريشنا
صباحاً وعمراً
وجناحا

وتتبارى
الغيمات على تلالنا
فنتركها تتغارق بللها
ولا زدنا المطر
حسرة او نواحا

وان استجارت
الزهور بسلالنا
تبادلنا الانفاس
غراماً و اهواس
تعانقنا اريجاً ونفاحا
━━━⊱⊰━━━
#خيانة_مغلفة
#رسالة_اليوم
"3/2"",Sadness"
4ca4a3b892541f9f,يا حسرة على الزواج,Sadness
"2bab15245c085b6a,""لڪي لا تندم في معاملتڪ مع الخلق؛ "
عاملهم لذات الله لا لذاتهم، ف ارجُ الله فيهم ولا ترجوهم، وخاف الله فيهم ولا تخافهم، 
وأحسن إليهم لذات الله لا لذاتهم
وبعد ذلڪ لن يڪون في روحڪ ندم
ولا في قلبڪ حسرة ولا في نفسڪ ندامة
لأن صفقتڪ مع الله
"والله في عون العبد ما ڪان العبد في عون أخيه"",Sadness"
db0004d3efbd14e0,أتمنى لو ماكانت تسلل... خليهم يحسوا بالظلم... شوف حسرة رونالدو... كان هدف.. ضربة ماسكيرانو من الظهر,Sadness
"8458a350aab0a0e8,""ـاﻟﻟهُم ﺻَل وﺳﻟّم ﻋﻟىٰ ﻧﺑﯿنا ﻣُﺣﻣد "
" #ليله_الجمعه"",Sadness"
"fa3e2f0a4d8a2682,""من زَعّلك .. فِي عيونِك السّود نظْره"
 لا شفتها حسّيت بالحزن والياس

من زعّلك طاحَت من اللِّيل قمْره 
وخلا الطرِيق مِنْ المواعيد والنّاس

حبيبتي أرجُوك فِي القلْب حسرةِ
"كافِي زعل أشغلتي الفِكْر هوجاس"",Sadness"
7fa889005ce3efb6,يابخت اللي ياخد قلبي وحِنّيتي ، ويا ألف حسرة عَ اللي خسرني,Sadness
"da33f1536fb7c1e1,""حبيبتي يا مدينة"
متزوقة وحزينة
في كل حارة حسرة
"وفي كل قصر زينة"",Sadness"
"f8257ed5f7896c95,""فيا قلبُ لا تحزن لما فاتَ وانقضى"
فمَن أدمنَ الأحزانَ زادَ تألُّما

ومَن أَلِفَ الشكوى إلى الناسِ زادَهُ
دوامُ التشكّي حســرةً وتندُّمــا

"د.ماجد عبدالله"",Sadness"
"79b7ab04503c5ef2,""“يا حسرة العبد حين يُفرّط بركعتين قال فيهما من لا ينطق عن الهوى:"
«لهما أحبّ إليّ من الدنيا جميعًا».”

"- سنة الفجر."",Sadness"
"91bebb766754dccd,""تذكير لقراءة سورة البقرة تطبيقاً لقول الرسول ﷺ """"اقرأوا سورة البقرة فإن أخذها بركة وتركها حسرة ولا تستطيعها البَطَلة""""."

اللهم أرزقنا فضلها وبركتها وافتح لنا بها أبواب الخير والرزق والسعادة واجعل هذه الصفحة صدقة جارية لي ولوالدي ومن قام بنشرها من بعدي.

"سورة البقرة- صفحة ٣٨"",Sadness"
"c443e63370697df2,""يبي يجي لك يوم ويعينك معين"
"وتدله عقب حسرة منام الفراشي"",Sadness"
"b83337a3e0f0caec,""تخيييييييل!"
يالله،
"ألّا نموت من حسرةِ الشوق والحنين."",Sadness"
"c975f0591722811d,""يا ليلُ خفّفْ من لظى بركاني "
صار التوجع والأسى عنواني 

إذ كانَ حبُّكَ نجمةً يغزو المدى 
خَبَتِ الضياءَ وظلَّ في وجداني

وتظنُّ أنَّ الوقتَ يُخمدُ حسرة 
كانت تُحرِّقُ مهجتي وكياني

ما عادَ يُجدي في الغيابِ تظاهُرٌ
فالشوق يُفضَحُ في المدى أركاني 

في صمتِ نافذتي تسيلُ ملامحٌ
"كانت"",Sadness"
092ef1076168bcec,اسمعوا ياعالم ياناس السياسيين العراقيين يحاولون تخفيض سعر البيرة حتى الناس تنتخبهم ...؟؟؟الشعب العراقي حسرة عليه كيلو اللحم حسرة عليه يعمل عملية في مستشفيات العراق التي تلتهب من الغلاء والسياسيين يردون يرخصون البيرة ...لله درك ياعراق,Sadness
"255fa31d0ebb9cd3,""اذكر بنت معي بالقروب بالجامعة الاحظ بركة وتيسير عجيبين في حياتها ما شاء الله تبارك الله، المواقف اللي شهدتها لو بحكيها بصير كني أبالغ، بعد فترة صرنا نمون على بعض وما صدقت اسألها لو فيه سر، قالت """"سورة البقرة أخذها بركة، وتركها حسرة، هذا قوله ﷺ، وهذا الشيء الوحيد اللي ما قد تركته"""""",Sadness"
"d995d014b0ee26e4,""تكسّرت على حائط الصّمت"
               صرخاتي 
"#بوح_الخاطر"",Sadness"
193b2cdc4a33d687,حسرة القلب الرهيف,Sadness
"be54ec024f518d33,""من زعلك لو هو انا بالله شوفيني مره "
وانا اعتذر للتبر للدر للماس
ابعتذر لنجومها في المجره
وللما القراح اللي شربته من الكاس
حبيبتي ارجوك فالقلب حسره
كافي زعل اشغلتي الفكر هوجاس
والله لو تدرين هالحب جمره
بين الضلوع تشب من حر الانفاس
"غديت طفل ضايع فيه عبره"",Sadness"
59634a489aadc260,أف أف يا حسرة,Sadness
"79c85e0ff2e31811,""من يحافظ على قراءة سورة البقرة لمدة طويلة متواصلة سوف يرى في حياته عجبًا، وفي جسده شفاءً، وفي رزقه زيادةً، وفي صدره انشراحًا، وفي عمره بركة."
"قال -صلى الله عليه وسلم-: """"اقرؤوا سورة البقرة، فإنّ أخذها بركة، وتركها حسرة، ولا يستطيعها البَطَلة""""."",Sadness"
"50b3b9e0f24b1131,""من تذوَّق لذََة القرآن وأنسَهُ ونعيمَهُ، "
"أيقنَ أنَّ بذل العُمرِ في غيرهِ حسرة وندامة"",Sadness"
"5d2fc84217f88010,""أشعل فؤادي حَسره "
بأعيانَ مثل الجمّره 
فـ كيف لاهي سمراء 
"فاقت جمال الغزلان"",Sadness"
"9bb58241cd7b6593,""والله حسرة"
"شلون ما نحيي مولدها بجوار مرقدها الشريف!"",Sadness"
"b20db584bf6b3221,""أ يَألَمُ قلبك أم تعوّدت الغياب! "
قُلّي بالله عليك: تنام الليل من دون كابوسٍ يسلبك ملذّات الأحلام؟
تستحم من دون أن تشعر بجلدكَ ينادي عليّ؟
تحتسي قهوتك من دون أن تستوقفكَ حسرةٌ في الفنجان؟
تُمشّط شعركَ وتتعطر أمام المرآة من دون أن تلمح صوتي؟
قُل لي بقليلٍ من الصدق:
"كيف تبتسم؟ أ من"",Sadness"
"f4ba21f8ed036bd5,""ما دريت إن الـفقد سابق خطاي"
يا حسرة اللي ما تهيّأ لـِـوداعك!

ياليتني في لحظة البوح ماخفت
"وماتت حقيقة حب مالقى شهود"",Sadness"
373c01739182ee1a,يا حسرة علينا.,Sadness
"277a376f0ed19e29,""«لا تنسَ يا هذا، أنَّ موتك حقٌّ لا محالة"
 وأنك ستُغسَلُ وتُكفَّن حتمًا
 ثم تُترَك وحيدًا في ظلمة قبرك
 فلا يُنسيَنَّك صخبُ الدنيا صخب الحشر وربكة القلوب يومئذ
 ولا تُعمينَّك ألوانها عن العمل لحياتك الأخرى
" فإذا أنت لمْ تعمل اليوم لك؛ فوا حسرةً عليك غدا»"

"#رسالة_اليوم"",Sadness"
"55308fda3131c536,""بدوي وصفن بليل وتذكر أصباه.."
جر حسره حته النوگ بجاهه وياه..
"#دارمي"",Sadness"
"7c9ecf5daec70969,""أصبحنا وأصبح الملك لله"
#السلام_عليكم_ورحمة_الله_تعالى_وبركاته
أسأل الله العلي العظيم الرحمن الرحيم أن لايضيق قلوبكم حسرة ولا خيبة ولا وجع وأن يكتب لكم الخير والرزق ويحقق امانيكم ويصلح احوالكم ونيتكم 
#صباح_الخيرᅠ 
"#جمعة_طيبة"",Sadness"
"8e6c66bdd6907cbf,""""""ربي ارجعني اعمل صالحاً"""" هي جزء من الآية الكريمة في سورة المؤمنون، حيث يطلب الإنسان في لحظات الاحتضار أن يُعاد إلى الدنيا ليعمل عملاً صالحاً. إنها تعبر عن حسرة من فرط في طاعة الله، لكنها دعوة للعمل الصالح في الحياة قبل فوات الأوان، لأن هذا الدعاء لا يُستجاب بعد الموت."",Sadness"
"b93da78521fb015b,""صباح الخير أما بعد؛ "
فإن الواحد منا لا يهون عليه طي الصفحات بسهولة، ولا يقدر علي تقبل أحلامه الضائعة دون أن يفقد جزءًا من قلبه معها، 
رؤية الأشياء علي حقيقتها انتصار، لكنه مؤلم يأكل صاحبه حسرة علي كل أمل كاذب 
ف ياربّ، 
"إذا قدرت لنا معرفة حقيقة الأشياء، ف ارزقنا قبولها علي حالها"",Sadness"
"3000202fe8ad0481,""تذكير لقراءة سورة البقرة تطبيقاً لقول الرسول ﷺ """"اقرأوا سورة البقرة فإن أخذها بركة وتركها حسرة ولا تستطيعها البَطَلة""""."

اللهم أرزقنا فضلها وبركتها وافتح لنا بها أبواب الخير والرزق والسعادة واجعل هذه الصفحة صدقة جارية لي ولوالدي ومن قام بنشرها من بعدي.

"سورة البقرة- صفحة ٣٩"",Sadness"
"6338a3aa5b88433a,""لم يعد الواحد منا يعرف أيبكي لتلك الذكريات حسرة عليها أم يضحك فرحا لمغادرتها!! "
"لقد جعلونا لا نعرف أنحارب تلك الذكريات أم نقف أمام محطاتها متأسفين!!"",Sadness"
"5ff855dcca77180e,""#سحب_جناسي "
#الاعمال_الجليله 
#التبعيه 

*
"سيمضي كل شيء.. وتبقى صحائفنا شاهدة: ﴿ونكتب ما قدّموا وآثارهم﴾، فاحرص أن تترك أثرًا يبقى نورًا لك بعد رحيلك، لا حسرةً تُتلى عليك"",Sadness"
2aa293015c650a82,حسرة علينا نقول كلمة وتنفهم غلط,Sadness
"7d0609fc49333061,""الصداقة كالحُبِّ إن قصر أحد الأطرافِ"
 قلة التوازن والانجذاب تجاه الآخر
وكُلمَا سارعت فِي الإهمالِ فستجني حسرة وندامة فمَتى مافسدت الصداقةِ وفقدت رونقهَامرة تلو الأخرى فلن تعود كما السابق

 وليس في الصداقةِ مسافات؟ فالبعد
بعد حقيقة في فحواه الكنايةِ والمجاز!

"      ،،"",Sadness"
"c6276252577347d3,""تذكير لقراءة سورة البقرة تطبيقاً لقول الرسول ﷺ """"اقرأوا سورة البقرة فإن أخذها بركة وتركها حسرة ولا تستطيعها البَطَلة""""."

اللهم أرزقنا فضلها وبركتها وافتح لنا بها أبواب الخير والرزق والسعادة واجعل هذه الصفحة صدقة جارية لي ولوالدي ومن قام بنشرها من بعدي.

"سورة البقرة- صفحة ٤١"",Sadness"
"d5fe113d42d301b8,""أنجبت مصر مفكرين وأدباء وأطباء وعلماء ، وأكاديميين نبغاء في شتى الحقول؛ نالوا إعجاب وتقدير العالم المتحضر، ولكن هؤلاء جميعاً لا وزن لهم عند الرعاع والدهماء ممن يصفقون ويطبلون لكل مهرج وانتهازي دجال، فحكم مصر أسوأ السياسيين وأسوأ العسكر!"
"يا حسرة على مصر!"",Sadness"
"f1b089547bdb67f5,""إبصارُ الأشياءِ على حقيقتِها انتصارٌ لكنّه مؤلمٌ؛ يأكلُ صاحبَه حسرةً على كل أملٍ كاذبٍ، و كلِ جهدٍ ضائعٍ.. "

فـإن قدَّرتَ لي معرفةَ حقيقةِ الأشياءِ،
ارزقني طاقةَ التحمُّل،
و قُدرة القبول
"واكتب لنا الخيرَ حيثُ كانَ ثُمَّ ارضِنا به"""""",Sadness"
e118ead847311891,يكسرني هذا الوجود، كأن كل ما قد ركضت من أجله، تحوّل اليوم مشهده الى سراب، ولا أثر واضح لخُطواتي التي تحاول، وليس لي من كل هذا، إلا حسرة ونَدبه عالقه في عمق قلبي,Sadness
"cdd4384de3b62ce7,""انا في عينيها ذبت "
و ابتليتُ

لا تقولوا أنِّني .
من هوى حبي  ارتويتُ 

ها انا أعزف اشعاري لها
فشجاني اللحنَ حتى..
أَنِّي مِن لَحني بكيتُ 

كم أضأئت لفؤادي أملأ
شمعةً روحي أضَائتْ
وانطفيتُ 

تمضي ايامي بدونك
حسرةً
أنفشُ الشعر فيهن
ريثما
نبتَ الحُب ورودًا 
"فاتيتُ"",Sadness"
"0c554b39ea5f3493,""أنتِ يا كُل الدَواوين "
المؤرَّخة! 

أُباهِي بكِ 
أنا حَسرةُ القصَائدِ المَكتوبة عَلى
"عجَلة."",Sadness"
"b16c547ec1108274,""توكلتُ في رزقي على الله خـالقي"
وأيقنـتُ أن اللهَ لا شك رازقي

وما يك من رزقي فليـس يفوتني
ولو كان في قاعِ البحارِ العوامقِ

سيأتي بـه الله العظـيمُ بفضلـه
ولو لم يكن مني اللسـانُ بناطقِ

ففي أي شيء تذهبُ النفسُ حسرةً
وقد قسّم الرحـمنُ رزقَ الخلائقِ

"الإمام الشافعي رحمه الله"",Sadness"
3133515d1c8269df,الله يجعلها حسرة دايمه وياخذ حق الهلال منهم الله يجعل من نوى الهلال بالسوء ترجع له اضعاف مضاعفه,Sadness
"24ebf05fb60fc7ec,""شاهد حسرة عطاف وألم  ممثل النظام العسكري بعد الهزيمة التي تلقاها على يد في قضية #الصحراء_المغربية."
"الجميل هي تلك القهقهة العفوية."",Sadness"
"86aec898a526e1aa,""من زعلك؟ طاحت من الليل قمره"
لو هو انا ،بالله شوفيني مره 

وأنا أعتذر للتبر ،للدر،للماس
أبعتذر لنجومها في المجره

حبيبتي أرجوك في القلب حسره
كافي زعل اشغلتي الفكر هوجاس

والله لو تدرين هالحب جمرة 
"بين الضلوع تشب من حر الأنفاس"",Sadness"
"0190b1a6fd41b66a,""يا من تحاصر الفاشر وأهلها، إنهم أحفاد علي بن دينار، والحق منصور ولو جئت بالآلاف من المرتزقة الأجانب ودفعت لهم مليارات الدولارات، والله ستكون هذه الأموال حسرة عليك وعلى من شايعك في الدنيا والآخرة"

#أنقذوا_الفاشر #الفاشر_تموت_جوعاً #دارفور #الفاشر_تحت_الحصار 
"#Darfur #AlFashir"",Sadness"
"705845a1133e586c,""#يمـــه هواي #بچـّوني "
يمــه هواي #جرحوني 

وحــگ ريحــة #حنانچ عذبوني
ابسكتـه ابچي بلايه #صوت

ابگلبي حسـرة لو #امـوت 
"حتــة ميحسـون اذا #شـافوني"",Sadness"
cbc799c9df15ba69,فيا عزة المهدى ويا حسرة المهدي.,Sadness
cad1e7de7d166691,حسرة بنزيما هههههههه,Sadness
"1ef791ad1a58e138,""هذي الحركه المفروض جيهان يسويها "
"بتقعد في قلبي حسره لو ماسواها هذاني علمتكم"",Sadness"
"45942082046b2be1,""أنتِ كالشمس "

تبّدتْ لنا إِذ غابت الشمس والتقت
على الأرض من أقطارها ظلماتها
فأشرقتْ الدنيا جميعا بوجهها
بليلة سعد لا يَضِلُّ سراتها
وَسارَت كثيرًا جَلسُها وَرَفيقُها
فقطّع قلبي لمحها والتفاتها
يُناجونَها دوني فيّا لكِ حسرة
"تُعَذِّبُ نفسًا جَمَّةً حسراتها."""""

"-العباس بن الأحنف."",Sadness"
"e81b2dd97382d68f,""يقول ابن القيم رحمه الله :"
" ومن أعجب النعم على الإنسان نعمة النسيان،  فإنه لولا النسيان لما سلا شيئا، ولا انقضت له حسرة، ولا تعزّى عن مصيبة، ولا مات له حزن، ولا ‌بطل ‌له ‌حقد، ولا استمتع بشيء من متاع الدنيا مع تذكر الآفات"",Sadness"
"9aaca49ec65667c6,""""""يمّا هدّوا دارنا"""".. حسرة شاب فلسطيني بعد تدمير منزل عائلته في قطاع #غزة "
"#الجزيرة_مباشر"",Sadness"
"d8fec4c4442eecce,""ارتقيت بنفسي كثيراً حيث لا حسرة على مغادر، ولا أسفاً على راحل، ولا حزناً "
"على كاذب، ولا تفكيراً بمنافق ."",Sadness"
"0213ec23bb6de849,""قد صحبتُ اللَّيلَ، والليلُ اكتئابٌ وارتياعُ "
ظُلُمات الصمتِ لا ينفذُ فيهنَّ شُعاعُ
حسرةٌ تطوى على أخرى.. وَهَمٌّ وضَياعُ
وأحاديث لها في النّفس هَدٌ ونِزاعُ 
"#محمود_شاكر"",Sadness"
"c8df975a430901a1,""""""تحرك يا أمير"""".. حسرة الفقد تفجع امرأة بعد قصـ ـف إسرائيلي أمس لوسط قطاع غـ ـزة"

"#الجزيرة_مباشر"",Sadness"
"a0be314225d2ea83,""ما نراه يحدث لإخواننا المسلمين في كل مكان من قتل وتشريد وتجويع يوجب علينا أن نعتبر ونفكر في الأسباب التي كانت وراء ما يحدث لكي نعتبر."
والله إننا نتعذب بمشاهدة هذه المناظر التي تحزن كل مؤمن بحب إخوانه المسلمين ، وقلوبنا تكاد تتمزق حسرة وحزنا وأسى.

"اللهم فرج على إخواننا في كل مكان"",Sadness"
"a30326a64c7d2c83,""تذكير لقراءة سورة البقرة تطبيقاً لقول الرسول ﷺ """"اقرأوا سورة البقرة فإن أخذها بركة وتركها حسرة ولا تستطيعها البَطَلة""""."

اللهم أرزقنا فضلها وبركتها وافتح لنا بها أبواب الخير والرزق والسعادة واجعل هذه الصفحة صدقة جارية لي ولوالدي ومن قام بنشرها من بعدي.

"سورة البقرة- صفحة ٤٣"",Sadness"
"a5d6613e1e13d95f,""تذكير لقراءة سورة البقرة تطبيقاً لقول الرسول ﷺ """"اقرأوا سورة البقرة فإن أخذها بركة وتركها حسرة ولا تستطيعها البَطَلة""""."

اللهم أرزقنا فضلها وبركتها وافتح لنا بها أبواب الخير والرزق والسعادة واجعل هذه الصفحة صدقة جارية لي ولوالدي ومن قام بنشرها من بعدي.

"سورة البقرة- صفحة ٤٠"",Sadness"
"c03cfe53208b0b85,""يا دمعتي إذكري و ذَكِّري عاشقاً "
من حسرةٍ مرَت به و يأسٌ و مللْ

عدنا و عاد اللقاء و عاد لي الامل 
"حيث الهوى والصفاء والعناق والقُبل"",Sadness"
fecebd27834ae08d,اليوم الـ braids مالتي حسره من حسره,Sadness
1b47c2c7bee9bb44,حسرة القلب خسارة أما الطلاق فهو مجرد قطعة من الورق !,Sadness
"620b2e4179c4414d,""كثير ومنها مرثية ابن الرومي في ولده اللي مطلعها :"

بكاؤكُما يشْفي وإن كان لا يُجْدي
فجُودا فقد أوْدَى نَظيركُمُا عندي

بُنَيَّ الذي أهْدَتْهُ كَفَّايَ للثَّرَى
فَيَا عِزَّةَ المُهْدَى ويا حَسْرة المُهدِي

ومرثية الشريف الرضي في والدته :

"كَم عَبرَةٍ مَوَّهتُها بِأَنامِلي"",Sadness"
"514880a5d289d961,""ماعلى الجحود حسره وحسايف "
"الردي لالقى غيرك نسى خيررك ….."",Sadness"
3727edb8e7ffad0f,حسره عليا وعلى بختي  المتجوزه قاعده مع جوزها والخاطب قاعد مع خطيبته وأنا قاعده مع ستي أم امي  كل شويه تسألني أنتي بنت مييين حد يناولني حجرين طوب الطم علي وشي بيهم,Sadness
"4c062591d07ff91a,""قال ﷺ : "
"اقرَؤوا سورةَ البقرةِ، فإنَّ أَخْذَها بركةٌ، وتركَها حسرةٌ"""""",Sadness"
"90fdf97eea99f8ad,""الله لا يوفقك ولا يوفق قناتك عساك بخسارة تموتكحسرة وقهر و تموت أحبابك عليك من شدة الحزن ،الله يبتليك بقهر و حسرة في قلبك"
الله لا يوفقك يا رب 
"@abumalih"",Sadness"
"efa5f9ad055f4c9d,""وَمُختَلِسٍ بِالطَرفِ مَا لا يَنالُهُ"
قَريبًا بِحالِ النازحِ المُتَباعِدِ
وَفي نَظَرِ الصادي إِلى الماءِ حَسرَةٌ
إِذا كانَ مَمنوعًا سَبِيلَ المَوارِدِ.
"العباس بن الأحنف"",Sadness"
"b8d098d9050e4440,""تذكير لقراءة سورة البقرة تطبيقاً لقول الرسول ﷺ """"اقرأوا سورة البقرة فإن أخذها بركة وتركها حسرة ولا تستطيعها البَطَلة""""."

اللهم أرزقنا فضلها وبركتها وافتح لنا بها أبواب الخير والرزق والسعادة واجعل هذه الصفحة صدقة جارية لي ولوالدي ومن قام بنشرها من بعدي.

"سورة البقرة- صفحة ٤٥"",Sadness"
"27fe394536a3ef36,""مخيم جباليا يا حسرة القلب، نفس الشارع خلال فترة حرب الإبادة"

Jabalia camp, what a heartbreaking sight, the same street during the period of the war of extermination.

"#GazaBeforeAfter"",Sadness"
"3a6ed53fc12a0ab8,""""""يَا حَسْرَةً عَلَى العِبَادِ.."""""",Sadness"
f00be7e9c00a175b,حسرة جالينو بعد التعثر,Sadness
"26388067a2ad24a3,نصيبك هو ما تسعى له ويتيسر إليك؛ فإن لم يتيسر فذلك عين الجواب، وأما السعي فتؤجر عليه ويُجنبك حسرة الندم؛ لكنه لا يضمن النوال.,Sadness"
"022935c3ff863926,""لعنة الإعتياد وجهتنا المحتومة في الحياة .. "
إما أن تصلها بضمير مرتاح لأنك حاولت
إلى ما فترت كلّ قواك
أو تصلها بندم و حسرة ترافقك ما حييت 
«ولك حريَّة الطريق»
"#راقت____لي"",Sadness"
"e44ffdf0f37d4c55,""فرويد بكل حسرة يقول :"
« التدخين شر لا مفر منه،
لمن عجز عن إيجاد شريك يُقبِّله، يحتضنه و يشعر به »
وفروغ فرخزاد غردت قائلة :
ربما تعني الحياة إشعال سيجارة،
ساعة الخدر اللّذيذ، فيما بين ذروتين،
من الحب الشَّبِق.
وفي فيلم الحريف كان يعلم أبوه بموت أمه،
"« كلنا هنموت .. معاك سيجارة؟ »"",Sadness"
f99682a31baabdc0,+منزل اربع منشورات تخرط مدري تزرb بيهن(مع جل احترامي لمتابعيني والقارئين) كل عقلك اقراهن ، خليها حسرة بكلبك ادري بيك تريد واحد يريحك،  بس اني ما ادور...گحاا,Sadness
"dd819aba0556fd5a,""إلى من يهمه الأمر:"
#NAME?

" لا أعرف بصراحة ما هي الكلمات المناسبة والواجب قولها وكتابتها بحيث تساعد على التلطيف والتخفيف قليلاً"",Sadness"
"55eb3af010368855,""عن أبي عبد الله -عَلَيهِ السّلام "
 أنّه قال: « ما اجتمع في مجلسٍ قومٌ لم يذكروا الله - عزّ وجلّ - ولم يذكرونا، إلا كان ذلك المجلسُ حسرةً عليهم يومَ القيامة،
 ثم قال: قال أبو جعفر  عليه السلام :
إنَّ ذكرنا من ذكرِ الله، وذكر عدونا من ذكرِ الشيطان 

#زينب_الكبرى 
"#مولد_السيدة_زينب"",Sadness"
b43485da679aa668,اقسم بالله حسرة وخذلان,Sadness
"67e1175875fb0e0c,""سورة البقرة وآل عمران من السور العظيمة بالقرآن."

"فإنَّهما يأتيانِ يَومَ القيامةِ كأنَّهما غَمامَتانِ أو غَيايَتانِ أو فِرقانِ من طَيرٍ صَوافَّ تُحاجَّانِ عن صاحِبِهما"""". "

"اقْرَؤُوا البَقَرةَ؛ فإنَّ أخذَها بَرَكةٌ، وتَرْكَها حَسرَةٌ، ولا تَستطيعُها البَطَلَةُ""""."",Sadness"
"b13e20ea34f88b6f,""هل فيه جملة غنائية أكثر حسرةً و حزناً من "
يا شال الهوى غطيه … يا نسيم الأطبّا داويه
"و تحاسبي ياغربة عليه … بكّيني و اضحكي ليه"""""
"!!"",Sadness"
"269511c0b897cc65,""إذا بِتَّ تطوي في ضلوعك ضِيقةً"
وأقبلَ كلّ الهمّ نحوكَ وارتمى
وأدبرَتْ الآمالُ مِن بعدِ قُربها
وأوشكَ دمعُ العينِ أن يتكلّما
فيا قلبُ لا تحزن لما فاتَ وانقضى
فمَن أدمنَ الأحزانَ زادَ تألُّما
ومَن أَلِفَ الشكوى إلى الناسِ زادَهُ
"دوامُ التشكّي حسرةً وتندُّما"",Sadness"
"db3102815df9fe1f,""نسا ما قال 5 سنوات ضوئية "
" .. ... هذا راه وزير يا حسرة"",Sadness"
"3ee180c62dc4fa9b,""في حسرة وحيرة؟"
علق طلبات أبنائه…
على الجدار…
"الشهاده وحدها لا تكفي لتلبيتها."",Sadness"
"143fc2839ed87811,""الأصل في النسيان زوال التأثر رغم التذكر .. "

ويقول ابن القيم عن نعمة النسيان: 
"ومن أعجب النعم عليه نعمةُ النسيان، فإنه لولا النسيان لما سَلا شيئًا ، ولا أنقضت له حسرة، ولا تعزَّى عن مصيبة، ولا مات له حُزن ، ولا بطل له حقد ، ولا أستمتع بشيء من متاع الدنيا مع تذكر الآفات"",Sadness"
d6de4c2928a97ff5,صحفيين تافهين وطبعا انفعال فيني ركز الاهتمام على رد الفعل وليس الفعل نفسه,Anger
2befba51be0f3e8e,لحظة انفعال واحدة كفيله تظهر كل الغضب ولحظات السكوت والهدوء الخارجي الكداب من وجهة نظري لحظة واحده بتدشمل كل حاجه ويقولوا عليك عصبي بقى,Anger
b304df994a065b21,احنا بدون انفعال التفكير لك عليه ، شحاله بانفعال,Anger
6a57c4180a007c19,احذر أن تقرر قراراً وأنت في حالة انفعال في الحزن والفرح، الانفعال يحجب التفكير السليم .,Anger
f45f970a3a6a167a,اللي يكذب يروح النار انفعال مدرب الهلال على تدخل كوليبالي لأنه يعرف تمام المعرفة أنه تدخل يستوجب الطرد وحتى تكون صادق لماذا لم تقل ان انفعال المدرب قبل حتى ان يتخذ الحكم قرارة وحتى قبل أن يشاهدها فلا تحاول تصنع إثارة فقط,Anger
"17ac8e10df3fd2c1,""كلمات تُلامس الحقيقة بكل أبعادها فكم من وجعٍ في القلب كان سببه انفعال لحظة!"
"الحياة أثمن من أن نهبها لمن لا يستحق، والهدوء في وجه الغضب ليس ضعفًا، بل قوة من يعرف قيمة قلبه وصحته وسلامه الداخلي.."",Anger"
"355e291a1f2a6485,""دكتور عبدالله الغذامي،"

كلماتك — كعادتك — لا تكتفي بأن تُعبّر، بل تُفكّر.
تفتح في المعنى نوافذ تُطلّ منها اللغة على ذاتها، وتُعيد تعريف العلاقة بين الكلمة وصاحبها.
حديثك عن الحلم، والعمل، والقدس ليس مجرد انفعال وجداني، بل بنية فكرية تُعيد الاعتبار للربط بين المعرفة والهوية.

"ففي"",Anger"
"26c47b827fe0822f,""صباح الخير."

"احذر أن تقرر قرارًا وأنت في حالة انفعال في الحزن والفرح، الانفعال يحجب التفكير السليم."",Anger"
"d6aa0e200cff76a0,""البلوك عالارض : انفعال وتسرع وقلة حكمة وبصيرة "
التفاحة بالفردوس : خبث نوايا ومؤامرة وهي أسطورة ورمز لأسباب أخرى خارج معرفة كل الأفكار والعقول والأرواح 
أما أنا : اعتزلت الغرام في الأرض مع ملحم بركات 
"أما في السماوات : ببقى شوف  كيف يتدبر الأمر هو ؟"",Anger"
"12153b38e65645ac,""سبحان الله اول شي حاولي تسكتين قد م تقدرين لان والله السكوت أفضل شي بحياتك كلها"
ثاني شي حاولي اللي يقولك لااا مو عروس لا مو حلو لا ولا ويحاول ينتقد
ردي بكل برود وقولي صح 
"ولا اوك وجه نظرك انو مو عروس احلى واحلى مع ضحكه خفيفه بدون اي انفعال ولا رفعه صوت"",Anger"
"1bb41ba356966b42,""صباح الخير."

"احذر أن تقرر قرارًا وأنت في حالة انفعال في الحزن والفرح، الانفعال يحجب التفكير السليم.#صباحيات"",Anger"
"6bf3e12f26cd0376,""صباح الخير."

احذر أن تقرر قرارًا وأنت في حالة انفعال في الحزن والفرح، الانفعال يحجب التفكير السليم.

#اسامه_الجامع

"#صباحيات"",Anger"
dde75f7b9f6b48ec,انفعال طبيعي يُشاهد في كل ملاعب العالم من كل المدربين حول العالم، شفت على سبيل الذكر لا الحصر سيميوني، وغوارديولا، ولويس انريكي، وجيسوس، وحتى المقلب كانافارو يوم كان متدرب مع النصر، كان يحاول إظهار جانب الحماسة والانفعال رغم إنه من جنب التدريب.. الظاهر خلف الحساب غباء أصفر,Anger
"0bdf98037897917d,""صباح الخير."

احذر أن تقرر قرارًا وأنت في حالة انفعال في الحزن والفرح، الانفعال يحجب التفكير السليم.

"⁧#اسامه_الجامع⁩"",Anger"
"c0413c08110e80cb,""صباح الخير."

احذر أن تقرر قرارًا وأنت في حالة انفعال في الحزن والفرح، الانفعال يحجب التفكير السليم.

"#اسامه_الجامع"",Anger"
"33c2ca2e39b8b34a,""أستاذي الطيار عبدالله.. وفيت وكفيت في المعلومات اللي وضحتها.. ورفع الله قدرك .. "
للأمانة عجبني ردك على الردود السلبية من البعض ..من غير اي إجابة جارحة عليهم ..
او انفعال في الرد عليهم حتى التوضيح لا يأخذ منحنى أخر...

"تحياتي لك على توجعك"",Anger"
431e098af1c866fb,القرارات الكبيرة لا تُتخذ في لحظة انفعال بل في أوقات الهدوء التام,Anger
94cd727d770ca625,اولويات ، كل الموضوع انه اولويات ، بس تدرك هذي الجمله كل انفعال بداخلك بيهدى ، كل عتب محشور بحلقك بيتبخر,Anger
f055ae4c83bba988,اللقطة هذي والله مانيستها اتذكر انفعال الجمهور زين وماكان واضح من الناقل التلفزيوني ان ماني لحاله لكن البزر البرازيلي كان له رأي اخر المشكلة كان شايفه وماني يطلب الكورة بعد,Anger
"f2cc535a9d7fb9d5,""وش اللي يثبت انه غاضب !"
"شخص واقف ويسولف مع شخص ثاني ولا فيه اي بوادر غضب او انفعال !"",Anger"
"04c3754cf2d03cca,""وين الناس البتودع الشهور و تستقبلها؟"
"كلموا نوفمبر براحه براحه و بدون انفعال ..."",Anger"
028c0763eef44db5,ادري لذلك الله يسامحك حبذا لو تحذفها،،، لعله انفعال اللحظه,Anger
23dfb9810e2fa38a,فيه مشهورة كانت مطلقة امس شاركت في النساء السعيدات نتائج أفعال رجال يفعلون تزوجت الله يوفقها كانت تحرض البنات على الرجال و كل محتواها سب و انفعال في الرجال تغريداتها القديمة,Anger
940a17d0f8447a0d,أن شاءالله يحكم لناديك ونشوف شجاعته هل بيقدر يصيطر على أنفعال المنتهي ويطرده,Anger
"1e03f801e2816c77,""بس قلي كلمتين.."
كوليبالي وساديو:
زودوها حبتين!! 
المفروض ينطردون من زمان ..أو يتوقفون بتراكم البطاقات .
" وإنزاغي وجيسوس: انفعال واعتراض وغضب مبالغ فيه ،، لتأثير على قرارات الحكام .!!"",Anger"
c9aa4bd3c97db815,مو انفعال لاكن انت عاجبك المدرب ليه الاتحاد ماصبر على مدربهم وليه الهلال كذلك وهم محققين بطولات معهم الى متى نشوف الفكر الاهلاوي العقيم ذا الي مامنه فايده نصبر على وشو والى متى نصبر مدرب ماراح ينفع معاك وحققت بطولتين بدعاء وبالجمهور وحماس الاعبين والله ماحولك مدرب,Anger
"8764b9c4183216c7,""انفعال إنزاغي بعد طرد كوليبالي "

"#دورينا_غير"",Anger"
"a794688fbe96c343,""المفروض أنه مطرود من الشوط الأول ."
لكن لاعب محترف و راتبه بالملايين في كل مباراة يرتكب أخطاء ما يرتكبها لاعب ناشيء.
"يكفيك انفعال المدرب."",Anger"
579694a74cec4acf,نفيز يناقش الحكم بكل هدوء وبدون إنفعال يمنح كرت أصفر ورنالدو يعترض ويغضب ويرفع صوته ويديه ويتمت بكلمات والحكم   أمامه يبتسم أو يصد عنه وبدون ان يمنح الكروت لماذا هذه التفرقة والتفاوت عند الحكام المحليين والأجانب في تطبيق القانون !!,Anger
71dac8d5e115430b,ابي اوصل شعوري تجاهه الشي الي فعلاً ضايقني لكن ماني عارفه لانها مب راضيه تستوعب انه صدق يزعل مب تهاويل ولا انفعال,Anger
"abaa346074eae80d,""انفعال إنزاغي وهدف ماركوس ليوناردو في مرمي الشباب"
#الهلال_الشباب 
"#دوري_روشن_السعودي"",Anger"
16ee78db8a53c810,ركزتوا ع موضوع انفعال الشباب ونسيتوا حركة البنت هذي المفروض صاحب الكشك ما يعطيها يمشيها ترجع تمسك صف,Anger
"185fc77431bac41f,""يفضّل عند الخصومة بين الزوجين أن يتذكّر كل واحدٍ منهم محاسن الآخر، لا أخطاءه."
فالخلاف لحظة انفعال وإذا استُحضرت فيها المواقف الجميلة والذكريات الطيبة خفّت حدّة الغضب وابتعد الشيطان.

العاقل لا يسمح للحظة غضب أن تهدم سنوات من المودة
"ولا ينسى أن العلاقة الزوجية تقوم على الرحمة"",Anger"
e925e8ccf4fac812,انفعال من انزاغي ، وبطاقة صفراء,Anger
23a27996e2e47660,انفعال انزاغي,Anger
0297ae59bf611589,وش صار عليكم ياملوك لحد الان تطالبون والا خلاص وقت انفعال  #اقالة_ماتياس_مطلب,Anger
"f16c74843505d7c3,""#الهلال_الشباب"

الجنسيه / سعوديه
القبيله / اسمي ينتهي بعائله واصلي قحطانيه
العمر /٢٩
الطول / ١٥٣
الوزن / ٨٥
لون البشره / حنطي فاتح
المؤهل / خريجة ثانوي 
الوظيفه / لايوجد 
الحاله الاجتماعيه / منفصله بدون اولاد 
المنطقه /القصيم بريده 
"اكل علاج لقلق وتوتر وسرعه انفعال وتقلبات لكن لن"",Anger"
a6e7736b91fe08c9,هذا وحده من تصرفات النرجسيين، انتبهوا لا تنخرطون معاهم بهذي العبارات بالعكس دافعوا عن نفسكم بثقه بدون انفعال و خليكم باردين مرة حتى لو الكلام مستفز تصرفكم لهم بيقتلهم عشرات المرات,Anger
b0b85527d6ded563,لحظه انفعال عاطفي ليس إلا ! نأمل أن يتعلم عند لحظات العاطفه الشديدة يلزم الصمت من الأفضل و حتي ان قال شئ و حصل غيرة ف ليس نهايه العالم,Anger
"86fff11c054a3b1f,""#الرؤية_الملكية_تنتصر"
ربع قرن من التحديات، من الصمود، من العمل الهادئ والحكيم، دون انفعال ولا تسرع، بل بثقة في النفس وإيمان راسخ بأن الحق لا يضيع ما دام وراءه رجال أوفياء وقيادة حكيمة. 
"#المشروعيه_الدوليه_تتاكد"",Anger"
cdc83ed0dcb74e12,مافي شيء يستاهل انفعال أعصابك و لا تقدر تغير كل شيء فالحياة فالأحسن تهتم بنفسك و بحياتك و ططططزززززز,Anger
"780c3ded1a9608d9,""ناتج حلقة ١+٢"

تؤكد أن المحتال يستخدم استراتيجيات:
 التودد للجميع للتحالف
أو 
التباكي للإستعطاف
.
ماذا عن الإنفعال؟
هنا لازم نميز:
يوجد إنفعال بصوت مرتفع من شخص صادق 
يوجد إنفعال بصوت مرتفع من شخص كاذب
الفارق بينهما 
الكاذب هدفه إخافة السائل 
على قولة أهل مصر (خذوهم بالصوت)
"ٖ"",Anger"
"7fa812ce497ae4b6,""الحين تأكدت انك رافضي تدخلون المواضيع فبعض وتقذفون المسلمين"
"جاوب بدون انفعال هل صحيح فرمكم الملقب بشريدة الفرسان هو من حرر فلسطين وليس صلاح الدين كما يقول المؤرخ فايز البدراني"",Anger"
"bbbfc10cee1c5e94,""مع الاسف يا استاذ العنجري نحن نسير بطريق معاكس تماما باتجاه تجريد الدولة من ثمار جهدها  على مدى 70  عاما"
"ولم نجد بيننا بيكر ليستعمل كوابح الحكمة السياسية كما كان يفعل اما انفعال السيد بوش،..!"",Anger"
d7df102324627fec,نعم كلامك صحيح ووجهة نظر تحترم الرأي لا يفسد للود قضيه.. الجيل الجديد لا يبحث عن المعلومه بوجود عموووو جوجل وجيل السوشيال ميدا لا يعرف وثقافته محصوره بالوتس اب والتكتك واشياء اخرى ومع ذلك انفعال هاله سرحان مبالغ فيه .. في جيل في مصر نفسها لا يعرف مين هاله سرحان وخاصه الحديث منهم,Anger
f083aa7c6d4496bf,حقيقة..  مع العلم انو الكيان وقح وأمعن في إذلالنا على الشاشات دون خجل او خوف من اي انفعال دولي,Anger
ee2f4133f5c8fcc0,اتمني بدون انفعال ...اهدي,Anger
4fb5df1f208b8353,ستثبت الايام ان هذا الكلام ليس انفعال بل حقيقة,Anger
b82413e6481827c6,أتفق  هو عموماً يوصل الإحساس بدون مجهود بس بدور أورهان لازم يكون أكثر إنفعال+تحسين البنية الجسدية على الأقل يرجع نفس قبل ، قبل ما ينحف بزيادة,Anger
1606f2d84fdf21a4,كلام نابع من وعي سيادي مش من انفعال,Anger
"99912fc22a8388d3,""النبرة:"
"نبرة السرد متأملة، شبه محايدة، لكنها دافئة. لا انفعال ولا خطابة، بل هدوء فلسفي يذكّر بأدب التأمل الياباني أو السرد الأمريكي الحديث (كارفر، مونرو)."",Anger"
44b04ff89c562029,لكبار السنّ رحلة في الدنيا توهبهم قرارة، وقد توازي هشاشتهم ضعفنا لكن رغم هذا فيهم رصانة لا توازي تخبطنا، وهذا الصمود نتيجة فهم الدنيا على حقيقتها كأنها زمان ماضٍ على حاله بكل نوائبه فلا شيء بات يستحث من بعضهم انفعال صارخ,Anger
"070d9cfee94acea2,""جريمة القتل تحدث خلال دقاىق نتيجة انفعال القاتل"

لكن جريمة هذا الاب وما فعله بابنته أنا اعتبرها اكبر من جريمة قتل . بما رافقها من الوحشيه والاصرار وطول الوقت 
يعتبر وحش وعديم الضمير
"أمام هذه الطفله مهما كان غلطها ان وجد"",Anger"
d26829688df39b4b,اوقات التعجب يعني انفعال مع الكتابة لان ماحب الايموجي,Anger
95f1cf8249aded1c,فترة مجلس مرتضى منصور كنت بتفرج على الزمالك و أنا مهموم و شاسل هم كل انفعال و قرار عفوي غبي هيطلع منه ، زمالك حسين لبيب كرهني في كل شيء ، حتى الفرجو المصحوبة ب هم دي مبقتش عايزها خالص ، الواحد يشوفله حاجة افيد يضيع فيها عمره بجد ، مش عارف الفريق ده حله ايه ، انا تعبت نفسيا فعلا,Anger
"48db911e5bd3df43,""اقسم بالله ما ابالغ،بس دائما الي يضربون الأطفال اشوفهم بنفس صورة هذا الاب السافل،"
حتلو تعتبرها ضربة خفيفة،انفعال لحظي ما يأثر
هم ابقى اشوفة عنف بشع و قذر و حالهم من حال هذا الاب
"للأسف هواي ناس يمدون ايدهم على مخلوقات أضعف منهم و ما يشوفون نفسهم مذنبين و الله لان الضربة صغيرة عادي"",Anger"
"dbec34fea4f80161,من bio الحساب، يعترف باضطرابات نفسية مثل PTSD و MDD و BPD، مما يشير إلى صراعات شخصية عميقة. لكن الاضطراب النفسي لا ينفي القدرة على التفكير أو اكتساب المعرفة؛ كثير من العلماء عانوا من مشكلات مشابهة. اقرأ حججه حول الإلحاد وقرر إن كانت مدعومة بعلم أم مجرد انفعال، فالقاضي الأفضل هو,Anger"
62f00787cbf432f7,عادته ولا هيشتريها.. انفعال يورتشيش عقب إلغاء هدف بيراميدز الثاني ضد التأمين الإثيوبي في دوري أبطال إفريقيا,Anger
"14b97ffecdaae43d,""وليد صلاح الدين مدير الكرة بالأهلي:"

"ما يحدث بعد المباريات لا يحدث بأي دوري في العالم.. دخول 40 شخص للتصوير بالهواتف الشخصية تعدي على الخصوصية ويجب منعه وتنظيم الأمر رسميًا خاصةً أن اللاعبين يكونون في حالة انفعال وغضب"",Anger"
"c8161735514fedac,""للحين كلما اتذكر ابي اشنق نفسي هههههه"
تعرف لما يصير شيء خارج سيطرتك مع شخص ودك تحافظ عليه
مو انفعال او شيء سيء ومؤذي لالا شيء مو بكيفك ومهما حاولت تسيطر يبقى هو المسيطر و يكون فجأه بلا انذار وغصب عنك 
المهم 
لا انا في رغبة الحفاظ عليك او رغبة الابتعاد عنك 
"شوفي لك صرفه"",Anger"
"b7763125b58bfaf6,""جملة اليوم"
 
 I am agitated

معناها: 
 أنا منزعج أو أنا متوتر أو أنا مضطرب.

 تُستخدم عندما يكون الشخص في حالة قلق أو انفعال.

 مثال

She was agitated after the argument.

"نطقها"",Anger"
e2645404fcd4a6c1,الدكتور قالي مش عاوزين انفعال بعرض علية نتيجة التحاليل ...قالي النتيجة قمت اتناقشت بصوت عالي عروقي رسمت لوحة فنية ف وشي .....,Anger
"c635c381fc4de1a0,""@FahdCynndy"
 

شايف يا سندي هذا كله بسبب الحكم المحلي 
"اقسم بالله ٩٠٪ لو رئيس الفيفا مو موجود كان خرجت من كأس الملك رغم الطرد والظلم اللي تعرضنا له في هذي المباراه الحكم الاجنبي مطلب شف الغرب والعالم كله يتكلم عن انفعال كانتي لاول مره بسبب الحكم"",Anger"
"47d25decc87d1e3d,""شبحنه وليد صلاح الدين فجأه بسبب قدوم سيد عبدالحفيظ عضو فى إداره الأهلى فإن لم يتبع نفس أسلوبه مع الحكام هيكلم بيبو يطيره ويحضر غيره ..أمس بعد المباراه عمل حركه وهو بيجرى فى اتجاه الحكم "
"قام بالجرى والقفز إلى أعلى فى إنفعال تمثيلى حتى يراه الخطيب وسيد العصفوره ويعجبان به."",Anger"
5321d37dd592cb37,فشل الإشتراكية دفع اليوغسلاف والروس نحو انفعال شوفوني ديني والآن النفور والخوف في أوروبا وأمريكا من المهاجرين عبر الحدود الذين هم من صنعوهم بالحروب هو الذي يدفع كثيرا من الأوربيين الغربيين الي(الغضب العنصري) الذي يختفي تحت عباءة الدفاع عن المسيحية!!!,Anger
"3d99ec106a95e5cd,""انفعال أساتذة الجامعات الأمريكية الشديد بسبب اعتماد الطلبة على الذكاء الصناعي في إعداد أوراقهم وإجاباتهم"

#ثقة_الأستاذ_في_خطر
#الذكاء_الاصطناعي_يغزو_التعليم
#أوراق_بحثية_بلا_جهد
#أزمة_الثقة_الأكاديمية
#التعليم_بين_الإبداع_والآلة
"#أخلاقيات_الذكاء_الاصطناعي"",Anger"
"3868de12cf276a14,""انفعال كانتي المعروف بهدوءه على الحكم "
احتفال فابينهو وبيريرا امام الحكم بعد الصافره 

لقطتين توضح ان اللاعبين فقدوا اعصابهم والحكم المحلي طلعهم من اجواء المباراة 

مع ذلك لازال ملك التوفير متمسك بالحكم المحلي ومايبي يدفع مثل باقي الاندية 
"@FahdCynndy"",Anger"
1798cbeee209aaae,فيوزي سليم تماماً!  أنا هنا لأرد بمنطق ودون انفعال، فما اللي خلّاك تظن إني انقطعت؟ إذا كان في سؤال سابق، وضّح وأنا أجاوب بوضوح.,Anger
213e702483f5386c,اللي ملاحظة انفعال بوقت مثل ضغط عمل ماعندهم اي سيطره على رد الفعل وبمواقف ايضا شبيهه ولاحظت يفجر بالخصومه ويشخصنها، عموما ماصار مريخ ضعيف عبث,Anger
82f43822814b31c3,النص إما أن يكون ذكيا وإما أن يكون مجرد انفعال!,Anger
4e43bbe87ce8ef91,وقعت طقم سنانه وبتكمل عادي التليفون،دون انفعال..ده فين ده,Anger
"dc5779d69b730e08,""نهارية  ميزان العق، إجابة سريعة !!"

سألني أحدهم: 
لماذا لا يضرب الجيش السوداني الدول التي تموّل المليشيا في عقر دارها؟

"إجابتي بوضوح : لأن منطق الدولة ليس منطق انفعال، بل منطق ميزان وقوة ومصلحة وطنية. الجيش لا يُدار بعاطفة الانتقام، بل بعقلية تُدرك أن أي خطوة خاطئة قد تفتح"",Anger"
"fc1984758e450412,""دونجا هيلعب السوبر؟.. انفعال مدرب الزمالك السابق ويكشف تفاصيل مثيرة عن إيقافه على الواتس اب بدون تقرير حكم « العيب عندنا احنا »"

مجاناً على شاهد
برنامج #يا_مساء_الأنوار يعرض الأربعاء والخميس الساعة 10:30 مساءً بتوقيت القاهرة على #MBCMASR2
"لمتابعة البث المباشر"",Anger"
"9dd3f39d66452fc3,""هنا بأعماقي ترتَّج أهوائي وأشواقي"
بي ألف إحساس يُحرقني
ألف إنفعال ألف عاطفه محمومة بدَمي بأعراقي
أحس بي لهفًا حيران يَغمر كل آفاقي
"جفت له شفتاي وأرتعشت أظلاله العطشى بأحداقي"",Anger"
"0cb31a89368b4ce5,""كلامك في محله"
وقت نحكي عن قائد لازم نحطه ضمن سياق معقد البلد والمنطقة
مو بس نحكم بجملة او انفعال لحظي
اليوم في رجل عم يشتغل بعقل وبهدوء وباصرار
عم يمسك خيوط بلد نجا من نيران ما بترحم
ويحاول يرجع هيبته ومكانته
هاد مو شغل بسيط ولا مهمة عادية
الانجازات ما بتصنعها يد واحدة
"بس وجود"",Anger"
31fa870661ceaa78,انفعال وليد صلاح الدين وعبد القادر على الحكم بعد تعادل الأهلي,Anger
"5e47a2196f42dfac,""حيث كل لاعب يريد أن يبقى حتى النهاية."

لكن ما لفت الأنظار أكثر من غضب اللاعب، كان ثبات المدرب.
ألونسو اكتفى بنظرة هادئة، ويداه في جيبه، لا انفعال، لا رد فعل، فقط قراءة للموقف بعقل بارد وسط عاصفة مشتعلة.

"⸻"",Anger"
"17cb2f06631bedd1,""تحليل Chat GPT "
"1) في واحدة من أكثر اللحظات حساسية خلال الكلاسيكو، أظهر المدرب ألونسو نضجًا استثنائيًا في التعامل مع انفعال لاعبه فينيسيوس جونيور بعد التبديل فينيسيوس، المعروف بحماسه وشغفه في كل مباراة،لم يُخفِ غضبه لحظة خروجه وهي ردة فعل عاطفية مفهومة في مباراة بحجم الكلاسيكو"",Anger"
"abf1c0ec360c7504,""ابلع العافية كأس الملك لم يتوقف فقط اربع سنوات تحت مسمى كأس دوري خادم الحرمين"
النصرفريق كبيرويستاهل الخيرلكن جمهوره عندهم انفعال نفسي ويبونه افضل من الهلال وهذه صعبة
الهلال وين والنصروين 
حتى كأس العالم التي تتكلم عنهاكانت بالترشيح وليس بجدارة
"هذالايلغي إن النصرفريق كبير"",Anger"
2ae57f1fdb4e56cb,معقوله انفعال كانتي ما اثر على فهد سندي,Anger
"e762a202e853bf96,""كل من هومنهمك في نظام الحوثي يصبح تفكيره وطريقة كلامه"
سامج واهبل مادخل تقدم عمرك في ثيابك الداخليةا
لوقلت
قصرالنظرالسمع نسيان انفعال عدم التحمل ممكن نقبله ياغبي
"الزمان لاكن لبس الشرابه ."",Anger"
"c58e3f3ed7539386,""كلامي مابي اي انفعال يا ابني المطيع"
اعتقد انت لازم تتعرب ، وانا ارى ان الاخوة اليميين معنيين في تعريبك انت واهلك واصدقائك .
لايوجد عجمي في هذه المحادثة
"لكن يوجد مستعرب صهيوني عديم شخصية ."",Anger"
"1541df10f856599d,""أفشه كفايه عليه كدا مع الاهلى "
الهدف إلا دخل فينا غلطه كبيره للشناوى فى اول الماتش
تريزيجيه انفعال كتير على الفاضى 
"الحلول ف الملعب تقريبا مش موجوده"",Anger"
fcedf8f76dca9c81,سبب انفعال الجمهور حارس الاتحاد الذى استفزهم  يجب ان تقول الحق لو علي نفسك,Anger
"94941a4a413418e0,""سوي نفسك ما سمعت شي …"
حتى تتاكد الصوت من اي طالب وتكون متاكد منه …
"تم عاقب وتعهد بدون انفعال حتى لا يتعبونك مره ثانيه"",Anger"
9e93fa4e9946320a,شدة انفعال .. تروح مع تقدم السن وكثر المواقف وكثر الخبطات على الدماغ فيسير عندك برود ورود افعال هاديه اكثر من قبل.. تطمني ( كنت كذا),Anger
"43afed7b3fa5dd1e,""حين توفيّ إبراهيم ابن النبيّ ﷺ.."
قال نبينا ﷺ وهو يكابِدُ ألمَ المصيبة: (إنَّ العَيْنَ تَدْمَعُ، والقَلْبَ يَحْزَنُ، ولَا نَقُولُ إلَّا ما يَرْضَى رَبُّنَا).

فعلَّمَنا ذلك أن انفعال الإنسان تأثُّرًا بالابتلاءات يكون على قِسمين:
قسمٌ لا يملكه الإنسان، وقسمٌ يملكه!

"فالحزن،"",Anger"
b20061bb02b0ddc6,انفعال بسيط و خصوصاً كريبتا دائما كلامه موزون و من حب كبيييييير يتكلم كذا,Anger
92fb4b415e199023,سبب انفعال رايكوفيتش امس هو رمي جماهير النصر لعلب الماء عليه,Anger
"5fdd2024fa995143,""بعد أكثر من 10 أيام من النقاشات مع شخصيات سنية وعلوية — علنية وسرّية — ودراسة مراجع تاريخية بعمق، قررت ننزل فيديو موجّه للنصيرية تحديدًا في سوريا."
الفيديو مو ارتجال ولا انفعال…
هو خلاصة تفكير وتأمل وبحث. 
"والله ما فيه إلا الزبدة، واللي رح ينحكى فيه ما رح تسمعوه بمكان ثاني"",Anger"
668f60211f9af974,لحظة شيء حبيبنا سند الداش كام تضبط انفعال الشخص لو تلاحظ اغلب الي حصلت معهم مواقف اسلوب واخلاق واحترام,Anger
"8e63e06116865e6f,"""""" أن الصفة المعقدة للشعور الجمالي الذي تثيره مشاهدة الأفلام ، تظهر في شكل إنفعال قد يكون عميقاً ومنفصلاً ، إذ نشعر بالألم والمتعة الجمالية في الوقت نفسه ، يمثل لنا الفن هذا الألم مع شعورنا بالإنفعال ، والإفتتان الجمالي ، الإفتتان الذي لا يلغي الألم ؛ بل يجعله مرئياً  """" ."",Anger"
"e7e09f1dea4badb0,""الهدوء قوة وضبط النفس مهارة."
لا تنزل لمستوى من لا يستحق فالكلمة الرصينة أقوى من ألف انفعال.
#نصيحة_محامي 
"#خبرة_محامي"",Anger"
"76ffeeb08ead1dee,""كما يقول المثل: """"الخنزير لا يسحبك إلا لتتسخ وأنت وهو يستمتع"""" "
"تفاعلك مع سفاهته انتصار له وخسارة عليك، فارق بين نفسك وبين التافهين، فالكلمة الرصينة أثمن من ألف انفعال."",Anger"
"239df4d51ec45a32,""طبيعي تحصل من اي لاعب تجاه اي جمهور في لحظة فرح.  انفعال... غضب"
"ليش دايم نكبر مثل هالمواضيع"",Anger"
91495ad8a7b93ccd,انفعال عبدالإله العمري بعد خسارة النصر أمام الاتحاد يشعل الجدل بين الجماهير - ملاعب,Anger
e1f28e778ace03c5,ايضا ممكن خطأ واحد يكلفك سمعتك حياتك كلها مثلا لحظة انفعال ويجي واحد بكرسي يضيع علي سمعتي ويجون عيالي بعد سنوات يشوفونها في تاريخي,Anger
8e84d369ece25492,كيف تاثير كرستيانو على الحكم شاهد خوف الحكم من انفعال الشايب صحيح يستحق كرت بس غير مقصودة قبله ساديو ماني عثى بلاعبيى الانديه كلها وبكل المباريات والحكام بعد خمس فاولات واكواع وكسر مفاصل يعطونه كرت اصفر وبستحاء الان الاعب الاتحادي على طول اشهر الكرت الاحمر يالهو من حكم مزروع لهم,Anger
"464f6c8dba9df245,""بدزن انفعال وشتائم ممكن تفهمنى وجهة نظرك فى حماس "
"بناء على ايه ارهابيين ولأى سبب تصفهم بخدام ايران ؟"",Anger"
"fdf85a4120769a0c,""شيب طلع عندي من وراه انفعال و عصبيه لهذا وحده"
"تخليني اهدئ"",Anger"
ea14107967745365,لحظة إنفعال بتصير كتيير,Anger
8dede196c11a832b,لو انا مكان سمير عثمان وواحد يرفع صوته بهذا الشكل افسخ العقد ثاني يوم ،، الا اذا كانت مسرحية متفق عليها لان اسم البرنامج اكشن ،، انا استحيت ووليد يكلم عثمان سمير بهذ الشكل شوية احترام تقدر تستفسر بدون صراخ ،، سمير واضح عليه التغير في ملامح وجهه بعد انفعال وليد عليه #اكشن_مع_وليد,Anger
"95a8f218b7dc4aba,""هل تعاني من انفصام؟!"
خطابك كله انفعال وحماس والآن تنتقدها؟!
ثم كيف تشبه حال الشعوب مع الحكام بأحوال الأنبياء والصحابة مع فرعون والمشركين؟!
ولم عممت خطابك بدون تمييز وتفريق بين الدول بحسب أحوالها؟!
"ولماذا لا تبدأ بنفسك وتقول لاردوغان يا حاكم بلدك فيها شركيات وبدع وخمور ودعارة؟!"",Anger"
"94bb02fc0202a4aa,""2/4.. عن أي انفعال أو تسرع، لتؤكد أن العدالة في المغرب لا تدار بالصخب بل بالحجة والدليل."

"الأرقام الرسمية تكشف بجلاء أن أكثر من 3300 شخص أفرج عنهم بعد التثبت من براءتهم، فيما تمت متابعة من ثبت تورطهم بأدلة دامغة في أفعال شنيعة مست كيان الأمن العام وسلامة المواطنين. أما القاصرين.."",Anger"
49befb774b0c25f8,ويعجبني في الطريس انه وثق في انفعال كانتي ورجع له رميه التماس,Anger
"fa007505c87cfc8c,""انفعال #كريم_بنزيما على حكم مباراة #الاتحاد و #النصر.. ماذا حدث؟"

للتفاصيل 
alyaum.com/articles/66242
…

#الميدان #الاتحاد_النصر
"#كأس_الملك"",Anger"
"199ca118667ce8d4,""انفعال #كريم_بنزيما على حكم مباراة #الاتحاد و #النصر.. ماذا حدث؟"

للتفاصيل 
alyaum.com/articles/66242
…

#الميدان #الاتحاد_النصر
"#دوري_روشن"",Anger"
"5b7ff126562401d4,""دائما اول دعواتي اني اكون انسانه اقل انفعال واشيل غيظي واتحلى بالهدوء وبالوقار وضبط النفس"
والغريب إني رغم كل ذا احن قلب في العالم احيانا اجلس افكر كيف املك كل هالحنيه وانا اقلب جنون وقت ما اكون زعلانه وكيف ان العصبية ما تنفي الحنية أبد 
"يعني نار ومطر في جسد واحد"",Anger"
69fd18d968a392f8,من الاسلوب الي ظاهر مب اسلوب الشخص مستحي من هذا الفعل هذا واحد اثنين لكل فعل ردة فعل وانا معك فيها لكن الوالدين مافيها لكل فعل رده فعل فيه لكل فعل عدم انفعال والاحترام سالفة الي ما راح ارد عليه لاني متمشكله معه هذي تسوينها مع صديقتك لكن ابوك مهما عصبتي عليه ماتخلينه كذا,Anger
"25b4b67cbf878a30,""انفعال #كونسيساو مدرب #الاتحاد على حكم المباراة "

من: 
@khalafalkwikby
"#الميدان | #كاس_خادم_الحرمين_الشريفين | #النصر_الاتحاد"",Anger"
"b39b5d31a5adaccb,""#النصر_الاتحاد "
"لم يُظهر إنفعال سيمكان إلا اللاعب القذر ؟"",Anger"
"27ace263af6dfdab,""أما أنت، فتصنع سيناريوات من خيالك، وتضع لنفسك خصومات وهميه ثم تنتصر عليهم في رأسك، وكأنك تحاول إرضاء شعور في داخلك. يبدو الأمر أعمق من مجرد انفعال أو تحزب أو طائفية."

"أنصحك بمراجعة نفسك أو أن تتلمس الأرض. لا أنت ولا صهاينتك ولا قرداحك تفهمون شموخ البدو ولن تدركون ان مساعينا هي"",Anger"
"1a39d3c7fcba4284,""يا جماعة لا تكبروا الموضوع طالما النية صافية، يوسف ماجد لم يخطئ حتى يعتذر، ممكن انفعال بهدف الفوز . الأمر ما يحتاج "
واللي يبي يستغل الموضوع وتحريفه يروح يلعب بعيد.
اعلم أن هناك من الطيبين غاضبين من تصرف يوسف لكن الموضوع ما يستاهل.
"ولا تخلون أبرهة الحبشي يتشمت فيكم."",Anger"
"03c3bdab2964705a,""الاننفاضه الشعبانيه شحصلت منها رحمه لربك مو انحصرت ب المرقد تصيح النجده يا ايران"

فات حسين كامل سوه اباده بيكم وسحل مراجعكم حته الخوئي شخ ع نفسه وقابل صدام ( اريد مررررسيدس)  

صدكني ماكو انفعآل جاي اضحك عليكم طائفه محيسن طيز وكلاواتها وبطولاتها الوهميه

ال انتفاضه ال
"بطران انت"",Anger"
"bc04140d85b683f6,""الاستنقاص لا يكون في اللون بل في الأخلاق وفي داخل القلوب "
"السواد لون من ألوان الجمال التي خلقها الله في أحسن تقويم ولو كنتُ ذات بشرةٍ سوداء لافتخرتُ بلوني لأنه لونٌ ميزني به الله ومن ناداني به سخريةً سأجيبه بلُطف وأناديه  بلون بشرته وأترفع عنه بلا انفعال، فالأدب أبلغ من الغضب."",Anger"
"51394f79904cc405,""تدرون دائمًا أول دعواتي إني أكون إنسانة أقل انفعال وأكظم غيظي،وأتحلى بالوقار وضبط النفس"

والغريب إني رغم كل هذا أحن قلب في العالم
أحيانًا أجلس أفكر كيف أملك كل هالحنيّة وأنا أقلب شيطان وقت الانفعال ؟ 
وكيف ان العصبية ما تنفي الحنيّة أبد 

"يعني نار ومطر في جسد واحد"",Anger"
56e17278f61fde48,لحظة طرد حربوش وسط انفعال لاعبين الشباب,Anger
"aa802bd2f60c73d2,""#تأثير_الفكر_على_المصير "

كم من شعورٍ عابرٍ تمنّيناه في لحظة انفعال
تحوّل إلى واقعٍ أقسى مما تخيّلناه.

#انتبه_راقب_صفّي 
"#استعذ_بالله"",Anger"
"46175391371e2411,""غَضًى:"
أتمنى لو كنت شخصًا أقل حساسية
أقل إنفعال
أنّ أستطيع الشعور بوسطية الأمور
الحَد المقبول من العصبية
من التفكيّر، من الحزن
من البكاء
من الضحك
"لكنني مُمتلئ وأفيض من كلّ شيء"",Anger"
4dfe2bbdcab34834,اصلا انفعال طبيعي حتى كلمته ساغادر الفريق يقصد الدكة لما طلب منه المساعد البقاء مع الفريق بالدكة لكن ربعنا ماشاءالله ترجمتهم ابو كلب,Anger
e6154cd4f4a643cc,لان دعواتك قاعدة تتحقق، تتمني تكوني اقل انفعال ويجيك بعدها كل اللي يسببلك انفعال عشان تتعلمي وتتعودي مع الوقت .. كل ما تواجهي أشياء صعبة حتتطوري اكثر,Anger
"f80bd8d8208b65ec,""قال فرويد:"

> “الخوف هو أصل كل انفعالٍ غير ناضج.”
وما يُبنى على اللا نضج، ينهار عند أول مواجهة مع الوعي.

أما جبران خليل جبران فكان أكثر صفاءً حين قال:

> “لا تقف في الشمس ثم تشكو العطش.”
"فالذي يزرع الخوف لا ينبغي أن ينتظر حبًا أو وفاءً، لأن الحب لا ينبت في أرضٍ مظلمة."",Anger"
"a5d6daacc7cf8c13,""خوان غاسبارت رئيس برشلونة الأسبق يسخر من داني كارفاخال مدافع ريال مدريد "
"غاسبارت تفاعل على طريقته الخاصة مع انفعال قائد """"الملكي"""" على لامين يامال نجم البارسا خلال الكلاسيكو الأخير "

"#ريال_مدريد #برشلونة #الليغا #الكلاسيكو #كارفاخال #لامين_يامال"",Anger"
92527765b559a34a,اول ما شوفت القرار فضلت ساكتة شويه اللى هو محدش عارف الخير فين بعد شويه انهارت بسبب رد فعل الوردة على انفعال وغضب زمايلى,Anger
"a51c11b01f523fb0,""أولًا، سلام عليكِ ، وحقيقي شعورك طبيعي جدًا، لأنه مرتبط بالثقة والحب والرغبة في أن يكون الزوج نقي القلب والنية."

أي تصرف سريع أو انفعال ممكن يزيد التوتر بينكم.

خدي وقتك لتصفية مشاعرك وفهم دوافعك الحقيقية: هل الغضب من الخوف على الزواج، أم من الشعور بالخيانة؟

"قبل أي كلام، تأكدي"",Anger"
"39bd9cd1bd27ac30,""دايم اول دعواتي اني اكون انسانه اقل انفعال واكظم غيظي واضبط نفسي"
والغريب اني رغم كل ذا املك احن قلب في الدنيا
احيانًا اجلس افكر كيف املك كل هالحنيه وانا اقلب شيطان وقت الانفعال ؟ وكيف ان العصبيه ما تنفي الحنية ابد 

"يعني نار ومطر في جسد واحد"",Anger"
"0bfcfa69228b4feb,""الجهاز العصبي تعبان "

"تظهر وتبان عند اي جهد او انفعال"",Anger"
"3bce5957342b596d,""تدرون دائمًا أول دعواتي إني أكون إنسانة أقل انفعال وأكظم غيظي، وأتحلى بالوقار وضبط النفس"

والغريب إني رغم كل ذا أحن قلب في العالم
أحيانًا أجلس أفكر كيف أملك كل هالحنية وأنا أقلب شيطان وقت الانفعال ؟ وكيف ان العصبية ما تنفي الحنية أبد 

"يعني نار ومطر في جسد واحد"",Anger"
"949ecb014e1a231a,""تفسير القيادي بالسيادة عمار العزاوي لخطاب #الخنجر عن #بغداد يثير انفعال ضيوف نصف دائرة… وفصل من الضحك بسبب مفردة اطلقها هاني عبد الصاحب: هذولة غوغائيين "

"#نصف_دائرة"",Anger"
"b02d6281e5d80e07,""هناك ارتباط وثيق بين عدد ساعات النوم والحالة المزاجية."
 فالنوم ليس رفاهية، بل حاجة أساسية للعقل والجسم والنفس.
حتى الأطفال عند نقص النوم يظهر ذلك في شكل عصبية، بكاء، تشتت، أو انفعال مفرط.
متوسط ساعات النوم حسب العمر:
من 0 إلى 5 سنوات: 12 إلى 15 ساعة يوميًا
"من 5 إلى 12 سنة: 10 إلى"",Anger"
8defa93ba8298b47,اجل كانت نتيجة لحظة إنفعال وقتي ههههههههههههههههههههههههههههههههههههههههههههههههههههههههههههههههههههه وناسه وانت تتأدب,Anger
"4ec97db641bfe948,""هلق حلقة حلوة بس لو نخفف شوي انفعال منشان شبيحة الاسد ."
"صح شي بيرفع ضغط بس. الحلم والصبر حلو ."",Anger"
"93e8e831d357c140,""يخلقلك عداوة، بيغذّيها، بيحوّلها لمحرّك الجماهير… لأنو ما عنده فكر يوحّد الناس، فبيستعمل الخوف بدل الوعي."
القائد ما بيغذّي الكراهية، بيبني إدراك.
ما بيزرع انقسام، بيزرع رؤية.
ما بيستغل الناس، بيوجّههم.
"ولأنو لبنان شبع زعما، صار الوقت نسمع أصوات قوّاد فكر ورائدين، مش تجّار انفعال"",Anger"
ad8888dc815fbaec,انتو الاتنين الان تسببتوا في الاساءة للأمهات ،، من تعليق بسيط انفعال وشتيمة وكلام جارح ووصلت حد القذف بدون قصد ،، ليه ما تتمالكوا اعصابكم شوية ،، يعني الموضوع من بدايته غلط لكن قد يأتي الغلط من شخص انت لا تعرفه ولا تعرف تفكيره واسلوبه فما تقارن نفسك بيه خليه احظره جليه ، انتبهوا,Anger
"ab77a0339939005e,""الحدس، أو ما يُعرف بقرارات """"الشعور الداخلي""""Intuition—Recognizing Patterns، ليس مجرد انفعال غامض، بل آلية عقلية معقدة تعتمد على التعرف السريع على الأنماط، دون المرور بتحليل منطقي واعٍ. "

"حين نواجه موقفاً جديداً، يقوم العقل البشري إلى استدعاء تجارب سابقة تشبهه، ويقارن بينها وبين"",Anger"
"3a65186d00f72729,""عبدالله القصيمي ....."
لم يُقدِّم فلسفة بل جرحاً مفتوحاً 
في نصوص طويلة 
يختلط فيها الألم بالتمرّد.
هو أقرب إلى حالةِ انفعال على الدين 
والوجود منه إلى (مشروع فكري)متماسك.
الرجل قرأ الغرب فانبهر بسطحه 
وهاجم الإسلام بجهله 
فصار يكتب من عقدة لا من فكرة.
ولذلك لم يُنتج نظرية 
"ولا"",Anger"
"3405fe8754032278,""كل فترة يطلع مشهور يدقه بالكلام"
مايرد السيئة ويثير الجدل، مايصنع فتنة من ولا شيء، ما يستنقص من أي مشهور ثاني، دايم يمدح منافسينه بالمجال، يطلع يهدئ جمهوره بعد كل أنفعال ومشكلة، وقف يشارك بالجوائز عشان غيره
"والله والله لن ينجب اليوتيوب أحمد آخر"",Anger"
"cff9ef530885ff8c,""فرجع بها رسول الله ﷺ يرجف فؤاده»"

قال ابن حجر رحمه الله: 

"بها"""" أي: رجع بالآيات،"

"يرجف فؤاده"""""
 أي: انفعالٌ حصل له من مجيء الملك.

هكذا تلقَّف قلبُ النبي ﷺ تلك الآيات الخمس، فاهتزَّ لها فؤاده وارتجَّت بوادره.

"فبأيِّ قلبٍ نحنُ اليومَ نتلقَّف آياتِ الله؟!"",Anger"
"3ae51fc0e48c2200,""ارتفاع الأدرينالين و تراكم التوتر العضلي و تصريف للطاقة المكبوتة الي في جسمك "
بمعنى 
"الارتعاش وقت المشادة ما يعني إنك خفت هو ببساطة رد فعل جسدي طبيعي للغضب أو التوتر هدفه تجهيزك أو تفريغ الطاقة بعد لحظة انفعال"",Anger"
"02249f5efc2a2d05,""لأن الشعر نابع من انفعال عاطفي وهذا الجانب أقوى عند المتقلب وحاد المزاج "

"مع انها ليست قاعدة لكن سبب"",Anger"
725314f9cbc54414,انفعال وانت فائز دليل تهوركم يا,Anger
1abdf5b2ecaf1ccf,إنفعال وقتي   ،، ضحكوا عليكم  ومشَوها .,Anger
0133216a4af0234d,رؤية عميقة تعبّر عن ثوابت الأردن ومكانته الراسخة في الدفاع عن الحق دون انجرار أو انفعال… مواقف تُكتب بماء الحكمة.,Anger
"3eec7a65ae558537,""جزء كبير من انفعال ياسر سببه حاجتين:"
١. اللي قدام لا بيضغط ولا بيرجع يدافع 
"٢. جبهة كوكا وياسين خرم كبير في دفاع الأهلي، كوكا بيهرتل كتير وياسين بطيء جدا، وياسر بيضطر يسيب مركزه عشان يغطي وراه، وطبعا مركزه بيتكشف لأن البهوات اللي قدامه محدش منهم بيرجع يغطي معاه"",Anger"
d223b586ff57ee29,راجع لي حُب التويتر الي كان متلاشي أحبّ المساحة الي يعطيني اياها بالتعبير هنا أرتجل بالكلام بدون أي أهتمام لحكم او رأي او مُبالغة بكلامي الي قلته بغض النظر عن لو كان السبب ورا الكلام موقف او رأي او هرمونات او لحظة انفعال واندفاع او حتى لو مجرد هبد او كلام عابر هنا مساحتي بالتفريع,Anger
"21bb78d547968c11,""يعجبوني الناس اللي يمشي معهم الذوق"
"الناس اللي تفهم انزعاجك بدون رفع صوت أو انفعال ملفت"",Anger"
"51f50d521c50d96d,""وصف الجيش و قيادتو بالخيانه غلط كبير "
الجيش ما خاين 
في فساد متفقين ما قلنا شي
 بس ما خاين 
قدمو و بءلو الغالي و النفيس 
الناس ما تخدم العدو وتردد رواياتو بي انفعال
"ما بيدنا الا ندعم جيشنا بي كل عللو"",Anger"
"296ad9f076865048,""@Saud081"
 
صار لحظة انفعال ها …
لانك قليل ادب 
والله وبالله وتالله او لي سلطه لا اتلك مع اذنك للمحكمه 
مسوي خفيف دم 
"لا بارك الله في قليلين الادب"",Anger"
"6aa0abe59983ae4e,""أتفق معك المطالبات حق للجميع ولكن لابد أن الأسلوب يكون محترم، شفت الموضوع اللي صار مع المطور العربي ولا حبيت أعلّق لأني حقيقة كنت متحفظ لسببين:"

#NAME?

#NAME?

"السبب الثاني ما كنت"",Anger"
"f33b1bf55c8b8672,""ارحموا من ذل وعاد معتذرا ياخوان خانه التعبير "
"وكانت نتيجة انفعال كما ذكر"",Anger"
"d46b20bcc45e7bf9,""ماذا قال ألونسو عن انفعال فينيسيوس ضد قراره باستبدال اللاعب البرازيلي في مواجهة برشلونة؟ "
skynewsarabia.com/sport/1829648 via 
"@skynewsarabia"",Anger"
"b2438a1f766b95e9,""ما مفروض يكون عندك مشكلة مع كلامي اذا فهمتيه حسب انفعال ما"
"لانه كلامك عبارة عن اتهام لي اني بقصد الناس الاتضررت وماتت وانتُهكت ودا ذاته في قمة التخوين مشكلتك فهمك لكلامي مش كلامي"",Anger"
"fb8ec154ab2c8e49,""دخلت الصيدليه وجدت الدكتور فى حاله انفعال  وبيشد شعره بقوله مالك يا احمد فى ايه قالى طول اليوم الناس تدخل تقولى عايزه علاج اللى فى العلبه اللى لونها كذا لما تعبت وزهقت قلتله أهدى طيب ووحد الله معلش"
"بكره بقى ابقى أقوله عايزه العلاج اللى ف العلبه البيضه بخط اخضر ونقط بينك"",Anger"
"092661eac56880f5,""كيف يقول لحظة انفعال وفريقه فايز "

"!!!!!"",Anger"
"f2044b2387665337,""أكره اللي مايرضى على نفسه لكن يرضى على غيرة"
مهما كانت أفعالك لا تنسى إن لك حدود بالتعبير عن رأيك بدون تجريح و انفعال
 ربي سبحانه خلق كل شخص فينا بتفكيره 
و أسلوبه و تعاملُه من أنت ؟
 عشان تقلل من غيرك أو تجرح خاطرَ مُسلم !
مدري بس
" شكلك يكون مقرف لما تنتقد الشيء وتسوويه ):"",Anger"
"8220a13ed3aa1fd4,""لا أدري أهي حقيقة أم لا، لكن لاحظت شخصيا أن التعود على نمط التحفيز الذي يأتي من تيكتوك وما شابه مضاد في طبيعته لمواطن التحفيز التديني، وكثرة التعود عليها تجعل طبيعة التحفيز على تلاوة القرآن مثلا غير موجودة، فلا يشعر المرء بأي انفعال كما كان."

"كلا بل ران على قلوبهم."",Anger"
fbb2e67fa3c50730,انفعال فيني يؤثر على الفريق! يجب عليه تحويل هذه الطاقة إلى حافز للعب بروح جماعية. التحكم بالعواطف هو مفتاح النجاح على أرض الملعب، خصوصًا في مباريات غير محسومة.,Anger
7a5d286333d827a7,انفعال وهم فائزين,Anger
"e30bacc6f1222c4e,""بدون انفعال وضح موقفك في تغريدة مثبتة من منهج أحمد السيد،والباقي لابأس به ، أعرف عن أحمد السيد أنه تسبب في عودة كثير عن الإلحاد ،ولكن لم يعجبني موقفه الأخير من حزب اللات واعتباره من المسلمين!! "
"يجب أن لا ننساق ورى أشخاص تدور حولهم شبهات،عندنا ما يكفينا من العلماء  والعلم الشرعي ."",Anger"
"a54c68587ff998f4,""طيب لحظة انفعال و انت الفائز…."
"الإشكال هذه معروفة نواياها …."",Anger"
"07cca4c2d193545e,""ألفاظ نابية حتى الاعتذار ماله معنى "
قال لحظة انفعال ….
"تعصب و كراهية و انتقاص ….."",Anger"
"96b64853b6b3de21,""ألونسو يعلّق على انفعال فينيسيوس على قراره في """"الكلاسيكو"""""",Anger"
"8e50332bbc5c770e,""@Saud081"
 
المبرر (انفعال وقتي)
الفريق فايز ومبسوط  وتصف ناديان سعوديان بالحمار ماذا لو خسر فريقك المباراة ممكن تصف الفريق الخصم 
"الأمور ماهي بكيفك  تغلط وتنشر غلطك وترجع تسوي اعتذارك الاقبح من ذنب"",Anger"
cfd24a2876afab07,أعتذر عماورد في تغريدتي السابقة التي أعقبت مواجهة الاتحاد والهلال وماأحتوتة من عبارات غير مقبولة ، كانت نتيجة لحظة إنفعال وقتي .. راجياً من الجميع قبول إعتذاري مع إحترامي وتقديري لجميع الأندية السعودية ومنسوبيها,Anger
3cb9a2756297d08d,جزاك الله خير ، لحظة إنفعال والله انه يقهر و والله لي حول شهر ونص ماسك لساني عن اللعن ولا بطبعي بس ازل,Anger
350540b1ec1bba38,انفعال وانت فايز لو خسران وشتقول ولكن مالك الا وطي,Anger
49a4e44a3e3c8893,ههههههههههههههههههههههه لاعاد تنفعل انفعال وقتي,Anger
8796565188a07628,لم تكن لحظة انفعال وقتي أبداً ، لأن فريقك فايز بالمباراة .. ارجع لأغلب تغريداتك والريتويت في صفحتك وستكتشف أنّ الهمز واللمز والسخرية هي ديدنك والخط الذي ارتضيته لنفسك .. غفر الله لك يا سعود فما هكذا تورد الإبل .. الدنيا فانية ياصديقي فلا تحمّل نفسك الآثام من أجل لعبة .,Anger
"e7b5382775a26c77,""لا والله ماهو انفعال هذي اخلاقك و نتانة ماداخلك"
"لا عفى الله عنك ولا غفر ."",Anger"
b26e86e881bbb11d,والله هذه مايقولها انسان عنده كرامة . لايقول انفعال غير مقبولة,Anger
"03d89888f7588dc4,""انفعال وفريقك فايز !! اجل إذا مهزوم وش بتكتب !؟"

"استغرب ممن لديهم متابعين ويشطح"",Anger"
"a42297be2652169b,""كانت نتيجة لحظة إنفعال وقتي !!!!!!!!!!"
عذر أقبح من ذنب … 
x.com/saud081/status
"…"",Anger"
"56f191e7f1c909b1,""انفعال فينيسيوس!"

 «سأغادر الفريق، سأغادر… من الأفضل أن أغادر»، قالها أثناء خروجه من الملعب متجهاً إلى غرف الملابس، وفقاً لما نقلته قناة DAZN
"@marca"",Anger"
ae710099893754eb,انفعال كبير من فينيسيوس بعد استبداله.,Anger
"f26a13bde159d27e,""تم الدعس "
"اجل تقولي انفعال"",Anger"
"3fb61d667eb0fb11,""أحيانًا لا تفسد المحبة بغيابها، بل بسوء ممارستها."
كم من قلوب صافية فرّق بينها سوء التعبير أو انفعال عابر!
wtn.sa/a/1171950

"#الأحساء #الوطن #المحب"",Anger"
"9ffeadd1fd3e4e8c,""ألونسو يعلّق على انفعال فينيسيوس على قراره في """"الكلاسيكو"""""
menewspost.com/%d8%a3%d9%84%d
"…"",Anger"
"139c4ef0a0ffbadf,""يقول نتيجه انفعال "

وفريقه كاسب المباراه 

"وشلون ؟؟"",Anger"
"0ae97169eb677ea0,""عايزك تتفرج بهدوء وبدون انفعال  واستمتع بالنجم محمد سلام "
@Turki_alalshikh
" #تركي_آل_الشيخ #موسم_الرياض"",Anger"
a456684f019bda29,تناقض كيف لحظة انفعال وقتي وفريقه كان فايز بالمباراة.   هراء ولا يقبل اعتذاره المفروض يُعاقب على الكلام القذر الذي لايمكن أن يصدر من كبير بالسن هداه الله وابعده عن المجال الرياضي إذا هذا منطوقه رياضيا.,Anger
e76e4ece9216b6ba,وشلون لحظة انفعال وهو فرحان بالفوز؟,Anger
157029dfe8c9b805,ألونسو يعلّق على انفعال فينيسيوس على قراره في “الكلاسيكو”,Anger
"fee53c09bab81191,""ألونسو يعلّق على انفعال فينيسيوس على قراره في “الكلاسيكو”     #أخبار"
#كينستراك_نيوز

 
"ift.tt/EwbtqQY اقرأ المزيد هنا"",Anger"
a2dc7b8f7f1bdd19,وبتخليك تتخذ قرارات مصيرية في حياتك وانت في لحظة انفعال او في لحظة روقان زياد وتنشبك في بلاوي وتموت قلبك وترجعك لأسوأ احوالك وتضيع لك القرآن من قلبك ومن بين يديك وتأخرك عن صلاتك ولو ما أخرتك عن الصلاة فصدقني بتخليك تصليها بدون اي خشوع فيها وما تستلذ بالايات وتدبرها..,Anger
1b134f61c2336130,يخطي الواحد وينشر قذارته في x واذا اندعس قال كنت في لحظة انفعال ياخي إذا كنت منفعل ابتعد عن وسائل التواصل كلها ولاتجيب العيد,Anger
"9b233b09710a3f05,""#ألونسو يعلّق على انفعال #فينيسيوس ضد قراره في """"الكلاسيكو"""""
#برشلونة
#ريال_مدريد
#الكلاسيكو
#فينيسيوس_جونيور
#لامين_يامال
#سكاي_نيوز
"#سكاي_أونلاين"",Anger"
"91ca7ddc04e33d20,""اعتذار غير مقبول "
لو كان اعلامي حديث لن يقبل 
لو كان من شخص عادي عاقل بالغ لايقبل 

"فكيف من  اعلامي له اقل شي 40سنه اي انفعال وناديك فايز فكيف لو كان خاسر"",Anger"
7003c477942d5af4,طيب عندي معلومة    علشان الجميع  يستفيد  اذ حالتك متوترة  مهما يكون العلاج  لن تستفيد شيء اذ بغيت تتناول العلاج  يكون حالتك طبيعية  يعني تعطي تهدئة الجميع الوظائف  في جسم. الانسان  هذي نقطة مهمة بطب  اذ  حالتك  غير طبيعية انفعال وقلق وماشبه ذلك. العلاج لا يعطي  فائدة,Anger
"d939df7b5b5dbdef,""غلاف ماركا | ريال مدريد يبتعد في الصدارة."

ريال مدريد يتفوّق في الكلاسيكو ويتقدّم بفارق 5 نقاط عن برشلونة.

مبابي الحاسم وبيلينغهام المتألق سجّلا هدفي الفريق.

فوضى بعد صافرة النهاية شهدت طرد أحد اللاعبين و6 بطاقات صفراء.

"انفعال كبير من فينيسيوس بعد استبداله."",Anger"
33ccb0da559e8ae1,لحظة انفعال,Anger
23dccd705425a422,أنا معاك التبديل غلط بس ماتدري شنو كان براسه ومو ضد انفعال فيني بس مو قدام الكاميرات,Anger
068392b69481765e,يا برود مطفّيني يا انفعال خانقني,Anger
"5d70f91186e76ee7,""#ألونسو يتجنب الحديث أمام وسائل الإعلام عن انفعال #فينيسيوس ضد قراره في #الكلاسيكو"
alriyadh.com/2157730
"#جريدة_الرياض"",Anger"
31ae14040291b172,ليست نتيجة لحظة انفعال بل هذه أخلاقك وتربيتك,Anger
a2bd21f0527d8c53,فرحتهم و انفعال لعيبتهم نهايه المباراه تبين لك الحرمان الي صار الموسم الماضي,Anger
9362ebef68bddb67,هو فيه اضطراب نفسي  وهي عارفه ان بتطلع حركات منه مو محسوبه غضب انفعال الخ  واستمرت معه وش تبي هي الحين تعاطف ؟؟؟,Anger
"7492ae2b43a1e422,""اللغة علم لا انفعال، "
تُضبط بالقياس لا بالضحك 
وللأسف .. ما حُرِم منه في أوروبا نال بعضه هنا، لكنّك ما نِلت شيئًا من اللغة بعد.
وطلبه لا نعرفه .. نعرف مجمع الملك سلمان 
"إذا تعرفه ؟!"",Anger"
"5b4c3080973bb1e0,""أنا ما رمشتش حتى لما شفت ان كوندي هو لي عامل الانطلاقة"
"صفر انفعال"",Anger"
"ac2e50f2dabb06c3,""فينسيوس يغادر الملعب بانزعاج و انفعال كبير .."

ها باش زوين براهيم دياز .. ما كيتقلق، ما يحتج، ما يسب، ما يهزش فيك العين اصلا !

بزاف ديال المدربين كيفضلوا هاد النوعية، حيت كتسهل عليهم الحياة.

"و مدربين اخرين اكبر، كيفضلوا نوعية فيني، حيت كيجيبو ليك الالقاب و يديرو ليك سمية .."",Anger"
73198e7380738993,ماعدت أطيق أو أحتمل أي محاولة لافتعال مشكلة، ولست قادرة على تقبّل أي انفعال أو احتوائه بعد الآن، الضجّة والخدوش التي تحدث على هامش الموقف باتت تستنزف سلامي الداخلي وتستفز غضبًا داخليًّا يثير رجفة يدي.,Anger
f27092bd57ed21de,مشاعر غضب ويوجد صمت كبير وتجاهل في هذي العلاقة لانه احيان يصمت لانه اذا رد عليكي في لحظة انفعال يخاف يندم فيسكت مده حتى مايتهور,Anger
3f65694d8782da0f,اي وربي مرره حتى من قبل كم اسبوع لاحظت نفسي انفعل على كل شي وحتى سويت حركات غبيه لاني منفعله وما كان يسوي كل هل انفعال,Anger
"16c575f5eccb4f05,""هذا الكلام يختصر مرحلة"
"تاريخ يُكتب بلغة واعية ما فيها انفعال بس فيها عمق واحترام للفكر"",Anger"
b0524c1c71f79fa6,لأن الغيرة الحقيقية لا تعرف البروتوكول هي انفعال الصدق حين يختبر الأمان..,Anger
12eb2b42adcb7d91,واشوف بتحاولون تتماسكون عن امور كثيره وتمسكون نفسكم، فيه بدايات جديدة ، طاقتكم فيه انفعال ابسط شيء بيصير بيضغطكم  ، مبلغ مادي فيه رقم ٣-٥-٨ بيجيكم او تسع اشارات  ، شكوك ان شخص يتكلم عنكم بطريقة سلبية - ينافق ، رغبة تعرفون وش مكانتكم بحياة شخص ورغبة شراء شيء غالي,Anger
95d3018ddae70775,خليها ترفعها بس بدون تهور و انفعال و تخلي احد يراجع الشكوى معها اذا ما تقدر تنتظر و تكون بلغة واضحة جدا و هادية,Anger
354b41fc1c15e24b,التي تُقال في لحظة سكونٍ داخليٍّ أبلغ من كل ما يُنطق في عاصفة انفعال فالنور لا يحتاج إلى صريرٍ كي يخترق العتمة والعظمة لا تُقاس بحدة الصوت بل بصفاء الحضور، فكم يخطئ من يظن أن الرفق تراجع أو أن الهدوء ضعفٌ متخفٍّ في ثوب الحلم إن اللين حين يصدر عن فهمٍ عميق هو أقصى أشكال القوة,Anger
"a7d9fba52938ad10,""منتب صغير عشان تعتذر وتبرر انها لحظه انفعال وقتي "
جابوك الرجاجيل وضربت ريوس 
احترم تحترم 
وغصب تعتذر لان وراك قضايا 
"دوله نظام ياحبيبي"",Anger"
"bea3bbf2d56b9d3f,""4. ترفع جودة قراراتك النفسية"
الأسواق تمر بدورات نفسية (خوف، شك، أمل، طمع، إنكار).

حتى المستثمر طويل الأمد يتأثر عاطفيًا بالهبوط والصعود.

" عندما تفهم أن هذه مراحل طبيعية، تبقى ملتزمًا باستراتيجيتك دون انفعال."",Anger"
3b4760e49e64d9f9,هو بتعبير آخر انفعال عصبي يدل على (اليأس) السياسي من تغيير موقف المملكة العربية السعودية رغم الضغوط الكبيرة التي تمت ممارستها اميركيا للتطبيع دون تحقيق الشرط السعودي ، والذي في كل مرة يتملص منها السعوديون بمواقف تزيدهم هيبة وقوة وإبهارا من الحنكة السياسية التي تظهرها,Anger
"7c6ed1bfcfcee48e,""ميدياست "

"توتر شديد بين لاوتارو مارتينيز و أنتونيو كونتي، اللقطة بدأت عندها أطلق لاوتارو ضحكة ثم أشار الى قضي.به بسبب إنفعال مدرب نابولي، ليرد عليه كونتي صارخًا: """"اضحك على قضي.بي"""""",Anger"
"f6d03572ef218ce3,""انفعال وهو فايز !!"
"هذا كيف لو يخسر ؟"",Anger"
e09d4f692adff814,في اليوم العالمي للفنان.الفن ليس إطارًا على جدار، ولا لحنًا يُعزف، ولا لونًا يسكب على لوحة. الفن هو لحظة انفعال صادق، ونبضة قلب تُترجم بالحس لا بالكلمات. حين يتفتح وعيك على الجمال، ترى العالم كما لو كان لوحةً رسمها الله بعنايةٍ مطلقة. تتأمل تفاصيل الأشياء فتكتشف,Anger
"3bc09256e57c22e8,""لا ترهق نفسك بمحاولة إصلاح مشاعرك السلبية حين تداهمك، فالمشاعر مثل الموج، تأتي وتمضي إن لم تقاومها."
دعها تمر بهدوء، وكن مراقبًا لا منغمسا، فكل انفعال مؤقت، وكل اضطراب يزول متى ما تحليت بالرضا والسكينة.
"سيطر على شعورك، ولا تدعه يقودك… دعه يهدأ، ثم امض بقلب مطمئن. صباح الخير."",Anger"
"6dcdce26ee1b8cff,""لو كان طلع ببرايم اهون بكثير من انهم ينسفون مجهود ٨٠ يوم عشان كلمة طلعت بلحظة انفعال، هذا إذا كانت فعلاً تستاهل كل هالتصعيد"
"ممكن سلطان اخطأ لكن مهما كان الي قاله ما يوصل لفعايل غيره من المتسابقين الي كانت فعلًا ممكن تضر القناة وتنهيها ومع ذلك مشوها لهم ولا كأن شيء صار"",Anger"
"c98606845d757a63,""لي فتره بسطة أخذ فيتامين فيه نسبة من الاشوغندا، وانتظر حالة الهدوء والسكون اللي يتبعها بدون انفعال"
"لازلت أنتظر..."",Anger"
8c9e0c42fd237043,انفعال وقتي وهذا وفريقك فايز اجل لو خسران المفروض ادارة الناديين القانونية م تتنازل ولا يقبل اعتذارك,Anger
"94dab5d8793bd4e9,""طاقه اليوم : "

"طموحات هتكبر وتعلى ،تفكير في المستقبل بشكل جدي ومكثف ،مراقبه عبر السوشل ميديا من شخص معجب وبيحاول يتقرب ولكن متردد ، هيوصلكم رساله مهمه عبر السوشل ميديا برضه ،طرد لطاقه سلبيه او افكار عن حبيب ماضي او سابق ، جرح عاطفي من حبيب او شعور بأهمال ،طاقه انفعال وكلام"",Anger"
"36a02717c677fb17,""أي انفعال فريقك فايز ومبسوط لكن الناس تشره علي الرجال اللي مايحسبون حساب الكلمه اللي تقالولايحترم اخوانه وشريحه كبيره من أبناء المجتمع وهذه مردودهاعليك "
x.com/Saud081/status
"…"",Anger"
"84032239ed89eff7,""يقول نتيجة إنفعال وقتي … اذا فايز وتقول هالكلام اجل لو مهزوم وش راح يقول "

"عذر اقبح من ذنب"",Anger"
"42f6aedc955f4670,""فريقك فايز"
وتقول لحظة انفعال لحظي؟!
"لو فريقك خسران ممكن نصدقك"",Anger"
"23b898d3795f309f,""الحياة تحتاج إلى وعيٍ لا إلى سرعة، وصبرٍ لا إلى انفعال، إليك 10 قوانين مهمة في الحياة تساعدك على أن تعيش بتوازنٍ وهدوءٍ وسط فوضى الأيام."
التفاصيل من هنا 
proarab.com/?p=23967
"#قواعد_مهمة_في_الحياة"",Anger"
681ddfffdcee3b41,الرجال تحسب للكلمة قبل تقولها ،أما اللي يهبد علشان كورة ويقول انفعال ! ، بل أخلاق متأصلة والاعتذار هنا خوف من المحاسبة وليس شيمة.,Anger
10dcb79a6091f86e,بلاش الدعوة بالمرض على حد دي صعبة أوي حتى لو مجرد إنفعال كروي.,Anger
"9418b43b9a81eb03,""اكتشفت اذا تناقشت مع اي شخص بالواقع"
"وبـ انفعال ارجف لا إرادي وانا اعاتب.."",Anger"
"d0002606783af9a5,""شمالنا"
اللي مانرضى بداله
اهل الطبيعه والتراث العريق 

لشاعرها
ياهيه.. ياللي ضايق وفيك انفعال
اسمع كلامي وافهمه تلقى حلول
رافق شمالي تهتني طول الليال
لأن الشمالي لصاحبه ماهو ملول
دوم لرفيقه ينتخي وقت الثقال
"ياقف معه مايستمع كلمة عذول"",Anger"
"53a3b7d45f54952b,""بنافس ثبات انفعال سرحات كده  "
"وهوا بيبص ليلديز كل مرة ويقول أنا عندي زوجة"",Anger"
2a864521795b7c54,لا لا ما تقوليش على نفسك كده ده كان انفعال لحظى فى لحظة انفعالية  انما احنا زى الفل,Anger
0af76ed504ceda0b,شعرفك هذا انفعال كتابي اسمه,Anger
35ef7465b52463a4,انفعال كونتي ماهو مبرر ابد ، كل اللي قاله لاوتارو له وش اسم العيادة اللي سويت فيها زراعة,Anger
b19268bd7729e47b,ولا منفعلة ولا اشي بس متى الحق صار انفعال? انحشرت وهاد ردك مشكلة تكون مش فاهم والك عين بتحكي اتقي ربك لا تحكي اشي مو متأكد منه كل كلمة حكيتها انا صح مليون بالمية روح شوف سناب وانستا حسن(ابوفله)شوف انه كان بقطر مبارح انستا التيم وهون شوفهم شو حكو بعدها احكي عيب زلمة وبتنشر حكي غلط,Anger
6a73e1cdbec648dd,لماذا لم يناقشه احد بهدوء و بدون انفعال. لقد امرنا الله ان نجادلهم بالتي هي احسن. لقد فعلوا مع رسول الله ما هو اكثر من ذلك بكثير,Anger
dfbd59bcf2174da2,مافي مشاكل .انفعال بونو كحارس ع المدافعين بعد كل تصدي خطر ..شي طبيعي من الحماس .,Anger
"2f3d029d1b7d7e73,""ما ادري الصراحه ايش الغرض من هذا الكلام وليه يبي يطلعك كذاب  ليه ماني فاهمه هل يتضرر صدق ولا مزح ماني فاهمه تصرفاته هذي ماهي روح رياضيه وبطولة الكينقز ليق موجوده عشان تستمتعون"
"وتخلون قلوبكم على بعض اسأل الله له الهدايه بس هذا انفعال ترا اهم شي يافواز اهتمو بفريقكم ماعليك"",Anger"
"e18551c8bb47f972,""طوالع الحمل"

تسرع في فعل او كلام قدام شخص ينتظر منك خطأ

اعتذار وتقرب من شخص بالماضي

زياده ماليه من مصدر ماهو متوقع

وعد يتأخر او ما يتنفذ اطلاقا

سوء فهم يكبر بشكل مبالغ فيه

قرار مصيري يغير روتين يومي كامل

تجاوز تعب صحي

انفعال عاطفي بعد كتمان

"انكشاف شخص كان يستخدمك كا مصلحه"",Anger"
487a8ab359f35b0a,لامظاهرات ضدو لا انفعال لا تنديد  طرابلس مدري كيف حسبي الله ونعم الوكيل,Anger
"7a788555d2d8e686,""الفن الشعبي جماهيري عشان انفعال تلقائي وبيعبر عن دواخلنا بدون معايير وstandards "
بعشوائية وطبيعية 
"وجواه الكثير من المشاعر غير الناضجة اللي جوانا كلنا وماتجوزنهاش وماينفعش نعبر عنها زي الغضب العنيف والحب المراهق جدًا والحزن العميق الانت٧اري"",Anger"
3be0fe05835efe80,أجود النقد ما صدر عن معرفة وخبرة، لا عن جهل أو انفعال.,Anger
"38ee799c9feadb18,""ما أجمل التغافل"

"ما أجمل أن يمضي الإنسان في حياته بهدوءٍ واتزان، يدرك أن ليس لكل حدثٍ ردّ فعل، ولا لكل رأيٍ انفعال، ولا لكل كلمةٍ جواب. فكم من أمرٍ لو ترك على سجيّته لانطفأ أثره، وكم من موقفٍ زاد اشتعالاً حين أُعطي فوق قدره. إنّ التغافل ليس ضعفاً، بل هو فنّ الحكمة، ومظهر النضج،"",Anger"
"319a98a7a3bd37a4,""مازلنا ندعم تجربة المدير الرياضي .. لكن عليه أن يعترف بالأخطاء و يصححها .."
"من الخطأ و غير المقبول التجاوز في حقه .. قد تكون مجرد إنفعال و غضب .. يجب الإنتباه لما يراد أن تذهب إليها الأمور  ."",Anger"
0e9e624f2af35113,هههه مشهد تمثيلي ساخر والحوار اللي فيه سطحي جدا بلا انفعال وبلا صدق وبانتقائية.. ووين رايحين ؟ ما تبون كراسي مثلا ؟ ناقص موسيقى  يا ابونا وامنا يا سند بيت الهنا ..الحب والبر بالوالدين شئ اعمق بكثير من هذة السذاجة ..هذا اقل شي  اقدر اسويه إلهم ؟انت مو تكلمهم ؟ ليش ما تقول إلكم,Anger
abb99ee7b4f07e43,أنت بس و أمثالك ممن يبذلون جهدا مضاعفا اللي يحق لهم يتكلمون عن مهنة الطب ، ولا كيف دكتور يعرف ان انفعال مريضه بسبب مايعانيه ويقوم ينفعل عليه و يبدي ردة فعل !! الضعيف حتى هو نفسه مايدري وشفيه يتعامل كذا وماراح للمستشفى إلا انه يدري ان فيه خلل بس جاي يدور المساعدة,Anger
df667b8967ffbcce,أستاذ جوزيف المسيحية الصهيونية هو مصطلح شائع يستخدم في الغرب.. أو بتخفًف انفعال و عصبيًة بكون احسن لصحًتك,Anger
"26dbc1c906ae2aec,""وهل الحب سوى إكتمال"
روح وقلب سحر وجمال
تبوح له فترى منه خيال
تقربه فترى منه كل حال
يخبرك بحالك دون اتصال
هكذا المحب به كل إنفعال
يحياك ويرى فيك النضال
"تؤام للروح حقا لا إحتمال"",Anger"
4073ddb804da1e40,لانها بكل بساطة الكلمة وجعتها اي شخص ينفعل انفعال غير مفهوم اعرفوا انه موجوع,Anger
e7d1cd6a1c01b391,غير متزن، لقطه كفيله تعرفك هو وصل للمستوى ده ليه، عصبيه غير مبرره و عدم ضبط انفعال لا يليق بخبرته,Anger
e409bcfc1ae7ab17,الغضب ليس مجرد انفعال، بل ارتفاع مفاجئ فى الكورتيزول والأدرينالين، مع انخفاض السيروتونين، والقلق المزمن هيمنة مستمرة للنورأدرينالين والكورتيزول.,Anger
83ef279c7e31bc7b,شي طبيعي بس اتمنى ما تنقبل انفعال مبالغ,Anger
0d74e6698e8b7170,صدقتي اعذريني كانت لحظه انفعال مني,Anger
4ecb9344fe999c46,يمكن لو جربت العبسي اليوم بتعرف الفرق غروهي بدايتو مع الاتحاد اتسبب باهداف علينا وارجع اتذكر اول مباراة كانت ف كأس الملك تحصل من اي حارس رايكو العام غلط مباراة الوحدة واكثر من مباراة رد الكورة بنفس الشكل انفعال وقت وبعد المباراة مو هوا الحل كل شي بيتحسن ان شاءالله,Anger
"e058a3205891ce91,""من أرض الملعب  "
إنزاقي لا يعرف الهدوء، انفعال وتوجيه يستمر 

" #الاتحاد_الهلال"",Anger"
"bf4b41b98182bb61,""من أرض الملعب  "
إنزاقي لا يعرف الهدوء، انفعال وتوجيه يستمر 
" #الاتحاد_الهلال"",Anger"
"86a59df0aefaeba5,""إنزاغي لا يعرف الهدوء، انفعال وتوجيه يستمر "

"#الهلال_الاتحاد"",Anger"
"cf5e0c3ef7c94728,""من أرض الملعب  "
إنزاقي لا يعرف الهدوء، انفعال وتوجيه يستمر 

" #الاتحاد_الهلال⁩ | ⁧#الكلاسيكو_على_ثمانية⁩"",Anger"
"5a4c5795785278fd,""صدقتي "
العلاقة الي كلها انفعال وغيره وقلق.. ماتدوم.. 
"(الوعي والثقة والراحه والهدوء هما اساس اي علاقة صحيه ومتوازنة)"",Anger"
"7e6993a75fd01218,""زاوية مختلفة تمامًا من الكلاسيكر!"
شاهدوا المباراة من منظور الحكم… كل لحظة، كل قرار، وكل انفعال 

#الدوري_الألماني
" #Bundesliga"",Anger"
"21fff0880a744ae0,""جمهور علماء ده مقالوش يحترم نفسه و لا يتدخل فيما لا يعنيه بما انه اخلاقه كده كده مشوهه يسكت احسنله على الاقل يسلم الناس من لسانه و من أذيته و حتى معلومته ناقصه و غير ثابته "
"+ انفعال او لا في الاخر قذف و سباب و قله ادب مهما حاولت تبررله"",Anger"
"567862c905f27034,""اتمنى محد يسلّم عقله لغيره علشان ما اشوف احد يصدق الاستهبال هذا"
واتمنى برضو محد يتفلسف باي كلام يجي بباله نتيجة غضب او انفعال ويكتبه للناس ويقول -حقيقة-
على كيف ميييييين حقيقة؟ مسوية اختبارات معملية؟ تجارب؟ دراسة؟ 
"هذا عيب السوشل ميديا اللي اعطت مجال لاي احد يبدي رأيه ويكتب"",Anger"
235ab542bde9e48a,الحكمة تائهة بين انفعال القلب وجدال العقل... فإن هدأوا إستقرت,Anger
"07ac2a3c0dd00c6e,""السعودية ردها يكون بحكمه وبالوقت اللي تختاره هي مو وقت انفعال الاخرين"
"والي يظن ان الاهانه تغسلها العواطف نذكره ان الدول تدار بالعقل لا بالانتقام"",Anger"
f7277ce51d3823fe,استهدي بالله يا ايمان دي كانت لحظه انفعال امبارح وراحت لحالها,Anger
"e693aa42e18fb3ac,""#تفاصيل"
"الأسى ما بيتنسى"""" كذلك المواقف المفرحة والحماسية يصعب نسيانها. "
"لأن هذه المواقف يحدث فيها نشاط كبير للوزة ( جزء من الدماغ مسوؤل عن الإنفعال) وعندما يكون بهذا المستوى  يحدث معه تذكر واستدعاء متكرر بعد الحدوث بفترة قصيرة وبمستويات أنفعال ونشاط كأنه حدث للتو ، وتكرار نشاط"",Anger"
1d47feda7428a8b5,لا أريد أن أنسى، أريد أن أتذكر، دون انفعال,Anger
"29c5485fea931a63,""تراجع نفسها وكيف علاقتها مع زوجها في البيت والأولاد..."
"وهل هو محتاج لشخص اخر قبل أي انفعال"",Anger"
ba5b5d455aef1090,تعرف شو الدرس الخايس اللي بيتعلمه الولد ؟ ان مهما صار لي مابكلم ابويه خاصة ان انفعال الأب أدى الى سجنه .. الطفل على طوووول يترجمها ان هو السبب علشان كذا يقولوا لا تتجادلوا قدامهم,Anger
"8664f9818ee624d1,""انـفعـال وزعـل عبدالله الزميلي من شريم اليامي "

لمتابعة المقطع كامـلًا عبر اليوتيوب 
: 
youtu.be/jobNELYb_Lc?si
…

"#كاريزما84"",Anger"
"451923735398374a,""سبب انفعال شخصية عادل إمام فالفيلم و ثورانه داخل مجمع التحرير أنه شاف الراجل الكبير وحس انه ممكن يكون زيه"

"ملحوظة: عادل امام كان اسمه احمد"",Anger"
"ffcef15d461c8740,""""""أنا بعمل كده علشان أحاول أفوقكم""""  أحمد عاطف قطة يكشف سر انفعال يورشيتش على دكة البدلاء"

"#ملعب_ON"",Anger"
7a49fc85c3b54738,جمعه مباركه امر بلا انفعال وعجله الشيطان رايه لك اثبت وجودك ودفاع عن نفسك باي وسيله حتى لوقذره ولهذا تتعجب شخصيات اساليبهم لاتذكر لبشاعتها  وراي الثاني رحماني رباني ان الرد الغير مناسب ان كان يليق به لايليق بك وفي اكثر الاحيان متسرعه عندما يخف غضبه يندم تسامح وانت قادر انساني,Anger
d7ab21a942055035,بعض المواقف تتطلب تتغير هيا فيتغير هو ، لكن ارجعي لردي الأول اللي يستحق توقف عنده وتعاتب توقف ويكون لها ردة فعل لكن بلا إنفعال اما امور الصمت عنها يخليه يراجع حساباته والمناقشه تزيده جرءه وتكرار لكن تجاهله يردعه,Anger
31953f8c87fa7f20,اسف … قلتها بلحظة انفعال,Anger
"f92aeda52f95aa99,""انفعال الدكتور"
والمفكر الكبير/محمد صلاح
فى برنامج ملك وكتابة
على تصريح
الخضرى بأن جمهور الاهلى بيعبد الخطيب
كيف يتهم جمهور
يبلغ تعداده أكثر من70مليون
يشجع الأهلى
بأنه يعبد شخص 
بجوار عبادةالذات الالهية 
سبحانه وتعالى
كيف سكت تنظيم الاعلام عن ذلك
"كيف سكتت الإدارة القانونيةعن ذلك"",Anger"
"b2ef69395dd5665b,""#ماعت_جروب| حميدتي يلوّح بالتصعيد ضد القاهرة!"
مسيرات متطورة تصل إلى قائد الدعم السريع 

سر انفعال #رئيس_المخابرات المصرية على نتنياهو! 

زيارات عاجلة من رجال ترامب لدول الخليج 

رسالة عاجلة من السعودية والإمارات على تجاوزات نتنياهو 

"إسرائيل تخفّض الغاز إلى #مصر بشكل"",Anger"
"ef6366ab0a994347,""بينما تتجلى أعراض أخرى في السلوكيات مثل تردد، تناقض أو نوبات انفعال/غضب"

قد تكون المشاكل أوضح لدى
الأمهات والمطلقات والأرامل
من فقدوا علاقتهم أو أعمالهم 
أو افتقدوا أحبائهم
أثناء معركتهم مع السرطان 

ليس من السهل ملاحظة كل هذه التجارب من خلال التاريخ الطبي سريع
"يتبع."",Anger"
"96706ba7f82a736f,""إختيار راقي ومميز دائماً تتحفينا بكل جميل "

تصورت أن حماسي لعينيك كان انفعالاً
كأي انفعال
وأن كلامي عن الحب كان كأي كلامٍ يقال 
واكتشفت الآن ، أني كنت قصير الخيال

"تحياتي"",Anger"
"2e81ccf99a3d466d,""أبن حزم يقول:"
السعادة ليست مطلب العقلاء
لأن السعادة إنفعال مؤقت ويذهب
وما يسعدك اليوم قد يشقيك غداً

بينما راحة البال مزاج مستقر
"كان مزاجها كافورا"""""
والمزاج : حالة مستمرة تحولك
"لشخص هادئ راضي بكل ماحوله بنظر إلى أقدار اللّٰه على إنها كلها خير"",Anger"
"014a5c79da146e42,""انفعال حمزة في غير محله لانه سب مقاتل مسلم مثله ونعته بالاحمق بسبب جواب بسيط لم يكن فيه اي اهانة في حمزة."

"اما بالنسبة الإسلام وفريق حبيب كلهم باركوا بفوز حمزة باللقب، مافي داعي انه يفتعل مشكل والمشكل غير موجود اصلا، المفروض يكون أذكى."",Anger"
"6db9c67cbbbe85a5,""لا لا ما عليك في الجمهور"
اسلام بكبره قال ما ينفع لاشباب عرقية و انها بتقب بين الشعبين بينما اكرام تكلم عادي
"حمزة رد على اسلام لكن ما رد على اكرام ، اكرام شخص و اسلام فترى انا متفق ان حمزة غلطان بتصريحه لأنه عامل اكرام كأنه نسخة من اسلام لكن انا ابرر لك انفعال حمزة"",Anger"
"c4db89a3200beeed,""اي انفعال !!"
"هذه حقيقتك للاسف"",Anger"
"ae0b6b0efc1d6599,""بطريقة بناءة."
مثلاً :
عندما يغضب القائد أو الوالد ، لكنه لا ينفجر، بل يستخدم غضبه ليعبر بحزم ووضوح عن الحدود . فهذا انفعال منطقي.
إنه لا يخفي الغضب، ولا يسمح له بأن يحكم الموقف .
!! الانفعال المنطقي هو اتحاد الوجدان بالوعي.
"هو دليل على أن الإنسان الكامل ليس من لا ينفعل،"",Anger"
5f9d8f26af92aae1,بعض الأشخاص حتى عندما يكون مزاجهم سيئا يضبطون أنفسهم ويتحدثون بأدب دون انفعال ولا يقدمون على أي تصرف طائش هؤلاء نفسيا مؤهلين للتأقلم السريع ولديهم فرصة أعلى ليكونوا ناجحين قياسا بغيرهم كما أنهم يفرضون على الجميع إحترامهم تلقائيا: :,Anger
"5009aa7f6fe1547d,""تعليق سلبي؟  هنا فرصتك تبين قوة واحترافية علامتك!"
اتبع هالخطوات العملية بالتعامل مع الانتقادات، وبتحوّل العميل الناقد لعميل وفيّ:
الاستماع الفعلي: خذ وقتك تفهم سبب تذمر العميل بدون انفعال أو تبرير سريع 
"الرد السريع والمباشر: خل ردك مهني، اعترف"",Anger"
"beef0d66bfa312a5,""إنها ليست لعبة بقدر ما تكون لحظات انفعال وغضب وتمتمات وهذا يرجع لأن المدراء وغيرهم يردون فقط خنق أصوات الشباب التي قد تكون مندفعة، وبدلًا من احتوائها نخنقها إما اعتقالًا أو طردًا من الأرزاق"
لماذا نصل لهذه المرحلة جعل المواقع التواصلية محكومة بالمصائر ؟
"مبالغة أن نجعل للتعبير سجون"",Anger"
"a2e0ca7e67e819e9,""انت مريض"

كل رؤاك مافيها رؤية مبشرة وحدة للاتحاد
اعانك الله على مرض اسمه
مرض الاتحاد 

وعلرغم عن انفعال رؤياك 
"باذن الله المبارة صفراء كصفار لون الشمس"",Anger"
50a210db15682ab3,تهذب حتى وأنت تغضب. لا تقل انفعلت وانفجرت غاضباً فمددت يدي، أو شتمت، أو جرحت وأهنت. السجون مليئة بأشخاص يقولون ليتنا ملكنا أنفسنا ساعة الغضب، والبيوت مليئة بضحايا أبرياء لجراح ساعات انفعال وتوتر وغضب.,Anger
32e11f27d917eeb6,يقولون انفعال علي الحارثي وهذا وضعه طول الفقرة,Anger
0890e891968d3d2f,انفعال النقاد مفروض تكون للمتسابق,Anger
63679b0242f3f93e,مت مت بالعادة انفعال المتسابق,Anger
"ef6c50a3215c4845,""انـفـعال النـقاد على علي الحـارثي بعد سـؤاله المـخرج لمعـرفتـه من الجـوال بتحـركـات البث "

لمتابعة المقطع كامـلًا عبر اليوتيوب 
: 
youtu.be/pjOxPFRaBXg?si
…

"#كاريزما83"",Anger"
"ef92f20eeb43aec8,""#النصر_الحزم"

  شاهد :

سبب إنفعال الإعلامي #عبدالله_فلاته 

#النصر #الأهلي #الهلال #الإتحاد 
#الهلال_الإتحاد 
 
x.com/57_dx/status/1
"…"",Anger"
"c5c2b48ecd16cac8,""ما أدري أصعب أحوالي ولا لحظة انفعال"
بس محتره قوه. الله يعدي هالفترة على خير
"مشاعر حساسه وما ينصبر عليه"",Anger"
"a4dab5b176b836a6,""الحين حبوب الشاهي الأخضر لهدرجة تسبب إنفعال و تغيّر في المزاج و حالة نفسية سيئة ! "
"ياساتر"",Anger"
b1a71da32b9b28cc,كاميرا خاصة من حارس الأهلي ترصد انفعال توروب على ياسر إبراهيم وياسين مرعي وتعليمات خاصة للشناوي #حارس_الاهلي,Anger
68346ab5d8ca4892,اي صدقك لكن ماعجبه التوقيت ويحسك قلتيها من انفعال وتداخل مشاعر فقط,Anger
e040a8ec4671d918,نعم، يطالبون ببر الأمهات وعند أول انفعال يسبون أعضاءهم التناسلية,Anger
"cb0a1774c0683479,""انفعال ماجد على موظف الاستقبال بسبب تأخر زوجته وابنه ورد صاعق من الموظف "

من فيلم نفق الماضي 

شاهد الفيلم 
youtu.be/yva4CXdnCNU?si
"…"",Anger"
b782d6fe5e1f4c13,كانت لحظة إنفعال يا خيي لإنو الوضع ما عاد عم نقدر نتحملو لولا هلشوية الصبر يللي ربنا ألهمنا ما بعرف شو كان صار فينا,Anger
"76ee5c1b9f2d39a3,""إنفعال المرأة على أمرٍ لا يعجبها دليلٌ على أنها تهتم أما سكوتها و هي غير راضية دليلٌ على أنك قد خسرتها يا عزيزي."
"#طرشوله"",Anger"
"74b991bdb6eccac5,""منشور قوي ومتزن جدًا "
يوصل الرسالة بوضوح وبلغة رسمية راقية، وفيه توازن بين التحذير والحقائق دون انفعال.
فعلاً، مصر بتلعب بالنار، وأي استمرار في التدخل دا ممكن يقلب الموازين ضدها، خصوصًا مع تصاعد الغضب الشعبي والإقليمي.
"#هذه_الارض_لنا"",Anger"
ed0e25dfef5e2610,التويتة دي بتحلل تصريحات علاء مبارك كمحاولة لرمي بياضه سياسيًا، خاصة لو حصل تغيير في الحكم. بس الاتهامات بثروات قادة المقاومة محتاجة أدلة قوية، مش كلام عام يعتمد على مقارنات شخصية. السياسة المصرية مليانة مؤامرات، والحقيقة بتطلع من خلال بيانات موثوقة، مش انفعال.,Anger
"80e158a35343354c,""حين يتحدث الجمال بصوت الروح"

الفن ليس إطارًا على جدار، ولا لحنًا يُعزف، ولا لونا يسكب على لوحة…الفن هو لحظة انفعال صادق، ونبضة قلب تُترجم بالحس لا بالكلمات .
حين يتفتح وعيك على الجمال، ترى العالم كما لو كان لوحةً رسمها الله بعنايةٍ مطلقة.
"تتأمل تفاصيل الأشياء فتكتشف أنها جميعًا"",Anger"
"bf661942d98e954b,""الحب نضج ، لا انفعال ."

"- إريك فروم"",Anger"
1303be870adb0d97,انفعال مبرر بصراحه ولا الومك,Anger
a7a54636ff4d635d,صلاة عيد مسيحى ام مسلم؟ وبدون انفعال هذه هى الدولة العلمانية لا افضلية لاى مذهب حتى الملحد .,Anger
"4a1e46d6fd570ab7,""سلام الله عليه "
"شنو القصة هههههههه كل كلامك انفعال"",Anger"
"66d5d62f28b1330f,""عم تزَوّر شهادة يا محتال؟!!"
لَو بتخَفّف عصبية و إنفعال و بترَكّز عا درسَك كنت بتنجح يا ساقط.
خُود حَبة Xanax و رِكّ عالدرس، مش حلوة تضلك ساقط يا أبو التزوير.
"فَضَحوكي يا بَطّة"",Anger"
e13dab3547095da3,ما اغلظك حاج انفعال,Anger
87c0657112e4d5f6,شاهين عم يبكي على المي,Sadness
"1d0c863c057b24be,""دمعي الذي كَتَّمتُه جلدًا ::"

لما تباكوا عندما ركبوا 

حتى إذا ساروا وقد نزعُوا ::

من أضلعي قلبًا بهم يَجِبُ 

ألفيتُني كالطفلِ عاطفةً ::

فإذا به كالغيثِ ينسكبُ 

قدْ يعجبُ العُذَّالُ من رجلٍ ::

يبكي ، ولو لم أبكِ فالعَجَبُ

هيهاتَ ، ما كلُّ البكا خورٌ ::

"إني وبي عزمُ الرجالِ"",Sadness"
33c5fd6eb8f6cdb6,هو يبكي وانا ابكي هيا من يحلها الحين,Sadness
0a0583337cc53e93,عراقي عم يبكي على المي ابكي على كرامتك أول,Sadness
33b47707c7a68ee7,بس بس يانيجيري شكلك تبينا نرحلك ضف وجهك لاتدلس مره ثانيه جايب صورة المنتهي يبكي ضدنا وحاطه مع كريم يبي ترحيل ذا الوسخ,Sadness
"5a15e8b4eeaf2413,""يجلس في الزاوية يبكي بقلّة حيلة أمام القدَر"
والدنيا
والظروف
ويظل يُردّد متسائلًا:
ماذا كان سيحدُث لو نال قلبي ما تمنّى ولو مرة واحدة؟
"ثمّ يحمدُ الله على كل حال."",Sadness"
7f52d03e36002df9,وقتها جعل  لاعبك المنتهي يبكي,Sadness
"d7b1896eae7c87e9,""ما كنت بعرف إن الإنسان إذا ضحك، رح يبكي ألف دمعة مقابل هالضحكة."

"- فيروز في لقاء إذاعي | بيروت ١٩٩٨."",Sadness"
84a86ab46e6b7e6c,فوين بدأ يبكي ياربي,Sadness
"fc9bbca6cc85f2c2,""ولاينسى ان حكومة بلاده كانت تدعم النظام بالصواريخ والافراد"
واخرهم كان 150 ضابط 
مرغنا انوف بعضهم بمؤخرة من ارسلهم
ثم ادعى رئيسه المنقلب انهم استشهدو في ليبيا 
ومن وقع منهم في يدنا كان يبكي كالاطفال
نقول لهم اهدأ نحن الجيش الحر
فيزداد نحيبا
"خوفا منا."",Sadness"
"48baeece3454e189,""أقرع ونزهى"
عامل ذى واحد مديون لشوشته ومجوع بيته وراح يعمل حفله بشى الفلانى
"هم يضحك وهم يبكى"",Sadness"
a14fac3efff25aaa,لا محد جاي يبكي,Sadness
"39411975f15ea3b8,""جاء دور العب،يد الممولون خليجيا"
لرفع أجور العملة والاسترزاق ،
يبكي على محمية بنو صوص ولا يبكي على أرضه وجواره البائس ،
لا يهم مادام هو و أمثاله في الشقق المفروشة ، و المباني المصفوفة 
ولا يسوى
"تعس عبد الدرهم والريال"",Sadness"
"7e747dec4d7b464e,""حين يبكي النور ، بقلم : محمد علوش "
shfanews.net/post/241263 عبر 
"@shfanews_net"",Sadness"
945dae5f48f38fba,هم يبكي وهم يضحك,Sadness
35270f21e90541a0,متحول جنسي في البرازيل ومقطوع الرجل يعتدي بعنف ويضرب رجل حتى جعله يبكي في احدى الشوارع بعد شجار كلامي بينهم,Sadness
"a385975814738962,""اللي يضحك على الجزائر اليوم، غدًا يبكي على موانئه المقفلة وغازه اللي صار ذكرى. حفرتُم لنا، فوقعتم في حفرة اسمها """"الاعتماد على الغير""""، وما فيش حبل إنقاذ إلا من يد الشعب الصحراوي نفسه."",Sadness"
729178068214ee8a,كان السلف إذا قيل للرجل: اتـق الله، جلس يبكي من خشيـة الله عز وجل، والخوف منه، وبذلك سمت نفوسهم إلى العـليـا وإلى الخـيرات، ففازوا بخيري الدين والدنيا والآخرة..,Sadness
"f3f69d0029f949f7,""محاولة بالسهم، فرجع إلى قومه وكتب تقريره بأن الوقت غير مناسب لغزوهم  وهذا حال صبيانهم،"
بعد فترة تاني مشى لنفس المهمة فوجد شاب يبكي فسأله ماذا يبكيك؟
فقال الشاب : اخلفتني محبوبتي الميعاد فرجع مستبشرا وقال الآن نغزوهم،
ولذلك قيل
تعدو الذئاب على من لا كلاب له
والمقصد الغافلين
"+"",Sadness"
6984a6b3698898fe,بعيدا عن الفريم اصلا من يبكي على انمي الا واحد مريض نفسي والله,Sadness
"0c51003a292d3a9b,""غـ.زّة تنزف... والسودان يبكي"
والعالم صامتٌ كأنه شريك،
ألا لعنة الله على كل يدٍ غدرت،
وعلى كل قلبٍ رضي بالهوان.
"#السودان #غزة"",Sadness"
bb447db5edcaac9a,خروجكم  من كاس الملك خلف  اعاقه عقيليه  رمز العداله حقكم  ماجلس الهلال يبكي ع مجزرته التحكيمه التي ارتكبها بل عاد بشموخ وتسيد القاره وحقق وصافت العالم لم يستسلم طموحه المنصات وطموحكم تعزيز لحكم ظلمه لم يزيد الهلال الا عزيمه واصرار من بعدها انجازات مستحيل اي نادي تحقيقها,Sadness
e70ca34e36154c2d,ولد اخوي يبكي يقول بيصير يدخل غرفتك,Sadness
"89d42a665ba92f44,""يبكي بحرقة.. مواطن من مدينة غات يشكو من تعدّي إحدى مليشيات حفتر على أعراضه وممتلكاته"

"#17PRESS #ليبيا"",Sadness"
ca51e523aadd3e0a,لما شافه يبكي حابه وجلسه معه 🫩🫩,Sadness
188b883d4d714fcc,ما توقعته يبكي ابدا,Sadness
e0e900dc32b84170,هذه هي الحياة الكريمة التي صنعها محمد بن سلمان للمواطن، شخص مقعد مريض يبكي من الحاجة والفقر ويتوسل الناس المساعدة!,Sadness
1927cc9ef47025bf,مدري ليه صرت حساسه بس وقسم الموضوع يبكي,Sadness
2408b369618263da,واضح انو بعد سقوط النظام ماعاد معلوف فمضطر يبكي كل شوي على سردية شكل,Sadness
f014673e627c7f63,شكله قالت للاصلع يبكي وبكى صدق,Sadness
4a961cb60897065b,الحمد الله انها ما تعطلت  عشان نشوفه  وهو يبكي من الهلال. هههههههه,Sadness
f4635c7f91ab3e61,خليه خليه يبكي معي,Sadness
b48071ce41998ae2,هو صادق مره اندعى علي بالموت فقلت للداعي امين واوصيت الداعي حتى عزا لايوجد داعي لأقامته وتوفير اموال الذبيحه ولاحد يبكي ولسان حالي يقولي الي يحب يحب بأفعاله يترجمها بحياتنا مو دموع تماسيح الممات المتوجه بأذاه الشنيع الفعلي في حياة الميت ومخلده بذكرياته فقد افضى الموتى الى ماقدمو,Sadness
"368f0ddcb7d81850,""استوعبت اني يوم اصدم اول وحده دقيت عليها جمانه اختي وهي بالرياض اصلاً "
"اااممممم يبكي"",Sadness"
531a228e36a7b34f,دموع تاي نقطة ضعفي من شفته يبكي تلقائي بكيت معه وهو مابكاه الا انو مشتاق لنايموت علينا وربي,Sadness
97519ca55c492426,الراحه الي جاتني لما شفته رجع مع جيمين وهو مبسوط ويضحك ويرقص واستني من شوفته وهو يبكي,Sadness
"962ce812ce3294c5,""المعلم يعتقد أن هذا الطالب مهمل وعنيد ويستحق العقاب، والطالب لا يبكي ولا يشتكي ولا يعترض وقبل أن يتكلم المعلم يرفع يده الطالب ويستعد لملاقاة العقاب"

"إلى أن تشاء الأقدار والصدف وتتقاطع طرق الأستاذ وطالبه في رحلتهم الصباحية للمدرسة"",Sadness"
"ee0550ff539472d5,""حضارة تم استلهام الأديان منها حضارة الاستقرار علي وادى النيل صانعة الفنون والعلوم والاخلاق العليا المتماهية مع بيئتها الي أن مر أعرابي يحمل ثقافة الاجلاف هو الآن يبكي في الزاوية كلما اشتم رائحة الهوية المصرية تبا له ولكل من علي شاكلته  "
"صورتك رائعة الجمال مولاتي الملكةالحسناء"",Sadness"
5edfe8fa2bd023f4,بدال ما يعرفون السبب ويحلونه ويشجعونه على الذهاب للمدرسة والدراسة ساحبينه غصب وهو يبكي. واضح انه متعرض لنوع من انواع التنمّر او الاعتداء,Sadness
ebf784a5911cd142,لا يبكي مره ثانيه,Sadness
4013d3b604bcc323,مسموح الواحد يبكي بصوت عالي ولا عيب في المكتبه,Sadness
"d3f02eb79e5302e6,"": سعيد برؤيتكم"
: تايهيونقشي يقول إنه يفتقد المسرح بالفعل، إنه كان يبكي خلف المسرح
: لا تبكِ
: تايهيونقشي هل ستكتفي بإظهار ظهرك فقط؟
: تايهيونقشي هل هكذا ستذهب للخدمة العسكرية؟
: (يبكي ويضحك )
: لماذا تبكي؟

بكيت معاه تكفوون دموعه قهرتني 
x.com/d_ktaekook/sta
"…"",Sadness"
3c9eea2a43006ad3,عبر له عن مشاعره وارتمى بحضنه يبكي طيب ومشاعري!!!!!!!!,Sadness
"800981132794b942,""الايدولز نوعين"
 
واحد يهرب من على المسرح في نص الأداء 
"والثاني يبكي عشان رجع يأدي على المسرح مره ثانيه"",Sadness"
"c08e6d0c7f4b7552,""يبكي لانه اشتاق لمعجبينه "
"بينما انتي عاطله وعاله على اهلك"",Sadness"
"1bdf1b90fb5d36ea,""خله يبكي لين ينبح صوته ويزوع اريته "
البكاء يشد عوده ويقوي قلبه والرئه عنده 
وبيفهم انه البكاء ما يأدي لنتيجه
"الحل : الأب يقوي قلبه عشان طفله يتعلم"",Sadness"
"6e5333adee3c51b7,""وَمَضَتْ تَخْطُو وَأَخْطُو عَكْسَهَا"
"مَيِّتٌ يَبْكِي عَلَى فَقْدَانِ حَيْ"",Sadness"
9b96288085db0b6d,امنعوا الضحك ايها البشر ... بضع كلمات علي حائط يعلم الله أين يكون أصبحت بطولة ... حالكم أصبح يضحك أكثر ما يبكي,Sadness
f5b74cbdbd707bfe,بالأول ضحكت لإنو حسبته خجل لهيك نزل راسه بعدين أستوعبت إنه قاعد يبكي قمت بكيت معه,Sadness
0380bc88dcf60fbb,ما ابغا اشوف مقاطعه وهو يبكي,Sadness
3090d6da8211988c,المهم كنت برا وقت كان تيتي يبكي وش فيه,Sadness
"460481eb798c182b,""رونالدو جيد على الفيحاء وضمك"

ولا اتحاد اهلي هلال 
دجاجة 
"يبكي عشان يرضينا"",Sadness"
382b2db60cc3e380,ستنزحون بإذن الله نزوح يبكي عليكم العالم,Sadness
"d5ba796046be818b,""ترمب نفسه نكح جميع محارمه وعشرات القاصرات.  قام بعمل رائع في هذا المجال. وكذلك بعض السفيرات الاعرابيات   في واشنطن. والان يبكي على مسيحيي نيجيريا "
"ماذا عن تقطيع  الاطفال والنساء في غزة ايها الانوك !"",Sadness"
"a5086c4d95426a94,""١ - على ضفاف حرفكِ، سال الحنين كأنّه نايٌ يبكي في حضرة الصمت…  "
تلك النغمة التي لم تكتمل، تشبه القلوب التي أحبّت بصمتٍ،  
والكمان المنحني، شاهِدُ عشقٍ خجول، تاه صوته في زحام الانتظار…  
أما الورد، فقد ذبل من شدّة الشوق، ولم يجرؤ على البوح!
"حروفكِ يا """"بحر"""" موجٌ ناعم، لكنه يغرقنا"",Sadness"
fc43159bd19a4d81,تذكرت هنا يوشي كان يبكي لحاله وراح له يمسح دموعه وطول الوقت متمسك فيه اوف صغار كيوت,Sadness
"2bb3229bf01ca4df,""ياسيدي"
مفيش مصري غيران ولا حاقد
فيه حد بيغير من نفسه  ؟!
انما الحقد والغيره من غير المصري
ولكن
"لا تلوم ابنك عندما يبكي من الجوع والفقر والمرض وينتقدك وانت داخل عليه فرحان وفي ايدك ايفون ولابس بدله ستيوارت هيوز وحذاء هاري ونستون"",Sadness"
"c78feeb61bbca99a,""""""تايهيونغ قال إنه كان يشتاق إليك بالفعل وكان يبكي خلف الكواليس، لذلك اضطررت لإخراجه مرة أخرى."""""

": """"لا تبكِ! لا تبكِ!"""""
"الأرمي: """"لا تبكِ! لا تبكِ!"""""

" """"تايهيونغي، هل ستُرينا ظهرك فقط؟"""""

" """"تايهيونغي، هل ستتجند؟ لماذا تبكي هكذا؟"""""",Sadness"
"b4330ddc7cc97b1e,""هناك نظرات تقول"
ما لا تقوله كل لغات العالم!
هناك وجعٌ لا يُحكى وإنما يُبكى فقط!
"#ابو_عبيدة #غزه_تقاوم_وستنتصر_بأذن_الله"",Sadness"
9f9ca976cfd10210,كنت أفرفر بالتايم ولقيتك مرجع أفتار غينتوكي وهو يبكي,Sadness
1c8c6b6b995c2caf,محور فيلادلفيا يبكي في الزاوية,Sadness
5787c693fe81962c,يبكي يبي يسوي حركات فضة قلبها ابيض,Sadness
"f5a3a115188d67a0,""بالدموع والحسرة.. عراقي يبكي حزنًا على جفاف نهر دجلة في بغداد"
"#رقمي"",Sadness"
11cf2993ab50d85e,عمركم شفتوا واحد يبكي من ريلز؟ حصل الحين,Sadness
3c045deaed976047,يبكي متحمل,Sadness
"21bd6b93d25a542a,""شي عادي بس يبكي"
"::::::::::"",Sadness"
bcb1f971e1b7ea96,يمه سوكجين يبكي تكفى لا ما أتحمل,Sadness
c65908634ca8db7a,من اكبر الممثلين والمتصنعين يبكي على امه بعدها يرجع يشتم في الكورة يرتوت للقرآن وبعد اقل من دقيقه يرتوت للاغاني هذا اضطراب نفسي نسأل الله السلامه,Sadness
"ec87c63dfc2df925,""إنما يبكي المُذنب على ديارٍ قد عمرها"
"بِالتقوى؛ كيف أخربتها الذنوب!"

"- ابن الجوزي"",Sadness"
a6c41003e2dffcd4,تاي يبكي ببكي معه,Sadness
f01b1bc3a5afcde9,كان تايهيونغ يبكي خلف الكواليس لأنه اشتاق إليكم بالفعل ،فلم أستطع مقاومة الأمر، وأعدته إلى المسرح مجددًا..,Sadness
7bb793e70aab86b7,مجهزة نفسيتي إذا شفت سوكجين يبكي,Sadness
"468aa6b3732520a0,""مو محتاجه شهادة رجل أعمال ولا بطيخ  ..."
زور محافظات مصر  .... وشوف الناس على طبيعتها  ... 
قلبك يبكي قبل عينك  ... حسرة على الناس .. مساكين 
"تعبانين من الفقر  ..  منهكين من الجوع.."",Sadness"
"882f6dc7a4bb3999,"": تايهيونغشي، هلّا ألقيت التحية على الآرميز؟"
: يسعدني لقاؤكم يا رفاق .
: كان تايهيونغ يبكي خلف الكواليس لأنه اشتاق إليكم بالفعل..
": فلم أستطع مقاومة الأمر، وأعدته إلى المسرح مجددًا"",Sadness"
3060208e7bc15c07,يبكي وينوح ربيعة المكلخين المغرب في صحراءه,Sadness
169945a33655c768,يبكي من قبح صوته,Sadness
6b0142f53abfa10a,ببكي جين قال جبت معاي تاهيونغ مره ثانيه لان قعدت يبكي خلف الكواليس عشان اشتاق لكم ف ما قدرت اجي واخليهلا تخلوه يصيححح,Sadness
0d9ad01c933be500,حتى عدوي صار يبكي على حالي,Sadness
a87f8d49077ea439,السالفة في فيديو مباراة أطفال كرة قدم تحولت لفوضى عشوائية مضحكة. واحد يبكي، وشونق يسوي احتفاليته، علاء يتطاق معاه، فواز يسلك له، أبو عابد يقوله يا بكاية، والشيخ نايف يسوي سي مع الجمهور. كله هرج ومرج!,Sadness
"0f4118ca9f32d2c4,""ههههههههههههههههههههه نجبدلك الفيديو تاعو قريب يبكي كي درنا عمليات أسر ؟ "
الله يرحمو على كل حال منحبش نذكر الميت بالسوء 
بصح معروفين سيادكم لمراركة هاذي حتى ناس تعرفها 
حتى التحرير تاعكم بسببنا 
"كيما تقولو في نهاية الجزائر كبيرة على مكم"",Sadness"
75f5224b63425e98,يخي والله مدري بس عجبني شكله وهو يبكي مرا يجننننننن,Sadness
"9d85c79141cbd115,""ليش الفيديو يبكي هيك  "
x.com/_btsmoments_/s
"…"",Sadness"
306b60bfe325805d,مو قادره من وقت بدا تاي يبكي وانا كل شوي ارجع ابكي لكن الحين غير مو قادره اوقف,Sadness
23a182a21a4fe4ad,ومادخلنا نحن في التصويت ؟؟ لو كان كانت الصحراء اراضينا واقتحمتوها لا حل المشكل في ظرف سويعات مثلما فعلنا بكم في حرب الرمال وتركنا المقبور الحسن 2 يبكي ويستجدى الجامعة العربية,Sadness
"702c6d182021eb37,""كل هذا سويته ؟ "

"ولما يبكي الرافضة على الحسين عليه السلام اللي هو مفروض اقرب لك من أمك تلومهم ؟"",Sadness"
6370a04448d9dd95,لا بس ستانه امس يتكلمون عن صوت جك واليوم الاصلع البكايه يبكي يدري بياكل زق فرقعها بالبكاء,Sadness
2add0f347adaba13,يبكي لو يظحك,Sadness
"da1b324afa471692,""مين اللي بكى زي الحمار يوم شاف تي يبكي"
"أنا"",Sadness"
20f6856653a29979,طيب وش تبي الحين يعني فاتح موضوع مع الظهر ياشيخ سبحان الله من جاء انزاغي كل البرامج مالهم الا هو حبيبي يفوز ومنافس على كل البطولات خل الي يبكي يبكي تحت الشور وجيزوش معه,Sadness
6bc6db7ea3e32dbf,والله حظي يبكي الصخر,Sadness
ed9de5e0a8a679c9,اف خلاص قطع قلبي وقفوا تنزلون له صور وهو يبكي,Sadness
"4656567b7d31c685,"": """" كان تايهيونغ يبكي بالفعل خلف الكواليس قائلاً إنه يفتقد (الجميع/والمسرح) كثيرًا """""

": """" لذلك لم أستطع تركه هناك وعدم إعادته للخارج """""
—

"صغيري"",Sadness"
60f4d6e2a7f89ee3,المتحف البريطاني يبكى فى الزاوية,Sadness
59889a333b7f1b90,يبكي,Sadness
"2bf10cab1c8bda9f,""اكثر شيء يبكي "
اني للحين احس وراي شيء أذاكره ومو قادره استمتع وكل شوي اذكر نفسي اني خلصت 
"حسبي الله ونعم الوكيل"",Sadness"
"b2aa7097e0a14d40,""احمدي ربك انا ولد اختي يعفشني اذا قلت له بعرس واخوه الكبير يبكي "
"شكلي بعنس بسبتهم"",Sadness"
49de2437afed3f68,شعيب  يبكي في الزاويا,Sadness
"5124555c0a63c80b,""عندي شخصيتين  وحدة وسيع صدر ضحوك ومرح "
وثانية قلبي يعورني وابكي على اي شخص يبكي 
"اوفر حنونة واوفر مرحة"",Sadness"
771be855f7ea9c6a,كما رأينا منذوب الجزائر البارحة وهو يبكي امام اعضاء مجلس الامن بلغة ابيه الفرنسي,Sadness
"7d05bad4fa7a5980,""ياولد ذا عمي حتى بالحقيقة وي ياشخصيته عظيمة"
"ما ألوم تساو تساو يبكي، الجملة ذي لحالها تبكي""""ولا أجرؤ أن أُهينَ وصايا الأسلاف بأن أنسى الملوك السابقين.""""."
"هل فيه كتاب عن سيرته ودي أقرأ عنه أكثر"",Sadness"
8e6e1e1115163efe,شي يبكي,Sadness
07bbfb5808f12538,صلعه م يبغى يغني عشان لا يبكي مرا ثانيه,Sadness
"16c452a03b54ec01,""قديه مشاعره رقيقة وحلوة وكلها وداعة "
بكى لانه اشتاق لمنظر الارمي وهو يغني لهم، صدق كلنا اشتقنا لكل شي كانو يسوونه 
"هو يبكي وانا ابكي معه ما توقعت اتأثر عيك معه"",Sadness"
17950e378b3d9228,ي روحي تاي قاعد يبكي,Sadness
"4c0fe2fd5f962b1b,""هالاشكال الوسخه ماتحترم الا الي يدعسها  شف كيف يستفز الهلاليين وبعدين اذا استلموه جلس يبكي"

"لاترحمووونه حمار هوامير النصر يمتطونه دائما."",Sadness"
5dbc6cdf97766a45,جدددااا شفناه من قوة العظمة صار يهذري ومرات يبكي وفوق 13 بطولة تنتف ريشه فيها,Sadness
"046d84af1525605f,""رونالدو يبيكي قليل ادب مثلك "
نلتمسله العذر لأنه يبكي من القهر 
"يشوف فريق الطواقي يفوز بالغش"",Sadness"
241d1249ac2567ec,يب ذا الجانب  بس الصدمة لما شفته قاعد يبكي  راحت الفخامة عندي,Sadness
d01fdb1ab296dc37,وربي يبكي,Sadness
6a2606e8c1e58734,الله يسامح اودينقز بسبب الجفاف اللي كانوا معيشيني فيه صار عندي انفصام بهاللحظات مااعرف انهار بكي مع جايهي اللي يبكي ولا انبسط على حضن شيون له,Sadness
"101a5341fc3ab8aa,""ردك غبيء كعادة "
زينستو طول مواسم يهرب و يبكي و يصارخ و ام يفقد وعي زي موسم اول   و ارك حي متعة و لم ينام يصير قوي و يقاتل هو نائم 
"يا اخ تابع كيميستو  و امام داكي كان يرجف  و متردد ام في قلعة كان قلبه ميت لا توجد ذرة خوف اطلاقا في وجه اختلاف 180 درجة"",Sadness"
a148eed31117d7b1,أحياناً لا يبكي المرء لأنه حزين، بل لأنه أدرك تماماً بأنه لا يستحق كل ذلك أبداً.,Sadness
5bef1b4b75c69c52,كيف قاعد يتأمل الارميز و هم يغنو… بلشت احس مو راضي يطلع ع الستيج عشان ما يبكي,Sadness
3b876ebed50a804a,لااااا تيهيونق قاعد يبكي لانه اشتاق للآداء مع التانيز وقدام الأرميز,Sadness
"0a889e0799e3651a,""تايهيونغ-شي، من فضلك ألقِ التحية على الآرميز."
 سررتُ بلقائكم يا رفاق.
 كان تايهيونغ يبكي خلف الكواليس لأنه كان يشتاق إليكم بالفعل،
" فلم أستطع إلا أن أُحضِره إلى المسرح مرةً أخرى."",Sadness"
"e9addf32ad9a5ddd,"":لقد أفصح لي تايهيونق توًا عن شدة إشتياقه لكم، و قد كان يبكي خلف الكواليس، لذا اضطررنا لإعادته إلى المسرح."

الآرمي: لا تبكِ! لا تبكِ!

: لا تبكِ! لا تبكِ!
: تايهيونقي، أهذا هو كل ما سنراه منك؟ مجرد منظر لظهرك؟
"+"",Sadness"
493d9348db776deb,ريو؟؟ بالبدايه لما ميت ضحك خيرالولد يبكي وانت تضحك,Sadness
a79e5c029f91dc9b,ما ابغى اشوف مقاطع تاي و هو يبكي تكفون خلاص تعبت,Sadness
36d7c65cf7e4a895,كل ما اشوف فيد وهو يبكي ارجع ابكي,Sadness
"799c87a147b8b5ce,""جين يوم شافه يبكي قعد يضحك"
"أنا بالمواقف الجديه"",Sadness"
"7591cd3d044fed1b,""وأنت من أغلق الحدود على الطفل،"
نحن من أطعمنا الجائع في المخيم،
وأنت من سرق الخبزة من فمه،
خيانة؟
انظر إلى مرآتك،
ستجد فيها وجه من باع الكويت،
ثم يبكي على بغداد،  صمودنا ليس شعارًا،
بل أرضٌ لا تزال تُزرع،
وبيتٌ لا يزال يُضاء،
أما صمودك،
"فصورةٌ معلّقة على جدارٍ متهالك"",Sadness"
"dbe91d4d1eece0bf,""تايهيونغ-شي، من فضلك ألقِ التحية على الآرميز."
 سررتُ بلقائكم يا رفاق.
 كان تايهيونغ يبكي خلف الكواليس لأنه كان يشتاق إليكم بالفعل،
" فلم أستطع إلا أن أُحضِره إلى المسرح مرةً أخرى"",Sadness"
f60ab66f55cf3d44,يبكي لأنه تخيل اللحظة الي السبعة بيرجعون يأدوون فيها عالمسرح سوا و يشوفون هالجمهور منتظرهم /:,Sadness
af9056be0289c468,حتى ولو ليش يبكي,Sadness
e8555eb6ce3ee4be,شنو هو الموسم كلها يبكي هسه يمسح الدموع شنو يعني,Sadness
"f992b7c382f90234,"": قال تايهيونق إنه كان يشتاق إليكم بالفعل وكان يبكي خلف الكواليس، لذا اضطررنا لإعادته إلى المسرح."
: لا تبكِ! لا تبكِ!
: لا تبكِ! لا تبكِ!
' تايهيونقي، هل ستُرينا ظهرك فقط؟، تايهيونق المسكين يبكي
": تايهيونقي، هل ستذهب إلى الخدمة العسكرية؟ لماذا تبكي هكذا؟"",Sadness"
d37f0de69d7d577b,يوشي تورط يحاول يسحب ريكو علشان يسكت هالبيبي اللي يبكي,Sadness
fe85c54195a8271e,كيف جين ماسكنه من يده و يسحبه للمسرح بعد ما شافه يبكي في الكواليس,Sadness
3723e983580ae4bf,طيب ذحين تاي خرج وهو يبكي خلاص ؟ لا تقطعون قلبي,Sadness
"6b77cb3e0946e579,""I hate see tears..."
"مو معقول هالوجه يبكي انا اقترح على نامجون ياخذه معه للطايف المرة الجاية"",Sadness"
f9b683b64132d5eb,مبيه يبكي بس شخصيه الحساسه كذا م تتحكم ولي بقلبها تقوله,Sadness
c88af3615244b963,للمره المليون ما الوم تاي يهرب بالله ذي اغنيه تسكت الي يبكي؟ الله يهديك ياجين,Sadness
"0e88833191a8ff11,""ملامح النصر بادية على وجه عمار بن جامع مندوب الجزائر بالامم المتحدة ربما يبكي من شدة فرح النصر  "
"المخزن يركع النظام الجزائري"",Sadness"
48c8b000d4270424,جين يقول تااي كان يبكي باكستيج و عشان كذا سحبه معه للمسرح مره ثانيه,Sadness
"863e32aede4e9669,""علشان كذا ضحك بسبب كلام جين"

:سعيد بلقائكم
: تايهيونغ كان يقول إنه اشتاق إليّ بالفعل، كان يبكي خلف الكواليس
: لا تبكي لا تبكي
: تايهيونغ، هل ستكتفي بإظهار ظهرك هكذا فقط؟
: تايهيونغ، هل أنت ذاهب للجيش؟
: ㅋㅋㅋ
": لماذا تبكي هكذا؟"",Sadness"
"bc22502f101f5bee,""الاحترام من الجميع الكل يرد انضمامه معهم وفي النهاية قدر يأثر على اقوى شخصية في الحقبة تساو تساو وجعله يبكي من كلماته …"

"#حرق_ويلات"",Sadness"
"8e49c0e6b90d8c34,""تاي لما خلص من الاداء كان يبكي بالكواليس ولما رجع جين معاه وقال حي الارمي وقال انه كان يبكي لان كان يفتقدكم (الارمي) وماقدر إلا انه يرجعه معاه للستيج مره ثانيه "

"اخخخ مقدر رجعه عشان باقي يتكلم مع الارمي ويشوفهم من الستيج لانه واضح مشتاق مره"",Sadness"
9584bdf3f3268bc4,من بعد هذي راح يبكي في الباك ستيجج وقطع قلبي معاه ياخي والله الكمتشياتت ما يستاهلونه ابدا حسبي الله عليكم ياخي ياكريهاتت تشوفون كيف يحبكم وانتو شو تردون له بالمثل؟؟؟!! الحظ الحلو عند الناس الغلط اكرهكم ما تستحقون مشاعره,Sadness
937b1d48bd6819de,تاااي يبكي,Sadness
5a08beed6195a645,عادي الواحد يصحى من النوم وهو يبكي بسبب حلم؟ عادي,Sadness
b2d000434dd642c6,تي يبكي يا عمري جعل كل احزانك وهمومك في القندس وستانها,Sadness
37f8aab9e749d628,حد ورينا وجه جيمين من شاق تاي يبكي,Sadness
"e7ff6a14d9ebeef7,""قاعد يبكي"
"لوسمحتو حطو تحذير مره ثانيه"",Sadness"
c97c970e458960b6,يبكي قلب ورب خير حياتي ليش,Sadness
a2cbb904e7f227fa,والله مو مزحه قلبي طاح ببطني من الصدمه ليه يبكي لييه,Sadness
328fcdd8e1896331,اول ما دخل حسيت انه يبكي  وانا كنت ابكي بس لانه طلع وقمت تتخيل هذا كله مع بعض يونقي معهم  والسبعه كلهم موجود,Sadness
5480c06b5d1dd40f,يبكي!!!!!,Sadness
5cd1347fe4676d27,طيب وهذا اللي يبكي بالانقليزي ملياري بعد.,Sadness
1fc24427778ff8f6,قاعد يبكي .... دموعك غالية حسبي الله,Sadness
603a61e20f7c852b,يبكي طيب :(((,Sadness
5974f38b96cadb99,يبكي من الشوق لنا اهخخخ مانستاهله قسممم,Sadness
38deb18ade9caba0,م امزح دموعه تعور تعور قد ايش لما يبكي قلبي يتقطع عليه ياناس قلبه مافيه انظف و أنقى وأطيب منه بالعالم محد يستحق قلبه وجماله,Sadness
ee7b07723604fd0a,يااااعمرييي هو يبكي؟؟!!؟؟؟؟؟؟؟؟؟؟؟,Sadness
e0e1a15a1dfa91ae,لما شفته يبكي انفجرت نقطة ضعفي دموعهه,Sadness
3247eb6e05450289,جالس يبكي ليش,Sadness
1137bb7d9a9656e9,مشاعري قايمة قاعده اشوف تاي يبكي لأنه مشتاق لنا اسمع جين يغني ذا تروث انتولد والله انك تكون ستان بتس مشكله,Sadness
262c1598f9a5b517,عادي الواحد يبكي طيب قدام اهله ولا لا asking for a friend,Sadness
18422fadcc09248f,الكرغولي حفيد الجنود الصليبيين كان يختبئ وراء مصالح الدول الكبرى التي تريد ال ال إستفادة من نزاعات الدول الإسلامية لكن لما المغرب عراه من هذه الورقة أصبح وحيد مهزوز يبكي ويشكي ولا يقدر على المواجهة في حرب كما الرجال,Sadness
ffc5598a6b43cdaf,ياروحي وهو يبكي لما لف على جين ضحك,Sadness
0e0fe4ee82261de0,لااا تاي يبكى تكفى لا,Sadness
c04b6cfeb7e15c49,اتحمل كل شي الا اني اشوف واحد من الاعضاء يبكي,Sadness
407ce725ae32f2df,هو يبكي والا يتدلع ماعاد عرفت,Sadness
8b2c6235395149d1,بس موضوع انه جين ماتحمل يشوف تاي يبكي ويتركه ويطلع المسرح فقرر ياخذه معاه,Sadness
a0ea32e8f6f670fb,الله ياخذكم ليه يبكي؟؟؟؟,Sadness
9c978b1fffe23bb3,تاي صار يبكي اوههه,Sadness
bad3ced7020e0136,تاي كان يبكي لأنه اشتاق للارميز كتير شفتوا شايفين الحب هذا هو حب تايهيونغ,Sadness
f98c8cc266b4d780,تي يبكي ولله لاحرقلك كورياا,Sadness
9dee127b6cb531d7,الوضع كله يبكي اففف,Sadness
0691276aa949f7fa,تاي قاعد يبكي,Sadness
6952af6771813980,رح مووووووت هو يبكي وانا ابكي واشاهق الحقووووووووووني,Sadness
926fb55b7d368d10,بصيح تايهيونق قعد يبكي و قبلها قال أنه مشتاق للآرمي تكفون الا دموعه,Sadness
2f7d3e360ce4dbe7,يابعد روحي انت تقطع قلبي يبكي مايستاهلون دموووعه ياحبيبي وروحي انت,Sadness
4306cab91d2ff97c,تاي يبكي !!!!!,Sadness
06d7b767d05b8396,قاعد يبكي لانه اشتاق لناااااا افففف احبه احبهه يا رب ددموعييييييي,Sadness
1f8142240ba161f3,جين يقول تاي كان يبكي خلف الكواليس عشان كذا طلعته معي,Sadness
3eaee93480d9ea82,يا عمري يبكي لانه مشتاق لنا و لأنه اول ابداء له بعد سنتين اففف حبوبي,Sadness
cd43a4fec187a9cf,تاي يبكي وانا ابكي,Sadness
aed64ecd665cc3c5,يروحي يبكي,Sadness
"3e66a7d082c3abf3,""يبكي من قوة الشوق"
"هم صدق انحرموا فترة طويلة من شيء كانوا يسوونه ١٠ سنوات  ما أتخيل ردك فعلهم في أول ستيج جماعي"",Sadness"
71aeb0e9ff97c810,تايهيونق كان يبكي يا حبيبي اااه هو صدق كان ينتظر ذي اللحظة من زمان,Sadness
ca8fe293101884d4,رجال غصبن عنك  يقول وهو يبكي,Sadness
13eaa3cf757b3c85,من يبكي ؟؟؟؟,Sadness
1ca82835b0aab334,من يبكي,Sadness
"34090bc9212f4f77,""تاي يبكي لأن اشتاق لنا"

"اكرهكمممممم"",Sadness"
22193ad75ba71a0a,يروحي قام يبكي لانه اشتاق لنا,Sadness
4ec1a9c90d9848b3,وااه تي يبكي؟؟ لا ياربي,Sadness
abf13464c78fc3fa,يبكي ؟؟؟؟؟؟؟؟؟ لا لا يررررحملي أمك,Sadness
9f01f533128003ce,تايهيونق يقول انه كان يبكي لأنه اشتاق لمنظر الآرمي هذا,Sadness
2f100a41b086c82e,تاي يبكي لان اشتاق للارمي,Sadness
9378abe00a7c3e66,كن جيمين كان يبكي لا,Sadness
1b94a4ab71e52724,لا شفت الخصر قلت يبكي من الجوع ولا شفت مقفاه قلت مابه مجاعة,Sadness
61bb0b67c0201a22,ياعيونييي تايهيونققق جالس يبكي لانه اشتاق لنا مره,Sadness
fafdbded3fe0e458,نوووو تاي يبكي,Sadness
ef8d124abbe46365,قاعد يبكي بموت,Sadness
e003d49239940342,بنجن تايهيونق ليش يبكي,Sadness
b9a37e7808898c6a,خلص الستيج حقه و دخل يبكي بنهارر,Sadness
885c0e7cde4542b2,تاي يبكي نونونونو وقفوا الحياة هااا,Sadness
683d2e08a121de92,وشبه يبكي,Sadness
1c69b66ed7a5c01a,تكفون لا تخلونه يبكي,Sadness
861c8f2d4bb69357,صدق يبكي؟,Sadness
2cb1e7aae721fed7,ليش يبكي كلنا بنبكي معاك وقف,Sadness
69cc06ccfbfc49b1,عم يبكي ؟؟؟؟,Sadness
39c5aeb0fc2fc84b,تاي يبكي؟؟,Sadness
3ab176c8a024dc8e,يراسييييييي ليه يبكي,Sadness
9be6992d005d4188,ما اقدر والله قاعد يبكي,Sadness
ac5920468dc595be,قاعد يبكي !!!؟,Sadness
4f78350ac3898cbb,قاعد يبكي,Sadness
0cc44fed8a665fab,تيهيونق يبكي!!!!!!!!!!!!,Sadness
ac19756427150d84,ليه يبكي,Sadness
bea22a9fde599671,يبكي يبيكي انديه انديه,Sadness
d356c3a8ab590f2d,اهه سوكجين و ردود فعله المميزة عند اي احد يبكي جنبه، احبه والله,Sadness
52b311f48f39021d,تايهيونق يبكي!!!!,Sadness
b4b871af5e65f52e,نوو تيهيونق جلس يبكي,Sadness
654fe07c44bf4b61,يمهههههههههههه ليش يبكي,Sadness
5a587911142d62e7,عيوني والله وحياتي قاعد يبكي,Sadness
82b563ef1973b93b,بصيح ياعيوني قاعد يبكي لا تكفى,Sadness
5e9aaf43225b630f,تيهيونق يبكي؟؟؟؟؟؟,Sadness
be85b1a2a33d219e,يا عيوني تاي يبكي,Sadness
2ebce412776f3401,تاي يبكي,Sadness
1825ebbbcf8744b1,لاااا تايهيونق يبكي,Sadness
e96347c77f7acab6,ياحياتي تيهيونق يبكي ؟؟؟,Sadness
94e0e219fe887e57,عمري يبكي,Sadness
2d3a564d07da5078,يبكي !!!!!! ياروح ياروحي يارووووحيييي حبيبي لا,Sadness
ba8a831fb041ab90,بصييييحححح خيييررررر ليشششش يبكي ببككييييي,Sadness
31bac5a0c1afe4c9,يبكي!!!,Sadness
da70b342280f5f67,لاااا تاي يبكي,Sadness
efaff5f7e122e5ca,السبب الوحيد وراء رغبة أيّ كائن في البكاء هو التخفيف، يدرك تمامًا أن البكاء لن يغير شيئًا مما حدث، لكنه يبكي كي لا يختنق، كي لا يغرق، كي لا يَموت,Sadness
70555203da483a82,نو يبكي نووو,Sadness
46dd682f80d055de,تاي يبكي؟؟؟؟؟؟؟؟؟؟؟؟,Sadness
5e89c832d34df5a8,ليه يبكي ؟!!!!!!!!!!!,Sadness
6b4f96ec577d7c7a,تاي يبكي بنجنننننن؟؟؟؟؟,Sadness
"493928bb4a9d5a5e,""يقول المثل العربستاني الشهير "

حقهم حق وحق الناس مرق 

اللهم لاشماته بس
"هم يضحك وهم يبكي"",Sadness"
1ca68aafbbcd65a3,سترونه قريبا يبكي قبل محوه من الخارطة,Sadness
"8e659de5bb50eb2a,""مشهد يبكي له الطفل والكبير في بلد مليء بالثروات تستجدي نساءه ورجاله "
#قاطعوا_الانتخابات 
"من اجل العراق"",Sadness"
73dea0a648362ede,يقولو كوجيما جلس يبكي اسبوع من بعد ما شاف مقطع ريان,Sadness
"6e227d4557bc3c72,""لوكان عندكم عقل كما الناس فاطرح على نفسك سؤالين بسيطين وستعرف الحقيقة"
لماذا الجزائر هربت من التصويت مادام القرار يشكل انتصار للجزائر
ثانيا لماذا بنجامع امضى 13 دقيقة وهو يبكي ينوح في كلمته
"وحتى إذا كنت عاجز عن التفكير اسأل فقط همك جروك او أي ذكاء اصطناعي سيقول لك من المنتصر"",Sadness"
f0638209e8fd6193,طيب يعلن انه يهودي ويوخذ جنسيه ويضل عند الحائط يبكي حتى تطلع صميلته,Sadness
8833a452fe2a2fcc,الجواب الكافي يبكي عندما يتغلب عليه من هو أقل منه,Sadness
"4e9896d500904789,""يحتاج المرء صديق واحد جيِّد"
"على الأقل، يبكي عليه عندما تسخر منه كُل الحياة ."",Sadness"
a5602a7b4c3d32c8,يبكي قد ما اني احبه,Sadness
"5ac75ed10c03cb6a,""والله رعب"

"تذكرت ملحد من خلفية مسيحية، ينتقد كل الأديان وخصوصاً الإسلام! حين طلبوا منه نقد المسيحية قال """"لاااا المسيح المخلص هو أفضل شخصية في العالم والمسيحيون هم حملة التنوير"""""

"وواحد ملحد من خلفية شيعية لم يترك في خاله ولكنه يبكي كل مرة يذكر فيها قصة الحسين،، مفيش فايدة والله"",Sadness"
"89d03cdbd10b6d67,""انت بعيد هناك وآنا المشتقي"
"الشيب يبكي بمفرقي"",Sadness"
"bd9de8810d45634e,""-ما هو الحب هو ابو بكر الصديق (رضي الله عنه) عندما قال له صحابي ما يبكيك يا ابا بكر؟ قال رأيت رسول الله يبكي ف بكيت.."
"الحب هو رسولنا ونبينا وقائدنا محمد صلى الله عليه وسلم."",Sadness"
7a1b713ca578f4d9,الصبر لاتستعجلو بايجي اليوم الذي يبكي الحماراتي على جرائمه القذره وادواته الرخيصه ويعرف حجم نفسه انه ادا بيدالصهاينه,Sadness
5bb02292bc7e51ea,حبيبي تأثر راح يبكي,Sadness
"a4887db508656efc,""لا يبكي المرء منَّا لأنه حزين "
بل لأنه أدرك تماماً
بأنه لا يستحق كل ذلك
"أبداً أبداً"",Sadness"
e6c7529f0118cc83,ربط الأحداث يبكي في زاوية ههههههههه,Sadness
"8798faa242719a60,""منظر يبكى الحجر والله "
كننا فين وبقينا فين 
مين اللى اقنع هؤلاء المتخلفات انها عوره 
هو ربنا خلقك عشان تبقى عوره 
ياجاهلات
الرجل ابو رياله الحيوان اللى مش قادر يمسك شهواته هو اللى أقنعك تعملى كده فى نفسك 
بدل مايغض البصر كما أومر
"استسهل وخلاكىً انتى تبقى بهذا الشكل الغريب"",Sadness"
"7794c56843abae24,""أنا لم أسرق."
أنا لم أقتل رجالا أو نساء.
أنا لم أسرق الطعام.
أنا لم أختلس القرابين.
أنا لم أسرق من إله/إلهة
أنا لم أكذب.
أنا لم أخطف الطعام.
أنا لم أشتم.
أنا لم أغلق أذني على الحقيقة.
أنا لم ارتكب الزنا.
أنا لم أجعل أحدا يبكي.
أنا لم أحزن بدون سبب.
"أنا لم أعتدي على أحد."",Sadness"
"6d92790d1b007bb4,""لا غرابه من هذه المليشيات فهي اساس البلاء والقتل والنهب. بل اجزم واحلف غير حانث ان الاوامر من قيادات الحوثي باالقتل والتصفيه"

لكني مستغرب اين المتباكيين على افتهان الشهري اين حمود الصوفي الحوثي العميل يطلع يبكي عليها 
اين الدنق يعملوا حملة ضد الحوثيى
"اين جاء العفافيش الدنق"",Sadness"
"0dedc4e50d1a771a,""الأجنبي إذا زعل يركب سيارته ويسوق"
بسرعـه وهو يبكي ، إحنا لو نبي
نقلده الزحمه تنسيك ليش إنت
"زعلان  .."",Sadness"
ac283e104171a455,ابشرك بيجي عليهم يوم لن يجدو من يبكي أو يشفق عليهم والسودان الرجل الشهم خلاص صار يعرف العدو من الصليح,Sadness
71266a8f1e7fa7a4,ترامب يبكي في الزاوية,Sadness
57a87b7aafd9bb31,ياخي والله انكم سبايك يالنصراويين محقق الملك و الدوري و تقول اخر همه البطولات و المنتهي الي معك بطولته كل موسم يبكي بالملعب و تستانسون انتو والله عاشق نصراوي,Sadness
"99fe25cf2e5d7f54,""أحبك وأنت تحكي عن خضوعك لي بكل غرور "
"مثل من يبكي دموع المذلّه رافعٍ راسه"",Sadness"
"26ddbf404ddca49f,""ساهلة نفسرها لك بالخشيبات ،اذا كان القرار في صالح الجزائر لماذا هرب عمار بن جامع من قاعة التصويت ولم يصوت على القرار مادام القرار في صالح الجزائر ؟؟"
ثم لماذا عاد بعد التصويت وبدأ بعض على شفتيه ثم يبكي بحرقة امام انظار العالم.
"اذا استطعت تفسير هذه الحركات فسوف تتوصل إلى من الرابح"",Sadness"
183420c4c38f73ac,تعبد إله تم البصق عليه وضربه وكان يبكي كالطفل وتأتي تتحدث عن الإسلام؟ روح يا كلب,Sadness
"8634312991000f0f,""يا كذاب ويا منافق لماذا لا تسأل"
 بأي ذنب شتمت وسبت فاطم
وبأي ذنب اتهمت بالخروج عن حدود الأدب
وبأي ذنب اتهمت بالعراك مع الرجال
وباي ذنب قيل عنهاالكلام الفاحش
بأي ذنب قلت أدبكم معها ومع زوجها وأبيها
وبأي ذنب تتهمون زوجها بالجبن حين هوجم دارها 
"وانه اخذ يبكي ويلطم بدل الدفاع عنها"",Sadness"
"e8c3dede7a7f192c,""كان الشايب يبكي لوحده"
"جاب له شايب ثاني يبكي معاه"",Sadness"
2e1e1226f9e5c1dc,قبل شهرين جلست اتحلطم على بطاطس ما يبيعونه هنا بس بالسعودية يوم اكلم ابوي الحين يقول : ها يا ام البطاطس ابشري فيه طيب والله يبكي,Sadness
"78b845ca4cf8817e,""""""الناجي الوحيد"""".. طفل يبكي وهو يبحث عن عائلته التي قتلها الاحتلال باستهداف خيمتهم خلال خرقه لوقف إطلاق النار."",Sadness"
"9703687819baf3f5,""مع احترامي لك "
سامي ينطلق من مواقف مسبقة مع الإدارة
هو لاينتقد فنياً هو يطالب بطرد انزاغي ويدعي أنه لايتناسب مع الهلال

تخيل أن مدرب عالمي بحجم انزاغي استغرق التفاوض معه ٨ أشهر يريد أن يقيله خلال ٦ جولات من الدوري مدرب فاشل كان يبكي تحت الشاور 

"مشروع الهلال أكبر من تفكير سامي"",Sadness"
95a4e5237af3d917,الذكاء الاصطناعي يبكي في الزاويه و بيقول أبو اللي جاب ابوكم,Sadness
"201b8a7e4ac22354,""التطور عم يبكي بالزاوية"
"يسعد صباحك بكل خير"",Sadness"
b05e62af509ae167,المغرب اخذ الصحراء  بشرا وحجرا والكرغولي يبكي على الأنقاض..,Sadness
"7e75ecc8b00aacee,""أنا يا عصفورة الشجن"
مثل عينيك بلا وطنِ

أنا لا أرضٌ ولا سكنٌ
 أنا عيناك هما سكني

راجع من صوب أغنية
يا زمانا ضاع في الزمن

صوتها يبكي فأحمله
 بين زهر الصمت والوَهَنِ

من حدود الأمس يا حلماً 
زارني طيراً على غُصُنِ

أيُّ وهمٍ أنت عشْتُ به
كُنْتَ في البالِ ولم تَكُنِ

"#صباح_الخير"",Sadness"
e393747826f7970a,يحدث أن يبكي فيك كل شيء إلا عينيك !,Sadness
a3ef5400c80f4f18,الطبل عنده معلوم وشوي يبكي في البرنامج نشوف,Sadness
5172ef600c764bff,لاشيء اسوء من الاستيقاظ على انغام طفل يبكي وهو يتدلع,Sadness
"656edbc49143b69e,""حبيبي خال مات من انه انا فشلتبه "
وهو في السجن يعيرونه هو خال ابراهيم 
انسجت معه اذاكر بالسجن احضنه 
اريتله قران ينام اطبخ له اغني له 
اسبحه خال نجحت حضني فرح بكى 
شفته يبكي زي ما ربيت اناعني 
"-احبك-"",Sadness"
"1aea2f8bf7e32850,""""""الفرصة الضائع"""" كم سمعت هذه العبارة في الماضي والحاضر"
"ولو تعلموا كم كان ومازال تأثير هذه العبارة على جيل كامل في زراعة اليأس والبؤس والبكاء على وهم، نعم جعلوا جيل كامل يبكي على وهم"",Sadness"
"d0ba3ac80d4e3ae9,""وش العقليه هذي مثل الطفل إذا شاف شي عند اخوه راح يبكي يبي مثل "
"عيب استح على وجههك"",Sadness"
47f99fdc38b86ad4,نسف محتواه هههههههههه مندوب جزائر كاد يبكي حقيقة هي ان قضية حسمت و استفتاء انتهى,Sadness
"b25ece5cfe4e9a96,""المثل الشعبي """"من يضحك أولا يبكي أخيرا"""" يعني أن من يبدو فائزًا أو سعيدًا في بداية الأمر قد يواجه لاحقًا صعوبات أو حزنًا ."",Sadness"
144654eda92424b6,والله يبكي ما تنلامين,Sadness
"5145fd414461d69c,""هههههه يخربيت الضحك "
"شياط وعويل في اوساط الاخوان والسلفيين والمنقبات وعبدالله بزو يبكي في الزاويه شقي عمرنا وبول البعير بيضيع مننا"",Sadness"
fe942aed1d0e0c64,يبدو أن الاسترزاق أصبح مهنة من لا مهنة له فمن سائق سيارة أجرة الى معارض هارب الى محلل الى فتان الى منافق يعارض المطبع ويعيش على أرضه ،شتم المغاربة وتودد اليهم يبكي غزة ويشرعن احتلال الصحراء ،يعادي الجزائر التي لا يعرفها فقط لأنه يريد أن يأكل عيشا ،هؤلاء هم شذاذ الافاق ،كذاب أشر,Sadness
159d08776e790056,الجمال يبكي في الزاوية,Sadness
"81e77bdbd2613522,""لِكلّ إنسان طريقتهُ في البكاء.بعضهم يَبكي قَطرات التعب مِن عينيه، وبعضهم يَبكي حروفاً وكلمات، وآخرون يبكون عَبر تنهيدةٍ طويلة، والبعض يبكي بنظراتٍ شاردة، وبعضهم يبكي بالصمت والكتمان.لا عيبَ فى البكاء، إبكِ إن إحتَجت؛دَع الطفل الذي بداخلك يُفصِحُ عن مَكنونِه، دَعهُ يأخُذ بيدك."""""",Sadness"
"82a895bff2aefa23,""يبكي الغريب عليه ليس يعـرفه "
"وذو قرابتـه في الحي مسـرور"",Sadness"
"78d0354a8d8804cf,""من قال لك انه ينكر "
المغرب ارغم الجزائر على الاعتراف بأنها هي الطرف الاساسي والقرار قرارها لا قرار البوليزاريو 
لان الجزائر كانت تنكر ذلك 
"الان من يبكي اليست الجزائر فهمت الحمار ولا مزال"",Sadness"
000849392a4952d1,لااااا هو رأس البلا يقولون سب اهل احمد و صبع له غير انه كان طالع يبكي و يسب على كلام ابو سويحل,Sadness
6c47882e1a4ee0d1,الوضع في الفاشر يبكي القلب!  أين الإعلام للتسليط الضوء وإنقاذ الأرواح؟ كلنا لازم نتحرك ونرفع الصوت العالمي لأجل أهلنا هناك.,Sadness
5326ad5c92843979,أنت كصاحب الحية الذي أحضرها لأهل بيته فلما لدغتهم وماتوا بسمها جلس يبكي عليها ويقتل من لا يبكي عليها جئتنا بدليل موجه لليمنين ضدك ولم تفهم معناها ولا مقصدها فكيف ستفهم مصلحة بلد أنت تعيش فيه وتقتل من تشك بأنه لا يؤمن بك وبسيدك وكأني أراكم  سيرة فرعون وهامان ومن طغوا في الارض,Sadness
"eee5a3a295661b4b,""اصلا الجيش فوق الرف (يحمي حامياته فقط) وفي الاخر ينسحب منها ويترك المواطنين للجنجويد ثم يبكي لموت المواطنين ويشق الجيوب ويدين ويستنكر ويشجب الموت.."
"المواطن يحمل السلاح ويحمي نفسه وعرضه وممتلكاته او يموت دونهم ..وال٧٠%من ميزانية الدولة وال٨٠% من اقتصاد البلد يمشي تعليم وصحة وخدمات"",Sadness"
4f821614ad2f98af,واجب يبكي اللي بكاك الدمعة دم,Sadness
"b6f0324fca539463,""هم يبكي وهم يضحك "

#السودان 
"#الفاشر"",Sadness"
259aea670ca6c33f,اف يبكي ياخي مو قاددددره اذاكر مدري وش العله في مين بالضبط مدري اففف تعبت,Sadness
ea5f001100a762e0,هاد البكاء صفة موجودة في البعض ولدوا بها او اكتسبوها من المحيط لي كبرو فيه ، ديما يبكي و سلبي جدا في افكاره،  تلقاه ملي يفيق صباح وهو ينتاقد اي شيء يتحرك ، تلقاهم بلا زواج بلى خدمة بلا ولا شيء ، تكتب ليه على مقابلة فالكرة يكتب ليك تتفرج فالكرة والناس تموت جوعا في القطب الشمالي ؟,Sadness
40fc2475f9c80aa0,فيروز ولد عائلة المضروطي يبكي بالزواية .,Sadness
e19003ae507810ee,سبحان الله 60 سنة من انقلابات وقتل وتهجير  مابكى توه يبكي,Sadness
5b33556f77cc0ae1,الامارات يضحك والسودان يبكي,Sadness
33f383b9033d4496,خلاص ملك المغرب يبكي بحرقة الان بسببك,Sadness
"a62c526eb1ac0ec6,""""""الناجي الوحيد من العائلة"""".. مشهد مؤلم لطفل يبكي وهو يبحث بعينيه عن عائلته التي قتلها الاحتلال بالكامل باستهداف مباشر لخيمتهم خلال خرقه لوقف إطلاق النار قبل أيام."

"#تفاعل ليصل إليك كل جديد"",Sadness"
1dcb52f320bc1470,مازال يسكنه الحزن، لكنه لم يعد يبكي.,Sadness
"fe287507ab766e59,""من أطلق الطلقة الاولى معروف من يسعى للعودة للسلطة بقوة البندقية معروف"
لكن واضح ان هناك  اقلام ماجورة تستميت لتزييف الحقائق الدراهم تغير الأخلاق والقيم والمبادي
"زول 24 ساعة بل بس وجغم بس وعند حدوث الكارثة يبكي كلمطلقة لا لشي فقط للتكسب العاطفي غير مهتم بالوجع الحقيقي للسودانين"",Sadness"
"c39bb17afc5c1875,""كلام بوندفوين يبكي يبكي يبكي"
"مو قادره"",Sadness"
"9cbb10a89d87283c,""قُل لي.. لماذا اخترتني؟"
وأخذتَني بيديك من بين الأنام
ومشيت بي..
ومشيت.. ثم تركتني
كالطفل يبكي في الزِّحام
إن كنت - يا مِلح المدامعِ - بعتني
فأقل ما يرِث السكوت منَ الكلام
هو أن تؤشّر مِن بعيدٍ بالسلام
أن تغلق الأبواب إنْ
قررت ترحل في الظلام
ما ضر لو ودعتنِي؟
"ومنحتني فصل الخِتامْ؟"",Sadness"
"53d4e96976bb167c,""عندنا مثل يقول """"يقتل مع القاتل ثم يبكي مع اهل الضحية و يحضر الجنازة"""" الامارات سرطان الأمة الاسلامية الامان الموجود في بلدهم  على حساب سرقة و تخريب و الحروب التي تمولها بالمال و المعدات الحربية في الدول الاسلامية و تتحالف ايضا مع الاعداء الاسلام ،دولة القراميط عادوا من جديد"",Sadness"
fbdf067e293afa31,ايوه اول مره اسمع عنالاستثمارات ٣٠٠ مليار كانوا طالعين استثمارات وجارى البحث عنهم هوه زى ماترامب قالك السعوديين ليس معهم سوا المال بياخدكم بالكلمه الحلوه وتدفعوا الفلوس والله يعينكم على البطاله استثمر عندك بدل البطاله ٦٪ والله هم يبكى وهم يضحك,Sadness
"f71b8081fbe02a2d,""محد يبكي غيرك "
"علقت تعليق عادي ي هرمونيه لكن واضح تحسستي"",Sadness"
f657506391c09cac,اذا هم أنبياء عليهم السلام او صحابة رضوان الله عليهم..قيل نفس الكلام سابقا في بن لادن وطالبان ..نحن في عصر اختلف عن تلك العصور.سيدنا عمر كان يبكي كل ليلة ويقول ليت ام عمر لم تلد عمر وانتم ماشاء الله صحابة وأولياء وبيدكم مفاتيح الدنيا وعلومها والآخرة.. اتقوا الله في أنفسكم والناس,Sadness
73e1e4260244857b,جعله يبكي دايم في كوره وغيرها,Sadness
"93f7f17ee319a0ba,""كانت العادة  موجودة إلى  قرابة  ٣٧ سنة ويختن الولد في سن البلوغ ويشهد الناس وتقام العرضة والألعاب الشعبية ويعرض ويلعب المختون مباشرة بعد الختان والدم يسيل ولا يظهر الألم ولا يبكي لأن هذا مثل العار والعيب يقع عليه وعلى والده"
"هذه العادة في عموم الجنوب والجنوب الغربي التهامي"",Sadness"
b77a11630873ab9b,كان فيه برتغالي يبكي لوحده كل نهائي  لمده ثلاث مواسم واخر في الجهه المقابله يبتسم كل نهائي وفي كل بطوله ولارضاء البكايه احضرو الاخر ليبكي معه لانه من الصعب ان يفرح ببطوله والجار في عافيته الا من الممكن ان يفرح بالبطوله المنسحب منها الفريق الهندي نقول يا رب,Sadness
4d9298a2de54d98b,الخنزير الجزاءري في الامم المتحدة يبكي,Sadness
"c0411ee2688eeec1,""في خاطري ضيقه وفي خاطري شيء .."
شيء يراودني لا اصبحت وامسيت ..
حلمت و ان الميت يبكي على الحي ..
وانا احسب ان الحي يبكي على الميت..

"#شعر"",Sadness"
012fa1a0ebe43036,كلنا ندري ان نواف هو اللي طلعه من التدريب بعد ما خسر الدوري قدام الفقر بفارق نقطة وخلاه يبكي تحت الشور والرجال من وقتها وهو شايل بقلبه .,Sadness
4b9c1e33e1e1a340,ماكو احد يسرب صح غير البنت الي قالت مشهد يلديز تنصاب وسرحات يبكي بعدين نزلت مشهد تعدى يكون حلم  بس حسابها خاص,Sadness
"bd8a2fe9cc6712ae,""وكان من عادةِ المرأة العربية"
ألا تنوِّم ولدَها وهو يبكي
خوفَ أن يسري الهمُّ في جسمه
ويدبَّ في عروقه
ولكنها تنازعُه وتضاحكُه
حتى ينام وهو فرح مسرور
فينمو جسدُه
ويصفو لونُه ودمُه
ويشف عقلُه.
(المسعودي/مروج الذهب)
"*ن"",Sadness"
6086b2f5da78e07a,حسبي الله يبكي,Sadness
"aa85db0ee6fff961,""اغلبهم لايحسنون حق الجيره واذا اشتكيت عليه قام يبكي فلذلك ياليت يتم وضع رقم للبلاغ  ."

"يابنت الحلال بعظهم حاط ديوانيه خيمه امام بيته وكراسي وقاعد هو والشله الفاشله غير مبالي لحق الجار والجيره"",Sadness"
a4319f273a2da496,من المغرب الشقيق شاهدا على احتلال الجنوب بالعدوان الهمجي والتكفير لشعبها الجنوبي عام ١٩٩٤م، يبكي رفاقه الجنوبيين الذين قتلهم العدو اليمني.,Sadness
"997441871acf2b3a,""لم يتجَاوز .."
وايضاً لم يتأقلم ..
"ما زال يبكي علي نفس الشئ كُل ليلة ."",Sadness"
"98d8925c067be34f,"""""" أشد الألم وجعاً : حزنٌ لا تستطيع الافصاح عن أسبابه وتكتفي بقول: أشعر بضيق ولا اعلم لمَ؟ رغم أنك تعلم يقيناً ما السبب لكنه لا يُحكى ولا يُبكى فثَمّة حروبٌ تخرج منها لا مُنتصرًا ولا مَهزومًا لا تعرف ما ربحتَ منها أو ما فقدتَ فيها لَكنكَ تُدرك جيدًا أنَ شيئًا ما إنطفأ ومات بداخلك"""""",Sadness"
"b2051cd040a95cb8,""-الحب هو ابو بكر الصديق (رضي الله عنه) عندما قال له صحابي ما يبكيك يا ابا بكر؟ قال رأيت رسول الله يبكي ف بكيت.."

"الحب هو امرأة بني دينار حين خرج زوجها وابوها واخوها إلى غزوة أُحد ف استشهدوا جميعا في سبيل الله، ولما رأت رسول الله ﷺ قالت """"كل مصيبة بعدك جلل"""""",Sadness"
"957165fa68c653ef,""قال أحدهم :"
رأيت رجلاً يبكي في صلاته ، فاتهمته بالرياء .. فحُرمت البكاء سنة !

إياك و محاكمة نوايا الناس 
"الله وحده الذي يعلم ما تُكن الصدور"",Sadness"
"92f4dbe17d1bcb2b,""صار الموضوع منتشر بقوة في السوشيال ميديا "
وسؤالي الجدي: ليه هذا الرجال ما يروح للسفارة السعودية في أمريكا بدل ما يبكي في إكس؟ 
ولا الموضوع تمثيل ومدفوع بعد؟ 

والشي الثاني، كثير ناس يتكلمون بالعربي (ما راح أذكر من وين) قاعدين يهاجمون عائلة طيبة وناس محترمين،
"والله ما أفهم"",Sadness"
c8da0b6ecf246a76,اكثر من يصيح على التحكيم هو النادي الذي يرشي لجنة الحكام واكثر من يبكي من ردود لاعبين الريال هو النادي الذي يتعمد لاعبيه الضرب في كل كلاسيكو واكثر من يلطم من سخرية لاعبين الريال هو النادي الذي يجند لاعبيه للسخريه من ريال مدريد في كل محفل .. غريم منفصم,Sadness
6f0d3931844f6700,يتكلم انه دوري حماسي وممتع ليه يبكي؟,Sadness
"c8cdee8d2af6d4cf,""يكفيك من نور الصباح"
 أنك تستيقظ بخير ..
 لا يقف على رأسك طبيب،
 ولا يبكي بجانبك قريب ..
  فلا تنس شكر الكريم،
 فكلنا إليه ضعفاء..
#صباحيات
"#صباح_الأشياء_المُشرقة"",Sadness"
686388c429390cef,والله صداع يبكي,Sadness
4cd6f6695853db26,خله يبكي ويفرغ القهر الي داخله وترا ما يبكي على الشخص قد ما يبكي على خيبته,Sadness
"4051463e6ca07a10,""قصدك:"
"الا انه يبكي خاطري بكل مره"",Sadness"
"8324a323ce06a603,""السفير السوداني نور الدائم عبد القادر يبكي على الهواء:"

"ما يمر به السودان لا يستحقه.. السودان كان الداعم الأول لمصر في محنتها ودافع عن حرائر ليبيا والكويت وبغداد وبيروت.. الجيش السوداني استجاب لنداء خادم الحرمين لحماية أرض المملكة #لاسلم_الله_الامارات"",Sadness"
"612b04f7d241200b,""دخلت فيها و كنت الآمر .. الناهي"
و خرجت منها و كني لم أكون بها

لا خاب ظن اليتيم .. بـ حلمة الزاهي
مافيه حاجه .. بـ يبكي من سبايبها

فدوة مواطيك !.. روحٍ ما بقى إلا هي
في سوق ويلي على لاماك .. جالبها

تبقى على ما أنت و الساعه على ماهي
"تبكي على """" حزة الفرقى """" عقاربها .."",Sadness"
"475a16794e464de7,""انت كيف تتكلم عن امور اكبر منك !!"
"يا ورع انتو جمهوركم كانوا يشجعون الاتحاد عشان يهزم الهلال بس ، دعموكم ب ٤ مليار ولا بان في ناديك الفقري بس جايبين البكايه يبكي بانت مهاراته وفشله ف النصر ومتأملين يجيب لكم بطولة"",Sadness"
"f7d859c6af408cf9,""رحيلك علمني أن الفقد لا يُبكى عليه يومًا أو يومين"
"بل يُبكى عليه دهرًا ، يُبكى عليه كلما ضحكنا دونك وكلما أحتجناك و لم نجدك"",Sadness"
81fb784ce98ff7f3,عفوا الرجل اللاصيل ما يبكي  مهما حصل له لانه بدوي و دمه حار ،، ولايبكي الى من خشية الله عز وجل الذي خلقه,Sadness
"899269fd172e16d4,""وَالْبَحْرُ لَوْ فَاضَ الحَنِينُ بِقَلْبِهِ"
"أَتُرَاهُ يَبْكِي لِلشَّوَاطِئِ مِثْلُنَا ؟"",Sadness"
2723f2293e133a13,تتظاهر بالقوه ، لكن قلبها يبكي كل يوم  ~,Sadness
8ccfbf554b2f1d4c,الشرع نام من غير عشا ههههههه والشعب السوري عم يبكي هههههههههههه,Sadness
ef1c9f82061091d0,الحين يطلع كلبون يبكي يقول الامارات السبب,Sadness
"1da8f245788c0877,""صباح الخير "
صحيت من النوم وانا توي نمت مالي ٣ ساعات 
بسبب حلم يخوف وعجزت ارجع انام 
"يبكي الموضوع"",Sadness"
"3de83e29cc91327a,""فيني حزن بشكل مؤسف "
مؤسف على عمري على شبابي على ظنوني بالحياة واحلامي اللي تخيلتها 
حزن ماينشرح ولا ينكتب 
"ولا يبكى حتى ……"",Sadness"
d2d9fba7cbcc7d48,ما ينلام صراحة يوم يبكي لأنه يفكر بزوجته و ابنه وهو مفكر انهم ماتو وذا شي مرة قاسي انك تقتل زوجتك وابنك وذكرني بدوفلامينغو يوم تحكم بملك دريسروزا وخلاه يقتل شعبه ف موفقه جداً مؤلم,Sadness
"66964be16d43d855,""قلتلهم لعد يمدحونا بس باقي مصرين"
نسوية بوبنت
خليجية بوينت
اكثر عداوة للعاهر دينهم بوينت
قبيحة بوينت
وجود النسوية يبكي الذكورية وما تحتها من عهر الفكر والرجعية البدائية
"استمروا في صياحكم يعجبني هذا الغضب"",Sadness"
4ae6d2384c091ef9,اي نشاط ارهابي تخريب لاي حزب من الاحزاب البائدة في البلاد في صنعاء اخواني عفاشي لقاء مشترك جني رح يتم عقابه مافي اوضح من كدا عشان محد يرجع يبكي ياغارتاه,Sadness
"23857428d8778470,""الدموع هي لحظةُ تجلٍّ يتساقط فيها كل ما نحاول إخفاءه، فحين يبكي الإنسان يكون قد اجتاز المسافة بين التماسك والانكسار، وبلغت مشاعره ذروةً يعجز عندها اللسان عن النطق، فتتكلم الروح  بلغة الماء."
#فلسفة_فايز 

#فلسفة_عميقة   
#النصر 
#الهلال
#الأهلي 
#الاتحاد 
#الرياض 
#تبوك 
"#جده"",Sadness"
"30ddb6af821ea71e,""الاشكال ذي اللي يصايح لو تنزل تصكه كف يجلس يبكي "
اللي يخوف الساكت اللي ينصاك
اما ي خروف ع زق ع زقين 
"ورع ذا"",Sadness"
"f31826eec1d67a2c,""#تبرع_وساااااهم_في_سقيا_اااالمعتمرين"
"“الصديق؛ شخصٌ عزيزٌ وفيّ، بئرٌ لكل أسرارك، تبني معه أقوى جسر لا تهدمه الرّياح، مهما كانت قوّتها ستجد في النّهاية شخص يعينك، يبكي لبكائك، ويمسح دموعك”"""""""""""""
"xzZAtjKNh"",Sadness"
91fc74cbb0ef16d0,اي شخص دموعه تنزل بسهوله هو انسان ضعيف و عاطفي و غبي لانه لو شخص قوي ليه يبكي على احد مايستاهل و ليه يتاثر من اي شي و بكل سهوله ..؟,Sadness
"07a4fff596c5380c,""في طوايا النفس يبكيـ"
"C"",Sadness"
a4fc17b5fff1dfd7,لاحول ولاقوة الابالله من الي ميت عنده يبكي عليه وش العلم,Sadness
06dce3a0178f9b35,هم يضحك وهم يبكي,Sadness
"9eafd899f1adaa48,""وَالْبَحْرُ لَوْ فَاضَ الحَنِينُ بِقَلْبِهِ"
أَتُرَاهُ يَبْكِي لِلشَّوَاطِئِ مِثْلُنَا ؟
" #صباح_الخير"",Sadness"
"aecdf3dfbd51de01,""""""شطورة"""""
*ايموجي يبكي*

"انا تعبت"",Sadness"
347f3630971a75a2,الجولانى يبكى فى الزاويه,Sadness
7597967693298b2e,و علاش كان بن جامع قريب يبكي لهم فمجلس الامن؟,Sadness
"02fc382351a45d62,""للأسف مخاوفي ما تكفيها تغريده"
"وجا ولدي نسخه مني جبان مع انه توه رضيع مايفهم بس يخاف الظلام ويخاف اذا مافي الا انا وهو ف البيت يصير موده متعكر وبس يبكي"",Sadness"
"374c872e22a91881,""في طوايا النفس يبكيـ"
"U"",Sadness"
f1f50d8f202105c4,عندما يبكى الجميع  للام الحنونة,Sadness
"1ef46bfc24c80a79,""احيان يكون وجود بعض الناس نعمة "
"اللي يفرط بالنعمة لا يرجع يبكي عليها"",Sadness"
"168d3b0524729df9,""كل شوي طالعه لي سالفه تغثني وتجبرني أبكي "
"يالله ما أدري أنا صايره حساسه بشكل لا يُطاق ولا فعلاً يبكي"",Sadness"
8378c344dce77f28,يوم تذكر ابوه وقعد يشهق ماقدرت أوقف دموعي تمثيله يبكي,Sadness
"3a8e4858e5547cc8,""الشتا يبكي يبي نارك "
"تهزه ريـح تذكارك"",Sadness"
"b5654dfb670e654f,""والله أنتم مساكين "
"وحالكم يبكي الحجر"",Sadness"
1cce2d2319d1d96f,هههههه على من تضحك ايها الديوثي القذر لماذا بن جامع يبكي وينوح بعد التصويت على القرار ؟؟؟؟!!!!! استمر في مهمتك بردعة البوصبع المبردع وبيع الوهم للبوليخاريو,Sadness
7552059ec3fa4837,مرات القلب يبكي مو العين .,Sadness
"1ab5dc079e1db4a8,""قل لي، لماذا اخترتني؟"
وأخذتَني بيديك من بين الأنام ومشيت بي 
ومشيت.. ثم تركتني
كالطفل يبكي في الزِّحام
إن كنت - يا مِلح المدامعِ - بعتني
فأقل ما يرِث السكوت منَ الكلام
هو أن تؤشّر مِن بعيدٍ بالسلام
أن تغلق الأبواب إنْ 
قررت ترحل في الظلام
ما ضّر لو ودعتنِي؟
"ومنحتني فصل الخِتام"",Sadness"
b2e67814b3439c87,قسم بالله كل بارت بالاغنيه يبكي,Sadness
"66680cd9b885be91,""انتو زعلانين إن حمد مايقول قصيده وانا مبسوطه لان نصها تخصه ويقصد نفسه "

"وانا قلبي حساس يبكي ع طول احسن خلوه كذا بدون شعر يضحكني وبس"",Sadness"
602666bcda2ece72,update:عرف اني مب امه ومن الساعه ٣ يبكي,Sadness
2d7349a05dd63bbb,احس اللي يقدر يتكلم بوضوح وهو يبكي موهوب,Sadness
"fe5e57c988e80930,""تمام "
بكره نجلس على الحيطه ونسمع الزيطه 
٢مليار تكلفه بناء المتحف 
بكره يبكي الاوباش في اعلام السيسي 
"عشان الخليج((السعوديه)) رفض يدفع لهم شويه مليارات عشان يمشو سد بطون الجوعى والفقراء ."",Sadness"
cba28be73348f58a,الجمل يبكي كلنا ولله ياحبيبي تصير تصير,Sadness
ade979527232308a,تتشابه الناس جارحني و مادحني ما دام مافيهم اللي يبكي ل اهي  يا كبر همي لا صار الدمع يفرحني ويا كثر حزني ليا من قلوا اشباهي,Sadness
f7277b769b8036e9,الله ياشرين صوتك يبكي,Sadness
"ed6ebee8f8def520,""أحبك وانت تحكي عن خضوعك لي بكل غرور "
"مثل من يبكي دموع المذلّه رافعٍ راسه"",Sadness"
"a2457baf46801c84,""تسعه مواسم والاتي يبكي "
"تطارد مين يابني"",Sadness"
"6a13b8d6352cf5de,""ً      كَان أحد السَّلف إذا أذنبَ يَبْكي ويَقُول:"
"ما الَّذي أسقطني من عينِكَ؛ يا مانِحَ العِصَم؟"""""

"    اللهمَّ اعصمنا بحفظك، وثبِّتنا عَلىٰ أمرك."",Sadness"
"abea99c977b7a9a4,""المسودة عرفناها ماذا تنص بعد تعليق ممثل  الجزائر "
"لي شوية يبكي"",Sadness"
"3a923c9a38bfb73a,""والله إني ما عرفت ان القلب يبكي إلا يوم انكم رحلتوا "
"عليكم الرحمة والمغفرة من ربٍ رحيم .."",Sadness"
4b44b14fbc18833a,بكي بكي  يكفي تعليق ممثل الجزائر شوية و يبكي,Sadness
"162bd71a867a0e49,""لم تؤذي شخص لا يملك إلا دموع في سجادات"
يبقي لازم تخاف
هو لا يبكي لبشر بل يبكي للملك المنتقم الجبار
"والله لو اشتكاك للبشر حتخاف"",Sadness"
"09b94c15eb3eba36,""خبرتو حدٍ يبكي على واحدٍ يبكيه"
"وخبرتو أحدٍ مسجون ما يبغي افراجه ؟"",Sadness"
e6d2ecba0cb1a68f,ليش بعد كل نهائي يبكي هههههههههههههههههههههههههههههههههههههههههههههههههههههههههههههههههههههههههههههههههههههههههههههههههههههههههههههههههههههههههههههههههههههههههههههههههههههههههه,Sadness
9c452279be6fe19b,هو يبكي ولا انا حساسه,Sadness
8c8bb283107a42e7,يبكي في الزواية,Sadness
"3b566608a7ec54a2,""ريم قالت لي ان الكرش اللي ميته عليها الان تشبه اكستي اللي ماتخطيتها"
"ايوه قعدت ابكي والصراحه مدري على ايش بس يبكي"",Sadness"
695b16810ae59913,سامي يبكي في ازويه,Sadness
417146102e97796f,ااااه من زمان عن الزواجات .. كل ضلع فيني يبكي,Sadness
"db709074b9c1a1e5,""الطيرُ هاجَر"
و الأغصانُ شاحبةٌ
"و الوردُ أطرقَ يبكي عهد آذارِ"",Sadness"
f13ac0579889dc8b,ترند بنها بتيك توك يبكي هيج حنيني له والله توقعت فقدت شغفي فيه من سنتين طلعت كذابه,Sadness
174a44af73ce960f,كان عثمان بن عفان إذا وقف على قبر يبكي حتى يبل لحيته،فقيل له:تذكر الجنة والنار، ولا تبكي،وتبكي من هذا ؟ قال :إن رسول الله ﷺ ،قال:إن القبر أول منازل الآخرة، فإن نجا منه ،فما بعده أيسر منه، وإن لم ينج منه ،فما بعده أشد منه قال:وقال رسول الله ﷺ:ما رأيت منظرا قط إلا والقبر أفظع منه,Sadness
"025ac50efd261712,""رثائك يبكي الحجر "
الله يرحمه ويغفر ويسكنه في اعالي الجنان ويجمعكم فيه على سرر متقابلين في جناته 
"الله يصبركم ويقويكم ويخفف عنكم"",Sadness"
7d55a637c9ecbe84,رونديلا تاعكم يبكي على الحدود,Sadness
d92a2c5eaf217e63,عارف ده الي بيتقال عليه هم يضحك  و هم يبكي للأسف,Sadness
0e3a51904209e526,هذا يبكى ما يبغى شاتات تويتر تطيح من عنده,Sadness
fb5366f655912fa7,اي روح شوف جلسات 2008 روتانا وفنانك بجنبه جالس يبكي عشان لقنه درس مجاني المسكين جلس منفس طول الجلسة ماتهنى ذيك الليلة,Sadness
9e9098ab3e2d4252,تُرى مالّذي يجعلُ الشّعر يبكي دونَ صَوت؟,Sadness
"f3745c537bef8b91,""عندما يهلُ الدمع ! "

"القلب هو من يبكي اما العين فقط تُساقطُ دمعاً؛"",Sadness"
"991ccb3f38a8686b,""مين زيي"
"مهما كان مبسوط بيومه وسعيد ينكد عليه تفكيره ويرجع لسريره يبكي رغم سعادته طول اليوم"",Sadness"
"8aeda39cabcb155e,""يدور شى يبكي عليه  "
"هههههههههههههههههههههههههههههههههههههه"",Sadness"
"6f9b85d68e4424f7,""هذا لاعاد يبكي اساسا يادوبني متحمله وجهه بدون بكاء ومع هالتمثيل المخيس مابتحمله وجهه مستفززز"
"#tasacakhabudeniz"",Sadness"
45ad6cd02d1aec55,الاملاء يبكي في الزاوية,Sadness
c3476b8d46911a99,اسمع اغنيه it hurts by 2ne1 و قلبي يبكي,Sadness
"23eb9972ff2df2df,""المشكلة في الأهلي "
المدرب يتحمل جزءاً من المسؤولية 
توني خروج بدون عوده دون نقاش وافضل من الان مايلعب 
اساسي ..
دامس مع السلامة يبكي عند امه 
كيسية و انزو  ازدواجية دور واحد  مركز ٨ يبقى واحد ….

"اتمنى الضغط على المدرب والبدء ب فالنتين أتانجانا هو الأفضل في الوسط."",Sadness"
"be65e220b91de1ca,""بوح - الخواطر "
"لا أحد يسير في الحياة وهو يعلق على صدره لافته تخبرنا بما كسره .. قد يبدو الإنسان بخير ، وهو يحمل في داخله مالا يحتمل .وربما تضحك معه ، وهو يتمنى لو يبكي دون أن يسأل لماذا . لذا كن لطيفا دائما ، تمهل قبل أن تحكم . وتذكر أن هناك معارك تخاض بصمت ، وإنكسارات لا"",Sadness"
38e9b0db6b429c1b,اخ  كيف شخصية بهالقوة والعظمة يطلع بهالشكل يبكي ويترجاهم يقتلونه,Sadness
